center_time,start_time,end_time,acc_x_permutation_entropy,acc_x_spectral_entropy,acc_x_mean,acc_x_std,acc_x_range,acc_x_rms,acc_x_var,acc_x_min,acc_x_max,acc_x_time_energy,acc_x_spectral_energy,acc_y_permutation_entropy,acc_y_spectral_entropy,acc_y_mean,acc_y_std,acc_y_range,acc_y_rms,acc_y_var,acc_y_min,acc_y_max,acc_y_time_energy,acc_y_spectral_energy,acc_z_permutation_entropy,acc_z_spectral_entropy,acc_z_mean,acc_z_std,acc_z_range,acc_z_rms,acc_z_var,acc_z_min,acc_z_max,acc_z_time_energy,acc_z_spectral_energy,acc_mag_permutation_entropy,acc_mag_spectral_entropy,acc_mag_mean,acc_mag_std,acc_mag_range,acc_mag_rms,acc_mag_var,acc_mag_min,acc_mag_max,acc_mag_time_energy,acc_mag_spectral_energy,gyr_x_permutation_entropy,gyr_x_spectral_entropy,gyr_x_mean,gyr_x_std,gyr_x_range,gyr_x_rms,gyr_x_var,gyr_x_min,gyr_x_max,gyr_x_time_energy,gyr_x_spectral_energy,gyr_y_permutation_entropy,gyr_y_spectral_entropy,gyr_y_mean,gyr_y_std,gyr_y_range,gyr_y_rms,gyr_y_var,gyr_y_min,gyr_y_max,gyr_y_time_energy,gyr_y_spectral_energy,gyr_z_permutation_entropy,gyr_z_spectral_entropy,gyr_z_mean,gyr_z_std,gyr_z_range,gyr_z_rms,gyr_z_var,gyr_z_min,gyr_z_max,gyr_z_time_energy,gyr_z_spectral_energy,gyr_mag_permutation_entropy,gyr_mag_spectral_entropy,gyr_mag_mean,gyr_mag_std,gyr_mag_range,gyr_mag_rms,gyr_mag_var,gyr_mag_min,gyr_mag_max,gyr_mag_time_energy,gyr_mag_spectral_energy,label,experiment_id
2.4979643030188203,0.0,4.995928606037641,0.8881173275789896,0.7370731617251405,0.833686050871048,0.6886221292964791,5.3495321023065205,1.0813107177743964,0.4742004369568168,-1.100002294223319,4.249529808083201,344.9236961702652,101752.49037022819,0.8848403443986056,0.7960846484354416,0.31369324759672834,0.829881995579217,5.993984538782314,0.8871908363899652,0.6887041265865436,-2.8937743537919487,3.100210184990365,232.19673615142617,68498.0371646707,0.8862351495477436,0.7367951064499443,0.6328816344788052,0.615381455851803,3.2596091844786828,0.8827420344964029,0.37869433620628457,-1.1928839444189303,2.0667252400597524,229.87388234272032,67812.79529110249,0.9429641564723132,0.7771257240794059,1.4909040183175533,0.7160859977541295,4.338768741246303,1.6539570574881788,0.5127791561795272,0.1075881335121065,4.4463568747584095,806.9943146644116,238063.3228260014,0.8998113993746976,0.7205964480301639,-0.12134757087220814,0.9762029277346083,7.933419857823176,0.9837161120334496,0.9529721561176208,-2.9388417714209947,4.994578086402181,285.47072977689083,84213.8652841828,0.8433082892942547,0.6519938876662925,-0.07655307822157141,1.3239994125474865,10.458141196599462,1.3262106990260965,1.7529744444260895,-5.2912427031196865,5.166898493479775,518.8562713723298,153062.60005483727,0.8460868986612553,0.5662502775744594,-0.029536543847685427,1.2438714741228059,9.788901364735768,1.2442221070045767,1.5472162441364423,-3.967806398113944,5.821094966621824,456.686152209878,134722.41490191402,0.8980522773056434,0.7071805546298157,1.4669233605378358,1.4569683294954576,7.673339570296244,2.0675156248126405,2.1227567131527847,0.07656471687078731,7.749904287167031,1261.0131533590986,371998.88024093414,pre-void,1
7.493892909056461,4.995928606037641,9.991857212075281,0.9116084689771985,0.7530199459521177,0.597886734258027,0.6999624574984108,5.457410208882575,0.9205520022839248,0.48994744190721456,-2.4929071589597163,2.964503049922858,249.9877167281382,73746.37643480077,0.8948107525940981,0.841953569283409,0.058517056852973516,1.0124626842977669,5.4046238832093545,1.0141523224043683,1.0250806870954394,-2.599037669548431,2.8055862136609235,303.40895524626126,89505.64179764704,0.8877503584179229,0.7740509028638365,0.29685749750096335,0.8647620909866645,3.8061863454476645,0.9142963676129106,0.7478134740076281,-1.5584804389641982,2.2477059064834664,246.60166510989797,72747.4912074199,0.9419474802881611,0.8535847936809456,1.500251259238453,0.6790470741640194,3.3027920668924677,1.646772227655446,0.46110492893071536,0.13937298822550778,3.4421650551179757,799.9983370842974,235999.50943986778,0.872812726200912,0.6879054997271726,0.2992471025348929,1.3946943389025148,8.27138981374921,1.4264365136038306,1.9451722989667228,-3.467863832662004,4.803525981087205,600.2427325659642,177071.60610695943,0.7982359615265092,0.6704126795585076,-0.200723300112528,1.0076472313335185,5.214706141165024,1.0274447849019281,1.0153529428141053,-3.3314467407084924,1.8832594004565317,311.41462187653997,91867.31345357929,0.8342664618667021,0.677236652719063,-0.0772036033436543,1.1397591785316254,7.613276719054438,1.1423709473793222,1.2990509850470855,-3.1873839500352634,4.425892769019175,384.97835751781736,113568.61546775611,0.894342665991675,0.7512694975692487,1.8204087343362687,1.0399458325956097,6.103604189474068,2.0965150356677027,1.0814873347329759,0.13008287166734167,6.23368706114141,1296.6357119603213,382507.5350282948,pre-void,1
12.489821515094102,9.991857212075281,14.987785818112922,0.8976628704172107,0.8013440393504445,0.5055587548063909,0.47833413653568363,3.601409622047339,0.6959836210261895,0.22880354617533805,-0.9686661488828462,2.6327434731644925,142.8959942173343,42154.31829411362,0.9101199545529536,0.7915722371917768,-0.3020878196699071,0.8809256965320812,6.344658819862133,0.9312825208299844,0.7760300828105323,-3.248262748856444,3.096396071005689,255.8497044130179,75475.66280184028,0.8714462881157763,0.7829543806900989,-0.4837919971385183,0.45017723413584304,3.016677509592327,0.6608435810609601,0.20265954213419765,-2.013755819694868,1.002921689897459,128.83070039569475,38005.056616729955,0.9473709668780012,0.855803174551869,1.197520636887135,0.5952637207146771,3.361818659081182,1.3373087051872692,0.3543388971990811,0.2867770106458536,3.648595669727036,527.5763990260469,155635.0377126839,0.8670790460036357,0.7582233801331172,0.044470798820016234,0.981413022330232,8.093963716577598,0.982420059010936,0.9631715203993605,-4.063461991303614,4.030501725273984,284.71900584238006,83992.1067235021,0.7813549325973865,0.7068359729438285,0.10806887415051597,0.782998017796612,4.999973332749988,0.7904206332286524,0.6130858958734237,-1.9940821729328277,3.0058911598171605,184.30560934290725,54370.15475615763,0.8551442478361327,0.7152244447622745,0.10059883063722154,0.725047464340352,4.17853478383155,0.7319931353994725,0.525693825546374,-1.7836163980637678,2.394918385767782,158.06511533022538,46629.209022416486,0.9139792074977979,0.7581064064370562,1.2517768799819982,0.7475175869470359,4.635002492163837,1.4579876199929083,0.5587825427951193,0.13852119596383408,4.773523688127671,627.0897305155127,184991.4705020762,pre-void,1
17.485750121131744,14.987785818112922,19.983714424150563,0.9247541245939886,0.6811299983846151,0.31961877381069226,0.9151906572906336,5.412670748571806,0.9693967710717384,0.837573939192062,-1.5145221561933557,3.8981485923784502,277.2203794304722,81780.01193198928,0.8737489614000161,0.8166924472477884,-0.5632216006971116,0.6897202332502507,4.053215283603069,0.8904676140357923,0.4757140001547802,-2.551375078850662,1.5018402047524064,233.9151086357461,69004.95704754507,0.8772537646632672,0.7097962933021829,-0.9445469833458111,0.5105666293203628,2.5296270210964087,1.0737072630485596,0.2606782829755568,-2.328111489311323,0.20151553178508563,340.08994958335245,100326.53512708895,0.9113868235577702,0.7745789083658347,1.4595061173553416,0.8691098040733827,3.961841588348165,1.6986788861153652,0.7553518515364736,0.1216636014559776,4.083505189804143,851.2254376495707,251111.5041066233,0.8656979782625732,0.7204706148998284,0.1505545291500767,0.8397896155181497,4.046550727392609,0.8531783310537856,0.7052465983321217,-1.8800644768340968,2.166486250558512,214.73441305101827,63346.6518500504,0.8314799596147255,0.6088763368018902,-0.12215764671574532,1.0785428591878297,9.591798346289035,1.085438708429079,1.1632546991050587,-5.1214504832349075,4.470347863054129,347.56227097807533,102530.86993853221,0.8733770930114033,0.5446826531241034,0.2769991618187662,1.4349977290858755,9.770521479055125,1.4614879466249175,2.0592184824816195,-2.529623887363489,7.240897591691636,630.1043703483258,185880.78925275616,0.8809983359569258,0.5825806605425752,1.377422367219653,1.4644948257842485,7.530652715889268,2.0104819005566372,2.1447450947488362,0.08053476373515628,7.611187479624424,1192.4010543774195,351758.3110413388,void,1
22.481678727169385,19.983714424150563,24.979643030188203,0.9448703018104381,0.8448993676633161,0.9844242950623782,0.39030487896442234,2.7991391417075153,1.0589754913370246,0.15233789854343235,-0.551851567757573,2.2472875739499423,330.8215819194853,97592.36666624811,0.9110154334233418,0.8318838147837664,-0.7930831816205421,0.6409920149890594,3.2634019479587444,1.0197311882300628,0.4108707632797346,-2.393916447442527,0.8694855005162175,306.75625039348336,90493.0938660776,0.8955375270638941,0.748734845125202,-1.4720195629576989,0.45655405221720957,2.17548008418952,1.5411953790243889,0.20844160259595454,-2.4372110965279634,-0.2617310123384433,700.7085429162082,206709.02016028136,0.9153816774128549,0.8012952751368654,2.041216746031205,0.6082747566268861,2.8094467335008013,2.129921121503733,0.3699981795494975,0.7912940241759164,3.600740757676718,1338.2863752291769,394794.48069260747,0.8622118274768593,0.7860215734972755,-0.12563915882234922,0.673627606297835,4.117135579379661,0.6852440077783524,0.453774151966551,-2.1320379253553834,1.9850976540242775,138.52000830786088,40863.402450818954,0.8539641060936984,0.7880829480470053,0.07974217474399715,0.49504127263681763,3.8876175018932972,0.5014226521077625,0.24506586161388003,-1.117631999558163,2.7699855023351345,74.17027943380074,21880.23243297122,0.8860104957428018,0.7692689647531363,-0.1855905387770014,0.5151159083425727,3.30055810695315,0.547529220326305,0.2653443990275937,-2.4235973323124615,0.8769607746406887,88.43753289778377,26089.072204846212,0.9256524429139892,0.7940135746472081,0.8612197547513388,0.5282734210426414,2.821758868065978,1.0103327537767208,0.27907280738009593,0.08416405630104049,2.905922924367019,301.12782063944536,88832.7070886364,void,1
27.477607333207025,24.979643030188203,29.975571636225844,0.9206316537419942,0.8498406835644068,-0.4593909749750271,0.2633133670949173,1.7158326440748222,0.5295035384011789,0.06933392929086268,-1.2096505193616303,0.506182124713192,82.71032916791378,24399.547104534566,0.891255702311709,0.8099993800358777,0.0262078023874058,0.756359487433458,3.533264305269853,0.7568134004737103,0.5720796742306034,-1.8781563491844446,1.6551079560854083,168.96612432529125,49845.00667596092,0.9160483038674565,0.6457198622380916,-0.0342215660551161,0.7672804394323024,2.9596824245094826,0.7680432203455037,0.5887192727354271,-1.6462858024477771,1.3133966220617057,174.01766455401412,51335.21104343417,0.9393542910842054,0.8570852923698731,1.0803689193137265,0.5251989211865649,2.457349184297436,1.2012622147702146,0.27583390681553155,0.06705249272670152,2.5244016770241378,425.69411804721915,125579.76482392958,0.8630746586477255,0.7110720427930783,-0.2318932148759625,0.7325862655690634,3.601868845675709,0.7684120636780344,0.5366826365004262,-2.3149758574539643,1.2868929882217448,174.184844383751,51384.52909320654,0.8595449578955717,0.7553246329476813,-0.1359908983421234,0.5141233734628017,3.498264333618792,0.5318048209377846,0.2643228431407714,-1.8252254225123052,1.6730389111064867,83.43082843393739,24612.094388011534,0.8863322924120006,0.7102830268560482,-0.10132944583849307,0.6662321025940292,4.400453986678512,0.6738938129414731,0.44386521452686106,-2.955379201786626,1.4450747848918866,133.96919698063516,39520.91310928738,0.9196719924028882,0.6643035404790676,0.9670666494574712,0.6262494980489025,3.2909612031373063,1.1521312157473218,0.39218843380650237,0.11095613004171644,3.4019173331790227,391.58486979832355,115517.53659050548,void,1
32.47353593924466,29.975571636225844,34.97150024226349,0.9143441657325646,0.8480350152247165,-0.6414668206241625,0.24293116113153276,1.315140060691211,0.6859265492823458,0.05901554904871474,-1.328682464907859,-0.01354240421664807,138.79609314806396,40944.84747867884,0.9166132511051039,0.8286764127291176,0.3794178932167596,0.7424416683584248,4.238636973625162,0.8337730917988933,0.5512196309148413,-2.107398991917574,2.1312379817075877,205.07738273932625,60497.827908101244,0.902020674621751,0.7514797236764366,0.645493259660328,0.4793099621824991,2.7829024330921732,0.8039897935386396,0.22973803984738872,-0.7705171263075935,2.0123853067845796,190.68787849371978,56252.92415564733,0.9323653436264079,0.8653923846091959,1.2413966146337747,0.5205831661784499,2.5421102137326,1.3461323812064607,0.2710068329083796,0.36320590948748166,2.9053161232200817,534.5613543811099,157695.59954242752,0.8887016564535838,0.776900713892879,-0.07582475398967682,0.7060012191153205,3.987823476750195,0.7100613457370524,0.4984377213923188,-1.9374993824243032,2.050324094325892,148.73519883942458,43876.88365763024,0.8184265449092814,0.7491493792568732,-0.03368602223671744,0.41287173348502176,2.3115973536214796,0.4142436679118457,0.17046306831092686,-1.1389440343944603,1.172653319227019,50.62135583949255,14933.299972650304,0.893244729316367,0.7644184338786422,-0.002396495283872553,0.4630022565642522,2.3068981674342006,0.46300845864113027,0.2143710895835896,-0.9642979400066906,1.34260022742751,63.2411656681044,18656.143872090797,0.91728027111125,0.7984553011092709,0.8347108386840152,0.43979492911087154,1.9898142001478365,0.943483843999572,0.19341957967163653,0.12131076107099668,2.111124961218833,262.59772034702155,77466.32750237136,void,1
37.46946454528231,34.97150024226349,39.967428848301125,0.9236676217744968,0.850125495845825,-0.64794672259538,0.34151198467902233,3.4322632511988247,0.7324379775800127,0.11663043567940477,-2.8133814394734697,0.6188818117253551,158.25729034544224,46685.90065190546,0.8915026610874391,0.8239432650106097,0.5422967133148207,0.8625502132104457,6.7143237136025,1.0188614211861406,0.7439928703093852,-2.434392620388819,4.279931093213682,306.2331856965254,90338.789780475,0.9220426549923235,0.7332711864855648,0.8209184925567931,0.5798731505833802,3.181855751459862,1.0050671829232178,0.33625287076749555,-0.7821223639400732,2.399733387519789,297.99721244581787,87909.17767151627,0.9358707054573683,0.8512183526493634,1.4518135580245308,0.6906094565731827,4.6941261148997695,1.6077014737730866,0.4769414215083067,0.311956881770631,5.006082996670401,762.4876884877856,224933.86810389668,0.8982197014566249,0.7600819095808153,-0.04389595931769728,0.8970416568884292,7.469882977052481,0.8981150201603129,0.8046837341931382,-5.590405781199195,1.879477195853286,237.95012388407994,70195.28654580357,0.8326537086327301,0.7776036512600099,-0.049930007532191296,0.5730382435536595,3.9554361652993686,0.5752093829443569,0.32837282857506317,-1.6718735361965877,2.283562629102781,97.6054210970322,28793.5992236245,0.8804602162564353,0.7853435631871736,0.08857843354097233,0.5407311455454004,4.6918552278603505,0.5479382361648193,0.29239017176284093,-1.22065584342919,3.4711993844311606,88.56971164216694,26128.064934439248,0.9218744666968638,0.7608579516545675,0.9848822120173676,0.6839004041291227,6.189917724853699,1.1990465938887447,0.46771976276797733,0.040741647443266624,6.230659372296966,424.1252566232791,125116.95070386733,void,1
42.465393151319944,39.967428848301125,44.96335745433877,0.8712609566830537,0.7371429262357235,-0.31002901387056253,0.9306562128474735,7.501363658753079,0.980937804324594,0.8661209865116019,-5.249359320704468,2.2520043380486108,283.86049790618085,83738.84688232333,0.8867804239716811,0.8841888581441466,0.47812440649256926,1.3957001504692317,19.614507560617824,1.4753243230231474,1.947978910019836,-10.563156901773311,9.051350658844513,642.0916481405939,189417.03620147516,0.9176255972028189,0.8494033828576097,0.700619442677901,1.0050260369260111,8.186573461104658,1.2251305801250314,1.0100773348992038,-3.0310375438999353,5.155535917204723,442.7787568154614,130619.73326056112,0.9332687389888413,0.8875915186057026,1.7273653865416152,1.2868467639125862,11.490033365166036,2.1540115534542426,1.6559745937922956,0.1745400355554754,11.664573400721512,1368.730902862236,403775.6163443596,0.8551776136010877,0.7062693780432797,0.23205815035066324,1.3261105293821622,9.605480898459092,1.3462615352458116,1.7585691361382387,-4.813048403552281,4.792432494906811,534.6639357783108,157725.86105460173,0.8357298790790739,0.8087527872971196,0.3706434969009384,1.6610279509874073,14.478441907583198,1.7018785079306868,2.759013853961425,-3.8466231327296607,10.631818774853537,854.4351844481324,252058.37941219905,0.8520078226537081,0.6115670164824293,0.20842997673570382,1.1965787267515398,10.676761625894382,1.2145961075667837,1.431800649314336,-6.082046809538744,4.59471481635564,435.19689283233265,128383.08338553814,0.9033913885237728,0.8611194895498753,1.9202073712543875,1.5801449088407962,13.133672852516968,2.4867758808455527,2.496857932935488,0.0265816583078795,13.160254510824847,1824.2960130587762,538167.323852339,post-void,1
2.4977663276070774,0.0,4.995532655214155,0.8903818098441889,0.7318947020286521,0.3535657802391147,0.25831988211371004,2.3866096382412483,0.43787889016408976,0.06672916149524105,-1.042074733489887,1.3445349047513615,56.56268712314382,16685.99270132743,0.9137565505459502,0.7850009030642124,-0.27354558841236626,0.0566453665801343,0.470014917983819,0.2793490406191965,0.003208697554997796,-0.5360332986476998,-0.06601838066388076,23.020586515985322,6791.073022215663,0.9147621133378402,0.8222569910016023,-0.26072922359837924,0.03794687371804519,0.29601888588105196,0.26347617209756735,0.001439965224973269,-0.42960976955807423,-0.1335908836770223,20.47880951264014,6041.248806228843,0.9218744666968638,0.8090970961295129,0.5554758210186914,0.17504317888166385,1.058493786887755,0.5824032127395825,0.030640114472998168,0.31858626830617015,1.3770800551939253,100.06208315176929,29518.314529771957,0.9036303887238996,0.8620889244187613,0.1291773601139412,0.1035373426770476,0.6781814474996245,0.16554990696050312,0.010719981328624383,-0.1650564396598584,0.5131250078397661,8.084997649916215,2385.0743067252833,0.8379442338900105,0.6736915409743724,0.00012170052608153474,0.3378485658294841,2.5192540649466726,0.3378485877490941,0.11414165343303924,-1.2854348097314732,1.2338192552151994,33.67179213199691,9933.178678939086,0.8837693218978263,0.6209136876645011,0.003964050275905606,0.36986024170922527,2.7566067368695624,0.36988148384556435,0.13679659839720654,-1.591751114590548,1.1648556222790145,40.35963206707996,11906.091459788586,0.8909046510757838,0.753171067739187,0.4027345793960538,0.3408307653208094,1.865142968030886,0.5275990447588822,0.11616561058916866,0.039438012672159795,1.9045809807030458,82.11642184899307,24224.34444545296,pre-void,2
7.493298982821232,4.995532655214155,9.99106531042831,0.9052666887228269,0.7959469164913547,0.2135753287824018,0.16751898317121264,1.0470249166019812,0.27143513182200285,0.028062609722717024,-0.3540274315694057,0.6929974850325754,21.734724082232276,6411.743604258518,0.9133284277704433,0.850778663186028,-0.356474745411068,0.07029365427285855,0.375970194129785,0.36333929315024255,0.004941197831032166,-0.5310169859203775,-0.1550467917905925,38.94455537434078,11488.643835430526,0.9328611992595442,0.7947937462547093,-0.38091292616892913,0.08806731787082162,0.39436845224679956,0.39096100802961975,0.0077558524769603355,-0.572785965490297,-0.17841751324349747,45.09090039086324,13301.815615304664,0.920354974280836,0.824831775743478,0.5916130142334026,0.09239601681539172,0.5073178302635293,0.5987845877556321,0.00853702392335015,0.2869701422027065,0.7942879724662357,105.7701798474363,31202.203054993704,0.9072025244578704,0.7651388276902402,0.14911654729030904,0.15615824425820482,0.9810618017863327,0.2159192949358351,0.024385397249805162,-0.2467225727967202,0.7343392289896126,13.753236868048502,4057.2048760743082,0.8539427468649471,0.6026940378016427,0.05596703922638758,0.21526741183453427,1.4579446407488352,0.2224238478169708,0.04634005859793898,-0.6945799898663843,0.763364650882451,14.594348582923562,4305.332831962451,0.8981434885485858,0.5845947662006623,0.07659567005654976,0.2848859531139548,1.3742919613816411,0.29500322532653483,0.08116000628164646,-0.6188835543898525,0.7554084069917886,25.672936371152197,7573.516229489897,0.9217680594546265,0.7367296772926774,0.37252423839152304,0.2105851484962059,0.9289373920158732,0.4279257096230062,0.04434610476716909,0.04563209767600903,0.9745694896918823,54.02052182212425,15936.05393752665,pre-void,2
12.488831638035386,9.99106531042831,14.986597965642463,0.8802859482497662,0.7305126426295758,0.21850706053042473,0.10397848924593717,0.8568764827418376,0.24198525105368335,0.010811526225867472,-0.13471506373349568,0.722161419008342,17.274274209616678,5095.910891836918,0.931500458624129,0.8806089653714143,-0.35608529424361707,0.0298860215025499,0.18108925558342026,0.3573372511477277,0.000893174281250875,-0.44824110849225784,-0.2671518529088376,37.668523762055194,11112.21450980628,0.9205659632527423,0.8852125470350185,-0.3790350543735509,0.021672286310367366,0.11055709162099431,0.37965413264954617,0.0004696879939185367,-0.43801671381500173,-0.3274596221940074,42.52049182917436,12543.54508960644,0.9178871767767994,0.806182843189105,0.5720452534672423,0.05610936828022674,0.5055856532295167,0.5747904254797636,0.003148261208806114,0.42822263522434934,0.933808288453866,97.46328980084624,28751.670491249643,0.9246140137115885,0.8943541268512102,0.1038034930022866,0.057259057685391176,0.3491943047283,0.11854857589399678,0.0032785996870189544,-0.0611195581026602,0.2880747466256398,4.145860629715941,1223.0288857662035,0.8735779030596927,0.7981747701508769,0.07422751154747143,0.08486155257401257,0.5922341560262099,0.11274398687203634,0.0072014831052718995,-0.19152582769377047,0.4007083283324394,3.7498059398615613,1106.1927522591607,0.8842058344627529,0.8224545335312142,0.1052926147504028,0.1261067750804469,0.8735427522839533,0.16428467196353763,0.015902918721190422,-0.2601962212031501,0.6133465310808032,7.961888765439315,2348.7571858045976,0.9369435335705144,0.8327614511194026,0.21191037484457365,0.09406602945641997,0.6979563006439787,0.23185000509912393,0.00884841789769607,0.03488848482645189,0.7328447854704306,15.857555335016817,4677.978823829961,void,2
17.48436429324954,14.986597965642463,19.98213062085662,0.9216838085526261,0.838344570187802,0.2717615775612911,0.07849066032530949,0.5453102837616799,0.2828694730735446,0.006160783758303114,-0.005834955758445126,0.5394753280032347,23.604465945086908,6963.317453800637,0.9410625900725135,0.8766583604485881,-0.3222201485732408,0.03321505808822683,0.20297269534916068,0.32392756015869606,0.0011032400838042824,-0.43047343376357605,-0.22750073841441537,30.95407394795787,9131.451814647568,0.9259828766801647,0.8652683707050689,-0.3306262335736592,0.025590004692610857,0.14776324344118147,0.3316150700243759,0.0006548483401678457,-0.410586149266013,-0.26282290582483153,32.440723626845156,9570.013469919319,0.9327722020372617,0.8776774790691123,0.5413634505848696,0.04287624126932733,0.28187107889864244,0.5430587055692433,0.0018383720653855678,0.4124046652101399,0.6942757441087823,86.99926351988992,25664.78273836753,0.9425561048582352,0.879639574866312,0.10676613342487937,0.055030245488440585,0.3754403269158783,0.1201138425204072,0.0030283279185180354,-0.07916883193738927,0.29627149497848904,4.256063873680068,1255.5388427356204,0.8782075538138467,0.7403627196491664,0.046672756399827424,0.08318483933445694,0.49680120294705965,0.09538377055378473,0.006919717495099416,-0.18072319184890182,0.31607801109815786,2.68392878709183,791.7589921920897,0.921998195710084,0.8203984508505099,0.09001007998750915,0.11728782874215013,0.7107396602392835,0.14784535593114087,0.013756434771047937,-0.2006368795831373,0.5101027806561462,6.44818353476969,1902.2141427570587,0.9313043966590018,0.8411245440565774,0.19661625202518632,0.082010350322678,0.49157302885657944,0.21303438248433035,0.006725697560048372,0.02576049217840954,0.517333521034989,13.388176195541588,3949.511977684767,void,2
22.479896948463697,19.98213062085662,24.97766327607077,0.906945299868537,0.8490453039963459,0.30213049633193234,0.1211622352056956,1.2500641961371477,0.32551977521161457,0.014680287240040306,-0.44279068740433775,0.8072735087328099,31.259121595876923,9221.44087078369,0.9157042443169282,0.901461572688515,-0.31561132671199776,0.035273896135120913,0.23150269581678912,0.31757638025750384,0.0012442477485512982,-0.4519465408084489,-0.2204438449916598,29.752153402750313,8776.885253811342,0.9228592488511559,0.8607485764259192,-0.32110682980968547,0.025597406383099788,0.15893435732811617,0.3221254776697551,0.0006552272135415577,-0.4129436592885599,-0.25400930196044375,30.61062289237053,9030.133753249302,0.9411793408462247,0.8573557085345688,0.5530340917481606,0.0688185881832351,0.5525583937990006,0.557299474892312,0.004735998079533705,0.3873105772335877,0.9398689710325883,91.62189789099777,27028.45987784435,0.9195186353608035,0.8043695936011254,0.11816295151829233,0.07925372289784621,0.5517518758120317,0.14228013109595766,0.006281152593168593,-0.13284354196505574,0.4189083338469759,5.971872532881456,1761.702397200029,0.8645414321348012,0.720457894489402,0.022472920741419863,0.17671208900674468,1.060003517722075,0.178135326557586,0.031227162401127655,-0.6865415029165501,0.3734620148055248,9.36099739749445,2761.4942322608626,0.9235116391522735,0.8081211299725607,0.0798137184744178,0.15751757122748242,1.1079135207665334,0.1765842997044715,0.024811785245404998,-0.6581644769886199,0.44974904377791336,9.198694396124992,2713.6148468568726,0.9374460135132764,0.8653055649935619,0.2590372134080978,0.12671845660497494,0.7628498065296296,0.2883710199978134,0.016057567244346916,0.05497701730044606,0.8178268238300757,24.531564326500895,7236.811476317764,post-void,2
27.47542960367785,24.97766327607077,29.973195931284927,0.8669919051934782,0.7723555191784236,0.7606199341740888,0.4928937468813395,3.753612491518542,0.9063591616890742,0.242944245714726,-0.6505313559107768,3.103081135607765,242.3386443434278,71489.90008131119,0.8961899214571524,0.8317223272871175,-0.23913373686754336,0.37283763039904466,2.843932469119561,0.44293661256415695,0.13900789864157465,-0.7953418689796447,2.0485906001399163,57.876888611193976,17073.682140302226,0.8802896245211221,0.6011114699735901,-0.18689419325295256,0.5559821635386605,2.9901842147947866,0.5865540091456214,0.30911616617312976,-0.5476623268822172,2.4425218879125694,101.49345366521649,29940.568831238867,0.8845300154919785,0.766680687662914,1.0131462716588955,0.5790164165168488,3.4279389058261733,1.1669298943691233,0.3352600105960129,0.1641791045568373,3.5921180103830106,401.7089866198383,118504.1510528523,0.920203327847172,0.3641960554559029,-0.44834132370778906,1.4043762871601442,6.625588685674384,1.4742057856628308,1.972272755937712,-6.129941335389398,0.4956473502849871,641.1183960521205,189129.92683537552,0.8312429596575724,0.5450057172042203,-0.012075188000428878,0.6946360820185936,4.349673116083226,0.6947410284468509,0.4825192864421423,-2.1673915763767493,2.1822815397064765,142.3862034991795,42003.93003225795,0.8795820715233116,0.6719092268581492,0.16182546010661955,0.4879883463371244,3.5440249415842757,0.514120711214361,0.2381326261608413,-1.7962558222845857,1.74776911929969,77.9744311813703,23002.457198504242,0.901075841277355,0.6388141443049995,1.1168257508661554,1.2934326975111465,6.0105441015308605,1.7088791358047277,1.6729681429909609,0.12163375024713033,6.132177851777991,861.4790307326703,254136.3140661377,post-void,2
32.470962258892,29.973195931284927,34.96872858649908,0.8932642544199609,0.8028729509397595,-1.8442756338368034,1.469259425189369,6.379042842812947,2.3579813129183056,2.1587232585077945,-4.640038790232532,1.7390040525804145,1640.2223822612211,483865.6027670603,0.9149302732418653,0.6714238489885439,0.19640737266172062,0.9014680232380228,3.7479669347746327,0.9226160918586606,0.8126445969206684,-1.1345400134444439,2.6134269213301886,251.1100336221818,74077.45991854364,0.8811578004367141,0.4971496196112842,0.21658071756813327,0.9466152626265563,3.783195981084649,0.9710755185153581,0.896080455437544,-1.0558460579396645,2.7273499231449847,278.18136048466215,82063.50134297533,0.8966472682235157,0.7929683249242921,2.5129874064893007,1.0194009429633333,4.13049556939543,2.7118783135842133,1.0391782825145333,0.516234211828177,4.646729781223607,2169.513776368065,640006.564028579,0.862338485739479,0.5128565329130543,0.3937668327190247,1.6634660544456308,7.753555159598531,1.7094360569622038,2.767119314292914,-2.2275776176567126,5.525977541941819,862.0406316885336,254301.98634811738,0.8084381287425225,0.4481885811671758,-0.5999606035886383,1.8640017718601387,9.184871763386791,1.9581765322248605,3.4745026054977366,-5.59566589208153,3.5892058713052615,1131.164322750073,333693.4752112716,0.855283309889792,0.5622459364277739,-0.8767719305987378,2.1226142940615187,9.546120757013174,2.29656710323041,4.505491441354279,-6.304630104408611,3.241490652604562,1555.8950355938346,458989.03550018114,0.8407874373803123,0.5301096616221905,2.878098130329356,1.9358198717942352,7.565717745481766,3.468551199541212,3.7473985760334494,0.3488675822997112,7.914585327781477,3549.099990032441,1046984.49705957,post-void,2
2.4977237699705945,0.0,4.995447539941189,0.9114992126743768,0.7432218561536884,0.568353307149729,0.1422521577827888,1.1139499124493382,0.5858849359233377,0.020235676393859443,0.10936135597614319,1.2233112684254814,101.2620416518586,29872.302287298287,0.8628240335365317,0.802687229642291,-0.3574172577661671,0.09381654954231647,0.41237559585402583,0.36952488565333824,0.00880154496802592,-0.48692271505859935,-0.0745471192045735,40.28184912954825,11883.145493216738,0.8850962927624543,0.7706975452610317,-0.32005495329983996,0.1225349017683645,0.4652589438536484,0.3427097537029629,0.015014802151382737,-0.4888729405619972,-0.02361399670834879,34.64774270852792,10221.084099015738,0.8843186706282031,0.7411167545804892,0.7628852560136539,0.12355509175721435,0.8878450113090185,0.7728258371341836,0.015265860699133656,0.35552553745825455,1.243370548767273,176.19163348993476,51976.531879530754,0.8759153016863803,0.7559075929417025,0.08390762650647329,0.12685055606541776,0.9505420131310539,0.15209060904623767,0.016091063574105696,-0.4425865252372717,0.5079554878937822,6.823808241216376,2013.0234311588304,0.8254485082083263,0.5395541787431413,0.06440620364404903,0.18292635148426006,1.0680075459604397,0.19393351730730243,0.033462050067343055,-0.2684528070076903,0.7995547389527493,11.095011694878622,3273.028449989193,0.8181772696811579,0.4437510521885674,0.022303638896307116,0.25735023710682897,1.694731874960409,0.25831491797214884,0.0662291445389411,-0.7486224085291554,0.9461094664312536,19.6843460698526,5806.882090606517,0.8869426382156538,0.718372369275274,0.2645185900330459,0.23978797899211848,1.1705359798668702,0.35702711289507866,0.057498274869124656,0.014684977306780617,1.1852209571736507,37.6031660059476,11092.93397175454,pre-void,3
7.493171309911784,4.995447539941189,9.990895079882378,0.9123460577673763,0.7833132145788949,0.45092576229443776,0.05826704991312513,0.31932841844649146,0.45467471032200424,0.003395049105578615,0.3067910946001194,0.6261195130466108,60.985082200887554,17990.599249261824,0.9005195615239893,0.8106600023988829,-0.48672759866665777,0.02882262730487937,0.1481854409269696,0.4875802489319754,0.000830743844755978,-0.5706259362125617,-0.42244049528559213,70.13167724882729,20688.844788404043,0.8891519003610467,0.7886081132280938,-0.5002176827829785,0.03522586285344592,0.17383251352268564,0.5014564702768748,0.0012408614137697812,-0.5981016316257725,-0.4242691181030868,74.18028451684995,21883.18393247073,0.9001946075008027,0.8174054264918174,0.8334784949385157,0.03515368277342272,0.20658080220374098,0.8342195052487731,0.0012357814125344374,0.7451661605191088,0.9517469627228498,205.2970439665648,60562.62797013662,0.8670058667685417,0.7560153583916445,0.02441527290140468,0.08116370690970698,0.6161196840621553,0.08475643261826729,0.006587547319324817,-0.22811492357827903,0.38800476048387633,2.1191775967015904,625.1573910269692,0.8120480157516309,0.5929631720908625,0.0074116880594716885,0.04516802905966975,0.2235923846417699,0.04577208722601675,0.0020401508491351707,-0.09351772785308375,0.13007465678868615,0.6180497708626953,182.32468240449515,0.8860499579802958,0.584580748087974,-0.002636516390065651,0.06924543713362172,0.40089508840569643,0.06929561156741054,0.004794930563826358,-0.19577662486898137,0.20511846353671503,1.4165551258379254,417.88376212218805,0.9204344083293938,0.750265102772957,0.09909765031874325,0.06527077694501958,0.3843312090993948,0.1186617824815657,0.004260274323006499,0.012804887923859703,0.3971360970232545,4.153782493402211,1225.365835553653,pre-void,3
12.488618849852973,9.990895079882378,14.986342619823567,0.9342969492404066,0.7608813782167969,0.3931078709572217,0.031860146543140476,0.18027846743356118,0.3943968396758144,0.0010150689377503859,0.3001204815428162,0.48039894897637736,45.886915808149666,13536.640163404154,0.8984477655917034,0.8265256293218192,-0.5037595960862734,0.01896493457353044,0.10233309561250997,0.5041164541972257,0.0003596687433782903,-0.5598502530997773,-0.45751715748726735,74.96935282075316,22115.959082122186,0.8840410955753633,0.8091901251129351,-0.5230815950259321,0.02192053253051992,0.11976018403565397,0.5235407002337972,0.00048050974642158194,-0.5899304428170163,-0.47017025878136237,80.85798511638194,23853.105609332684,0.9244817818027024,0.760083526675587,0.8264213144900454,0.02837150500931839,0.14819529550394528,0.8269081758816685,0.0008049422964937785,0.7569664916703127,0.905161787174258,201.7142537452848,59505.704854859025,0.8712354955800361,0.8095733321066074,-0.0034833444591410036,0.050847280811378834,0.29098048208472904,0.0509664561700364,0.002585445965911214,-0.15343379004485982,0.13754669203986924,0.7662859980870114,226.0543694356684,0.8587483904746337,0.6869776127336096,5.592068234585344e-05,0.021866395943585165,0.1443154514116598,0.021866467448683882,0.0004781392715616377,-0.07283526421658475,0.07148018719507504,0.14105200761188377,41.610342245505706,0.8893844407384972,0.7875782652822192,0.004966830928149604,0.029481632395602655,0.20171620035965077,0.029897091132387296,0.0008691666487094479,-0.06974729715408311,0.13196890320556767,0.26368163716258997,77.78608296296404,0.9576290929316602,0.8522350359291715,0.055377053609556984,0.030048960795992893,0.15948115305604907,0.06300442929981086,0.0009029400449191179,0.0033252663551886948,0.16280641941123777,1.1710196428614852,345.4507946441382,pre-void,3
17.48406638979416,14.986342619823567,19.981790159764756,0.9477782581814095,0.8485872756168829,0.3713092138833585,0.025183695701965516,0.1579441057195577,0.37216226413204084,0.0006342185292091964,0.29931853897068117,0.45726264469023886,40.858901498946636,12053.37594218926,0.8958228795107536,0.8486006865629024,-0.4868863953731688,0.015371298428123428,0.08344203811931716,0.48712897554430495,0.00023627681536642978,-0.5256921116967144,-0.4422500735773972,70.001918450379,20650.5659428618,0.9226290740740428,0.8558792401795919,-0.4956625650045165,0.015515208712390658,0.07997192154820498,0.4959053337566007,0.00024072170138904298,-0.5403063339041091,-0.4603344123559041,72.54701951423243,21401.37075669856,0.9049814960829576,0.8115840667348891,0.7881790586584477,0.022254464703958792,0.12808200439626993,0.7884931767028656,0.0004952611992597477,0.7161747481925403,0.8442567525888103,183.40783946355805,54105.31264174963,0.9058435694838838,0.8124753975587138,-0.002972511993411273,0.044132992708893475,0.2588567728941896,0.04423298399378249,0.0019477210454432444,-0.12374769503061946,0.13510907786357018,0.5771842775332944,170.26936187232184,0.8771396556495518,0.6594694931839747,0.0017421198640410443,0.018303368980301285,0.11208874579205161,0.018386089786839987,0.0003350133160290553,-0.05896796231748085,0.05312078347457076,0.0997242478066738,29.41865310296877,0.919159162589207,0.745643588761768,0.006338034110078442,0.02534535190953619,0.1360597290254281,0.02612580218478942,0.0006423868634182299,-0.06285631304916797,0.07320341597626012,0.20135447424063058,59.39956990098602,0.9597442822225632,0.8687239948562776,0.04901167327549521,0.023979545308008176,0.1291573778940059,0.054563382505511036,0.0005750185931788169,0.00599011882203069,0.13514749671603657,0.8782629995805987,259.08758487627654,void,3
22.47951392973535,19.981790159764756,24.977237699705945,0.9430162387093968,0.7780632021639361,0.3641629466473961,0.041756805202766166,0.40790593447854334,0.36654915426400314,0.0017436307807417596,0.14857883289533408,0.5564847673738774,39.63569333503852,11692.529533836372,0.894392317096489,0.8426705491239364,-0.4560590703464742,0.02323012946508538,0.1348228898537856,0.4566503197855607,0.0005396389149646279,-0.5129332169256078,-0.3781103270718222,61.51620679527518,18147.28100460619,0.9166132511051037,0.8317484529273936,-0.4496887610773381,0.025551669647635233,0.14777612880365215,0.4504141090830228,0.0006528878217818835,-0.5136245213639407,-0.3658483925602885,59.84749655001069,17655.01148225317,0.9049668067245713,0.8248873528197731,0.7381699227591668,0.029425020759377404,0.21551301902330156,0.7387561618781695,0.0008658318466897913,0.6100342303491727,0.8255472493724743,160.99939668032442,47494.8220206957,0.8819103163205817,0.8184155019743033,-0.00750404741866442,0.04727642647059621,0.35756723612160557,0.04786826952680925,0.0022350604998296903,-0.22451890427584278,0.13304833184576276,0.6759545121099202,199.40658107242643,0.8249845457703794,0.5759644175820129,0.0049446302263210905,0.0352791732921085,0.24766806917895418,0.03562400084563313,0.0012446200681746216,-0.10204039273145853,0.14562767644749566,0.3743754836936526,110.44076768962752,0.9024725634847403,0.534968213412112,0.009809730578385266,0.05684582019986132,0.41695418615825464,0.05768603026916888,0.0032314472741949616,-0.1287762193781394,0.28817796678011526,0.9816650360235633,289.59118562695113,0.9179301833912484,0.7139771136507376,0.0659278691537956,0.05041462903559244,0.31901191716151434,0.08299469110706054,0.0025416348207964,0.0044520150425965905,0.3234639322041109,2.0319950318271363,599.4385343890051,void,3
27.47496146967654,24.977237699705945,29.972685239647134,0.9253340728376885,0.6580669604151487,0.39447564106735994,0.06081616752089738,0.3821193098235869,0.39913611416086425,0.003698606231929853,0.16549935595451448,0.5476186657781014,46.996343100093156,13863.921214527485,0.8886622230534574,0.8263164084363352,-0.43175143272336364,0.020926569188356,0.11836355078593858,0.4322582803795344,0.00043792129799505075,-0.49878583377494434,-0.38042228298900577,55.1199301822183,16260.379403754396,0.9011124819500244,0.8234847968503036,-0.41567400629845985,0.01979860862252606,0.11783177181531251,0.41614524437460537,0.00039198490338796335,-0.49156163018411725,-0.37372985836880473,51.08717500260201,15070.716625767594,0.928247647759715,0.7668756067892983,0.7198307539063119,0.03431338995752828,0.19078270149027543,0.7206481270354532,0.0011774087303774027,0.6318179370879417,0.8226006385782171,153.20344828491346,45195.01724404947,0.8870004818667022,0.7418998027260857,0.0023164742760140525,0.0656594093940372,0.45641666621710586,0.06570025947471757,0.00431115804197378,-0.20611219437634795,0.2503044718407579,1.2733746080383386,375.6455093713098,0.8320256511426625,0.5401871509053494,0.0059701493623251535,0.0597226079976501,0.4583936753438307,0.06002026815542771,0.003566789906040979,-0.1805951260530064,0.2777985492908243,1.0627176138875876,313.5016960968384,0.8637419017529065,0.5388251915047506,0.014932380355798924,0.06100847180698519,0.3960056205726332,0.06280931153351353,0.0037220336322237066,-0.0977175963526494,0.2982880242199838,1.163777836517617,343.31446177269686,0.911579611675859,0.6522801758349039,0.08171158408826397,0.07202210303507658,0.38384140182789556,0.10892183573466167,0.005187183325595187,0.008445871614257257,0.3922872734421528,3.499870058443543,1032.461667240845,void,3
32.47040900961773,29.972685239647134,34.96813277958832,0.9123423181134246,0.7959796436518399,0.39177798890595855,0.07367926156708879,0.6457968422740961,0.3986459910450234,0.005428633585071487,0.07930499263347507,0.7251018349075712,46.880994721999315,13829.893442989802,0.8677675426808561,0.8217786608870966,-0.43720496741992737,0.023962870599839366,0.14383520718100617,0.4378611682988621,0.0005742191673846459,-0.5153419349401969,-0.3715067277591907,56.55810879769311,16684.64209531948,0.8950268222055142,0.8100280398081711,-0.4227510177323532,0.023712047724475924,0.12151320334032406,0.4234154983004616,0.0005622612072878238,-0.4889346132871917,-0.3674214099468676,52.887801839303314,15601.901542594484,0.918568206030586,0.806781244392796,0.72674194891299,0.04204584131029244,0.2993076430942868,0.7279572192659,0.0017678527714902943,0.6447576053569164,0.9440652484512032,156.32690535899573,46116.43708090375,0.8874570203562864,0.7984688539306145,0.009521177379563312,0.056991036276942394,0.31223859478491645,0.057780888143164365,0.003247978215919764,-0.148953743958325,0.16328485082659144,0.9848961552107973,290.5443657871852,0.8227378504050441,0.6058355636579981,0.011320654833392712,0.0429824201477691,0.23766350652022786,0.04444823582119053,0.0018474884417593474,-0.06332141186081139,0.17434209465941647,0.5828154719467686,171.9305642242967,0.9089859201473532,0.6621105879880888,0.03376590836982578,0.1567934300399558,1.1005377808270893,0.16038801785586718,0.02458417970369451,-0.28926057736276434,0.8112772034643249,7.588673300161521,2238.6586235476493,0.9050495396389174,0.7979922027179897,0.1002175768666122,0.14489661921848862,0.8264344600323005,0.1761777312090351,0.02099503026094769,0.009016105392415577,0.8354505654247161,9.15638492731909,2701.1335535591306,post-void,3
37.46585654955892,34.96813277958832,39.96358031952951,0.8118988142767016,0.6782815568681744,0.7864255769145345,0.7589239675335712,4.864388063474317,1.0929001676833319,0.5759655884968969,-2.0605141605268344,2.8038739029474824,352.35707907406527,103945.33832684928,0.8363567334958526,0.5143439488223732,0.32472436806123867,1.1587769146115756,3.951960457207633,1.203415910252766,1.3427639378367229,-0.5472845918153145,3.4046758653923184,427.22190664960056,126030.4624616322,0.8603028886041103,0.36994550431447587,0.3473965902903956,1.1121340186635889,3.3264457425576186,1.165129377543205,1.2368420754688236,-0.5066354552088854,2.819810287348733,400.4703075921938,118138.74073969718,0.8468914608733821,0.4241821304290476,1.6074129660164185,1.190122116704108,4.204885200747978,2.0000417735602336,1.4163906526682668,0.27846050470097533,4.483345705448953,1180.0492933158598,348114.5415281787,0.7969965401122409,0.4610138684842148,-0.6467717427347722,1.1923059190112846,6.353278052239873,1.3564317497425067,1.4215934045093437,-4.729662388849738,1.623615663390135,542.7725920543079,160117.91465602085,0.6976536196057009,0.5234979174214047,-0.18507076930068683,1.085272250332373,7.727946923896952,1.1009391658902143,1.177815857341493,-3.9133374298469144,3.8146094940500377,357.55977886235706,105480.13476439533,0.7752342699551812,0.5287304918576243,-0.12544175261651241,1.7042881773245457,12.402532481397762,1.7088984243271232,2.9045981913682226,-5.798049221369533,6.604483260028228,861.4984782769787,254142.05109170877,0.7535154928700953,0.5916932063704906,1.549589084429118,1.8897305714800752,7.83795532842135,2.4438305921991166,3.5710816327864117,0.05931271491410802,7.897268043335457,1761.8308491936439,519740.10051212495,post-void,3
42.46130408950011,39.96358031952951,44.9590278594707,0.8215163891999965,0.7152473487052647,0.03789162281570572,0.9682617269971102,4.453763498072497,0.9690028622491442,0.9375307719674264,-2.33303163716338,2.1207318609091175,276.99513137887504,81713.56375676816,0.8545637103191813,0.6870405450293465,-0.30724358474758406,0.7658156921391394,3.2597392776126126,0.8251498619615074,0.5864736743265491,-1.0821647558398722,2.1775745217727405,200.85732693505298,59252.911445840626,0.8139863144917103,0.5788141176894922,-0.39331395223898347,0.8353501795379719,3.5004837920578655,0.9233123997217686,0.6978099224541218,-1.1195403783035707,2.380943413754295,251.48920730659148,74189.31615544448,0.8355572346127276,0.6941871187659095,1.4515244392194706,0.6045009773116177,2.7269492950958276,1.5723691135423958,0.3654214315707009,0.5845901192250073,3.3115394143208348,729.3416656205195,215155.79135805342,0.8524160954881539,0.4876872338453625,0.6349717695812599,1.3241433762648254,6.195026444861842,1.4685179021963495,1.753355680906011,-1.5381014420386354,4.656925002823207,636.1807245759943,187673.3137499183,0.7128784150148711,0.4138312959933701,0.2719892795400533,1.8553708367573232,8.039291774433673,1.8752010852370706,3.4424009418895696,-3.1843561377436735,4.85493563669,1037.3318374719147,306012.8920542148,0.7852430482006953,0.4047303733063593,0.1948750502021736,1.6949885043155386,8.000617698558264,1.7061542471163404,2.872986029761827,-3.9218030096218937,4.07881468893637,858.7338829111723,253326.49545879583,0.7919473344432396,0.5465848748493802,2.5072228439556428,1.5158231641077262,6.087375648749228,2.9298270007115748,2.297719864845559,0.2430584470161539,6.330434095765383,2532.2464449590816,747012.701262929,post-void,3
47.4567516294413,44.9590278594707,49.95447539941189,0.853314706424303,0.5646270821484719,-0.44333340522565695,1.4667411814863487,7.3981860822936465,1.532277455833945,2.15132969346797,-4.712744673409739,2.6854414088839076,692.6228894887993,204323.7523991958,0.8583689191959684,0.7416415658349282,-0.3752514040947381,0.7908152897661767,4.597371015018619,0.8753299028383724,0.6253888225279619,-2.087042895523527,2.510328119495092,226.02971944689517,66678.76723683407,0.8532200074486607,0.6250429532967374,-0.4752630838056916,0.863175517934044,3.6946432484519884,0.985366415902836,0.7450719747607051,-1.3203949565001367,2.3742482919518517,286.4293572088143,84496.66037660022,0.906166279110403,0.5781289368798184,1.7351873897580197,1.03641127766632,5.069849431784211,2.0211441349021055,1.0741483364739335,0.20101759171555866,5.270867023499769,1205.0819661445084,355499.1800126301,0.8462005070963131,0.5301746511563813,-0.9450001896778952,1.8706061463723762,8.410775576608618,2.0957558811410664,3.4991673548461115,-6.050033540500515,2.360742036108103,1295.6968504345236,382230.5708781846,0.7328292656106434,0.494792691157975,0.6722406590191999,1.8760958451887653,8.230771267640701,1.9928981720030545,3.5197356203345476,-2.835142749025421,5.395628518615281,1171.6347215720693,345632.24286376045,0.7763199254082751,0.4653950706591943,-0.26702727867672427,2.080066824450462,10.202883297133376,2.0971365148070182,4.3266779941794296,-4.713570634712892,5.489312662420484,1297.4045607123935,382734.34541015606,0.788337453938888,0.5054761704505057,2.9389706562955853,2.030829603999535,7.299245162921139,3.5723685978699633,4.124268880480908,0.1642798698460328,7.463525032767172,3764.7361327189856,1110597.159152101,post-void,3
52.45219916938249,49.95447539941189,54.94992293935308,0.8641959667642315,0.7147248261891906,-1.7772936453489276,0.40598448202686976,2.5120839482424144,1.8230732572895432,0.16482339964662573,-3.137382086704405,-0.6252981384619906,980.4608499260701,289235.9507281905,0.7980345422873355,0.30099406503998904,2.3357493181767675,0.6066714404398518,2.2548541688699633,2.4132499070773,0.3680502366453646,0.9766742328864706,3.231528401756434,1718.0136586325361,506814.0292965984,0.8031503874030745,0.21320313767784574,2.2764118869630625,0.4824157472741508,1.6453443022620402,2.3269671317671867,0.23272495321807737,1.3357185032741266,2.9810628055361668,1597.3589295358183,471220.8842130665,0.8342123436285634,0.3559712956636876,3.7302020489160417,0.804822913466234,3.0423916189113522,3.816038161205639,0.6477399220402772,1.9489832824585291,4.991374901369881,4295.833438094425,1267270.864237855,0.7674548711094841,0.3785610370945785,-0.07945491745589651,1.416973537160667,6.805914687291167,1.41919945353764,2.0078140050136124,-4.178045470379662,2.6278692169115043,594.1674912318531,175279.4099133967,0.8058243792905454,0.41052387811616026,0.24315785409823784,0.3633434378250347,2.5766777469859874,0.4372004069304771,0.13201845381051486,-0.5312537139297994,2.045424033056188,56.38753776695157,16634.32364125071,0.8323678218262183,0.5161035227788763,-0.21237560572542152,0.6331066817838447,3.723318183262602,0.6677780083430347,0.4008240705193504,-2.395083567538022,1.32823461572458,131.5486031858441,38806.83793982401,0.7904974177209625,0.3867337487928283,1.2829320258734238,1.00263860396287,4.4131827209608305,1.6282502120891313,1.005284170156613,0.13605398329124124,4.549236704252071,782.1036321846487,230720.5714944714,post-void,3
57.44764670932368,54.94992293935308,59.94537047929427,0.8149694968132857,0.531385176466298,-1.1659615209327017,1.3248544551336245,6.0566368821694745,1.764852853804847,1.7552393272874132,-3.7408027761398324,2.315834106029642,918.838150697018,271057.25445562036,0.8138295302710902,0.6588971005237508,1.2319809633713301,0.899681443301067,2.7607530822915884,1.5255175494007407,0.8094266994202911,-0.4333046602442298,2.327448422047359,686.5251190912442,202524.91013191704,0.8021739390736304,0.5860345294169764,1.340811777769354,0.8151889460153638,2.2931018756785817,1.5691747006342711,0.6645330177056398,-0.012680072178906588,2.2804218034996753,726.381226127643,214282.46170765464,0.8409229306025082,0.6859005891076471,2.5443774166982815,1.1959775046459635,3.739161268050825,2.811444224988895,1.4303621916191855,0.11112877281691153,3.8502900408677365,2331.744495915905,687864.626295192,0.7557491826982103,0.6019322105937032,0.9384117981234026,1.0741076919459853,5.247231143024498,1.4262973170958184,1.1537073338975319,-1.905724630778919,3.341506512245579,600.1255908426451,177037.04929858033,0.7607140899546615,0.4521067171030374,-1.1452327655876073,1.4965381895866323,5.457850047844873,1.8844587128049992,2.239626552891235,-5.17092930636795,0.28692074147692287,1047.599468878669,309041.8433192073,0.7990768590615385,0.4769493931676604,0.35527135680347705,1.2535226184699029,6.1096527652871515,1.3028955030932547,1.571318955015642,-3.5553189901815725,2.554333775105579,500.77332413428445,147728.13061961392,0.7785045116464365,0.4589322686813483,1.9045991055308582,1.9119486437174733,6.566553392519926,2.698711798062555,3.6555476162130858,0.038292135883150384,6.604845528403076,2148.4983838555986,633807.0232374016,post-void,3
2.497636874017717,0.0,4.995273748035434,0.8991695525343046,0.8107434732455033,-0.3973652898208094,0.13048730313340973,0.7555860014987438,0.41824168830164,0.017026936279030357,-0.8676391082615351,-0.1120531067627913,51.603202400854826,15222.944708252175,0.8690692306206281,0.8437021080910239,-0.5581592441462594,0.037649255861010214,0.16563507778677045,0.5594275719812275,0.0014174664668878119,-0.6406397428011548,-0.4750046650143843,92.32296644637938,27235.275101681924,0.9079529249259091,0.6497342246025846,-0.5924572996219357,0.06546907836770693,0.2232583519800974,0.5960636309133724,0.004286200222316952,-0.7098530689627209,-0.4865947169826235,104.81109636880177,30919.27342879653,0.8742826825181698,0.8221101233475018,0.9116274882722223,0.11005677103354375,0.43057480107241386,0.9182467915674145,0.012112492850329873,0.7381544344853644,1.1687292355577783,248.73726521603598,73377.49323873062,0.9410385835894021,0.7011918453559659,-0.011105874347599468,0.12011130510315642,0.6532194710046497,0.12062365463957805,0.014426725613583529,-0.24254785341924107,0.4106716175854087,4.292269487289419,1266.2194987503785,0.8784372290770776,0.6189611140385352,0.17682480471612522,0.06265190422459167,0.4963002242667379,0.18759603584794435,0.003925261102967407,0.044612723744271505,0.5409129480110094,10.381720436429651,3062.607528746745,0.9016510007573058,0.5991259076597925,0.04873830917698955,0.18724444704376858,1.1789657337691586,0.1934836058433853,0.03506048294872666,-0.14593579983417557,1.033029933934983,11.043592190396753,3257.8596961670414,0.933104163636468,0.6818292234523111,0.25739711843667323,0.14465465037504713,1.0245919810920727,0.2952596221203128,0.020924967875127123,0.10580463246084432,1.130396613552917,25.71758211411582,7586.686723664164,pre-void,4
7.4929106220531505,4.995273748035434,9.990547496070867,0.8882185184456969,0.706921915941202,-0.5002813031728129,0.1579970030087721,0.7778311588072032,0.5246374321986965,0.02496305295975394,-0.7373601063593295,0.04047105244787371,81.19710840289237,23953.146978853245,0.8877818021752364,0.7746285047972858,-0.5890977550009217,0.022653134103913387,0.15752151362906464,0.5895331453208172,0.0005131644847298838,-0.6899175483813794,-0.5323960347523148,102.52705218239745,30245.48039380726,0.8737070000796554,0.6393494351425282,-0.6530022393516547,0.02667541581786395,0.1581794946894055,0.6535468632067113,0.0007115778090559463,-0.7529926251874818,-0.5948131304980763,126.00143321016289,37170.42279699804,0.878720967370448,0.7817283192491108,1.0226549119536072,0.06398592157959024,0.29919851374812123,1.0246547062807205,0.004094198160389472,0.850876150813134,1.1500746645612552,309.72559379545277,91369.05016965861,0.9418472763112131,0.7297568531787227,-0.03245027197400008,0.10937324204128658,0.7780564974659707,0.11408560919681514,0.011962506074621859,-0.33953604963804646,0.4385204478279243,3.839580236613487,1132.6761698009789,0.929415245657171,0.6720558732658829,0.17909304885786734,0.02885865345824998,0.14909205753494625,0.18140325804304017,0.0008328218794233636,0.10062901206876056,0.2497210696037068,9.707606898445796,2863.7440350415104,0.8251090193638607,0.5066447326989783,0.045534625277585845,0.1704675961470928,0.8951075278546475,0.17644433523164887,0.02905920133616833,-0.31376934085308805,0.5813381870015595,9.184118013424854,2709.314813960332,0.9484549353165721,0.5594893655727906,0.25874703635544904,0.10052483706551668,0.5146510085989868,0.2775883133162791,0.010105242867048676,0.11770882642220105,0.6323598350211879,22.731305148484132,6705.735018802817,void,4
12.488184370088584,9.990547496070867,14.985821244106301,0.9280372984599579,0.8167912305541659,-0.3164142385659049,0.05036715259251951,0.3503213807211827,0.3203979095242656,0.002536850060278145,-0.5177465908681691,-0.1674252101469864,30.283172026118248,8933.53574770489,0.9145303623102914,0.8649154064126928,-0.581824380037153,0.0125098597375434,0.07089214788032905,0.5819588523222843,0.0001564965906530094,-0.618137704270655,-0.5472455563903259,99.90945120989974,29473.288106920434,0.9052323585618969,0.8502630235634052,-0.6449631061757422,0.01525475767301356,0.07302778095453599,0.6451434847842177,0.0002327076316623661,-0.6839890898131711,-0.6109613088586351,122.78198420805961,36220.68534137758,0.8971417072084069,0.8450410019235611,0.9257431584239475,0.02325181314582303,0.16527934586471316,0.9260351193034279,0.0005406468145682687,0.8612396243292247,1.026518970193938,252.9746074440776,74627.50919600292,0.952813765245731,0.8823506790946525,-0.020775193198761695,0.051409265674875505,0.33439462299908607,0.05544836561771507,0.002642912597229933,-0.17797427713604522,0.15642034586304085,0.9069837686543631,267.5602117530371,0.9340316494835792,0.6852498461690802,0.1716599950830275,0.01643038436237948,0.08700817273708947,0.17244451699662866,0.0002699575302955241,0.13455739294635624,0.2215655656834457,8.772447875449163,2587.8721232575044,0.9036303887238996,0.8180561922959978,0.037210233172412226,0.0366693311099845,0.18331122365595912,0.05224214100512119,0.001344639844053677,-0.03867255406449852,0.1446386695914606,0.8051261825556946,237.5122238539299,0.9568383019752588,0.8510620466674833,0.18737661544595413,0.02075760035973199,0.12024800627142512,0.1885228739136854,0.00043087797269434556,0.14065164660465646,0.2608996528760816,10.484557826659222,3092.9445588644717,void,4
17.483458118124016,14.985821244106301,19.981094992141735,0.9238907176417716,0.7514280649854157,-0.2493962599116946,0.046652436147803185,0.29351230064516476,0.25372217927581026,0.002176449798524853,-0.3627263838038096,-0.06921408315864483,18.990608555657587,5602.229523918989,0.9067382535431157,0.8686035619944745,-0.576420639079579,0.010932575995776085,0.06761961984917975,0.5765243051032746,0.00011952121790341944,-0.6082460554927736,-0.5406264356435938,98.05218094057003,28925.39337746817,0.9328187951839313,0.8519163765787646,-0.63717813281888,0.013525855671892576,0.06561568011343888,0.6373216783651809,0.00018294877165686855,-0.6679587416694193,-0.6023430615559804,119.82278190569228,35347.72066217923,0.9422122902588309,0.8096725379812716,0.8957335808556264,0.024402714460652945,0.1293481760596933,0.8960659241068657,0.0005954924730481603,0.8292051372129543,0.9585533132726476,236.8655714019199,69875.34356356636,0.9610461470173596,0.8783824936429773,-0.039529271467550475,0.04151598501699505,0.2693331628415377,0.05732486646026014,0.0017235770119313576,-0.14445172498837106,0.12488143785316665,0.9694113928325638,285.97636088560625,0.9232806498811323,0.6654223640296775,0.1707438541135133,0.016014963239735888,0.09821778323195118,0.17149327323573602,0.0002564790475700918,0.10716889989501219,0.20538668312696337,8.67593311570651,2559.4002691334204,0.9120257246075416,0.5675399655671517,0.03163650666745399,0.0500629626627905,0.34713585698777666,0.05922135412750891,0.0025063002305759554,-0.1311717259465551,0.21596413104122156,1.034614791485266,305.2113634881535,0.9618720641556436,0.7068849348669242,0.18875466250037745,0.023977682307885332,0.18704838093081017,0.19027152142264822,0.0005749292488578773,0.10907807179640346,0.2961264527272136,10.67995930002434,3150.58799350718,void,4
22.47873186615945,19.981094992141735,24.97636874017717,0.9208223118862318,0.887970208565162,-0.20568654058396882,0.039482610189530594,0.2790588938056805,0.20944170903804973,0.0015588765073784251,-0.3067581749444714,-0.0276992811387909,12.940419698009832,3817.4238109129005,0.8911941886380866,0.8647023278001298,-0.5531070730217649,0.015545009848894056,0.10049021297187988,0.5533254752475311,0.00024164733120221322,-0.5893847990852639,-0.488894586113384,90.3198790595823,26644.364322576792,0.8933294808168311,0.8672839486268681,-0.5896823414147868,0.018503902251261962,0.0857607769004799,0.5899725910370323,0.0003423943985242575,-0.6246201243084544,-0.5388593474079745,102.67995916161004,30290.587952674956,0.9041935947674106,0.8542278121440597,0.8350573006883062,0.02796200609388211,0.16084321815860259,0.8355253252999784,0.0007818737847943003,0.7455089725407164,0.9063521906993189,205.9402579192022,60752.376086164666,0.9577219708567454,0.8633790358784895,-0.04401657773817709,0.04955154940049933,0.3065036251002844,0.06627831593946176,0.002455356047990125,-0.18344185274183022,0.12306177235845417,1.295880473312478,382.28473962718084,0.9431288747278672,0.8648174206894128,0.17241119242511696,0.012402165769916934,0.08275609480858989,0.17285668338029397,0.00015381371578449928,0.13314411347883348,0.21590020828742337,8.814432731824384,2600.2576558881938,0.9394227307253205,0.876581721720476,0.0438815278011786,0.05155170112199698,0.29749224496688964,0.06769908692690998,0.0026575778885717044,-0.017061007212756593,0.28043123775413303,1.3520340793675076,398.8500534134148,0.9539411114176487,0.9149283203488758,0.19414523103086614,0.03410342785872473,0.2192170869104881,0.19711776815838702,0.0011630437917152419,0.13789557225643298,0.3571126591669211,11.46234728450437,3381.392448928788,void,4
27.474005614194883,24.97636874017717,29.971642488212602,0.9398129765732219,0.8407964993031343,-0.0856993518945287,0.046894755496496014,0.2827652660502422,0.09769082356198253,0.002199118093076143,-0.19458901781508145,0.08817624823516074,2.8153316174244285,830.5228271402063,0.9044628613620657,0.8263044663658614,-0.5303252385286,0.01325571162688631,0.08366089121743847,0.5304908788199395,0.00017571389073516892,-0.576680766817756,-0.49301987560031757,83.01906889078977,24490.62532278298,0.9209074969168571,0.8564377012188407,-0.5493363555804662,0.01188229068758693,0.07307275249915779,0.5494648490981136,0.0001411888319843151,-0.5930976278228215,-0.5200248753236637,89.06392801635175,26273.85876482377,0.9088915532298779,0.8308912505638726,0.7697948828078301,0.0170742003227712,0.10038313198902471,0.7699842140679138,0.00029152831666212013,0.7235322749025824,0.8239154068916071,174.89832852456595,51595.00691474698,0.9601785065006044,0.8017635995306986,-0.040721865742370994,0.057931506334714146,0.4172382082531002,0.07081193243902269,0.0033560594262090253,-0.18629506742521149,0.23094314082788872,1.4792272838458707,436.37204873453175,0.9308224723335358,0.6755248899659131,0.17629403282326467,0.024914717690625986,0.1749222666998056,0.17804586253742016,0.0006207431576035915,0.10371087843807313,0.27863314513787873,9.351597104174704,2758.721145731537,0.9100730868985514,0.6774086719028374,0.03218377614574048,0.040957211315170175,0.26895757060538844,0.05208923694694171,0.001677493158715504,-0.04560101501128288,0.22335655559410555,0.8004201386858181,236.1239409123163,0.939706981288789,0.768252404472263,0.19609405917704986,0.031226070896366986,0.22036198910076188,0.1985647187900138,0.0009750675036249374,0.12003685771003876,0.3403988468108006,11.631244526706393,3431.217135378387,void,4
32.46927936223032,29.971642488212602,34.96691623624803,0.9466466154565352,0.7777663661924864,-0.09510256595234774,0.045580453393683495,0.26883755941012816,0.10546125251624128,0.0020775777315737536,-0.26114915423184737,0.007688405178280762,3.28101235577685,967.8986449541701,0.8717282872940936,0.8518661258735114,-0.526027222639223,0.01382849853073697,0.08364737065478056,0.5262089569069966,0.00019122737161459454,-0.5697164736707107,-0.4860691030159301,81.68428056709908,24096.862767294235,0.8915791271329794,0.7714516691153575,-0.5405713720191646,0.017766099135646137,0.0978493702262398,0.5408632382822665,0.0003156342784976064,-0.5902430390751203,-0.49239366884888053,86.29724754492801,25457.688025753778,0.8608463910051986,0.8154172088153109,0.7615385060788171,0.024699967527648997,0.1410299047304603,0.7619389638525015,0.0006100883958669149,0.6964398531579535,0.8374697578884138,171.26254046780394,50522.449438002186,0.9519761213046888,0.7681940017753757,-0.03145039522856324,0.0583166883149479,0.3704333245386553,0.06625679962128879,0.0034008361360227807,-0.18346981451516448,0.1869635100234908,1.295039231336406,382.0365732442398,0.9337067348901442,0.7079813253699858,0.17264563849452194,0.01292193740766374,0.08177491053864436,0.1731285446064534,0.00016697646636757948,0.12513557293440722,0.20691048347305158,8.842180422476876,2608.443224630678,0.9497009289355333,0.6381397078962763,0.030692290433480325,0.044219214223242646,0.3002778364575364,0.05382708982077828,0.001955338906521025,-0.18516960552155445,0.11510823093598198,0.8547199015793692,252.14237096591387,0.9578903270257376,0.8588148700733581,0.19182886028239712,0.021505822814648103,0.12548139256554275,0.19303059874584255,0.0004625004149350388,0.14838540255608063,0.2738667951216234,10.991939555392648,3242.6221688408323,post-void,4
37.464553110265754,34.96691623624803,39.96218998428347,0.8022614795317354,0.5053561893921474,0.5237236974999913,1.5810360334350912,10.15422020015434,1.6655213749283524,2.4996749390201667,-4.6950952810453925,5.459124919108947,818.3186278512526,241403.99521611948,0.8732139679145149,0.5172234202728376,0.12371034867683738,0.6381388675728091,2.6070266548957015,0.6500195879178196,0.4072212143071072,-0.5340548457359512,2.07297180915975,124.64501207967132,36770.278563503045,0.8260716824369752,0.4036948915962999,0.2490058917910804,0.6799520159544974,2.5772674402561107,0.7241123380714185,0.4623347440005851,-0.5412388289121625,2.0360286113439483,154.6799100534406,45630.57346576498,0.8385757284101837,0.6414092212555289,1.5441946003275693,1.1559795108420026,5.447137639464728,1.928944165383575,1.3362886294865155,0.1460596699714267,5.593197309436155,1097.6435499843644,323804.8472453874,0.8164438433172935,0.3578212934060027,0.040079407062289095,1.9410507496208438,9.407955794738665,1.941464491427568,3.76767801260364,-4.766529047613725,4.6414267471249415,1111.938889584861,328021.972427534,0.7603637016683763,0.4551010202033938,-1.0049282014906709,1.45132089777619,4.983810566967382,1.7652798753945962,2.106332348321886,-4.587955764433714,0.39585480253366756,919.2828463495824,271188.4396731269,0.756025545968835,0.45275956077378354,-0.030216382936587214,1.429711886475348,8.109765753698973,1.4300311563482344,2.0440760783288985,-4.435327440049555,3.674438313649417,603.2717868973672,177965.17713472332,0.8382420744207093,0.5988555588758123,2.3468345457737914,1.850095709101737,6.17750473097584,2.988391961920982,3.4228541328366586,0.16214897549423674,6.339653706470076,2634.493522831811,777175.589235384,post-void,4
42.459826858301184,39.96218998428347,44.9574637323189,0.8584286097698484,0.7746306476981281,-0.31511952679364913,0.5949936828668713,5.341157941749238,0.6732887930287689,0.354017482651483,-2.0378435431197537,3.3033143986294835,133.72875065135023,39449.98144214831,0.8759612284776398,0.48969522239976276,2.443482798483552,0.4588115065653154,2.3552119262748508,2.486185066530999,0.21050799855673444,0.6476800481840256,3.0028919744588762,1823.4292745873156,537911.6360032583,0.8412780271187321,0.5873218888119712,2.316475896661975,0.3238221994025992,2.012003681135649,2.3390000847887626,0.10486081682593672,0.6763374165099421,2.6883410976455915,1613.9218120093424,476106.934542756,0.8643092345483472,0.6108069114986762,3.456926078505994,0.39372257777132236,2.7303922506306346,3.4792751228527075,0.15501746824689497,1.368155408124152,4.098547658754787,3571.0798372480085,1053468.5519881623,0.8556037996224235,0.530233873590921,0.24033914483783725,0.8822527460129085,7.046753730324657,0.914402981397535,0.7783699078473176,-3.73971091039866,3.307042819925997,246.65917965466667,72764.45799812666,0.8231692974889082,0.5973231211495185,0.32699218583814027,0.702255498898467,4.490771036388958,0.7746526159075043,0.49316278573313466,-0.5965910357058173,3.8941800006831406,177.02556922304015,52222.54292079684,0.8580531425554585,0.6404129087621458,0.21620874187320552,0.418019319130444,3.2635795434810038,0.47062338576474755,0.17474015116627997,-0.6980794862351868,2.565500057245817,65.33847951245895,19274.851456175387,0.8475751782915107,0.623573490231719,0.7558902080141499,1.042274365211982,4.519179322582454,1.2875192654674004,1.0863358523780398,0.061317524137364174,4.580496846719819,489.0232283901656,144261.8523750989,post-void,4
47.455100606336615,44.9574637323189,49.95273748035434,0.7839707985807055,0.5645410309036587,0.8575951442297239,1.3879427218155587,6.55233402362913,1.6315190561091164,1.926384999040781,-2.10088545339345,4.45144857023568,785.2470569819188,231647.881809666,0.8141116964917733,0.587882595618985,0.47174350331285775,0.30049377876092503,1.1812147887008302,0.5593196259670387,0.09029651107401977,0.020025320026020345,1.2012401087268505,92.28734097761286,27224.765588395796,0.8422172317095589,0.4261913927755512,0.6899580116987589,0.3122295033911814,1.1487913922705117,0.757317186319714,0.09748726278790375,0.2848341473026536,1.4336255395731654,169.1911496050865,49911.38913350053,0.8315130829784607,0.6649080965538109,1.5831035155102657,1.020786684039979,4.256318486350876,1.8836725286350329,1.0420054543133361,0.29552951174073205,4.551847998091608,1046.7255475646182,308784.0365315624,0.7546094980177078,0.4995893709282027,-0.026332022371664963,1.2678816527386036,5.584183026453481,1.2681550617938466,1.607523885351173,-2.8317997666026478,2.7523832598508333,474.42409192223965,139955.1071170607,0.7162306370029138,0.48871194427571724,0.2832877471206952,1.492265587488838,7.137723104072096,1.5189168941295392,2.2268565836034067,-2.5325351653369466,4.605187938735149,680.5970167252772,200776.11993395677,0.7721031455469566,0.5936421889318818,0.19255915711233326,1.340784284669156,7.405427284053934,1.3545410761595946,1.7977024980157805,-4.215942732025896,3.189484552028038,541.2605504660598,159671.86238748766,0.7977249802979385,0.5262065823794546,1.8379545015307623,1.540139788893164,5.894938622758435,2.3979381391164103,2.37203056933188,0.11221323008888598,6.007151852847321,1696.2816591135766,500403.08943850495,post-void,4
52.45037435437205,49.95273748035434,54.94801122838977,0.788260925720331,0.5802755006982725,0.9045419574893182,1.8729204229758916,10.21374948092473,2.0799103499090528,3.5078309108001924,-4.177886562793774,6.035862918130956,1276.1779837793456,376472.50521490694,0.8397032798793942,0.4894350884129145,0.20521177609889188,0.684588882013759,2.6752942013587138,0.7146844131688548,0.46866193737684847,-0.914150681994806,1.761143519363908,150.67827407582053,44450.09085236705,0.8268677394586065,0.40388294275122555,0.2967346897989806,0.740327961863614,2.919320666530044,0.7975819501764255,0.5480854911171328,-0.9119300231526982,2.0073906433773456,187.6604053379329,55359.819574690206,0.8281311184142532,0.6075612844970721,1.8813624228595465,1.3904723208984051,5.872160452931675,2.339431093520931,1.9334132751845974,0.24755063008422942,6.119711083015905,1614.516663193099,476282.41564196424,0.8114733292768934,0.36361113529569056,0.31567355874527403,1.922816026239542,9.762954115383305,1.948556200486537,3.697221470763623,-3.992587407950081,5.770366707433224,1120.0770236040862,330422.7219632055,0.728778535958007,0.37056010644234505,-0.7453668356978995,1.970214253934885,8.100002376369972,2.106493751751117,3.8817442064081953,-5.081311295289072,3.0186910810809,1309.0081982191164,386157.41847463924,0.7548644456208252,0.4315938853236031,-0.5852904481195188,2.576187552589212,12.702644697587566,2.6418378479338096,6.636742306115596,-8.831104014150092,3.871540683437474,2058.895628358785,607374.2103658415,0.7643256117372899,0.41633633057830305,3.07614662962038,2.3980859702003485,10.16612140653944,3.9004479752198424,5.750816320471746,0.08797730197168765,10.254098708511128,4487.980850181987,1323954.3508036868,post-void,4
2.4973188741000483,0.0,4.9946377482000965,0.8339387814903823,0.658773604039201,-0.022130193252603892,1.8107543340411147,9.921173093759055,1.8108895614316405,3.278831258248681,-6.119211107028676,3.80196198673038,967.3996960921133,285382.91034717346,0.8805892736607557,0.7726686200196812,1.227134692107163,1.1089198185840297,7.944414751790198,1.653953662174784,1.2297031640484373,-1.9102517161933859,6.034163035596812,806.9910014033069,238062.3454139756,0.8629979667133358,0.708433307205864,1.7426997333141865,0.6905517642382415,3.793698064395409,1.874530367741714,0.47686173909254786,0.4114526379381295,4.205150702333539,1036.5899093778362,305794.0232664618,0.9000200836548252,0.7742050393626795,2.7208466978366173,1.4579921353631915,6.780333740398652,3.086866990965005,2.125741066780919,0.8753055598471022,7.655639300245754,2810.9806068732564,829239.2790276103,0.8527364529819504,0.6944983758119155,0.32559122349419994,1.1420774713598312,6.789782349281232,1.1875818268246259,1.304340950587666,-2.882826139361494,3.9069562099197386,416.05342564421414,122735.7605650432,0.7695812143980928,0.5615943779088123,-0.09836717348865696,1.6847455991945108,9.167689102212206,1.6876148360409193,2.8383677340052715,-5.644789102358009,3.522899999854198,840.1729312734986,247851.01472568203,0.8147023734724568,0.5290709001834643,0.35665644949849745,1.8155417330773136,8.707716302486235,1.8502420402515585,3.2961917845453756,-2.7641734059917473,5.943542896494487,1009.9017042167036,297921.00274392765,0.8250091984116091,0.6662041536367171,2.2501954477875463,1.6181503281524834,6.901841788161492,2.7716042354102046,2.6184104844999894,0.15943037858794742,7.061272166749439,2266.1280611344164,668507.7780346528,pre-void,5
7.491956622300145,4.9946377482000965,9.989275496400193,0.8687667432978812,0.7622411255435143,-0.5301257718098713,0.6308932166199495,3.9876474007867646,0.8240507173190726,0.3980262507770665,-1.7164786980523887,2.271168702734376,200.32257749065306,59095.160359742644,0.9018322522428803,0.7819498807191887,-0.05830608493295967,0.7529792190014226,4.6901497193842525,0.7552332777282804,0.5669777042479924,-2.136019698666474,2.5541300207177784,168.26130461751958,49637.08486216826,0.9274189889389872,0.5955686197618181,0.13559233174486243,0.5494101155661373,3.0284494746370108,0.565894650544079,0.30185147508639637,-1.2318378650213737,1.7966116096156368,94.46984287674954,27868.603648641118,0.9301677503199385,0.8100187083658185,1.146319544831201,0.5055938539526302,3.2195621543182282,1.2528661716307474,0.25562514515467355,0.15109792424331686,3.3706600785615453,463.0537249849222,136600.84887055203,0.8737969588908991,0.6516902733255726,0.11825630933902284,0.8857680684473043,4.43903082246274,0.8936272297660557,0.7845850710808684,-1.8870337108853152,2.5519971115774247,235.5780396049097,69495.52168344837,0.8749034639163358,0.6498792910799913,0.0002147533109181723,0.6884310711481825,4.799641932975451,0.6884311046438986,0.47393733972223384,-1.5720687000120768,3.227573232963374,139.81152882315942,41244.40100283203,0.8755968480996478,0.6444459039695208,-0.2668780427346621,0.5852887796204471,3.8795573623305497,0.6432626564969215,0.3425629555495924,-2.081496519785494,1.7980608425450557,122.06711934682556,36009.80020731354,0.8782406013130902,0.7350811176325199,1.1140927700393033,0.6671515244756634,3.5223083786975797,1.298573777982618,0.44509115661020177,0.11732699143257017,3.63963537013015,497.45668777489476,146749.72289359392,void,5
12.486594370500242,9.989275496400193,14.98391324460029,0.9050495396389174,0.7282132907549342,-0.38492496638748447,0.4375039678665476,2.2907670336208987,0.5827323156024378,0.19140972189897312,-1.5182344745476883,0.7725325590732102,100.17520073597686,29551.684217113176,0.938132783086399,0.8197991570087552,-0.3796609641796544,0.7910745829533863,6.182232754041454,0.8774630724518833,0.6257989957948741,-3.503698380528019,2.678534373513435,227.13272583742622,67004.15412204072,0.9265137490987321,0.704712802199808,-0.5019138087621273,0.6872852700572482,2.9204397075772404,0.8510455415920878,0.47236104243766447,-1.6817671826563396,1.2386725249209005,213.66216158981217,63030.33766899457,0.9386627444318593,0.8410076675486806,1.2229261750747171,0.5815913336226479,3.821327961423548,1.3541775766227442,0.3382484793449702,0.059924134761294975,3.881252096184843,540.9700881632152,159586.1760081484,0.8549545558811474,0.7080397615977153,0.046372370647774025,1.07873751605319,9.12268561322455,1.079733775196507,1.1636746285406065,-7.003464837048225,2.119220776176327,343.91838246352984,101455.9228267413,0.8785070019576088,0.6336478523586211,0.09087591780567403,0.4595852939452507,3.6357658048582997,0.46848380425343006,0.2112186424107425,-2.5518063921872556,1.0839594126710441,64.74573708009102,19099.992438626847,0.8501894283891251,0.5981879903737969,0.05003389868901915,0.5724953398054076,3.4381383261245118,0.5746775662203389,0.32775091409890905,-1.5735766170906047,1.864561709033907,97.42502000949497,28740.380902801015,0.8656247464429544,0.7105859009234278,1.0088057654524514,0.8353845419055184,7.249572666974867,1.3097925046604897,0.6978673328546927,0.09868302953154114,7.348255696506408,506.08913955311573,149296.29616816915,void,5
17.48123211870034,14.98391324460029,19.978550992800386,0.937051371703664,0.8256726285180686,0.007991779286401546,0.23388059201109188,1.4517408229952504,0.23401709308429025,0.05470013131945881,-0.8030139661537802,0.6487268568414702,16.155379957408304,4765.83708743545,0.9008805553766951,0.8206851622829617,-0.35655605699029624,0.4640932390995199,2.397988337680938,0.5852476026045313,0.21538253457788412,-1.7023098626024518,0.6956784750784866,101.04185312453367,29807.34667173744,0.8998228033037038,0.6970578741762332,-0.5550087361834419,0.3394156892990164,1.3672752615328039,0.6505672197261924,0.11520301014232644,-1.2459278088814603,0.1213474526513436,124.855123677769,36832.26148494186,0.9527466925021234,0.8706290121535794,0.8119611663786507,0.4015414398107147,1.8736252827988367,0.9058236382388355,0.16123552788526183,0.07320600322381951,1.9468312860226562,242.05235675971102,71405.44524411473,0.8843891054065428,0.7628289482122383,-0.15315080044296966,0.4562409116185244,2.9221300277566646,0.4812597397568433,0.2081557694345022,-1.5263945160225647,1.3957355117341,68.32522644769324,20155.941802069505,0.9586570541119712,0.7706439242016738,0.026016383931271578,0.19137295893410364,1.1154186513424706,0.19313327430573282,0.036623609411194115,-0.5174143320226394,0.5980043193198311,11.003636184995766,3246.072674573751,0.8910870940544061,0.7383954570607013,-0.017979708966392335,0.2562125335965064,1.397951811364766,0.25684262167026933,0.06564486237194093,-0.8534599601878974,0.5444918511768687,19.460599030404847,5740.876713969429,0.9398605452311671,0.8216325971064737,0.5022566728674446,0.2874330628537013,1.5284076164676128,0.5786877664693932,0.08261776562145981,0.0516979609777298,1.5801055774453425,98.78946166309385,29142.89119061268,void,5
22.475869866900435,19.978550992800386,24.973188741000484,0.8817993437569694,0.8036542307518472,0.13562823257603665,0.3274704661030163,1.8429415053616753,0.35444593895462567,0.10723690616972673,-0.7085644046099434,1.134377100751732,37.06141747422073,10933.118154895117,0.8677998624797031,0.7767085691202948,-0.3168178291442396,0.7193180307127987,6.165783723624136,0.7859974339475971,0.5174184293085388,-3.3187529735658683,2.8470307500582677,182.24863002080116,53763.34585613634,0.9068461880535161,0.749763801593509,-0.43157100275592447,0.47145536456536585,2.1353188446892784,0.6391585806333325,0.222270160777462,-1.4296895826936014,0.7056292619956769,120.51448890317879,35551.77422643773,0.9393359951277812,0.8553568779716462,0.9527404126245281,0.49419964302181907,3.5590356982843354,1.0732882096673053,0.2442332871628934,0.06243218512531075,3.6214678834096463,339.8245363982007,100248.23823746917,0.8662389083428905,0.7701926421819673,-0.07746594529660211,0.620393488114208,3.0465829587062,0.6252112065336083,0.384888080094514,-1.684827780385723,1.361755178320477,115.31227056868698,34017.119817762665,0.9105703701728568,0.7133946848162299,0.06288951136591032,0.3837723599173521,2.3011907181654605,0.38889113499329936,0.14728122423653361,-1.169348606006752,1.1318421121587086,44.614712888531095,13161.340302116674,0.8377979714982258,0.6807051609227184,-0.05493051855388724,0.4004573372819567,2.5061869334013087,0.40420717565569486,0.16036607898295485,-0.9469530778196404,1.5592338555816685,48.19811505120836,14218.443940106465,0.8900305408108911,0.7415925547728672,0.761900697210932,0.35357620973792403,1.7163916780118367,0.8399457175931909,0.12501613609263645,0.07425521423566751,1.7906468922475043,208.12509850842645,61396.9040599858,void,5
27.470507615100534,24.973188741000484,29.96782648920058,0.8647766574381399,0.625196744549879,0.042828574126776826,0.9019435571592915,7.617858799467498,0.9029598369046593,0.8135021803011562,-2.613674099546209,5.004184699921289,240.52425778355226,70954.6560461479,0.8637931933045736,0.8045241281093304,-0.20025964308112174,0.8925329463099634,6.914093106219196,0.9147234472209195,0.796615060248744,-2.824020651451907,4.09007245476729,246.83210054423807,72815.46966055024,0.8708304225406828,0.6817731307656956,-0.3460086330996394,0.6873235630939127,3.018829151435374,0.7695035117292142,0.4724136803841119,-1.8396915461935257,1.179137605241848,174.6800180962599,51530.605338396665,0.9173127499414719,0.747344236652078,1.2567210479678976,0.8153792455763599,4.964226535844461,1.4980624508084448,0.6648433141166737,0.14352064684105073,5.107747182685512,662.0363764240501,195300.73104509484,0.8430878497932938,0.6764787843865794,-0.0841532039113694,1.0091680604154512,6.181804887695587,1.0126706946936068,1.0184201741626835,-4.07235323503744,2.109451652658147,302.52307108791354,89244.30597093448,0.8908670504141406,0.6459069091318779,0.09719135580173033,0.8106986723528002,6.263904701008621,0.816503825463893,0.657232337354593,-3.0518590303372717,3.2120456706713494,196.6701566141656,58017.69620117886,0.8274914502815162,0.6465252423396879,0.08406257654304258,0.792027124266897,5.97507953905601,0.7964756633755645,0.6273069655744908,-2.5082370867202006,3.4668424523358086,187.14017729311595,55206.352301469204,0.8711820697366548,0.6548677415972455,1.1078842099311244,1.0484018755340139,6.110567401103863,1.525304531966633,1.099146492623238,0.07929217457144769,6.18985957567531,686.333404995195,202468.3544735826,post-void,5
32.46514536330063,29.96782648920058,34.96246423740068,0.8404255314290183,0.6914596762882578,0.5496370744433878,1.0816960223356782,7.352600818180051,1.213328973666876,1.170066284736828,-2.9049172015738405,4.44768361660621,434.28932351015675,128115.35043549624,0.8918264819482298,0.814337008254085,-0.04307316434252173,1.040063319625289,5.517505898409979,1.0409548531595663,1.0817317088299763,-3.138953085188573,2.3785528132214067,319.658166863354,94299.15922468941,0.8516334861477132,0.6787289611534194,-0.19230156513603167,0.9476985067555113,5.075682401362467,0.9670120742061048,0.8981324597066258,-2.888409622885319,2.187272778477148,275.858143739816,81378.15240324571,0.9295710306190225,0.7357582771743858,1.5690766830952714,1.0143297880290725,5.496786569954849,1.868386083312644,1.0288649188831032,0.13742525776727887,5.634211827722128,1029.8056341133267,303792.66206343146,0.8314799596147255,0.6539441651657952,-0.273165274159455,1.3867385565667196,9.496640268410232,1.413387098878209,1.923043824268749,-6.798523063976112,2.6981172044341197,589.3106119262311,173846.63051823818,0.7785522982700175,0.5462723986575587,-0.19010298450137633,1.6351470671265116,9.880201175748693,1.6461607077830414,2.673705931132433,-5.763247674347404,4.116953501401289,799.4042973753852,235824.26772573864,0.7325966240190243,0.5397226488548178,-0.16527057333891967,1.4308985945200203,8.276531599972104,1.44041145170786,2.04747078779937,-5.171667276167664,3.1048643238044407,612.0616193122876,180558.1776971249,0.7766369477915512,0.6256513459362677,2.1176899918487124,1.5158108113346696,7.136561407135572,2.6042836476342717,2.297682415759069,0.15270365727633753,7.289265064411909,2000.776528613904,590229.0759411015,post-void,5
2.4978370736061706,0.0,4.995674147212341,0.8978871571863534,0.6276029717404729,0.4477885381419175,0.35785057046884877,1.5520442977296485,0.5732116587057141,0.1280570307848805,0.13849553210445348,1.690539829834102,96.92862367446604,28593.94398396748,0.8766981689265699,0.8005167668348743,-0.5977110263193204,0.04900044774643049,0.28060803323500366,0.5997161952649319,0.0024010438793506646,-0.7270883344932194,-0.44648030125821575,106.09955688459857,31299.369280956576,0.8566928057286382,0.7277978646587625,-0.616836434816685,0.0628353897449577,0.3451762869409756,0.6200286070188692,0.003948286204400735,-0.8264576662930143,-0.48128137935203874,113.40846468891903,33455.497083231116,0.8791697566223993,0.5113736466380959,1.0133817064220831,0.21383196942933405,1.0387127342215332,1.035696188107768,0.045724111150027655,0.7885450542643975,1.8272577884859307,316.43664524798356,93348.81034815514,0.8709085804225866,0.6811419542501901,0.06237327456376589,0.15165526016545475,1.296950233052744,0.16398092363338698,0.022999317935851762,-0.37002684348535536,0.9269233895673886,7.932474278119313,2340.0799120451975,0.7558337151661532,0.5883238111377393,0.06555786538752277,0.08272493016073075,0.5093895845269417,0.1055521093312035,0.00684341407009778,-0.2413521314825281,0.2680374530444136,3.286668096358569,969.5670884257781,0.8250760501716184,0.5542970787680036,-0.14896849255623637,0.2971613682783082,1.601086678946265,0.3324101240508684,0.0883048787970363,-1.3333184378733967,0.26776824107286845,32.59646471859655,9615.957091985985,0.8572390034265197,0.4953573692537779,0.27480954606577995,0.2701984364546893,1.3355627826069956,0.38539263313073174,0.07300719506255876,0.03355124153863324,1.3691140241456288,43.81560709307444,12925.604092456957,pre-void,6
7.493511220818512,4.995674147212341,9.991348294424682,0.9182991516140947,0.7424648075967089,0.30055715582805936,0.05625587526652534,0.323883169952475,0.30577659724291395,0.003164723502002857,0.17312600618811214,0.49700917614058715,27.58230158932929,8136.7789688521425,0.8690692306206279,0.7887489537213871,-0.6604475430922142,0.02484144840695546,0.12763288936544892,0.6609145593308544,0.00061709755895543,-0.7133556247351284,-0.5857227353696794,128.85837614697175,38013.22096335665,0.8816383766472675,0.7316219809017783,-0.7138283803467318,0.0371954163994749,0.15291175430006232,0.7147967932143853,0.0013834990011303264,-0.7727488054538407,-0.6198370511537784,150.7256643989228,44464.07099768225,0.8769316202339696,0.7595435151293375,1.0194845069479017,0.04351066351729294,0.18364542447801557,1.0204125821188808,0.0018931778397150872,0.9206187049353961,1.1042641294134117,307.16634213522383,90614.07092989102,0.8554112702642255,0.7622517378993023,0.03055098991359491,0.07962747993423817,0.5490976651630515,0.08528715346040153,0.006340535560677504,-0.2557186872848184,0.2933789778782331,2.145800070886534,633.0110209115273,0.816322622393215,0.5982561015761179,0.06489814039527068,0.04808098759339417,0.3368399105185108,0.08076849630097362,0.0023117813679561245,-0.12411332128382213,0.2127265892346887,1.9244472484425146,567.7119382905418,0.8713374155764285,0.5977178483802028,-0.03079479652648211,0.09353899057441722,0.693987755363372,0.09847772464262337,0.008749542757680915,-0.481103395385503,0.21288435997786898,2.8608693639825633,843.956462374856,0.8645269162992477,0.6465556497927187,0.13087744104372942,0.07978976260606337,0.4652296354793126,0.15328180189078813,0.006366406216731948,0.026171970569315747,0.49140160604862837,6.931116683311611,2044.6794215769246,pre-void,6
12.489185368030853,9.991348294424682,14.987022441637023,0.9356738999068471,0.8348923853228516,0.2651354287949044,0.03055389785604791,0.17624674955284975,0.2668901202301344,0.000933540674197809,0.15767956812065526,0.333926317673505,21.012949201554406,6198.820014458549,0.905366916617014,0.7682314978269992,-0.7032926579697087,0.015197295276121172,0.08212651351281064,0.7034568363004281,0.0002309577837096149,-0.7492183111364473,-0.6670917976236367,145.98119855865315,43064.45357480267,0.9088926747593222,0.6555574547102779,-0.7881361400742306,0.0236260947316229,0.09369425496835737,0.7884901823379761,0.0005581923522676195,-0.8392451048558621,-0.7455508498875048,183.40644645479557,54104.9017041647,0.9128933306072908,0.7705310593457346,1.0895749555807954,0.025000812561706824,0.12435060023990352,1.0898617455703443,0.0006250406287455978,1.0285562391296907,1.1529068393695943,350.40059421500314,103368.1752934259,0.8591091933228298,0.7864174203783186,0.045871379313595396,0.051731417682988945,0.3485566817762961,0.06913988006659838,0.0026761395754918613,-0.11647233253993855,0.23208434923635757,1.4101952896089647,416.00761043464456,0.8625402810118444,0.658174730827172,0.05833750752438095,0.02458265499598722,0.1439580338782827,0.06330538453250986,0.0006043069266517354,-0.0199867309098442,0.1239713029684385,1.182233654688637,348.75892813314795,0.8472069818137747,0.7894906628169206,-0.03254854003489875,0.03359918970828949,0.20319829232405717,0.04677940794256628,0.0011289055490536265,-0.12015842866736545,0.08303986365669173,0.6455523371998247,190.4379394739483,0.8965115895289703,0.7995613282632618,0.09969693934960068,0.03219826110540172,0.20950171326795333,0.10476739823957443,0.0010367280182116253,0.049503084531388776,0.2590047977993421,3.2379812814974267,955.204478041741,void,6
17.484859515243194,14.987022441637023,19.982696588849365,0.9267811677146809,0.8352187469493612,0.19087849548813748,0.0357431017747054,0.3107307526289559,0.19419621356836975,0.0012775693244769484,0.07898729340013196,0.38971804602908783,11.125089962466104,3281.9015389275,0.9143011167885917,0.7741197796533464,-0.7254925199004236,0.010876910645116148,0.06365532977780797,0.7255740510910299,0.00011830718518184098,-0.7582808148718266,-0.6946254850940187,155.3050225669113,45814.98165723884,0.9075201046657287,0.6829949873760801,-0.8276654947274102,0.013617096442071024,0.0591575116665467,0.8277775042110539,0.00018542531551266335,-0.8550020768567416,-0.7958445651901949,202.138600960975,59630.88728348764,0.9219041352871801,0.739380100249901,1.1176435146709311,0.01607618029352138,0.09303588265295826,1.1177591285508794,0.00025844357282980515,1.0737959211007724,1.1668318037537306,368.56871349035237,108727.77047965398,0.8187513598978416,0.7565506512872541,0.027700271581063994,0.04254953291882463,0.2666001252938802,0.05077172241784636,0.0018104627516101408,-0.1090986018694348,0.15750152342444543,0.7604415001960785,224.33024255784318,0.7899856137465144,0.6402351295474694,0.06094604696864996,0.025636289463450368,0.13939176165638323,0.06611837852336296,0.0006572193374538163,0.015243962935812223,0.15463572459219546,1.2896337936748177,380.44196913407114,0.8706745461302621,0.7858950627126937,-0.03358386476838311,0.035485088891251425,0.25118818673124754,0.048857624854274896,0.0012591915336200154,-0.1364192588660135,0.11476892786523404,0.7041849143883128,207.7345497445523,0.8591001937286369,0.8211393733040477,0.09107024541486884,0.0322906438819384,0.19904489818768467,0.09662543807007866,0.0010426856823101656,0.029368890920691587,0.22841378910837626,2.754260208259209,812.5067614364666,void,6
22.480533662455535,19.982696588849365,24.978370736061706,0.9391777362100343,0.7938459087548727,0.17909061826440836,0.025288824621076005,0.1370111914154313,0.18086728339045618,0.0006395246507155399,0.10377746067866653,0.24078865209409783,9.650327389307858,2846.8465798458196,0.9083372000676773,0.7356597084771144,-0.725475914344129,0.016951838470307026,0.09701244048360735,0.7256739399489093,0.0002873648275233812,-0.7668072517818827,-0.6697948112982753,155.34778680068712,45827.59710620271,0.8984972862786953,0.5103623089631043,-0.8289124250535391,0.026338340929921267,0.11146427993939745,0.829330764297985,0.0006937082029407658,-0.8830264150668299,-0.7715621351274324,202.8979074002686,59854.88268307923,0.9083005089582183,0.5904408541797612,1.1162782861912843,0.032061592458046004,0.14894883505079615,1.1167386256116947,0.0010279457109458325,1.0401608940428735,1.1891097290936696,367.89602159026356,108529.32636912774,0.8153770692476393,0.6126723824068694,0.02040689333488806,0.06310160017357248,0.32635061765387785,0.06631932780153084,0.0039818119444654035,-0.13994944886857333,0.18640116878530452,1.2974847058138361,382.75798821508164,0.8586875843144759,0.6370594935853775,0.05660555639712186,0.019602490894617176,0.0920067701710183,0.05990364483319268,0.00038425764927354925,0.012757420931919394,0.10476419110293769,1.058591765968881,312.28457096081985,0.8868865491545064,0.6899778233149316,-0.027148860147903953,0.04148734701854127,0.22020800600208218,0.04958084882257778,0.001721199962636865,-0.1516924320652016,0.06851557393688056,0.7251868681403573,213.93012610140534,0.846186859110403,0.7272030924062584,0.09844247487456516,0.027459781770547878,0.1670290162875818,0.1022005894029751,0.0007540396148861136,0.03353752102993243,0.20056653731751423,3.0812633399230744,908.9726852773067,void,6
27.476207809667876,24.978370736061706,29.974044883274047,0.9484125173116996,0.7795053742528438,0.2550551159439118,0.037885460375316926,0.19896087646352054,0.25785348606720837,0.001435308107849709,0.15085685917975541,0.34981773564327595,19.614083981718547,5786.154774606973,0.9199721466249072,0.7200628312356578,-0.7077383561661309,0.020433806825466347,0.12755416300416778,0.7080332769369797,0.00041754046138047505,-0.7628426586307816,-0.6352884956266138,147.88678076878475,43626.6003267915,0.8967477214079075,0.5591719977804815,-0.7986363694909343,0.03025314934039003,0.15966790086831106,0.7992091739455148,0.0009152530450119416,-0.8677347251262805,-0.7080668242579694,188.42691459700828,55585.93980611746,0.9062444542348463,0.6555350713505543,1.0978895584349075,0.03425438257225136,0.1908351784397354,1.0984238003820757,0.0011733627254061573,0.9893969451199552,1.1802321235596906,355.9277793475116,104998.69490751586,0.8594102820966465,0.5308500965916941,0.029113857042504642,0.08362436505357249,0.4383520080484997,0.08854745113499628,0.006993034430613155,-0.26688718092286895,0.17146482712563077,2.3129920752388435,682.3326621954589,0.8361957909226325,0.49707460252004976,0.050852816058760825,0.04210373370198918,0.20132312512219047,0.06602070351605004,0.0017727243916480196,-0.08927546374975559,0.11204766137243488,1.2858263213624834,379.3187648019327,0.9070730705607943,0.7527310647815615,-0.023307106619496778,0.0326039918175077,0.19992495267737342,0.040077942829051236,0.0010630202824361088,-0.14843749372201767,0.051487458955355746,0.4738412429155663,139.78316666009204,0.8502618459856502,0.71721210971263,0.11070910323434587,0.03935886631642719,0.25877436636721013,0.11749734421112434,0.001549120357714387,0.02198462621095815,0.2807589925781683,4.0726596395168935,1201.434593657483,void,6
32.47188195688022,29.974044883274047,34.96971903048639,0.945104493369866,0.8049848261558137,0.27859400942379475,0.04191138048496399,0.21420821625260245,0.2817289227271152,0.0017565638141554202,0.16216590448688367,0.3763741207394861,23.414499840789354,6907.277453032862,0.9309753308235388,0.7447084049894459,-0.7389753983301715,0.025832217721552496,0.09865632054064422,0.7394267663600292,0.0006673034724136908,-0.7956593968171918,-0.6970030762765476,161.29182312884652,47581.08782300973,0.9335883739921804,0.5102381414562361,-0.8536884287422698,0.04365929084688817,0.1442966073512515,0.8548041103350513,0.0019061336772531728,-0.9419400592940183,-0.7976434519427668,215.5535697784811,63588.303084651896,0.931035552433852,0.6393810746591276,1.1640791072375998,0.04162965108238405,0.15630035922818708,1.1648232465727704,0.0017330278492410395,1.0973423663467758,1.253642725574963,400.25989274811695,118076.66836069444,0.8483887971918347,0.5533507769433852,0.037123274555739605,0.07840815548758993,0.3634399517722481,0.08675238533151064,0.006147838846966079,-0.18680899222858244,0.17663095954366567,2.220163026408536,654.9480927905182,0.8715783483166865,0.5636350263263147,0.0628958273882122,0.030272903389857695,0.1846540829065706,0.06980210442744145,0.0009164486796516576,-0.06320957577124786,0.12144450713532275,1.4373384658373352,424.01484742201364,0.8872520396186312,0.6820707115513098,-0.035505010598367685,0.03161443199805154,0.17299769094364506,0.04754027858721094,0.0009994723105594253,-0.13348111505936994,0.03951657588427513,0.66672303600414,196.68329562122133,0.8811279957859779,0.6401267374120329,0.11483215490651774,0.03836618864158237,0.1583414704559789,0.12107183087471655,0.0014719644308814844,0.05237964662803969,0.2107211170840186,4.324224528250011,1275.6462358337526,post-void,6
37.46755610409256,34.96971903048639,39.96539317769873,0.8321154352266801,0.6287220788777096,0.561579850726758,1.2929784394546278,8.176578308813506,1.4096684623119056,1.6717932448945245,-3.534156478764355,4.642421830049151,586.2137262228597,172933.0492357436,0.8432225480613298,0.5131489384487213,-0.03371687189442812,0.6720248088829743,2.4925151861433736,0.6728700997997633,0.4516173437541982,-0.7648876915136592,1.7276274946297143,133.56248050534032,39400.93174907539,0.7788807209177593,0.5481080336467152,0.038007909294511186,0.7158071788805141,2.4500952467272494,0.7168155400839327,0.5123799173368804,-0.8833918250464415,1.5667034216808078,151.57823295921693,44715.57872296902,0.8221457262334348,0.7054820795466326,1.4967150622931131,0.8447413128597997,4.5195199787372315,1.718645938914463,0.7135878856520981,0.31925501726333,4.838774996000562,871.354439687417,257049.55970778788,0.762762003702323,0.4152902085342058,0.4086145621153846,1.7519715705628511,8.68930683350115,1.7989914520178272,3.0694043840604635,-4.252723159228636,4.436583674272512,954.7292221077971,281645.1205218001,0.7128784150148714,0.4736449457845525,-1.3338405561638935,1.9975516723665645,9.183581574420693,2.401945734824595,3.9902126837744585,-8.493157339802949,0.6904242346177432,1701.9562773474088,502077.1018174855,0.7660071530747088,0.3560160645002778,0.20422358709648744,2.1977862409777353,14.292544557526295,2.2072543203168955,4.830264361031045,-8.53132215107076,5.761222406455533,1437.2316321944918,423983.33149737515,0.7631509094541021,0.4624279538302591,2.4867381876617274,2.7737733105028144,12.652936096280992,3.725276525579393,7.693818378057743,0.10187800546475523,12.754814101745747,4093.9171316496977,1207705.553836661,post-void,6
42.4632302513049,39.96539317769873,44.96106732491107,0.8757252102926835,0.6165273228358841,-0.2285473362977847,1.0092140600646586,7.743489964925287,1.0347690099539149,1.0185130190321925,-3.7765334060749667,3.9669565588503204,315.87033666849646,93181.74931720647,0.8574428059540347,0.444773475608685,1.1628395738616233,0.5503885839503403,2.3339169636889627,1.2865160192867957,0.30292759334286073,-0.3640725807204277,1.9698443829685353,488.2614230250551,144037.11979239128,0.8379190560300847,0.37173620432866855,1.2781541885251677,0.5361631144969538,2.1561355993780764,1.3860551991141996,0.2874708853470735,-0.20813288318040343,1.9480027161976732,566.7389594224935,167187.9930296356,0.8248208634914523,0.8007003989447886,2.0715873366728528,0.5962761888342742,3.4484824221955295,2.1556946413706304,0.35554529337072704,0.6354303367195221,4.0839127589150515,1370.8707191160452,404406.8621392336,0.8276370240851297,0.36711270254890044,-0.04953204131604517,1.088630354920935,5.4891829158123695,1.0897566117130078,1.1851160496552808,-4.103831080004093,1.3853518358082768,350.33299446780353,103348.23336800205,0.8370731842612242,0.4915789292117597,-0.19090246172423042,0.9421148308443583,5.023091458575976,0.9612617252284963,0.887580354496894,-4.204332668459694,0.8187587901162829,272.5871107948332,80413.1976844758,0.8211494362566204,0.7071886541084521,-0.005610751478908435,0.5004963903197733,3.724702012380402,0.5005278386416494,0.25049663672312295,-1.5626948999362027,2.1620071124441997,73.90579459030789,21802.20940414083,0.8127793309569428,0.3440570836638434,1.0421397928207699,1.129631066603714,4.770241876446055,1.5369195471516266,1.2760663466362445,0.0865298547754809,4.856771731221536,696.8258998529445,205563.64045661865,post-void,6
47.45890439851724,44.96106732491107,49.95674147212341,0.8725294694569407,0.75326668536141,-0.582325659384541,0.2203376782861791,1.2763432287845362,0.6226169496971505,0.04854869247254375,-1.170084209399763,0.10625901938477318,114.35730048480433,33735.40364301727,0.8278206892665357,0.7310419751982049,0.3951155666243518,0.08331561784022197,0.45418123890715933,0.4038041643730046,0.0069414921760979145,0.15521863265499028,0.6093998715621496,48.102051933669244,14190.105320432425,0.8461737258551921,0.6789004566686709,0.6087812366284807,0.07868648006026933,0.4070281799856903,0.6138453846166617,0.006191562144275163,0.4302541671790787,0.837282347164769,111.15781608347733,32791.55574462581,0.8280753226799232,0.7536946769012697,0.9455370952795368,0.18296291121612115,0.8601712086338804,0.9630762303319204,0.03347542688067823,0.5474826951427816,1.407653903776662,273.6171685019509,80717.06470807552,0.7937681479457892,0.6687257199306567,-0.022590761185443935,0.23211714974044173,1.1677848204681474,0.23321387972109295,0.053878371203626645,-0.5411739054697438,0.6266109149984035,16.0446705398965,4733.177809269468,0.747821603093982,0.6376757923620805,0.1731071219507699,0.318034723527279,1.352529618368297,0.36209413284276165,0.10114608536907281,-0.700418531082324,0.6521110872859732,38.6780875065497,11410.03581443216,0.780031838567263,0.7205253832583355,-0.05043762659981083,0.2813481927547688,1.8742413901109332,0.28583344755888257,0.07915680556637454,-0.567080156762388,1.3071612333485452,24.101724124301963,7110.00861666908,0.8408081954566359,0.6475226665475526,0.4654262196481972,0.22490013014914095,1.2391117424585136,0.5169155003258389,0.050580068541100545,0.0873499356961288,1.3264616781546423,78.82448217074815,23253.222240370702,post-void,6
52.45457854572958,49.95674147212341,54.95241561933575,0.7968573126674255,0.713756142014727,-0.4509999486849047,0.33007162735936574,1.8415172263017894,0.5588812332700452,0.10894727918766,-1.5136958933422184,0.3278213329595709,92.14272870592677,27182.104968248404,0.8313373730020343,0.7197885412631195,0.46273108742123237,0.19661887995693406,0.9353793502832849,0.5027713627699527,0.03865898395551925,0.02290852929507393,0.9582878795783588,74.56981775035885,21998.096236355854,0.8859933063034138,0.7047489298591675,0.6766685801779726,0.18472840857152872,0.8037671803376265,0.701430646845034,0.03412458493336965,0.2733540512269832,1.0771212315646097,145.14146093836564,42816.73097681785,0.8651289439392416,0.7591663674562464,0.9852649948153243,0.29391345400985686,1.5988404828029283,1.0281693578669056,0.08638511844800426,0.3546214976211993,1.9534619804241278,311.85400739465126,91996.93218142218,0.8339032678574138,0.656732084113102,0.10611564312535837,0.43093968805111416,2.9498288498426892,0.44381251047429926,0.1857090147375916,-1.750666677094439,1.1991621727482502,58.1060156137825,17141.274606065836,0.6800647575662504,0.6027620249446345,-0.04549145855408909,0.6146633889647191,2.9629325176945986,0.6163445096169609,0.37781108173359357,-1.8996116854287575,1.0633208322658412,112.06476358781673,33059.105258405936,0.7541160528708548,0.6647141775144951,0.04560564756567501,0.561462830215934,2.8960079355950112,0.5633119782180842,0.3152405097140868,-1.0296264865749694,1.8663814490200417,93.60951351717155,27614.806487565613,0.8270378529884926,0.637928411612967,0.8111979860088281,0.485930356417115,2.52694774653635,0.9456058818516535,0.23612831128766443,0.13439683295657434,2.6613445794929245,263.7802927187708,77815.18635203739,post-void,6
57.45025269294192,54.95241561933575,59.948089766548094,0.8039075039186634,0.5207168163567709,-0.020698839573647557,1.523157028268653,8.599343447587902,1.5232976645173097,2.3200073327641944,-4.64828126054285,3.9510621870450517,684.5285535435476,201935.92329534655,0.8308520267536964,0.6705556906495528,0.3645681811941785,0.40956790681943106,2.043207684866559,0.5483209179264289,0.16774587029645016,-0.6335468104328452,1.4096608744337134,88.69346956552607,26164.573521830192,0.8379316725957824,0.5795539855403635,0.5494256389095329,0.413681238480613,1.980147331525377,0.6877504632946475,0.1711321670708538,-0.40050571571747695,1.5796416158079,139.53520642979066,41162.885896788255,0.8632379826483103,0.7352724694690913,1.439526187896597,1.0108692585500192,4.435873028934889,1.7590032130503839,1.0218566578814654,0.2670588037836562,4.702931832718545,912.7572295388644,269263.38271396497,0.8117032341048833,0.6276155940725967,-0.514295665610168,1.100078884916422,5.717522695619029,1.214361389663046,1.2101735530389583,-4.125551572501652,1.5919711231173765,435.0287074877875,128333.46870889727,0.730561600940223,0.519770851374043,0.855951032049985,1.908595485555235,8.917643225789163,2.0917430283735277,3.642736727481823,-2.311062321456041,6.606580904333123,1290.739724541031,380768.2187396041,0.7849688089012671,0.5229266231591803,0.24676177188230575,1.5841365005271313,9.674902683107614,1.603240413776063,2.509488452302346,-4.3773227205454805,5.297579962562134,758.2620481876281,223687.30421535033,0.7955063502112318,0.6480220654148743,2.0851034575153946,2.018114436119966,8.424068927660889,2.901799839034123,4.072785877275809,0.09870854283186459,8.522777470492754,2484.030480216446,732788.9916638518,post-void,6
62.445926840154264,59.948089766548094,64.94376391376044,0.8285603410664892,0.6265393895858614,-0.8824566360486752,2.161428251867908,7.609492424161793,2.3346309777948004,4.671772087972761,-5.240649262197969,2.3688431619638246,1607.8980317313362,474329.9193607442,0.8576882734966847,0.45763677348114484,2.190754887791264,1.2796354450926424,3.477941985318203,2.5370994956285733,1.6374668723374448,0.6213661954980201,4.099308180816223,1898.8777859620345,560168.9468588005,0.837109188559067,0.5896829810980251,1.9469933274346396,0.9089567475324006,3.0196219698735556,2.148717148895985,0.8262023688846802,0.8349827067653719,3.8546046766389277,1362.0106888581088,401793.1532131418,0.8422114909861275,0.6185956467224835,3.625528239648372,1.8330046433846632,5.70684731275527,4.062555973664554,3.359906022669736,1.4131720160264645,7.120019328781734,4868.786506551478,1436292.0194326867,0.7832252039689258,0.5406266822214126,-0.25677937734517264,1.6030731819289759,6.688645314645397,1.6235083231230032,2.5698436266198916,-4.110282194802732,2.578363119842665,777.5548861986515,229378.69142860215,0.7165969780282723,0.47671299497525893,-0.0011311932084777086,1.1567830380590143,6.555789128092689,1.1567835911436148,1.3381469971410431,-4.0065700567660425,2.5492190713266463,394.7537416380398,116452.35378322174,0.7029078149455683,0.5567264587812419,0.08363697157371214,2.0125917878073345,8.899676111709942,2.014328882621591,4.050525704349523,-4.337268693487065,4.562407418222877,1196.9686499722459,353105.75174181245,0.8018278511038397,0.5936912757835745,2.292373556607822,1.666274850172544,5.617649306928132,2.8339810160536234,2.7764718763175336,0.4671008293416917,6.0847501362698235,2369.277277808937,698936.7969536365,post-void,6
67.4416009873666,64.94376391376044,69.93943806097278,0.8638410646849114,0.8053483872035673,0.11961595992720388,0.6164103343199673,4.180642930283464,0.6279089728023961,0.37996170025645387,-2.15116358935554,2.0294793409279244,116.30955504709928,34311.31873889428,0.8679672739529959,0.7202877364590184,0.1804257822776897,0.8815390617669531,3.925829221362065,0.8998136364445009,0.77711111742096,-1.1172891772760514,2.8085400440860138,238.85105119778552,70461.06010334674,0.8654301826589836,0.5533663118207925,0.2607359504178975,0.8733662596913265,3.4255134500025304,0.9114559009669869,0.7627686235672175,-0.996925906638671,2.4285875433638595,245.07179852522484,72296.18056494134,0.931668234187044,0.7721225952046156,1.171613983570203,0.8136379977407265,3.7440021046915066,1.426424241894668,0.6620067913675385,0.04713199494521784,3.7911340996367247,600.2324047701096,177068.55940718233,0.8202487298237157,0.4784245906953629,0.73202281314394,1.613810537916047,7.154231424174789,1.772072755631678,2.604384452288881,-3.2702920813581895,3.8839393428165994,926.3713461193544,273279.5471052095,0.7992856421329174,0.5796776171702072,0.34197674181644355,0.6301173765629509,3.3193742049537955,0.7169351436426912,0.39704790824657565,-1.2151101692150554,2.10426403573874,151.62882005604004,44730.50191653181,0.8028640999476706,0.7560604297866018,0.08817808412019414,1.0030081441537484,7.396839290709018,1.006876711299777,1.0060253372387464,-3.777231221402718,3.6196080693062997,299.0712099685671,88226.0069407273,0.8652308926054797,0.6542625875263339,1.8986387590008866,1.0311204711475,4.309287103825228,2.160564408482161,1.0632094260194425,0.23338877587071208,4.54267587969594,1377.0713761439615,406236.0559624686,post-void,6
2.497605046105078,0.0,4.995210092210156,0.8851121100089457,0.6773413610280229,0.3487437168726891,0.13180348368527872,0.8659822382951331,0.37281944473129874,0.017372158311575535,0.023366219598883492,0.8893484578940166,41.00332981907741,12095.982296627824,0.8920110735709426,0.8145314454592308,-0.6712898795996366,0.02248678518860579,0.1372542797486893,0.6716664037757234,0.0005056555081185008,-0.7513498522776088,-0.6140955725289194,133.08504859849887,39260.08933655716,0.8910236899218756,0.7630275391561261,-0.709906073317,0.026116760720157957,0.12025904498536133,0.7103863161146023,0.0006820851905139855,-0.7747113907743342,-0.6544523457889728,148.87137184624834,43917.054694643266,0.8689928604308161,0.688436878724353,1.0449237629791523,0.05397354921747435,0.3701435835932899,1.0463167849430892,0.002913144015131126,0.9412559848409227,1.3113995684342126,322.9597502638246,95273.12632782829,0.8831099571756569,0.7463828377803587,-0.015107806416155467,0.09807868685303861,0.6479372000198523,0.09923545046768537,0.00961942881481641,-0.3679504176646757,0.27998678235517666,2.905064015709709,856.9938846343643,0.8455284669719352,0.6421791853824765,0.12086819560241359,0.05904433774883468,0.4085837148984378,0.13451897460351744,0.0034862338201984634,-0.08612067447964043,0.32246304041879736,5.338129585872624,1574.7482278324244,0.8826886671778621,0.6620584651143522,-0.008616592225458939,0.15198594067893728,1.0662588165972433,0.15222999647126478,0.023099726164061442,-0.659324837752376,0.4069339788448672,6.836321688564179,2016.7148981264327,0.9238161539747981,0.7248136284441041,0.2034973708895309,0.09851812536074868,0.6560479783376506,0.22609069194362577,0.009705821024596191,0.0631005103171469,0.7191484886547975,15.07951529014651,4448.457010593222,pre-void,7
7.492815138315234,4.995210092210156,9.990420184420312,0.875712024183297,0.6264520697836069,0.4349881548959242,0.11405319267601165,0.8168315361162463,0.44969192305327427,0.013008130759591436,0.05529562101228398,0.8721271571285303,59.655733569508826,17598.441403005094,0.875304126088358,0.7587292803871105,-0.6743476295970627,0.039895781163796065,0.39162674490218674,0.6755267566113475,0.0015916733546695052,-0.8630173154556647,-0.471390570553478,134.61923767486482,39712.67511408513,0.8778961735493498,0.6411164886224843,-0.7162921168102219,0.0524913216936135,0.3106529342671277,0.7182128761430072,0.002755338853142419,-0.8804490932307922,-0.5697961589636645,152.16977195999516,44890.082728198584,0.8815384383923366,0.6297409001829609,1.0799807548878404,0.08961321937471255,0.6624763419282141,1.0836922810534408,0.008030529086700355,0.7850739570713082,1.4475502989995224,346.4447432043688,102201.19924528876,0.8994774610629006,0.5492696700635854,0.01584036962694279,0.213819849119574,1.759400039159509,0.21440579560132128,0.045718927877517385,-0.40420301947276327,1.3551970196867458,13.561104330293489,4000.525777436579,0.8867198323439004,0.5973091357562059,0.11650422275160278,0.05744295446200268,0.4166934189625988,0.1298958310966091,0.003299693017323713,-0.1518651431933761,0.2648282757692227,4.977513446202246,1468.3664666296613,0.8621800327406862,0.6060032930749826,-0.01656561089419081,0.19454270619335842,1.415130810185599,0.1952467259580378,0.03784686453303538,-0.6654960494208226,0.7496347607647765,11.245778779213268,3317.5047398679144,0.916044127244432,0.6843929158242767,0.2488336328537066,0.19760030182637425,1.3633905734420388,0.31774841639424023,0.0390458792818742,0.0829719537293522,1.4463625271713911,29.784396555709,8786.396983934153,void,7
12.48802523052539,9.990420184420312,14.985630276630468,0.8878598049919553,0.8434508088219965,0.40113111092578374,0.047724197726074086,0.3450183418212952,0.4039601059524948,0.0022775990485974147,0.2752355499389668,0.620253891760262,48.13921132433949,14201.067340680147,0.8932593724467085,0.8659206114306619,-0.682071595656187,0.016281836997395948,0.09684744377293775,0.6822659011096676,0.00026509821600977145,-0.722053888637077,-0.6252064448641392,137.31859414601107,40508.98527307326,0.9266595147677232,0.8742785131760192,-0.7260899921302126,0.021384266448546137,0.11474882536821573,0.7264048206910488,0.00045728685154241595,-0.7855262396367899,-0.6707774142685742,155.6608692393425,45919.95642560603,0.9321340245269081,0.8266622937390146,1.074952030115296,0.02850655174405626,0.15073602183219226,1.0753299449663496,0.000812623492336557,1.0138294428421313,1.1645654646743235,341.11867470969304,100630.00903935943,0.8881062340951276,0.7908313110387961,0.02397452405979423,0.05771945702341628,0.4708319922496803,0.06250050818170722,0.0033315357190779986,-0.2504745703135287,0.22035742193615163,1.152362489276637,339.9469343366079,0.9119088781964231,0.7715462647127651,0.11827656416156501,0.019144590349948948,0.15761878191904113,0.11981594622391531,0.00036651533966735835,0.032841687374446094,0.19046046929348723,4.234978986011988,1249.3188008735362,0.8859734824254341,0.7820219865515639,-0.015272956670567333,0.05294082391546628,0.29220073145317016,0.05509985519318026,0.002802730836848406,-0.1860453530323632,0.10615537842080695,0.8956182424812829,264.20738153197846,0.9486237444445796,0.821303835123853,0.14288124346506134,0.02971731482976067,0.1952203171962893,0.1459389205620394,0.0008831188006911135,0.08207919074148597,0.27729950793777525,6.2829597177699075,1853.4731167421235,void,7
17.483235322735545,14.985630276630468,19.980840368840624,0.9034623259583374,0.7458915178854242,0.46108335945588036,0.06631194519052394,0.32778737859110263,0.465827369786353,0.004397274074951052,0.3075275373138697,0.6353149159049724,64.01356584041113,18884.00192292129,0.8989779028686787,0.8596629421140208,-0.6940635524722488,0.01288307314955546,0.06912863002310599,0.6941831087286516,0.00016597357377679686,-0.7285213694624505,-0.6593927394393445,142.1576055910316,41936.493649354336,0.9168880500434681,0.8497024485537971,-0.7460237115333014,0.015190480872390437,0.07336668674406543,0.7461783492430325,0.00023075070913445973,-0.7870395707727806,-0.7136728840287152,164.2507280193218,48453.964765699944,0.9287447052578607,0.7563935169969925,1.1200202830754895,0.0349574207401523,0.15218459109204918,1.1205656856094173,0.0012220212648040298,1.047136084153199,1.199320675245248,370.4218994507645,109274.46033797554,0.9184461201607319,0.7920049423915665,0.0031274272443951,0.059033505678539856,0.4081590120596704,0.05911628873556917,0.0034849547926981976,-0.21349785724704431,0.19466115481262614,1.0309470001908188,304.1293650562915,0.9060083614800112,0.7058554362308976,0.1176973918993635,0.023304448664646187,0.13776440546774632,0.1199823878220278,0.0005430973275631294,0.06924113140241735,0.20700553687016368,4.246753149305269,1252.7921790450544,0.8886653259846735,0.6852700039397899,-0.002426863240328597,0.06772537844344502,0.352887198517273,0.0677688464598233,0.004586726885307847,-0.13949075922026824,0.2133964392970048,1.354821882396056,399.67245530683647,0.9297145494564439,0.7667358101552756,0.14572806501466617,0.03530519223738919,0.21203850661205587,0.1499437412226258,0.001246456598919006,0.08209578192463007,0.29413428853668594,6.632522031892144,1956.5939994081823,void,7
22.478445414945703,19.980840368840624,24.97605046105078,0.9314483529267341,0.8278722856248881,0.5334287436847285,0.04142711297802856,0.3213534533521084,0.535034980425357,0.0017162056896943426,0.34150390119549723,0.6628573545476056,84.44741693223483,24911.987995009273,0.8991639115462143,0.8764552147695416,-0.6603348384172757,0.020014213771651065,0.11942441336414755,0.6606380760904317,0.0004005687528973472,-0.7224500402951699,-0.6030256269310224,128.75058693623777,37981.42314619014,0.9298756905792965,0.8526619446356056,-0.6965574587211842,0.028120519063830788,0.13967366767051748,0.6971248502904868,0.0007907635924192707,-0.7845559321499068,-0.6448822644793893,143.3650017832974,42292.675526072744,0.9467180553007701,0.8814459416261253,1.0991275280923452,0.024633955049354832,0.12797213871975033,1.0994035449969055,0.0006068317413736344,1.047653392305673,1.1756255310254233,356.56300565177,105186.08666727217,0.8996987544549274,0.7500292754015507,-0.017467000215774756,0.06960967774445324,0.5375625201324746,0.07176770396372247,0.00484550723568663,-0.3913600928555015,0.1462024272769731,1.5194279830062292,448.23125498683754,0.9094632295344247,0.7458681508742949,0.11368186184182726,0.016690230787071696,0.09040991577088964,0.11490052008389698,0.00027856380372571593,0.07745134557590219,0.16786126134679183,3.894628207087254,1148.9153210907396,0.9033913885237728,0.8241007616095323,-0.011985577126439516,0.04055814994135583,0.29870520233157277,0.04229205109378513,0.0016449635266655017,-0.13596499580002663,0.16274020653154614,0.527642187787203,155.6544453972249,0.9219583111499147,0.7804306512863189,0.13629665749195577,0.03955466584379584,0.35173571512566754,0.14192022559696646,0.0015645715900143495,0.08194561863935108,0.4336813337650186,5.9416983778806856,1752.801021474802,void,7
27.473655507155858,24.97605046105078,29.971260553260937,0.8838489601913689,0.580644084322106,0.7344365169386439,0.8840638396473093,7.927509584793617,1.1493327934001143,0.7815688725719434,-3.2147285992465044,4.712780985547113,389.6849316455485,114957.05483543681,0.8567465852154138,0.536218960215861,-0.31553604319312334,0.5034296483588062,2.2790005076133664,0.5941417384771448,0.25344141084667127,-0.7153539155508664,1.5636465920625002,104.13629959318995,30720.20837999104,0.8514464486186691,0.39158285130187215,-0.27200438425381146,0.5536469595564156,2.25548898262707,0.6168560130851919,0.3065249558260633,-0.7030884917963757,1.5524004908306943,112.25084555941072,33113.999440026164,0.881907584411063,0.6393143300524347,1.2756859436179488,0.6535342298001657,4.33145628177701,1.433346300188797,0.4271069895204958,0.4411802683288289,4.7726365501058385,606.0720767981493,178791.26265545413,0.8712609566830534,0.3118445429573785,0.27545110540488316,2.049878889073681,11.12724170382588,2.068302872245437,4.202003459869949,-4.991982403055489,6.135259300770393,1261.9736475449233,372282.2260257524,0.8167323313685954,0.39623191554330095,-0.8897499982861042,2.258051899811595,11.96222115679642,2.427025636801737,5.098798382242753,-11.49582260605518,0.46639855074124154,1737.6837652993986,512616.71076332254,0.8059094935680854,0.5284611241267271,0.3972677655834111,0.9117387778802539,5.595471424979559,0.9945296761093733,0.831267599090579,-2.151538033558541,3.4439333914210186,291.7813366153534,86075.49430152928,0.8196338866555283,0.5002011321012375,1.8854435319847742,2.757267157420657,12.523686901111278,3.340272367591274,7.6025221773905916,0.08680429467628412,12.610491195787562,3291.4387494596754,970974.431090604,post-void,7
32.46886559936601,29.971260553260937,34.96647064547109,0.8649945999769202,0.4674670212171187,-0.31602452849907564,1.1427697798430332,7.4643960975154044,1.1856619553378431,1.3059227697224944,-3.9684576082261103,3.495938489289294,414.7093103389895,122339.2465500019,0.8404357869175112,0.38084461454210483,2.1516265224526414,0.636030776880253,2.9163735485194424,2.2436648237338277,0.4045351491388982,0.22683425994478543,3.143207808464228,1485.0393931718613,438086.62098569924,0.8156319757052758,0.5077132696490693,2.001555362634593,0.4936016185208945,2.4604355723518334,2.0615204164639613,0.24364255780644667,0.21473352137622978,2.675169093728063,1253.7105961118348,369844.6258529914,0.8035677895305763,0.5171552831972775,3.179062833665994,0.7637093954492042,4.238815852671133,3.2695095260747977,0.583252040697389,1.1537363978759232,5.392552250547056,3153.4592996226856,930270.4933886918,0.8260687709437438,0.43549781511940694,-0.006691254789618366,1.4974526438245408,7.888885937716529,1.4974675934349186,2.242364420497107,-4.98146699348078,2.907418944235749,661.5107120493911,195145.66005457047,0.8020039127401114,0.5092133143593962,-0.2672517374462796,1.3056494128099734,6.5342693838976675,1.3327204809483058,1.7047203891710283,-5.435443265298449,1.0988261185992183,523.9624447000297,154568.92118650876,0.7779151469161789,0.6290945197871306,0.42822955029069226,1.2319039791613626,7.151515423758953,1.3042116245516937,1.5175874138735992,-2.5509717264708556,4.6005436972880975,501.7855486766516,148026.73685961217,0.7946643725131003,0.6066613297351763,1.7034450202709843,1.6786292319200817,6.1309532487426,2.3915520139320865,2.8177960982566033,0.057245175658133834,6.188198424400734,1687.2587054260723,497741.3181006914,post-void,7
37.46407569157617,34.96647064547109,39.96168073768125,0.8091758813197786,0.6393193630884374,-1.4363623005335489,0.9942084262319294,4.051074605807889,1.7468792325700706,0.9884503947905698,-3.2944045266775728,0.7566700791303165,900.2181806894566,265564.3633033897,0.7957419934337819,0.6447897403836418,0.8211513917265708,0.2610778492604527,0.8997800475980571,0.8616561097728882,0.06816164337446366,0.40783576793468296,1.30761581553274,219.02311919513954,64611.820162566175,0.8155925688374958,0.5755988874577165,0.9657779077185515,0.2375748919153101,0.7110576011504046,0.9945696538230967,0.056441829268571275,0.6382365433302237,1.3492941444806283,291.80479491020935,86082.41449851173,0.7960513171726132,0.6145041860106087,2.0043197744323007,0.8751624665277827,2.8687956539072026,2.187054434850523,0.7659093428189925,0.8686502092757399,3.7374458631829426,1411.0460947948054,416258.59796446754,0.814612254915402,0.4802531159047658,0.0923231694729744,0.9499997861119388,5.331453731172026,0.9544753329627044,0.9024995936127296,-2.725767452493201,2.605686278678825,268.75183256410827,79281.79060641193,0.7281663901571578,0.5678468824872481,0.10038948820211946,0.5541773397489662,2.8169350378511178,0.56319674469294,0.30711252389124116,-1.208202239612909,1.6087327982382087,93.57121910365376,27603.509635577866,0.743169405978248,0.4788094230808105,0.10839905488651903,1.5892128347349863,6.010664001500917,1.5929054551939676,2.5255974340864107,-2.8422686063055975,3.168395395195319,748.5175978100768,220812.69135397268,0.7719751194609834,0.5029744108449546,1.5930688132424529,1.1080132128851055,3.9128338359657024,1.9405054814799394,1.227693279927974,0.06682692983484709,3.9796607658005496,1110.840649477839,327697.99159596255,post-void,7
42.45928578378633,39.96168073768125,44.95689082989141,0.8370839880157652,0.6681601131291054,-0.5481355944188139,0.8198859677701249,3.2491329437705616,0.9862381203417461,0.6722130001463542,-2.1311668195219413,1.1179661242486203,286.93636085449003,84646.22645207458,0.812545347004664,0.47073618906010173,0.3912342805801732,0.4811711600932507,1.6571872878570832,0.6201531646348105,0.2315256853054847,-0.33484355678397254,1.3223437310731108,113.45403454393826,33468.940190461784,0.8259383890386961,0.3153354714911901,0.5442966059990633,0.4923526420570677,1.6688089629178813,0.7339413596757405,0.24241112414057503,-0.19984167929902114,1.46896728361886,158.90762623558905,46877.749739498744,0.8764493222335269,0.5138785854533622,1.1305143987974944,0.7860424232673486,2.756563606048426,1.3769261044313401,0.6178626911760057,0.10754505175504521,2.864108657803471,559.2980216340175,164992.91638203512,0.8009229245996287,0.4569616166604488,-0.1295768117551704,1.1937639175279209,5.020862371074967,1.2007757663012038,1.4250722907916085,-2.7421589221802414,2.2787034488947255,425.34942007619173,125478.07892247659,0.7820103411381547,0.5237843861643013,0.11075969954587273,0.5991632449335628,3.920690918934921,0.6093146191605848,0.3589965940793165,-0.9958091539598661,2.924881764975055,109.52297001122852,32309.276153312407,0.8167392861954916,0.5698684707463996,-0.23774676191876917,1.0023652260260756,5.681675509691631,1.0301745333433387,1.0047360463463058,-3.2277892961577015,2.45388621353393,313.0715728990039,92356.11400520615,0.8218197503867631,0.5700635448870605,1.4070693264093237,0.94580242433937,4.375614808799971,1.6954015203509218,0.8945422258862298,0.06156679556864073,4.437181604368611,847.943962986424,250143.46908099516,post-void,7
2.4978003991147726,0.0,4.995600798229545,0.8180282680445793,0.3698470791474305,0.23918422651109497,2.0795384613743098,10.055860144361287,2.093248505683628,4.324480212335032,-4.714812749117504,5.341047395243782,1292.5983454312889,381316.5119022302,0.8409907829021908,0.7492141882756663,0.471103949548484,1.9831703421124462,20.251096904491824,2.0383580492922677,3.932964605834397,-10.763427799382633,9.487669105109191,1225.6965434488006,361580.4803173961,0.8306454684277937,0.6979004316913932,1.0008357222592061,1.5592945512068752,9.954498233074272,1.8528549971256674,2.4313994974234503,-3.1879185193501023,6.766579713724169,1012.7561339101993,298763.05950350885,0.8912886593680917,0.7374832994101866,2.952477889882336,1.8034796349808966,10.937122504460735,3.459720289855074,3.2525387937908277,0.17476825507040739,11.111890759531143,3531.0510227902887,1041660.0517231356,0.7874881384323039,0.6249210398819853,-0.2183178830575382,1.844685925559777,11.183550335910256,1.8575599215156036,3.402866163958331,-4.582314790416404,6.601235545493853,1017.9060142962113,300282.2742173823,0.7399058706473927,0.444006509490878,1.2719007604742547,2.443427349910079,14.030876068453349,2.754644942417004,5.970337214288591,-4.869593142959442,9.161282925493907,2238.4802838411556,660351.6837331407,0.6859530405000972,0.2925043931670055,0.5650495656870071,2.6523461997802524,11.866786267978476,2.7118667694361056,7.034940363488746,-4.489769572382525,7.37701669559595,2169.495305675687,640001.1151743277,0.79153341276191,0.5157722326261779,3.450373660336956,2.547104355936248,12.711978362656623,4.28868499612369,6.48774060002941,0.16723064580773164,12.879209008464354,5425.881603813054,1600635.073124851,pre-void,8
7.493401197344317,4.995600798229545,9.99120159645909,0.8812460039972225,0.5250517547530547,0.15786728972722816,2.0173908200876194,12.100926792925154,2.023558203299232,4.069865720973797,-4.961847622803324,7.13907917012183,1207.962401631187,356348.9084812001,0.899260882562248,0.7686638822072737,0.048805154262791084,2.0265759512381134,23.00262230360204,2.0271635427905856,4.107010086136664,-12.517832155265603,10.484790148336437,1212.270648619687,357619.8413428077,0.8830655441822636,0.807276943430563,0.07266511484936435,1.4154627728683624,15.929492055245257,1.4173267373094551,2.0035348613761936,-5.454963197242217,10.47452885800304,592.6004486862182,174817.13236243435,0.9507531385159153,0.8258919449447036,1.9926479188043384,2.4984693681003773,14.47746705491634,3.1957776693085456,6.242349183335898,0.06695435806391528,14.544421412980256,3012.8334989370924,888785.8821864425,0.8701265073170411,0.6995517177404142,-0.0361161104095031,2.0594361369433,14.932164994968272,2.0597527947739396,4.241277202147943,-8.628592311024692,6.303572683943579,1251.561564795821,369210.66161476716,0.8249865727957878,0.6482219760731374,-0.10796441011420257,0.890685664380207,7.087541273864712,0.8972052533192829,0.7933209527324109,-3.2280091501056427,3.85953212375907,237.46829364219698,70053.14662444811,0.8306561980964955,0.41477352309225024,-0.03820698539746713,1.1367414516381271,6.989779950782837,1.1373833573626435,1.2921811278723567,-2.8689679901313294,4.1208119606515075,381.6240659736281,112579.0994622203,0.866166519210114,0.7515471655941307,1.7902623375234725,1.7709208075499265,9.02227950052787,2.5181738906930735,3.1361605066132836,0.05179541035504961,9.07407491088292,1870.6539244116461,551842.9077014355,pre-void,8
12.489001995573862,9.99120159645909,14.986802394688635,0.9280743699241433,0.86712522621777,-0.0005216224128421789,0.11556969128746694,0.5669777173333532,0.11557086844971787,0.013356353544280414,-0.2645777239906314,0.30239999334272183,3.940204562095488,1162.360345818169,0.9219116599194047,0.868392919746629,0.14656982780520053,0.1861886151745412,1.2142206695204858,0.2369576224632994,0.03466620042061339,-0.2969673967903361,0.9172532727301496,16.563929878820563,4886.359314252066,0.9156988356151011,0.8146977794152191,0.5072436100933639,0.4413876474533826,4.744002484621385,0.672398048260835,0.1948230553244316,-1.192687196455653,3.5513152881657324,133.37514491496918,39345.667749915905,0.9432496873606054,0.8638474659746782,0.60788463051458,0.3900012202119558,3.6013278507707245,0.722235886523691,0.15210095176681446,0.0785949930625851,3.67992284383331,153.87927935588525,45394.38740998613,0.8813287610997327,0.7089126976632001,0.003006500030016261,0.7293794011075831,7.451896371181633,0.7293855974739886,0.5319943107600567,-5.863361145370612,1.5885352258110206,156.9409881917337,46297.59151656146,0.8432408800734323,0.588573027455166,-0.20719666912654314,0.13001574789680448,0.6538693040760508,0.2446110267308071,0.016904094701165415,-0.5432347769539551,0.11063452712209572,17.651193547498387,5207.102096512023,0.9071158591379617,0.6946442488816569,-0.10432015213045553,0.09550221406515436,0.40638056621185376,0.14143325999165807,0.009120672891346566,-0.3164952949658962,0.08988527124595759,5.900993274401046,1740.7930159483085,0.9176284750766022,0.7797819046860954,0.4973317924369553,0.6037403079670098,5.8388407133557285,0.7822028325393963,0.3645023594640999,0.04017664069212356,5.879017354047852,180.49317501363316,53245.486629021776,pre-void,8
17.484602793803408,14.986802394688635,19.98240319291818,0.934289574386082,0.8219824822017576,0.1591690921909461,0.14891703176525847,0.730144517520507,0.21797037013930334,0.022176282349775003,-0.22079950578447421,0.5093450117360329,14.015769266306148,4134.651933560313,0.906744273267586,0.8594789360293221,0.0022442977440138142,0.17483261677998535,1.0406058787980526,0.17484702102838642,0.03056644389013722,-0.4950097765624265,0.545596102235626,9.018586824937797,2660.48311335665,0.9125956509348034,0.8470354281350179,0.09789763773332516,0.31206921389745496,1.431611189041698,0.32706443055817136,0.0973871942625755,-0.511946649665004,0.9196645393766939,31.55648681222056,9309.163609605064,0.9318108388616554,0.8756764473809857,0.38642304553559503,0.18902628028002408,1.0385011332749192,0.4301786893344518,0.03573093463650222,0.05690219029657609,1.0954033235714953,54.590842903464505,16104.298656522025,0.8940144234230929,0.7996200215988923,-0.007242817261504869,0.28433602820433057,1.511344768294807,0.28442826043995245,0.08084697693501387,-0.6085523870749958,0.9027923812198111,23.865333424384744,7040.2733601935,0.8519931250482004,0.6143268813458151,-0.16843418031834517,0.11982838029567487,0.721298550364319,0.2067097332584939,0.014358840724284882,-0.4523194906687345,0.26897905969558444,12.605029578020321,3718.483725515996,0.8672264107624995,0.7251800480090069,-0.061844847584304516,0.06083803009374245,0.31896356794434827,0.0867528159682034,0.003701265905687112,-0.1927579394424147,0.12620562850193356,2.2201850681318254,654.9545950988886,0.9345885945969954,0.8551626165822066,0.3241866176126268,0.16142316190681125,0.8941434620087414,0.36215245441541344,0.026057437199992595,0.06405414757752553,0.9581976095862669,38.69054807053689,11413.711680808381,pre-void,8
22.480203592032954,19.98240319291818,24.978003991147723,0.9047059578957873,0.5609966393903428,-0.2210349659335713,0.2625516038431727,1.1941188462972285,0.34320518767331787,0.06893334468062232,-0.953965819800958,0.24015302649627054,34.74799124953381,10250.657418612473,0.9216031490417279,0.8699717374129827,0.18488761191535227,0.1984640610065957,1.0625839060980686,0.27124050684031625,0.039387983511229734,-0.3297828870031243,0.7328010190949444,21.703566702542535,6402.552177250049,0.8897287224628342,0.8251771779229141,0.6254053279350316,0.372436423192075,1.6211935137901587,0.7279015823101573,0.1387088893201064,-0.11009582735408865,1.5110976864360701,156.30301049124108,46109.3880949161,0.9110371308442395,0.7933804448385152,0.7239118028409367,0.44401985162161883,1.737247170967407,0.8492360843290279,0.19715362863408442,0.11076576088851807,1.848012931855925,212.7545684433174,62762.59769077867,0.9038226980907845,0.7184499352826429,-0.003424958672105425,0.4893001154237951,2.646405869110578,0.4893121021348693,0.23941460295373918,-1.6079428131865972,1.038463055923981,70.6307683222152,20836.076655053475,0.8486469331498668,0.45620757366238285,-0.12943237965664858,0.24892513403696892,1.2187144419112217,0.28056454383778745,0.06196372235532294,-0.5243519786835902,0.6943624632276315,23.2213566613772,6850.300215106272,0.8744541368325878,0.4038534685225262,-0.06779839960423531,0.1250784559276389,0.6873309912422267,0.14227172286205672,0.015644620137242302,-0.42332983651710465,0.26400115472512214,5.971166722210672,1761.4941830521484,0.916657323287241,0.5402347887869953,0.4617336027129298,0.353816505842261,1.629073070102831,0.5817078645511752,0.12518611980642672,0.047197856253612294,1.6762709263564435,99.82329170580307,29447.871053211915,void,8
27.475804390262496,24.978003991147723,29.97360478937727,0.9162253475482658,0.8525269601933718,-0.070487164490478,0.08809884438124116,0.5550682302715386,0.11282662247545057,0.007761406381310146,-0.3040795854613407,0.2509886448101979,3.755304788069265,1107.8149124804331,0.8885422126681208,0.8429506070860084,-0.03233998173144554,0.16999052327927638,1.1628561044136514,0.17303945337162976,0.028896778004762202,-0.47339970124648356,0.6894564031671678,8.833082464829968,2605.7593271248397,0.8685311962519829,0.8296503168167059,0.018839914787666095,0.2623770095627134,1.438143955179097,0.26305253759710956,0.06884169514707221,-0.637428498988096,0.8007154561910012,20.413008073202228,6021.837381594656,0.9351178127957153,0.8736123494705527,0.2938075761553043,0.15983192701207752,1.0301950643458635,0.33446843901726964,0.025546244892394075,0.02646652171960871,1.0566615860654722,33.00139532610146,9735.41162119993,0.9062372483152753,0.8395572573181663,0.0718518156468889,0.22781767269225606,1.420981882492073,0.23887983465054224,0.05190089199091591,-0.6385072226542808,0.7824746598377922,16.83375474378777,4965.9576494173925,0.8522011805520647,0.6435139388122862,-0.15494027555621956,0.12501324996092675,0.8177330811239938,0.19908491066685693,0.01562831266579315,-0.561017413750719,0.25671566737327484,11.692266488292969,3449.218614046426,0.8964410247086034,0.6586760963759033,-0.06482255710185102,0.07099200388623501,0.34310271559851924,0.09613442944650967,0.005039864615783208,-0.26557503505577373,0.07752768054274548,2.7263394148767537,804.2701273886422,0.9408091526390231,0.8772516261491597,0.29017610808548155,0.1474382307248351,0.7539400009020986,0.32548457042217344,0.02173803187926971,0.041355893179253936,0.7952958940813525,31.2523606469575,9219.446390852465,void,8
32.47140518849204,29.97360478937727,34.969205587606815,0.9176243389636424,0.8609038470116773,-0.05034085625837504,0.04665334944942561,0.28014304207344154,0.0686348076683879,0.002176535014850221,-0.177677835312568,0.1024652067608735,1.3896673629845968,409.951872080456,0.9153167335680702,0.8507013054455503,-0.2715663036538459,0.09717263630338377,0.5493883116285527,0.2884281167403111,0.009442521246149697,-0.5186183383407421,0.030769973287810563,24.54127966527695,7239.677501256701,0.9001457860378864,0.8292420402419589,-0.7611473586549726,0.18159886061876812,1.046076130499088,0.7825109889103643,0.03297814617803477,-1.1292927660744931,-0.08321663557540519,180.6354170908155,53287.448041790594,0.8898600107111789,0.832754660079205,0.8139600743197409,0.19414932533727064,1.0859993824619547,0.8367944569101277,0.03769396052891736,0.1142632963159647,1.2002626787779194,206.56636411907706,60937.077415127744,0.926611646247035,0.8123743493273481,0.0648107135743924,0.19130380176170309,1.1879032020255618,0.2019840913599458,0.036597144568480997,-0.41936525943832165,0.7685379425872401,12.035284082938364,3550.408804466818,0.866164674126223,0.7367235572756341,-0.1683820075305051,0.03680586360363629,0.20616794877825578,0.17235768638390503,0.0013546715956094784,-0.2794503102474153,-0.07328236146915951,8.763615756405704,2585.2666481396836,0.9078337962259506,0.7583619732892876,-0.0743217606490724,0.027866744354369054,0.19118723778556407,0.07937430029228457,0.0007765554409117595,-0.17759427212347995,0.013592965662084122,1.8585824663324808,548.2818275680818,0.9392662981562322,0.8974859468186578,0.2541923599318155,0.11041407934362178,0.7049161718356143,0.2771371948422031,0.012191268917299606,0.10751737671921661,0.8124335485548309,22.65748230567655,6683.957280174584,void,8
37.46700598672159,34.969205587606815,39.96480638583636,0.9224876639064115,0.7997180684839374,-0.016093682757854718,0.07334070863978759,0.46233099592707827,0.0750857254642764,0.0053788595437862146,-0.2844304867071251,0.17790050921995315,1.6631705197065223,490.63530331342406,0.9091791131275978,0.8485615877590869,-0.2876968180175365,0.11285320656805367,0.6935118187670645,0.3090393265105709,0.012735846232691792,-0.579893368081498,0.11361845068556642,28.174065072381644,8311.349196352583,0.9007484778376097,0.8102687688307358,-0.7964307358533946,0.16911758358126663,0.9570125772001872,0.8141883529554732,0.028600757076366702,-1.2512818411776123,-0.29426926397742514,195.55628885606214,57689.10521253834,0.9079317598856785,0.827785659708789,0.8540097506466735,0.18631476427636276,1.0660081421961407,0.8740971602670667,0.03471319138735662,0.3083103152542549,1.3743184574503957,225.3935244481503,66491.08971220431,0.9155088825074436,0.7391765293588823,0.022323825077712592,0.1968725121383358,1.147777464945131,0.19813414446217867,0.03875878603565917,-0.5449081529627412,0.6028693119823899,11.580856064519047,3416.352539033119,0.8782082417985726,0.43133284583387105,-0.22752903461627308,0.14388911725717823,0.7490629938778469,0.2692091002519476,0.020704078065049984,-0.7294455590745071,0.019617434803339728,21.379694199246636,6307.009788777757,0.8901344550289386,0.5456999816024073,-0.11854121987270518,0.06855976392850319,0.29357779726181077,0.1369396291759296,0.004700441229932086,-0.2880614041837999,0.005516393078010863,5.531976301458128,1631.9330089301473,0.9116572238777669,0.6183334059762928,0.3232012066116552,0.16131993349810786,0.7994968807411733,0.36122450207462914,0.026024120943833943,0.1068864920498919,0.9063833727910652,38.49252656522381,11355.295336741023,void,8
2.497925865738111,0.0,4.995851731476222,0.8309910257160191,0.37811117666480315,-0.33451315569726947,2.6585924995634604,13.329788958160051,2.679554651442966,7.068114078735089,-5.281279775024439,8.048509183135613,2168.3639652810293,654845.9175148709,0.837691335860863,0.755974835259779,1.8386500511102282,2.414496103918774,17.915194188447074,3.03486827494812,5.8297914358389376,-9.084587361282757,8.830606827164317,2781.5484847785474,840027.6424031212,0.8520203455800455,0.7199807108893571,2.5204931032088314,1.0522391225463317,6.713406638375393,2.7313170182789768,1.1072071710170739,-0.507338390526132,6.206068247849261,2252.9479816107887,680390.2904464577,0.8744833202757343,0.778469167533571,4.44862498306377,2.0150104195158534,10.29085964930761,4.88370056726419,4.060266990757455,0.7698899671417284,11.060749616449337,7202.860431670365,2175263.8503644513,0.8163129571443812,0.5493905786095448,-0.341392498936703,2.974947735336859,15.14224076802673,2.9944720513499794,8.850314027985908,-8.298070179590965,6.844170588435764,2707.9925856274785,817813.7608594988,0.7774510484924684,0.36535858309422975,1.685813731647486,3.2528177736170383,11.982300769391552,3.663712789803552,10.580823468358906,-2.5241144225044354,9.458186346887116,4053.683004663379,1224212.2674083407,0.7589703601250953,0.2760128901212193,1.3302789474506116,3.282634142919363,13.52613732758983,3.541938592676367,10.775686916259941,-3.9350093935848514,9.591127934004978,3788.689356275654,1144184.1855952474,0.8210574085347263,0.5611887552034035,4.567937204389288,3.750857630400374,13.25061277061209,5.910582311987248,14.068932963532708,0.20963514760129026,13.46024791821338,10550.364946566511,3186210.2138630874,pre-void,9
7.493777597214333,4.995851731476222,9.991703462952444,0.8770466935764145,0.6586593633315592,0.029238296282305457,0.7464217441599861,4.660877436197877,0.7469941754286493,0.5571454201548357,-2.3352056663184158,2.3256717698794613,168.51609003354696,50891.85919013119,0.8861312551973916,0.7514969179470621,-0.14003070402352452,1.3190547696125352,16.093836585915795,1.3264667667555425,1.7399054852375786,-9.439817525668213,6.654019060247584,531.3732531586847,160474.72245392276,0.8974870937906405,0.7458416784134516,-0.23609571680525446,0.6521863792193417,3.8160318587615576,0.6936052629075287,0.4253470732392351,-1.9328234437805991,1.8832084149809583,145.28865474137265,43877.17373189453,0.9581919575830181,0.812470587049058,1.2757959092602593,1.082103248345111,9.50310331605992,1.672902460445394,1.1709474400790407,0.12448399403302424,9.627587310092945,845.1779979336043,255243.75537594847,0.8904460721773666,0.6029408699178247,0.22852219834018386,1.2835855832153495,8.943465560625524,1.3037692834901884,1.647591949438289,-3.362548582572989,5.580916978052536,513.3439320609008,155029.86748239206,0.8154627342922863,0.5242389736702043,0.03286249142450277,0.7294050262855659,4.809911485683928,0.7301449415789119,0.5320316923706472,-2.6729399910057974,2.1369714946781304,160.99971398540833,48621.91362359331,0.8423363212860396,0.5195854627687594,0.04389100281732063,0.7493741121326537,4.845423864169309,0.7506583644128088,0.5615615599346031,-2.8766692063596206,1.968754657809688,170.17336997899977,51392.35773365794,0.8733241935668365,0.6177274270317711,1.2821722717658746,1.0735214137889573,5.689965111105717,1.6722481754658025,1.1524482258634414,0.10872439195201926,5.7986895030577355,844.517016025309,255044.13883964316,pre-void,9
12.489629328690555,9.991703462952444,14.987555194428666,0.9425187438181868,0.7851960725365058,0.02059087816524407,0.13107408979551813,0.7308423994187617,0.13268157852294143,0.017180417015723547,-0.4071792776145879,0.32366312180417384,5.316529186360521,1605.5918142808775,0.9029837873929927,0.832045659646328,-0.26546666035306105,0.3420747959615467,2.0135118233663905,0.43299851476782375,0.11701516603213381,-1.4463793703524543,0.5671324530139363,56.621289564924666,17099.629448607247,0.9094467088785565,0.8275943039816768,-0.35732366823347544,0.28984913026536047,1.362546048996763,0.46010077395654614,0.08401251831558589,-0.9708159865829736,0.39173006241378927,63.93120210301465,19307.22303511042,0.9382512175828728,0.8920899434921089,0.5851444764388335,0.2727467304277304,1.6311581256765315,0.6455887524313706,0.07439077895901704,0.0318232187210449,1.6629813443975765,125.86902085429983,38012.444297998554,0.901043583715301,0.8093070921748168,0.09441757847335026,0.4179696811427987,1.9488046042929257,0.428501264268128,0.17469865435461282,-0.7347234605964494,1.2140811436964762,55.45122671077399,16746.27046665374,0.8877736112608591,0.6579872793465573,-0.09068892659187988,0.06198831161519133,0.32303653537377325,0.10985004407504552,0.0038425507769020645,-0.2873900954702454,0.03564643990352783,3.644243719353412,1100.5616032447306,0.9123318819721575,0.532964648919586,-0.057158189208175614,0.08641096732682986,0.4157453632511301,0.10360460350735415,0.0074668552743584575,-0.2549975290660391,0.16074783418509098,3.24164198811065,978.9758804094163,0.9404876891463986,0.8725136359945259,0.39679537327931597,0.2212864913968268,1.177389763226578,0.45432838292427824,0.048967711274717905,0.048868937797135366,1.2262587010237134,62.33711241823805,18825.80795030789,void,9
17.485481060166777,14.987555194428666,19.983406925904887,0.946018748461315,0.6396591923449682,-0.14573097194136672,0.22362918782058794,0.976070000255649,0.26692232920509146,0.050010013645295795,-0.6641967420956162,0.31187325816003286,21.516754008137905,6498.059710457648,0.8982830420257021,0.8706415040663554,-0.2783056083934965,0.2571207510311711,1.9723421547993982,0.3788998446477745,0.06611108061083348,-1.3985924787425492,0.573749676056849,43.356657866780516,13093.710675767716,0.9191496523363976,0.7997251315014708,-0.33478599181765806,0.2427683877893212,1.326353980422265,0.4135434081534359,0.05893649010982624,-1.0859971546299771,0.24035682579228798,51.64748142900209,15597.539391558623,0.9245204037406677,0.8966754790203695,0.572884346937708,0.2400714426234279,1.6215557935970448,0.6211527771245478,0.05763429756329383,0.10182728808934736,1.7233830816863922,116.52089330392052,35189.309777784016,0.923712705918507,0.6581329863630841,0.020212759293964943,0.554111310819302,2.8236649442410497,0.5544798467177692,0.3070393447778851,-1.5456537771394572,1.2780111671015926,92.84926592568056,28040.478309555525,0.8753613725878209,0.4483453949267916,-0.10340601465898448,0.11730669599065288,0.610116389615176,0.15637667598429625,0.013760860924243458,-0.35935999102232574,0.2507563985928503,7.385006767153067,2230.2720436802256,0.8996726164919849,0.5263716655107789,-0.04668603037039668,0.08083286680754453,0.4287809947343081,0.09334633248324134,0.006533952356326236,-0.2582888296622675,0.17049216507204054,2.6314884119976947,794.7095004233038,0.9250803754912171,0.7845485099890742,0.5106418478356984,0.2825951277624466,1.5005548391158545,0.5836223976135,0.07986000623507353,0.06263519081072896,1.5631900299265835,102.86576110483134,31065.45985365906,void,9
22.481332791643,19.983406925904887,24.97925865738111,0.949367564070816,0.8594053268313319,0.09657309742297455,0.0982132782269473,0.5368231116486514,0.1377396499412972,0.00964584802008376,-0.1711940326214005,0.36562907902725084,5.729607772117229,1730.3415471794028,0.9203980367733698,0.8624455091419703,-0.4082040770665759,0.2151584615416198,1.5170823834415286,0.4614365959768815,0.04629316357295669,-1.2419356122741405,0.2751467711673881,64.302967096233,19419.496063062357,0.9214412771360776,0.852069495747396,-0.6194937366843397,0.10546773756594444,0.7858855090993323,0.6284074581498894,0.011123443667278927,-0.9846335558817783,-0.19874804678244593,119.25857190443833,36016.088715140344,0.9196027199864268,0.8821892250194212,0.772089003108629,0.17512980331688655,1.1750137430440994,0.7917018862748073,0.030670448009811366,0.32041730107322197,1.4954310441173213,189.29114677278855,57165.92632538208,0.9542912006485544,0.8626062216505787,-0.02005673688273235,0.20039101321375652,1.056000047326942,0.20139223140731893,0.040156558176835944,-0.5505448860576635,0.5054551612692785,12.248766923108168,3699.1276107786675,0.8862554364523079,0.6136372242401928,-0.09313407656021257,0.05182217867310977,0.2845990070800295,0.10658092896551076,0.0026855382024277134,-0.21918393813967013,0.06541506894035934,3.4305673145836773,1036.0313290042693,0.8941843557422569,0.738945884959628,-0.06206509704608751,0.04149511458286355,0.18034991147693052,0.0746586954452409,0.0017218445342449752,-0.15091333403302853,0.029436577443901983,1.6833240832867409,508.3638731525957,0.9939051649993129,0.8855621147296638,0.216929228156647,0.10214673791813907,0.5375344164679361,0.23977540761294847,0.010433956067316988,0.04116539773956417,0.5786998142075003,17.362658320978586,5243.522812935535,void,9
27.47718452311922,24.97925865738111,29.97511038885733,0.9470063649614523,0.7441329957321342,0.17637805796946993,0.16317990403605045,0.7667991172449998,0.2402850399302802,0.02662768108121464,-0.2169156042424132,0.5498835130025866,17.436543925117494,5265.836265385481,0.9153824232544683,0.8109266703351894,-0.49487516651823854,0.23891969391387255,1.3727969538238736,0.5495307548958046,0.057082620139898545,-1.1231843671736013,0.24961258665027225,91.19918327405858,27542.15334876568,0.9144745782250382,0.8111053823865794,-0.8437553284003716,0.22767848656182316,1.1578552918350968,0.8739339491329429,0.05183749324308229,-1.450127627150506,-0.29227233531540914,230.65568532902452,69658.01696936545,0.9154032325558543,0.8255526650543966,1.018733939848289,0.29268183790411884,1.5505096181252127,1.05994410156279,0.0856626582389329,0.29239479324585066,1.8429044113710633,339.29141252820057,102466.00658351654,0.9343904144553298,0.8509697981574867,-0.020026109223051838,0.37552722156056456,2.717443151648747,0.3760608184637306,0.14102069413299734,-0.8131955836326039,1.9042475680161435,42.7093652334505,12898.228300502053,0.8714512951362985,0.5431370838636695,-0.1076367718656071,0.07132903027464803,0.30700690281907983,0.12912592775105394,0.005087830559921654,-0.24422435136725024,0.0627825514518296,5.035398575706262,1520.690369863291,0.8989307197671219,0.5716776821472732,-0.07597408008089375,0.05802764600636718,0.3033424477764279,0.0955995216786063,0.003367207701040261,-0.20644601924334827,0.0968964285330796,2.7600591006438515,833.5378483944434,0.954925599574567,0.860687633800349,0.34331817494063444,0.22218718167750265,1.8206578518548056,0.40894316591228136,0.049367143701791565,0.09187933770647967,1.9125371895612853,50.504822909800616,15252.456518759775,void,9
32.47303625459544,29.97511038885733,34.97096212033355,0.9343491497524533,0.8462789800769679,0.16717902845948604,0.19714131116310352,0.7788264841710675,0.25848312154522823,0.0388646965671076,-0.212888937782613,0.5659375463884545,20.1776842853771,6093.660654183886,0.9035801234809345,0.8484585052873784,-0.48354331686581103,0.19691401008286621,1.1969792511691941,0.5221008203905692,0.03877512736691514,-1.1031155013818985,0.0938637497872955,82.3219585290566,24861.2314757751,0.9239539896678127,0.8559858192025096,-0.8131903316504386,0.18953154576285958,0.9501889208819609,0.8349854623459078,0.03592220683925894,-1.3371338279886391,-0.3869449071066782,210.5546181433608,63587.494679294956,0.8998792308402449,0.8694546027918951,0.989394988442923,0.24021047010758736,1.2742444044554972,1.0181372761593988,0.057701069949308126,0.40833974349483376,1.682584147950331,313.05426095779455,94542.38680925399,0.9382475411462704,0.8142363825743477,0.04614945990406177,0.31606887320855453,1.8047375264893692,0.31942026432391846,0.09989953261132534,-0.7299206341580023,1.0748168923313668,30.812850188750105,9305.480757002531,0.9044303134753993,0.7271309850705274,-0.12700565365692,0.05046639570807934,0.2707603998188491,0.13666489365080542,0.0025468570957644493,-0.2729338953051035,-0.0021734954862543867,5.640542533288958,1703.4438450532655,0.9081304563657824,0.5721579812439568,-0.05732227704293173,0.06145863329912014,0.32567863796702956,0.08404169829544342,0.003777163606995719,-0.24143937447862593,0.08423926348840366,2.1330281298194658,644.1744952054786,0.9503571270817937,0.8266191521007411,0.306602335819742,0.18375149833296156,1.0556069441961289,0.3574487452345164,0.03376461313960837,0.03560284171335498,1.0912097859094838,38.58642085185853,11653.09909726128,void,9
37.468887986071664,34.97096212033355,39.966813851809775,0.9429791418034714,0.8507222242736603,0.14760193358643964,0.18539094701901826,0.7356761129947564,0.23697285505952825,0.03436980323660844,-0.13759091204921564,0.5980852009455407,16.959152478589385,5121.664048533992,0.8949829477252642,0.8602723742772889,-0.34998608460516323,0.24216719184327865,1.5801150427437016,0.4255998216899436,0.05864494880525932,-1.063280957086286,0.5168340856574156,54.70283288319855,16520.25553072596,0.8941688994710523,0.8400355505455728,-0.5337550774723246,0.1332549821533049,0.8966157505546151,0.5501375946035364,0.017756890268677602,-1.0416242226627972,-0.14500847210818218,91.40071464484181,27603.015822742225,0.8958835637450017,0.870304965705722,0.7045339717265633,0.20874529440668843,1.3759143521790136,0.7348079444683087,0.04357459793693503,0.1589463086941772,1.5348606608731907,163.06270000662977,49244.935402002215,0.948653602107808,0.7284456920503766,0.029578627543416332,0.31110676430371975,2.094614163592185,0.3125097022539978,0.09678741879553023,-0.8240339903199336,1.2705801732722513,29.494018828870473,8907.193686318882,0.8939294548002136,0.7131106114141751,-0.1069436654012468,0.06601049579728713,0.3338576515582873,0.12567550725920104,0.004357385555403661,-0.32706692879322546,0.006790722765061845,4.769888603706963,1440.5063583195029,0.8982092449216187,0.6153817684751101,-0.044366362924898,0.05107023994101532,0.2506186274079272,0.06765015570430448,0.0026081694076328763,-0.1728485185875089,0.07777010882041824,1.3821161571786253,417.39907946794483,0.9664619452930673,0.7842175301544179,0.2714303433844432,0.2106151926731777,1.2494244266991752,0.3435595882733539,0.04435875938475976,0.03399405868554672,1.283418485384722,35.646023589756055,10765.099124106335,void,9
42.464739717547886,39.966813851809775,44.962665583286,0.9269607654762586,0.7909746202558119,0.2574840652378864,0.1591950999633827,0.9594690850032432,0.302722849655885,0.025343079852351413,-0.2643254056576011,0.6951436793456421,27.675619358541425,8358.037046279513,0.9016399980407388,0.8128118949713552,-0.33359649330096997,0.24505486220788555,1.9742396442479175,0.41393055677786084,0.06005188549172578,-1.4042593973968815,0.5699802468510361,51.74422876199782,15626.757086123333,0.9101743497882118,0.8277234906765027,-0.5126937986368548,0.19102294217260737,1.2178106744444896,0.5471240221348056,0.0364897644362793,-1.1273185597769733,0.09049211466751628,90.4020980702841,27301.43361722579,0.9075419392366236,0.8577042439365749,0.7002132473750277,0.2683761042561259,1.6427196358090685,0.7498828742778278,0.07202573333569495,0.19062538668564566,1.833345022494714,169.82194619082333,51286.22774962864,0.9218348861074113,0.8462135813532847,-0.06571062441469477,0.2088288396486142,1.2595402519389327,0.21892320669576285,0.04360948426898663,-0.5177213052895708,0.7418189466493619,14.474065869846623,4371.16789269368,0.875459182083531,0.7288824962716862,-0.08967966938219268,0.04936315936540149,0.32636740276057685,0.10236779084767539,0.002436721502534025,-0.2926498529802872,0.03371754978028968,3.164707710116091,955.7417284550597,0.885245871662409,0.5490199983800357,-0.0621130187499535,0.06691006885601168,0.4412784984519377,0.09129613580293691,0.004476957314316224,-0.30170588523170955,0.1395726132202281,2.517165292589586,760.183918362055,0.9635491180517523,0.888500770042008,0.23133819956173834,0.11499633415492308,0.7392403677499498,0.2583438008653148,0.013224156869070728,0.024600144537208282,0.7638405122871581,20.155938872552298,6087.093539510797,void,9
47.46059144902411,44.962665583286,49.95851731476222,0.9480902971671008,0.8027251561774055,0.46222996924387966,0.12178853673084844,0.6513108586252057,0.47800522188176886,0.014832447679041221,0.08475047626843142,0.7360613348936371,69.0036756281642,20839.1100397056,0.9138211036243629,0.8380161020957805,-0.37325153437228825,0.19402565335742936,1.1985567244849626,0.42066930250737905,0.03764595416077734,-0.9140353394525219,0.28452138503244073,53.442723945757535,16139.702631618788,0.9260534983879211,0.8561166738636133,-0.6849947618805632,0.15516754592786364,0.9756509096616136,0.7023494793285499,0.02407696730927567,-1.0852086086052575,-0.1095576989436439,148.9750269161517,44990.45812867781,0.9180917841678875,0.8479138240407498,0.9276775537850512,0.19534789872110808,1.1672785753722703,0.9480223865138254,0.0381608015347523,0.3575072340507204,1.5247858094229907,271.42142649007343,81969.27080000217,0.9277394723972286,0.8592499234444794,0.01550569027593678,0.2847902165028994,1.7933655573833525,0.28521201560716475,0.0811054674157683,-0.778091591293934,1.0152739660894186,24.566459941703876,7419.070902394571,0.9011072162144906,0.6874518653074156,-0.11569943073978525,0.04760260310325385,0.25237877596443403,0.12510941649498758,0.002266007822205913,-0.24735196492831843,0.005026811036115593,4.727014560906315,1427.5583973937075,0.8989815881890671,0.592533182696828,-0.05147790869141761,0.06432082761052887,0.26751767449713426,0.08238412436716983,0.0041371688645033735,-0.18057845452192625,0.08693921997520801,2.049717472219082,619.0146766101626,0.9493194769318998,0.895267575335803,0.2844427137392659,0.15125391396854898,0.9775858953634404,0.3221574209763965,0.02287774649080522,0.05856021065108182,1.0361461060145223,31.34319197482927,9465.643976398434,void,9
52.45644318050033,49.95851731476222,54.95436904623844,0.9374924829227201,0.8298823181002642,0.29412950527731,0.08003260628716641,0.5337926549272147,0.30482352918334854,0.006405218069116589,0.012184531034760549,0.5459771859619753,28.061049951025108,8474.437085209585,0.9115207734662845,0.8296189643970368,-0.12141017179058097,0.18411714685166383,1.0893679959441103,0.22054376794417824,0.033899123764797146,-0.6402982048518469,0.44906979109226347,14.689145180862692,4436.121844620534,0.895536237942871,0.7649633961920839,-0.1413945671190242,0.17780733933788848,0.8526238657209355,0.22717366381954412,0.03161544992241902,-0.5675909174117025,0.28503294830923304,15.585577807024967,4706.84449772154,0.9750446551464147,0.9234446993491875,0.41977404741444796,0.13020967772518027,0.7177073431446802,0.4395051888840478,0.016954560173295306,0.20264572084044696,0.9203530639851272,58.33577293891277,17617.403427551664,0.9514530257953072,0.7530221274852927,-0.06393293705136886,0.16922682509376386,1.006382919236618,0.18090090870786038,0.028637718331315343,-0.5390630594129941,0.46731985982362395,9.882991908941552,2984.6635565003485,0.9219586790083525,0.6139779475488498,-0.10349100840713095,0.044248436039258605,0.22190365936862505,0.11255360017807164,0.0019579240919203596,-0.1838330644824297,0.03807059488619535,3.825830499739653,1155.4008109213753,0.928861481538,0.5792638404005479,-0.059330300068590316,0.04987802590249286,0.22897917160746095,0.07751065716505516,0.0024878174679297486,-0.15567573605316032,0.07330343555430062,1.8143863961959323,547.9446916511718,0.9662900825218038,0.8525193514843222,0.20833953759815194,0.08942030380132805,0.542348080770943,0.22671866632135426,0.007995990731921804,0.016280828867610387,0.5586289096385534,15.52320880487714,4688.009059072894,void,9
57.45229491197655,54.95436904623844,59.95022077771466,0.9220366629996484,0.799826764521433,0.44844095405652473,0.21867542448717864,1.3609177364260727,0.4989170577859349,0.04781894127464777,-0.24678465901182095,1.1141330774142517,75.17330562603172,22702.338299061586,0.9099884361134578,0.8096634756695272,-0.1575776437216943,0.2907237942955523,2.0474618972038554,0.330682685320057,0.08452032456960261,-1.3478735564297246,0.6995883407741309,33.02401358788612,9973.252103541605,0.8981575647195278,0.7047174655767049,-0.25668977482548044,0.4397349891662953,2.1421405747991287,0.5091723688467763,0.1933668606970818,-1.4343270139073874,0.7078135608917411,78.29546336150537,23645.22993517461,0.9437619058312875,0.7638953775215072,0.6950096752095897,0.3667251306937608,1.9692631684338442,0.785828079236989,0.13448732148235593,0.22718653277063453,2.196449701204479,186.49278257542323,56320.82033777779,0.9315092555894797,0.5636571542367479,-0.03454538828174845,0.7807581348501627,4.206336543120665,0.7815220079986497,0.6095832651347048,-3.049823369035592,1.1565131740850734,184.45454799384493,55705.273494141176,0.8741814202933379,0.5947349190740516,-0.19463107635174925,0.1380936168310719,0.7755067850775166,0.23864430202987738,0.01906984700948691,-0.7389868123378405,0.036519972739676096,17.199233073180856,5194.1683881006165,0.8777757660419736,0.5353493533595503,-0.16187281764979783,0.21152324733326894,0.8213021476818635,0.2663548258550912,0.04474208416241126,-0.7270894050837841,0.0942127425980794,21.42535776340138,6470.458044547217,0.9390916652105719,0.6143782520140606,0.6278481943154979,0.5869235810807346,2.995078012915278,0.8594606710803379,0.3444792900286337,0.06516892718330125,3.0602469400985792,223.07913883042715,67369.89992678902,post-void,9
62.44814664345277,59.95022077771466,64.94607250919088,0.9294449749081121,0.7635868806426903,-0.394987576682704,0.16948304640634754,0.8975493300329785,0.42981355115078806,0.028724503019176156,-0.7927350527824636,0.104814277250515,55.79138600336104,16848.998573015026,0.9218920663263142,0.8412393818098526,0.06035911323053589,0.21104605883445812,1.6012817588452912,0.21950777093199736,0.04454043894955756,-0.6238809210276275,0.9774008378176636,14.551465772859334,4394.542663403518,0.93941933025062,0.8691272819753947,0.3040504782790277,0.112584130351079,0.7518805367581148,0.3242250449126567,0.01267518640690875,-0.062445085787411925,0.6894354509707029,31.746807684081507,9587.535920592622,0.9754516276436638,0.8328168781096589,0.5608501566867541,0.15327208403829773,1.095092229822644,0.5814165718321069,0.023492331745443,0.15228446029647366,1.2473766901191177,102.08965946030189,30831.077157011172,0.9569825692339378,0.7597870056084897,0.0022694353902853203,0.2581692742348534,1.6025760674259262,0.2581792487709685,0.06665137415895096,-0.7050723235318977,0.8975037438940285,20.130270397774378,6079.341660127864,0.8784681411186468,0.47995391286070593,-0.17284565678627734,0.18809203662941323,1.0368941264873075,0.25544908555968665,0.03537861424340053,-0.8767651914341681,0.1601289350531393,19.706779064610593,5951.447277512399,0.9321237205478933,0.6665964878795032,-0.14407058011368978,0.18330340147625612,0.8325470704516666,0.23314473840741215,0.03360013699276553,-0.7182513350940329,0.11429573535763368,16.415653652212313,4957.5274029681195,0.9646902816207188,0.7741291621258183,0.32555974295568674,0.28333387129481996,1.3263306253759528,0.4315868728961556,0.08027808262290961,0.03436533802187338,1.3606959633978262,56.25270311459728,16988.316340608377,post-void,9
67.443998374929,64.94607250919088,69.9419242406671,0.9121975745294879,0.7787509672131475,0.09584538478126298,0.4490000858142369,2.1786663754094224,0.4591159056763994,0.2016010770611921,-0.6889392335132659,1.4897271418961566,63.65779928320827,19224.655383528894,0.8944671782922035,0.8163842495951944,0.661207696549596,0.6380027733712407,4.886177044116079,0.9188270548943457,0.4070475388293947,-0.7815199487697052,4.104657095346374,254.96143335535672,76998.35287331771,0.9311466044990847,0.849182754605354,1.1172027460376446,0.5466973622936686,2.7067862521384756,1.243792579851202,0.2988780059388548,0.18824637148520185,2.895032623623677,467.20003447125845,141094.41041031998,0.9306396508882042,0.8516185094878467,1.4408601366864753,0.7252396982044064,4.868631925943301,1.613087273938948,0.5259726198516184,0.3705197916083875,5.239151717551689,785.8192671098235,237317.41866716667,0.9442552586430016,0.60978289863575,-0.1585799589248118,0.5280004453906862,2.9319488355488135,0.5513003480003963,0.27878447033276305,-1.6412754183968934,1.2906734171519199,91.78748625901812,27719.820850223467,0.8191146266650549,0.4060787445609833,-0.3277908887668382,0.5439892068582903,2.4408604578803095,0.6351150477959607,0.2959242571783118,-1.6789248915741808,0.7619355663061288,121.81807942893337,36789.05998753788,0.8871664724540276,0.43517568792017797,-0.21945705616151986,0.3085525656212142,1.4615668650404707,0.37863714193210657,0.09520468575143369,-1.0868498578785444,0.3747170071619263,43.296557745655285,13075.560439187895,0.9441485284547064,0.5382163601875881,0.7674058677871989,0.5116224359608499,1.8143403089712575,0.9223173439184247,0.26175751697851396,0.04275318726190994,1.8570934962331676,256.9021234336068,77584.44127694926,post-void,9
72.43985010640522,69.9419242406671,74.93777597214333,0.9169641073003602,0.7196203453126312,-0.7371942167935358,0.38872429571412626,3.069247926934146,0.8334037984988298,0.15110657807844347,-2.3118424581514905,0.7574054687826559,209.757691188388,63346.82273889317,0.9061301119200601,0.8285616054192653,0.7789472965284389,0.7677877472815038,5.823156193797276,1.093735304195933,0.5894980248756063,-2.553875755589996,3.2692804382072795,361.2695885246601,109103.41573444734,0.8998792308402449,0.7992214195176484,1.3872147145200544,0.41590558909309183,2.7548826127139656,1.4482203296528564,0.17297745903887174,-0.3043933738609937,2.4504892388529718,633.3973212123881,191285.99100614112,0.9259920092892255,0.8394304464024016,1.9374364296065534,0.48425304485370735,2.898235260447978,1.9970380392512999,0.23450101145008673,0.9595344362218832,3.857769696669861,1204.4246009254362,363736.2294794815,0.8944555401745997,0.7965745959706294,0.16215618141314941,1.0413460182924108,8.428064074833125,1.0538957049841091,1.084401529813458,-2.896304420960462,5.531759653872664,335.43023940915356,101299.93230156436,0.8069070014763787,0.37010002539583226,-0.004444290117464981,0.693211908155537,3.344713762537639,0.6932261545291615,0.4805427496086407,-1.4582560390589985,1.8864577234786404,145.12987539963325,43829.222370689255,0.8479040547787077,0.481051562298462,-0.008566958487173289,0.5409158553483441,2.338737974593002,0.5409836923096218,0.2925899625672307,-0.940189416733177,1.398548557859825,88.38433331417538,26692.068660880956,0.9079706757952635,0.6741360228742259,1.1379996655824665,0.7673843722583797,5.5139478950920955,1.3725603861587263,0.5888787747863876,0.03838516411332781,5.552333059205424,568.9444481229621,171821.22333313455,post-void,9
2.4979995354841904,0.0,4.995999070968381,0.8754553513853478,0.8190334185639744,0.27616287599297523,0.17018499911001989,1.0551850852569236,0.32438999367857957,0.028962933922077466,-0.387440409544003,0.6677446757129205,31.779118135634242,9597.293676961543,0.9103354032868359,0.7854141819893512,-1.5015409295140076,0.608887837006951,5.25068180980399,1.6202992196075372,0.37074439805500337,-3.3995265406216575,1.8511552691823325,792.8616074403598,239444.20544698858,0.9235750283699797,0.7489216290840265,-1.8340218405744504,0.45370728970724683,2.2462964111336237,1.8893084492579795,0.20585030473349558,-2.6697579640460147,-0.4234615529123912,1077.9848977641525,325551.439124774,0.9282694425129668,0.8035748993293442,2.4436625872986606,0.5732346857387374,3.378677390081483,2.5099969811729204,0.32859800493398894,0.7031732597380721,4.081850649819555,1902.6256233401464,574592.9382487239,0.8840810246056487,0.7220586296806579,0.32449627950451654,1.2222529510677516,7.984145004496156,1.2645948409692729,1.4939022763938272,-3.1026613234533342,4.881483681042822,482.95843376544235,145853.44699716356,0.7824493314089799,0.5214341941959056,-0.028199242074828254,1.1408843242777371,5.313998347200349,1.1412327714521098,1.3016170413826686,-2.7081375200266855,2.6058608271736636,393.32849606815154,118785.20581258171,0.8465377070336454,0.44051247526179654,0.09787885034619055,0.649850050641991,3.2408850327609002,0.6571798518400349,0.4223050883193983,-1.2511505616649679,1.9897344710959324,130.42937801467605,39389.672160432165,0.8327182104184437,0.7062709689669522,1.5900205981021633,0.8974030341589514,5.0475851745549996,1.8257868736812777,0.805332205717692,0.13766542509817176,5.1852505996531715,1006.7163078482699,304028.3249701775,pre-void,10
7.493998606452571,4.995999070968381,9.991998141936762,0.9249168623172133,0.8217658042320554,0.33359417218655557,0.05770600120323087,0.36060806417132873,0.3385484519115404,0.0033299825748672827,0.14234970584879533,0.5029577700201241,34.61374639609358,10453.351411620264,0.9506938812051446,0.8931533371153134,-1.4643985597283276,0.2539590464184593,1.2281487292192335,1.4862564849285513,0.06449519725777317,-2.0540959159177508,-0.8259471866985174,667.1054183756364,201465.83634944228,0.9154032325558543,0.7504869076615606,-1.7840832660933474,0.280213277701655,1.0827719506166331,1.8059547561759708,0.07851948100030483,-2.251834996775741,-1.169063046159108,984.9647195690923,297459.34530986595,0.9502896920723127,0.8428438236139039,2.3370669470640286,0.3509473743730049,1.566368230535964,2.3632701865505106,0.12316405957930603,1.4925178086701625,3.0588860392061266,1686.6838843408223,509378.5330709288,0.9446096717016308,0.79810292689008,-0.12707282112987583,0.40050069591297754,2.05582638224718,0.4201765215914434,0.1604008074267793,-1.0052352140522116,1.0505911681949682,53.31758940759879,16101.912001094835,0.8887911219159345,0.6157756081296537,-0.013397825802270044,0.2779939418658124,1.508816715051208,0.2783166064939724,0.07728063171409268,-0.7931518897320831,0.7156648253191248,23.392960301996837,7064.674011203044,0.9145754127817042,0.7129880920832031,0.0712155685602166,0.12239699921978245,0.9174583709671871,0.1416074949406363,0.014981025418007426,-0.47527146297846246,0.44218690798872456,6.055910152255425,1828.8848659811383,0.9561138710727474,0.8697854754089968,0.4777091243395385,0.2141380813706874,1.0376816410945329,0.523508476884919,0.04585511789311914,0.08329688556461438,1.1209785266591472,82.76645986185105,24995.47087827903,pre-void,10
12.489997677420952,9.991998141936762,14.987997212905142,0.8809242600952136,0.7934922922051891,0.37378767926337536,0.07150920222143727,0.3335407075904694,0.38056641361455745,0.005113566002346409,0.23440742633793668,0.567948133928406,43.738900141776824,13209.147842816601,0.9066156742699427,0.7931852927392857,-0.1445414905589196,0.6407419065407889,2.9344905521028055,0.6568427766905253,0.410550190797525,-1.5611569042951408,1.3733336478076645,130.29561485373682,39349.275685828514,0.8969279369292144,0.4168528182042462,-0.029665474642627337,0.766725919440471,2.6974293639295865,0.7672995998484607,0.5878686355418357,-1.498076980349566,1.1993523835800204,177.80210013013763,53696.23423930156,0.9218409291052029,0.6135435414920541,0.9450792773748666,0.5213895509752507,1.9038880778068268,1.079361804210976,0.27184706386617363,0.23851693777803035,2.142405015584857,351.83661512565124,106254.65776794666,0.9324854386712864,0.4765763246389661,-0.4557937279695768,1.4351291232465495,7.44804506521474,1.505770076355223,2.0595956003904097,-4.930025628494651,2.518019436720089,684.7377438997379,206790.7986577208,0.9017191592525033,0.49350711140951764,0.14419562119405618,0.3527923436447226,1.9825444031826738,0.3811230967887879,0.12446243773433606,-0.9695069772591824,1.0130374259234913,43.86695410157449,13247.820138675497,0.9226239046021328,0.7135848369238261,0.05967012006485225,0.2301833875108589,2.1633177384182907,0.23779174736421807,0.05298439188597423,-1.5257244812334951,0.6375932571847955,17.07656436458749,5157.122438105423,0.9294857371295908,0.49796112028222356,1.1614238412877511,1.0584129221412706,4.869628193618637,1.5713507733371368,1.1202379137556233,0.060529636018456415,4.930157829637094,745.6812623658999,225195.7412345018,void,10
17.485996748389333,14.987997212905142,19.983996283873523,0.8655714023589539,0.7593415148861397,0.2682886168682007,0.0952527417722213,0.5706745364141128,0.28469609543542684,0.009073084815125473,0.022892714511049517,0.5935672509251623,24.477663760365658,7392.254455630433,0.8604124342700253,0.7711779741657415,0.080618531163192,0.32224435945231683,1.753081891317629,0.33217581905633126,0.10384142719883399,-0.5343512619268879,1.218730629390741,33.32291397925485,10063.520021734967,0.8700642302007212,0.6825955559814437,0.2962293894178621,0.3077309384896835,1.3715169328275454,0.42714187532788306,0.09469833050374139,-0.14191820188424795,1.2295987309432974,55.09995486090348,16640.186367992854,0.9416162575186485,0.7157289172813774,0.537445809368144,0.29153871985237845,1.6048328008000023,0.6114268747614411,0.0849948251731636,0.13142650424316316,1.7362593050431656,112.90053260052397,34095.96084535827,0.9285508231429785,0.601959360170912,0.09847634997001423,0.9160322600030951,5.34493924139796,0.921310313016084,0.8391151013663781,-1.941063874171953,3.4038753672260076,256.34143324667804,77415.11284049679,0.8756244528904858,0.5217315368176496,-0.041970556578998994,0.5778833170169552,3.7427381403419844,0.5794054329276432,0.3339491280865187,-2.272348030121086,1.4703901102208983,101.38461802323306,30618.15464301638,0.8847617219285676,0.6277097162244978,0.0027717714126124383,0.3252861930973093,1.8596316966792523,0.32529800204812775,0.10581110741973997,-0.870432119539001,0.9891995771402514,31.957274621224123,9651.096935609685,0.9272471285928038,0.7002372004152628,0.8984558603886104,0.695067770541643,3.4413225034531947,1.1359322773441947,0.48311920564573013,0.05171656518514085,3.4930390686383355,389.6833258911352,117684.36441912287,void,10
22.481995819357714,19.983996283873523,24.979995354841904,0.8445090223386681,0.7895630743489905,0.2912329684654288,0.06582317115875101,0.37911748551312696,0.29857885354220864,0.004332689861394231,0.12304352435740405,0.502161009870531,26.92309819833907,8130.775655898397,0.8520292615183437,0.7751752045433589,-0.22078098704861326,0.22325713554029947,1.3969769036508948,0.3139872494414695,0.049843748569659646,-0.9249001895601394,0.4720767140907554,29.773573829169514,8991.619296409197,0.8766443968117482,0.7662699432338992,-0.061931054361652034,0.16940659284208848,0.8078913278004989,0.18037197452129597,0.02869859369836514,-0.48194872783750675,0.32594259996299213,9.825282856198735,2967.235422572019,0.9077252382394856,0.7978320153347546,0.4455252992732546,0.1475756805662346,0.8617507899572572,0.46933077225674247,0.021778581494587314,0.16163150974117962,1.0233822996984367,66.52195488370731,20089.630374879598,0.9084883956434456,0.6277812704989499,-0.031737496619798404,0.633043576281691,3.2696885687234873,0.6338386530996707,0.40074416947151303,-1.223926314554087,2.0457622541694,121.32893432528783,36641.33816623693,0.8683438040072127,0.4680023715051416,0.0585231140418957,0.36704905273479005,2.067224579672222,0.37168529966985164,0.13472500711350668,-1.0087938171793958,1.0584307624928264,41.72128852118156,12599.829133396834,0.8696144513236133,0.6805406648736657,0.06147193106535513,0.1720579898333195,1.0327603643648344,0.18270946930683818,0.02960395186548267,-0.3699383088549274,0.662822055509907,10.081590552664707,3044.640346904741,0.9215633232243342,0.6675095520191019,0.6667805221426104,0.3587309376391817,2.0211840086030377,0.757155301327448,0.12868788561948644,0.02860357812223664,2.0497875867252744,173.1318133991341,52285.8076465385,void,10
27.477994890326094,24.979995354841904,29.975994425810285,0.8565584081635221,0.7191998018089036,0.22286477455019343,0.0604869999703118,0.4236966114247513,0.2309272285823329,0.0036586771654084998,-0.03747254804521754,0.38622406337953374,16.10487024001654,4863.670812484999,0.8965434519998763,0.8085066149190088,0.18873433110672397,0.13608543125495826,0.8478338389861602,0.2326798064683536,0.01851924459984797,-0.14529119622916004,0.7025426427570002,16.350247486121447,4937.77474080868,0.9302499581047315,0.8631202236785444,0.4443697038763464,0.11128769045577568,0.6918011165367757,0.4580932042391945,0.012384950046980545,0.16606798942649115,0.8578691059632668,63.37451389857996,19139.103197371147,0.917246134335635,0.8282905193107639,0.5493674701043453,0.12454735565298514,0.8085862050331213,0.5633086729396237,0.015512043800151169,0.2525339517338022,1.0611201567669235,95.82963162471798,28940.54875066484,0.9522542891075517,0.7664012299181563,-0.10149217874870893,0.2251796577340066,1.3984265566901048,0.2469950214161497,0.050705878257204365,-0.8452983125731488,0.553128244116956,18.423975262518006,5564.040529280437,0.9034550117149127,0.7069331894284511,0.12063925326601886,0.16591215574469512,0.98960696231765,0.2051357425034326,0.027526843423851966,-0.3130672429067383,0.6765397194109116,12.708363201435253,3837.925686833446,0.8644650018525125,0.7272107093475568,0.032834823808993725,0.10708826192306552,0.6321199271598114,0.1120090241733707,0.011467895841703083,-0.263808015026994,0.36831191213281733,3.7888984918737645,1144.2473445458768,0.945587299357106,0.8248311573912137,0.29630189244197724,0.16684850460334533,0.9308480414564644,0.3400488714186089,0.027838423488372545,0.012132156312144825,0.9429801977686092,34.92123695582703,10546.213560659762,void,10
32.473993961294475,29.975994425810285,34.971993496778666,0.8744107681521417,0.791988061772911,0.26545851442164675,0.10315485787963607,0.48547048083254507,0.28479667761951777,0.010640924704167916,-0.02455289851648844,0.4609175823160566,24.494962570100896,7397.478696170467,0.8756538336082283,0.78206557167456,-0.28670460725172064,0.316094638639985,4.328426984217667,0.4267497538327422,0.0999158205769427,-1.3529722777338027,2.975454706483864,54.99883642368444,16609.6485999527,0.8830048578129428,0.7869608782748062,-0.16177230107354812,0.20461055296677122,1.230749559660221,0.26083664577662125,0.04186547838536789,-0.518440689540522,0.7123088701196989,20.54679824555957,6205.133070158992,0.9072142860883315,0.8119920468539683,0.5281444387608708,0.2287437596206397,2.8525139225522453,0.5755521312265469,0.052323707565385,0.14451246851295604,2.9970263910652015,100.04059723934492,30212.26036628214,0.9243235140066629,0.6408704944108445,0.1552071845898256,0.7970182146487349,4.85305282126512,0.8119897195347715,0.6352380344818569,-1.2787615911868984,3.5742912300782215,199.11684599830738,60133.28749148884,0.8643030978766173,0.5318837243665264,0.11710486816186798,0.3728683122655072,2.0318221598212767,0.3908251891049709,0.13903077829172777,-1.0768118662920565,0.9550102935292203,46.128787188558746,13930.89373094474,0.8743396139807321,0.4817391087391055,0.08890910224266949,0.24986575853965712,1.3818976147048976,0.2652126048139411,0.06243289729059823,-0.327280547807088,1.0546170668978097,21.2419931771631,6415.081939503257,0.9348772958438828,0.7217391290083252,0.679411915424516,0.6486977786307575,3.615854219058122,0.9393664667323871,0.4208088080004793,0.055865325710367876,3.67171954476849,266.48762636402927,80479.26316193683,void,10
37.469993032262856,34.971993496778666,39.96799256774705,0.8724715131292943,0.7634851131658094,0.2966789408462198,0.06275196267029803,0.34181342678255483,0.3032428115563653,0.003937808818974479,0.10036506518698424,0.44217849196953907,27.770773233704002,8386.773516578614,0.8879542166083988,0.7790401157566381,-0.08887979400986133,0.35973248541776326,3.6296011810164455,0.3705496982161457,0.12940746106484127,-2.425851482344061,1.2037496986723848,41.46673781211914,12522.954819259981,0.9022946882808018,0.8062508215994465,0.11391415254146015,0.13307952486046729,1.0257417814079548,0.1751758947067969,0.017710159937087733,-0.5509306788527062,0.4748111025552486,9.26735141407069,2798.7401270493483,0.9360688077044711,0.8852814582243093,0.4441876669010955,0.25029421141523456,2.2278422281539445,0.5098527980652972,0.06264719226797413,0.2091838359677719,2.4370260641217163,78.50486245989384,23708.468462887944,0.9473662728914766,0.7521556321747426,-0.02839799325234322,0.5476558535789333,4.643663462667211,0.5483916301148571,0.29992693395927,-3.3657749103942156,1.277888552272996,90.82148075396913,27428.087187698668,0.8937591473043311,0.7294175912528092,0.0648251032116496,0.2081848110876478,1.3705597981693505,0.21804405420465062,0.0433409155675996,-0.986746015177747,0.38381378299160346,14.358049291348188,4336.130885987153,0.8669736977735233,0.7057378746074003,0.10804854290346987,0.09849244596530216,0.6141510573630831,0.14620276856404235,0.009700761912227964,-0.2572587034425753,0.35689235392050783,6.455325359808861,1949.5082586622757,0.9427238785411491,0.8232662552330662,0.44762198377063855,0.41144428387700316,3.348859922190197,0.6079899991692477,0.16928639873505996,0.05922383863793447,3.4080837608281316,111.63485540512616,33713.7263323481,void,10
42.46599210323124,39.96799256774705,44.96399163871543,0.8565121714173504,0.7776849422609425,0.42610853437453095,0.06693026063548846,0.4069515301092411,0.4313329837324584,0.004479659788734416,0.2439190319336001,0.6508705620428412,56.186539142374656,16968.334820997134,0.9249911319601746,0.8160620041599483,0.016118170412800812,0.21848673792352394,1.4875484037975246,0.2190804648203913,0.04773645464846263,-0.6491699786299608,0.8383784251675637,14.494867519907451,4377.44999101205,0.9272236189088945,0.8102293276158871,0.1757015578645772,0.1979453666855836,1.0360819348774677,0.2646760390143572,0.03918236819229015,-0.2598971901323468,0.7761847447451209,21.156128499755518,6389.150806926166,0.966411777961905,0.8865153147908243,0.5396780072856868,0.1133377562948179,0.8177415835075614,0.5514506311083464,0.012845447001943537,0.33444624992244215,1.1521878334300035,91.83753516203763,27734.935618935382,0.9388435534017779,0.7459707159057252,0.07546143287118778,0.4417234121186314,2.4896397057519697,0.4481227517820302,0.1951195728137263,-0.9293047721560004,1.5603349335959693,60.64582820073911,18315.040116623208,0.8466186181347904,0.6763350258837093,0.16141909308662988,0.4423842134541157,2.6442743427942683,0.47091391562187535,0.1957037923134166,-1.0596794044783788,1.5845949383158895,66.97149460975068,20225.3913721447,0.8793295435326488,0.7000567195736854,0.11066054502550528,0.1798754280445613,1.1717114516206886,0.21118931279673225,0.03235516961421415,-0.40353039886087483,0.7681810527598136,13.469479603545919,4067.7828402708683,0.9178782698445689,0.7743244889938782,0.5687055516925879,0.37914223967346483,1.7696345156522464,0.683501896435249,0.14374883790461104,0.0676006690404923,1.8372351846927386,141.0868024140357,42608.21432903876,void,10
47.46199117419962,44.96399163871543,49.95999070968381,0.8699370438231084,0.7922748214817811,0.6348608585095922,0.44795275346788616,2.120976571004767,0.776987759882353,0.2006616693394608,0.22570460723689298,2.3466811782416603,182.32041366011313,55060.76492535417,0.906826478317802,0.7824321819959544,0.0313209282968747,0.4764973645254548,2.509645623537171,0.4775256421901154,0.2270497383997042,-0.5343618049217651,1.9752838186154063,68.8652831626228,20797.315515112088,0.9306826675903261,0.7575288723079899,0.06365485246206717,0.30143759977876194,1.3786320888915293,0.3080853238996441,0.09086462656038106,-0.32443559447182563,1.0541964944197038,28.664803174309284,8656.770558641405,0.9214912761402948,0.7799084379376399,0.7781745143688295,0.5666583714596162,2.719816254292038,0.962630398833544,0.3211017099452643,0.22728026529510637,2.947096519587144,279.85049999704523,84514.85099910767,0.9527071615378349,0.8487257880149958,-0.0788401094681574,0.7030702932297588,4.78977945948526,0.7074769254775239,0.494307837222179,-2.183993561529277,2.605785897955983,151.15812722510523,45649.75442198178,0.8729191497557484,0.550112099671867,0.31420884768169277,1.1562007151099671,6.5894991429434615,1.198134922945766,1.3368000936207993,-2.6441313020362402,3.9453678409072217,433.5292426618415,130925.83128387612,0.8752297753970691,0.7277911009672225,0.7113516453180148,1.2756673821672913,5.379991488918464,1.4605986557648876,1.62732726992555,-0.2176784407408645,5.1623130481776,644.2712268331034,194569.91050359723,0.9352988376779156,0.8180524032823294,1.2537836961846047,1.5803245774426384,6.595311768921758,2.017275223386136,2.4974257700692535,0.04097565346948294,6.6362874223912405,1228.9585967200508,371145.4962094552,post-void,10
52.457990245168,49.95999070968381,54.95598978065219,0.8753257121057352,0.4078862404082643,0.4253761559511476,2.0787814078161087,5.579812887504662,2.121856973392339,4.321332141481922,-2.796511066693886,2.7833018208107765,1359.6876586911767,410625.67292473535,0.9094416932781993,0.7680568166002398,2.154741587740526,0.6910138326177088,3.245776156006194,2.262832611309899,0.4775001168690148,0.40561042249874596,3.65138657850494,1546.3642508958885,467002.0037705583,0.8805969791040977,0.7918442529884037,1.6585569039636299,0.6664032269519629,2.4093547539247235,1.7874295131773479,0.44409326089198925,0.5808519241540161,2.9902066780787395,964.8610879023781,291388.04854651814,0.890937606746093,0.7346573964151305,3.456674839458296,0.9321972758888818,4.279079730462436,3.5801665753032617,0.868991761174652,1.1772854768944967,5.456365207356932,3870.912997489443,1169015.725241811,0.9013323607131971,0.7190209490193762,-0.9002831717180219,0.9894161050247127,4.608979754632138,1.337704757471145,0.9789442288822733,-3.271354796792913,1.337624957839225,540.4151134846022,163205.36427234986,0.8487003265941119,0.5084020475671874,-1.0785987394304097,1.7902333401908808,9.696501993954517,2.0900503948545994,3.204935412330998,-6.394901749899909,3.3016002440546073,1319.2298172156236,398407.40479911846,0.8150735612749418,0.4344175649182783,-1.7003404649074727,2.0006204805966967,9.675672055424588,2.6255742236670288,4.002482307382958,-6.093087301547709,3.5825847538768785,2081.8792812033853,628727.5429234223,0.8691674108842904,0.5036115165117752,2.8616980827514773,2.2050144576292547,8.673146776477855,3.6126727882798244,4.862088758354037,0.07120852257578993,8.744355299053645,3941.524211903611,1190340.3119948916,post-void,10
57.45398931613638,54.95598978065219,59.95198885162057,0.8971372276845254,0.3587763719222281,-1.779554148541886,0.37968375916837044,1.7893038762216542,1.819607849117183,0.14415975697622513,-2.7681958394028294,-0.9788919631811753,999.913762819796,301973.9563715786,0.9056788119992926,0.7393276613893821,0.8830940250348792,0.863514272326279,3.4398643337584716,1.2351161708776575,0.7456568985111831,-0.2220217621395018,3.2178425716189696,460.70461058017304,139132.79239521225,0.9305051206716597,0.4828685766939498,0.8707331951948252,0.792357658038323,2.9554361784753724,1.1772879662453726,0.627830658251976,-0.04443304476004,2.9110031337153326,418.57410055078196,126409.37836633618,0.9165051350844466,0.4479236178968544,2.3019966828679883,0.9608865217408835,3.7820119751011374,2.4944922600798973,0.9233029076632934,1.1971239234070161,4.9791358985081535,1879.192473950751,567516.1271331267,0.9250836225999891,0.4433191717818566,0.622904795339339,1.3393680728951376,6.967018477912996,1.4771314155306488,1.7939068346908347,-2.1835603593522253,4.7834581185607705,658.9390000617686,198999.57801865408,0.810823933359843,0.6147816863873393,0.1832537406134641,1.0168266597396691,5.014156097023426,1.0332078152076472,1.033936455957333,-2.151501359375991,2.8626547376474343,322.39055360066027,97361.9471873994,0.8127480483147207,0.36211780760482654,0.306645037829928,1.35666996157227,5.58524679322644,1.390893440871091,1.8405533846325046,-2.356282798049223,3.228963995177217,584.2445382851834,176441.85056212533,0.8740327248743576,0.39212326241024487,1.7116895354700217,1.501379068115172,5.570090155728019,2.2768443451435063,2.254139106174382,0.10892049044192971,5.679010646169949,1565.5740919476123,472803.3757681789,post-void,10
62.44998838710476,59.95198885162057,64.94798792258895,0.9044847016563532,0.8184361609731141,-1.8028679265910048,0.12068241434231691,0.7963648773240879,1.8069025999931594,0.014564245131490659,-2.2201365209607316,-1.4237716436366437,985.998895770336,297771.66652264126,0.9147104316529032,0.8580613349135351,0.4199934294779774,0.3122922606698927,2.264866156449038,0.5233745665190324,0.0975264560743122,-0.7623690129191444,1.5024971435298937,82.72412293745347,24982.685127110948,0.9109926460794963,0.786657143675102,0.3880192944742624,0.2938357128526664,1.83659951784548,0.4867220963054163,0.08633942614763462,-0.5525328248123448,1.2840666930331353,71.54331650764556,21606.081585308955,0.9250407509148385,0.8407405637245033,1.9386241703573146,0.13210854582266238,1.018818538226475,1.9431202592153074,0.01745266787937848,1.525685530403781,2.544504068630256,1140.266335215435,344360.4332350615,0.9204688177852799,0.6831887157788875,0.22661314585214393,1.187840857085562,6.919146662466613,1.209263999147733,1.4109659017617628,-1.5101489912694166,5.408997671197196,441.6204647297,133369.3803483694,0.8269452255754351,0.46601097860038326,-0.13770467553452498,1.2486362791167394,7.715378021123977,1.2562066450988725,1.5590925575264958,-4.125152034997735,3.5902259861262418,476.57265082755043,143924.94054992025,0.8589517622301471,0.6534479158607623,-0.041296938975530696,0.6163721205774837,3.0236183510453363,0.6177540191645319,0.37991459102518405,-2.132600532940345,0.8910178181049916,115.24924851456771,34805.27305139945,0.9199580119343402,0.7137201561710327,1.242416661243688,1.370545666106516,6.089694899544377,1.8498633957725812,1.878395422883354,0.014425252724339341,6.104120152268717,1033.4423640718182,312099.5939496891,post-void,10
2.497819477957904,0.0,4.995638955915808,0.8599560782854979,0.7682707166002406,0.8078924817385814,1.4713528411810235,11.253213357885478,1.678561719240968,2.1648791832514704,-4.134772922847211,7.118440435038267,850.9059724809607,256973.6036892501,0.8912999150496842,0.7881128454370195,-0.6890326968815261,2.143939424808644,16.33677599581503,2.251941898589004,4.59647625724882,-8.390959145400185,7.945816850414846,1531.515179015436,462517.5840626616,0.8532783774007465,0.7902029828481937,-1.1909863305183925,1.3736603432170629,8.972528113624524,1.8180734798156222,1.8869427385272193,-5.038795937951676,3.933732175672848,998.2281357586833,301464.89699912234,0.9449721820630425,0.8614159514267897,2.828957633175454,1.786393475029805,8.98086209623548,3.3457738922304254,3.1912016476290623,0.3593374248335062,9.340199521068987,3380.6492872550803,1020956.0847510346,0.8832878809042072,0.6372466477817591,0.3296318946510009,2.2761147372916346,13.880341150749707,2.2998598834031987,5.180698297316166,-6.131235812705011,7.749105338044696,1597.385355952787,482410.3774977416,0.8035355399907143,0.5694799032607937,0.5390348650278798,3.2988684256936938,24.01534170084787,3.3426174587820268,10.882532890038789,-9.51060061956053,14.504741081287342,3374.2736256778326,1019030.6349547054,0.8001167565513526,0.4584342127980049,0.42064772573654047,3.4916696929681494,25.752335909244664,3.5169165122248236,12.191757244792292,-9.888545766561482,15.86379014268318,3735.347929695804,1128075.074768133,0.8598956533547333,0.6629273518872469,4.02641955276852,3.5523364562052326,21.050450957669504,5.369464471714233,12.619094298084752,0.15928536379935299,21.209736321468856,8707.006911326424,2629516.0872205794,pre-void,11
7.4934584338737125,4.995638955915808,9.991277911831617,0.8913214834259201,0.7026510609304738,1.0974846756685976,0.6381393685496861,3.7836152907465754,1.2695252919971305,0.40722185369299213,-1.1186522375681844,2.664963053178391,486.73172904016053,146992.9821701286,0.9198227508202524,0.8545532940496049,-0.09184312106778283,1.0079368067039378,6.503455530193586,1.01211252595549,1.015936606308531,-3.4367281764431437,3.066727353750442,309.36027308919273,93426.8024729362,0.9233296905937188,0.8279596776989403,-0.15703491732397215,1.154660759416159,5.68050298978559,1.1652902791126547,1.3332414693355013,-3.3672120464711695,2.3132909433144206,410.0862332475234,123846.04244075206,0.949320556443831,0.8637397607531255,1.8535916305465976,0.7471049015890976,4.0976700563785915,1.9984913476947679,0.5581657339784553,0.5567601892919702,4.654430245670562,1206.1782353768765,364265.8270838169,0.9087452020290342,0.5739584414785752,-0.5025043474156002,1.3723195674467512,8.584346386009313,1.4614279367689726,1.883260995197238,-4.64437627406142,3.939970111947894,645.0030275393825,194790.9143168935,0.8343608740171837,0.5585810404089699,-0.02707990243542741,1.3435698060183288,7.165094400970152,1.343842678575153,1.8051798236441294,-3.809317784254299,3.355776616715853,545.3857697175326,164706.50245469483,0.8559908381713287,0.5701063168204312,0.24855414471636342,1.0345408129872795,5.931898294885503,1.0639801955826358,1.0702746937363812,-3.6980964108156362,2.2338018840698672,341.88026469080336,103247.8399366226,0.9136643758726277,0.6948196668837153,1.9428211225068157,1.1398178370521657,5.654948212973838,2.252496085617225,1.2991847016622773,0.0370862923788397,5.6920345053526775,1532.2690619477185,462745.2567082111,pre-void,11
12.48909738978952,9.991277911831617,14.986916867747425,0.9109881984423003,0.8546207432842485,1.7823462024592633,0.3644310271114667,2.3147168487313974,1.819221800370278,0.13280997352151858,0.4097271822050442,2.7244440309364415,999.4895236006278,301845.83612738916,0.9249307737964124,0.8749037003657391,0.032707969918671136,1.0079075824439765,7.403928557342954,1.0084381518190701,1.0158776947480612,-4.368830662015245,3.0350978953277084,307.1181468253671,92749.68034126086,0.9148229213259341,0.8418297104563576,0.05918360617239221,0.7914547854125905,4.935743641231988,0.7936645239596253,0.6264006773524896,-3.264430613282217,1.6713130279497712,190.23081973080167,57449.70755870209,0.9621135282115124,0.904943446149309,2.1510186331266015,0.5740537270334239,4.073421055562042,2.22630160615735,0.3295376815209648,1.0606897080728914,5.134110763634934,1496.8384901567965,452045.22402735305,0.9225776162707577,0.7676730126376645,0.1255900616426478,1.1022447663030384,6.42202287637989,1.1093765764724999,1.2149435248424398,-2.8029495280085683,3.6190733483713218,371.67634930460497,112246.25748999068,0.8536834966513951,0.6943548616100139,-0.00867911551325173,0.9088771357350207,5.447459868513706,0.9089185744102645,0.8260576478618952,-2.4463988160988643,3.001061052414842,249.4921584222122,75346.63184350809,0.8969714036680716,0.6314491306892145,-0.07604815828387806,0.8292435038063837,4.168850262561827,0.832723309979646,0.6876447886050879,-2.337832024928126,1.8310182376337019,209.41528951700423,63243.41743413527,0.9364782108939173,0.8015800455578392,1.4544025981338589,0.7968629473496496,4.100257193763226,1.658396054721938,0.6349905568587704,0.20576795552960317,4.306025149292829,830.5837972438213,250836.30676763406,void,11
17.48473634570533,14.986916867747425,19.982555823663233,0.9064789835140737,0.8488315100566874,1.0793535907648122,0.3392320448665151,1.9018620228525782,1.1314073334397345,0.11507838026431733,0.025373752428681378,1.9272357752812597,386.5849313566856,116748.64926971907,0.8990425222517073,0.8228651269340046,-0.254205409779849,0.8313146795814017,5.670558948875559,0.8693126519549048,0.6910840964875287,-3.4642082918600807,2.206350657015479,228.2227550283586,68923.2720185643,0.92223346568395,0.8013096889548708,-0.3678430164071861,0.6638708095602448,3.7929913956195564,0.7589683369586061,0.44072445178617486,-2.4135086091700697,1.3794827864494867,173.9619468247251,52536.50794106698,0.9592045531397468,0.8796219818406883,1.5367635047405415,0.5001778763733559,4.018563869571539,1.6161126128818475,0.2501779080133601,0.29711501697298365,4.315678886544522,788.7696332097693,238208.42922935027,0.9139468638071024,0.7959579419107043,-0.04388609828187151,0.7856075707818767,5.5652959320795246,0.7868324122023745,0.6171792552698014,-2.901386415841264,2.6639095162382604,186.96978395744668,56464.874755148885,0.8718349934191556,0.5231621768610405,-0.04611204680614325,0.6551329923283886,3.0343678068668343,0.6567538035655375,0.42919923763714857,-1.2888815728977254,1.745486233969109,130.26031866633576,39338.61623723339,0.8660832127175109,0.49070639952222517,-0.20005511348184668,0.6340455342863095,3.0551810941791215,0.6648577201015615,0.4020137395484117,-1.5223638377814095,1.532817256397712,133.49480796955118,40315.43200680446,0.9079240595739876,0.7949714359944884,1.1038226210819206,0.5234904130511784,2.891514483136599,1.221665498967968,0.2740422125564933,0.2144060629524799,3.105920546089079,450.72491059333356,136118.92299918673,void,11
22.480375301621137,19.982555823663233,24.97819477957904,0.9029478027466212,0.7937920273808462,0.7914375273940739,0.31545193525158727,2.2670338549591547,0.8519878421794628,0.0995099234539716,-0.20958291194381976,2.057450943015335,219.21675153292838,66203.4589629444,0.8901005297276264,0.8307693986105217,0.08992942150908921,0.9440468525149152,5.6989777771760775,0.9483204946621566,0.8912244597433179,-2.804308852128017,2.89466892504806,271.59215170007576,82020.82981342287,0.8918538935767941,0.8457459773079165,0.20701638213014073,0.7174788505511723,3.7268547853232246,0.7467474027129145,0.5147759009882314,-1.7217153467616686,2.0051394385615557,168.40476840446212,50858.24005814755,0.9731965594083292,0.8914336476451794,1.3587586838034544,0.5801737381725258,3.0775592568954995,1.4774392465602022,0.33660156646508255,0.4261434303767865,3.503702687272286,659.2136716374662,199082.52883451487,0.8867069348361636,0.8454803354364859,-0.13685045453699843,0.7553510035899507,5.447041246016991,0.7676478265007521,0.5705551386243457,-2.694772821305127,2.7522684247118643,177.96352203046132,53744.98365319932,0.8699878234451659,0.6448982348938546,-0.10365870430487409,0.6391557134391455,3.9868670582187353,0.6475068748670306,0.40852002602190307,-1.651387887342001,2.3354791708767344,126.61807620602065,38238.65901421824,0.8343608740171837,0.42371579493224154,-0.09389351665014384,0.8443228056701616,4.122965218396645,0.8495275114107043,0.7128810001747334,-1.9794113891772012,2.143553829219444,217.95249177838662,65821.65251707277,0.9075133174099114,0.6470148625128803,1.169809741612292,0.6014902323430069,3.0596521852651017,1.3153879014097178,0.3617904996040444,0.14844787417811917,3.208100059443221,522.5340900148685,157805.29518449033,void,11
27.476014257536946,24.97819477957904,29.97383373549485,0.8932585169598121,0.8391542908352417,0.3929494367852227,0.2990945356660292,1.725283722134637,0.4938287163937527,0.08945754126527762,-0.5172159629338449,1.2080677592007922,73.64777394280063,22241.627730725784,0.903660145510152,0.858860635532274,0.4015673583974438,1.0201790411088187,6.048570731205848,1.0963674654275408,1.0407652759177088,-3.1051903794125217,2.9433803517933264,363.010529012899,109629.17976189547,0.909357216363429,0.8366801211656372,0.7129610563187432,0.9695557497872545,4.406268015836879,1.2034748937026742,0.9400383519455252,-1.6660367631783908,2.740231252658489,437.40224957134427,132095.479370546,0.9583080750965111,0.9122533080389625,1.4965948253672112,0.8089772362927531,4.002195878676278,1.7012466723423076,0.6544441688398609,0.09161873851012889,4.093814617186407,874.0605525270439,263966.28686316725,0.8993926394152136,0.8199153561394283,-0.019390859322253325,1.1475067698567871,7.78711048389547,1.1476705939826168,1.3167717868671573,-3.657315186295565,4.129795297599904,397.77863327230864,120129.14724823722,0.8781607075000198,0.6924565676345276,-0.007097660703020997,0.6329373408411696,3.046051009731448,0.6329771356206686,0.40060967743109094,-1.6437457692992539,1.4023052404321943,120.99933637400096,36541.79958494828,0.8849413556447321,0.6022447179832534,-0.022938189121849455,0.6302175444166933,3.5047015347999624,0.6306348498226185,0.39717415329060685,-2.3261267386118774,1.178574796188085,120.10549477086056,36271.8594207999,0.9424252544328947,0.7993805938334212,1.2245640397100415,0.7848255047912112,4.0949168973348895,1.4544786558494955,0.6159510729707793,0.13980898909311132,4.234725886428,638.8834644171702,192942.80625398533,void,11
32.471653213452754,29.97383373549485,34.96947269141066,0.93717188541605,0.8189807896482351,0.5079234926800986,0.34855627328044414,2.522346117573711,0.616017654016102,0.12149147564315166,-0.5041866015131476,2.0181595160605634,114.60228051796959,34609.88871642681,0.9064610474964593,0.8534817078363249,0.5962601989138581,0.859465529427878,6.937065928401243,1.046043603815604,0.7386809962747426,-2.4156104134782885,4.521455514922954,330.45058076722796,99796.07539170288,0.9191496523363976,0.8283829735918519,1.0577762865040523,0.5280971387428567,2.901814203702031,1.1822763045239022,0.27888658794839205,-0.1657228767134005,2.7360913269886304,422.12873259208584,127482.87724280989,0.9610436215537516,0.8866059589257466,1.5495294849947359,0.6858721502683146,5.316101200213303,1.6945389436013953,0.4704206065136815,0.34099377471114256,5.657094974924445,867.1815938772833,261888.84135093965,0.9046106713396296,0.7528246957400869,0.1023777627602932,0.839678850690099,6.294175951937217,0.8458970260049674,0.7050605722962455,-1.2633290461073787,5.030846905829838,216.09361713842262,65260.27237580363,0.8634993635442512,0.709070938653115,0.1055541980907038,0.5448165522545092,4.151387323658017,0.554947532966011,0.2968250756104903,-2.339721390643503,1.811665933014515,93.00596283220867,28087.800775327018,0.8994592905460264,0.6198671586767139,0.14098512326244664,0.5220923169119004,2.538577022419949,0.5407931141941099,0.27258038737843626,-1.2682451582783896,1.2703318641415595,88.3220720926486,26673.265771979874,0.9429397981297664,0.7279085765266506,0.9416089190078827,0.6552391769069371,5.151036504739623,1.147155497440898,0.4293383789536804,0.1388106462867908,5.289847151026414,397.4216520632799,120021.33892311044,void,11
37.46729216936856,34.96947269141066,39.96511164732647,0.9038771919791063,0.7255170678652936,0.7322282382428075,0.39894585320841375,1.8422537808546253,0.8338560947024103,0.1591577937921892,-0.1591905658910084,1.6830632149636169,209.98542797505118,63415.59924846546,0.9028594759413192,0.8404124111628192,0.6192287416183773,0.8304532902147479,5.6125882571786825,1.0359039056180739,0.6896526672285003,-2.197653020729252,3.414935236449431,324.0752643057833,97870.72982034655,0.9230142699375411,0.8704891257529137,1.101806932216614,0.4919202916828427,2.7248342406340615,1.206633369855947,0.24198557336933305,-0.5415527540332778,2.1832814866007837,439.7011549534755,132789.74879594968,0.9190207329163422,0.8652871774364713,1.6864520604672308,0.6166493536385844,3.7539779334336973,1.7956550274473806,0.38025642534288395,0.5842538635229968,4.338231796956694,973.76184723431,294076.0778647616,0.9306683939070177,0.7728476305054405,0.056751006362162806,0.7316718148033349,4.752621344473547,0.7338694170632293,0.5353436445776055,-2.5852083677295785,2.1674129767439685,162.64642503281863,49119.220359911225,0.8958048054817751,0.5052712331469323,-0.22740569460808763,0.709831078101376,3.611073142255436,0.7453680361933618,0.5038601594385618,-2.1415286402447937,1.4695445020106426,167.78319983238208,50670.526349379405,0.8894893450248638,0.45621079940624737,-0.226623655279267,0.6796197409324275,3.0403964193879913,0.7164085938884289,0.4618829922650599,-1.6448919964101951,1.395504422977796,154.99886456595317,46809.65709891784,0.9302138205323047,0.6125300157327752,1.1398716693808584,0.5550420537396815,2.7054829256321495,1.267824555716077,0.30807168141956354,0.11259604702522977,2.8180789726573794,485.4284894311538,146599.40380820847,void,11
42.46293112528437,39.96511164732647,44.960750603242275,0.9154112864261797,0.8620003543812148,0.2315277270151197,0.244338204778824,1.6239809675500867,0.33660993255001603,0.05970115831453853,-0.4805692578901829,1.1434117096599037,34.21848650078055,10333.982923235722,0.9155686327086738,0.8438578009777222,0.4208754092629933,0.7887964082971054,5.097855011880147,0.8940558617137444,0.6221997737424139,-2.028494768923367,3.0693602429567797,241.3994369271412,72902.62995199664,0.9175135503228481,0.8521378166830996,0.6733762329772993,0.8833324155402723,4.239233202547169,1.1107257570988935,0.7802761563442123,-1.6380558386939503,2.6011773638532185,372.5809356598389,112519.44256927137,0.9553376700264158,0.9206391746617898,1.2825241700357157,0.7081564737493693,3.4639809384159768,1.4650439713670518,0.5014855913131412,0.21752191977116908,3.681502858187146,648.1988590877606,195756.0554445036,0.9102765858700024,0.8421212983765539,0.06016283299767568,0.908003638970205,3.954655220933563,0.9099946015540096,0.8244706083831344,-1.4580373139150469,2.496617907018516,250.08323280694708,75525.13630769803,0.8775075146278516,0.6811531999943025,0.06357472760440726,0.38236004304385146,2.4459691138291033,0.38760927298823816,0.14619920251649596,-1.1429488990309506,1.3030202147981527,45.372766448954096,13702.575467584142,0.9066775071201029,0.6208333120617702,-0.026528488616410575,0.349950357824818,1.9221134256717827,0.3509544324410067,0.12246525294171813,-1.1425695361307302,0.7795438895410524,37.19704212229672,11233.506720933608,0.9232223768564379,0.8725903886468561,0.9343278045876605,0.4780498829497845,2.5015206726459,1.0495237667694335,0.22853169058830267,0.1132477737033502,2.61476844634925,332.65304137819794,100461.21849621575,post-void,11
47.45857008120018,44.960750603242275,49.95638955915808,0.9430325181986796,0.8531313464511139,-0.4056346994816686,0.33571836181789994,1.7735310334770586,0.5265418576763655,0.11270681846169439,-1.3205021464687454,0.4530288870083133,83.72839102135393,25285.97408844888,0.9071299009246668,0.8318293199547696,0.04387258141851838,0.6683718779748392,5.185520274600826,0.6698102497483431,0.44672096726761334,-2.7993028671571083,2.386217407443718,135.49102274171725,40918.288867998606,0.9289692566169948,0.8507688896527206,0.08926096369633624,0.5367058429363051,3.1038115348826327,0.5440778266773684,0.28805316184196983,-1.7720151833767874,1.331796351505845,89.39824580755447,26998.270233881456,0.9690867501423982,0.9333434984459429,0.8904111215621648,0.478623875954378,2.9788677436767075,1.0108970175221532,0.22908081463359184,0.15570393297208499,3.1345716766487923,308.6176595706257,93202.53319032892,0.9064848983668548,0.8056861657023672,-0.07571187215068234,0.7349205274649893,4.89782375672312,0.7388101713390113,0.540108181689418,-2.6015171066556118,2.296306650067509,164.84382172074172,49782.834159663995,0.8870099934778638,0.5367901436099191,0.09389570479653864,0.5534497525964809,3.490829958780032,0.5613582029580975,0.3063066286491059,-1.2094549190774044,2.2813750397026276,95.16715567256006,28740.481013113145,0.8968756663569941,0.5302087630650356,-0.10223079117884354,0.5123522848725339,2.859056305422612,0.522451910207206,0.26250486381410615,-1.3402182606604647,1.5188380447621472,82.43271154070585,24894.67888529317,0.9018231515214898,0.7601808467509427,0.9159642082069306,0.5430737234163819,3.496023591828192,1.0648565630081277,0.2949290690653329,0.14533978904431427,3.641363380872506,342.4436889340077,103417.99405807034,post-void,11
52.45420903711599,49.95638955915808,54.95202851507389,0.9444152272204153,0.8463076449142819,-0.9132820406585863,0.24718601704963616,1.6277929797825026,0.946142173679186,0.06110092702486302,-1.834958206925852,-0.2071652271433495,270.3458738699412,81644.45390872224,0.8993366501010905,0.8457224436251989,-0.11446595499444448,0.7048806007055654,4.843025383353141,0.7141142178278127,0.4968566612510386,-2.6061446350463187,2.2368807483068225,154.00765306335626,46510.3112251336,0.9013304374136413,0.858722179074173,-0.2261244129665542,0.5067250938105151,2.865875171061912,0.5548896924945931,0.25677032069727534,-1.6657254141803919,1.2001497568815205,92.98657639269672,28081.9460705944,0.9698901483436133,0.9523730470537075,1.2388925321502653,0.42212793503540014,2.7589825447573744,1.3088340994010461,0.178191993537251,0.30067908913921026,3.0596616338965847,517.3401033259942,156236.71120445034,0.9004084180102924,0.8573563192353089,0.1882693878069251,0.707009249400346,4.6455137318845106,0.73164707415723,0.49986207873764077,-2.0096614959943144,2.635852235890196,161.66284721909622,48822.17986016705,0.8797622582317022,0.6794233910962952,0.04136209015320088,0.49483567605211726,2.785012262546371,0.496561344443763,0.24486234629395592,-1.556425390022228,1.228586872524143,74.46509697633083,22488.45928685191,0.9176412125634957,0.5314333138970004,0.09975484046488402,0.4795958383369876,2.36105500087376,0.489860384544752,0.23001216815015793,-1.2805277341558705,1.0805272667178893,72.46888529659236,21885.603359570894,0.9246010143311579,0.7431092704094591,0.8833209120010836,0.49151599433440485,2.585963752436353,1.010862901814566,0.2415879726865387,0.11995682859001906,2.705920581026372,308.5968294920194,93196.24250658986,post-void,11
57.449847993031796,54.95202851507389,59.9476674709897,0.926380646587544,0.8547013878670008,-0.642480211659296,0.27156146586068114,1.8635608725695005,0.6975144816519409,0.0737456297404019,-1.712575208568981,0.15098566400051955,146.93098853848107,44373.158538621276,0.9186482868438403,0.8543283528865881,-0.574433281756831,0.6998451156799733,5.660816459984005,0.9054042086996493,0.4897831859411153,-3.740205461133949,1.920610998850056,247.56654790157353,74765.09746627523,0.9096725838118648,0.8093097336179885,-1.0040048175591458,0.5139072885918528,2.9245060996788665,1.1278857987180277,0.26410070126782986,-2.7194752383848977,0.2050308612939689,384.1821652348407,116023.01390092184,0.9383784249286604,0.9246766380566979,1.4941535863344362,0.5881451084885092,4.20037693438842,1.6057426967590471,0.3459146686389603,0.4757247295187389,4.6761016639071595,778.6797016748952,235161.2699058184,0.9116016687480055,0.780902673307183,0.13796921982774413,0.7198188874109598,3.4976576404973088,0.7329220533545354,0.518139230673552,-1.3068297633543222,2.1908278771429863,162.2267703606154,48992.48464890584,0.8445499007936142,0.7323845488036409,-0.1456960647194181,0.4797671009021574,3.6517372111215933,0.5014018492016017,0.23017647110806086,-1.644457626722041,2.0072795843995523,75.92395194360128,22929.033486967586,0.9113182818381806,0.7565864163641879,-0.07636853425090877,0.3118380396243257,2.0340832472979873,0.3210531357585139,0.09724296295674255,-1.2425762028546792,0.791507044443308,31.12868502607318,9400.8628778741,0.9237848288193791,0.818019679985608,0.8296571425126493,0.4509131762704816,2.663019709633855,0.9442741480399582,0.2033226925343344,0.09310591872203355,2.7561256283558886,269.27940733028987,81322.38101374755,post-void,11
62.445486948947604,59.9476674709897,64.94330642690551,0.9199840053826385,0.7766954646847395,-0.5357695518582044,0.3157609717971922,2.0020233421387053,0.6218954928351293,0.09970499131030722,-1.5761544854460945,0.42586885669261093,116.79970921061181,35273.51218160479,0.933671493377337,0.8437297350231301,-0.558577915108691,0.677053474403578,5.2623638693441,0.8777304224242934,0.45840140720195643,-3.204423713941776,2.0579401554023242,232.66402972363682,70264.53697653832,0.9282694425129668,0.8398643950308955,-0.9947652540760865,0.7360605134528725,3.98374293788273,1.23747444021344,0.5417850794645063,-3.26508471160417,0.7186582262785597,462.4655830348333,139664.60607651965,0.9201706537566636,0.8962141182525505,1.4935991691376505,0.6765125354275884,4.0389056200465685,1.639666944424795,0.457669210590664,0.35062717967345014,4.389532799720019,811.9293219690819,245202.65523466252,0.9279728940840595,0.8408894058307107,-0.07904884109525838,0.6410038492063369,4.505239833029316,0.645859624048325,0.4108859346973403,-2.091527985871243,2.413711847158073,125.9746655007048,38044.348981212854,0.8632143744873559,0.4742411615043889,-0.08786079204043469,0.8498176232175063,5.266466729182411,0.8543474185066774,0.7221899927310514,-3.8504498279037573,1.4160169012786532,220.43267247572518,66570.66708766902,0.9017765322219673,0.4962373071415725,-0.06748263388254953,0.5978437731915204,3.8374101509213294,0.6016403269558984,0.3574171771438741,-2.456014152405313,1.3813959985160165,109.31526707191931,33013.21065571963,0.9054439354858916,0.7437014136217118,0.9972582392626199,0.717280456116913,4.313028576738617,1.228419817694451,0.5144912527272868,0.184119087094014,4.497147663832631,455.72260504834935,137628.22672460147,post-void,11
67.44112590486341,64.94330642690551,69.93894538282132,0.9338832978740729,0.8474960731471624,-0.43429184432301654,0.21893842662316285,1.399518220383026,0.4863573179234721,0.04793403465222606,-1.1884940171535963,0.21102420322942986,71.43611909070943,21573.707965394242,0.9055955957427391,0.8578325645748366,-0.30072952831797556,0.6290947979667092,5.0690424754390655,0.6972793658435094,0.39576026482877463,-2.9509939926887574,2.1180484827503077,146.83195123740023,44343.24927369486,0.9246496048880009,0.8660054858599323,-0.4939907961589141,0.5295700014386772,3.675489091553852,0.7242039029951982,0.28044438642376057,-2.398862295949082,1.2766267956047699,158.3903305202705,47833.87981712171,0.9357304555428183,0.9188933856381175,0.9856847419011372,0.5250131783351792,3.450202783202749,1.1167870199112804,0.27563883742560674,0.16301892198675816,3.613221705189507,376.6584008483802,113750.83705621083,0.938830669930175,0.876698993996856,0.12369013476190592,0.6864066436740687,4.189695733272078,0.697462063425186,0.4711540804798999,-1.7367890434451554,2.452906689826923,146.90890563503012,44366.489501779106,0.8836780572396757,0.7030521712118089,-0.16865805984541016,0.3831865960981264,2.4395200008742104,0.4186615680714992,0.14683196742926863,-1.2624672661405203,1.17705273473369,52.933807591186145,15986.009892538212,0.880164832740547,0.6172607338171346,-0.06503268005759066,0.4455035790772438,2.218909933348603,0.45022515305800825,0.19847343897063402,-1.2286339305063392,0.9902760028422635,61.216211910724304,18487.29599703874,0.9098616600679879,0.8097205726700004,0.8545018451339385,0.3664152338620852,2.4253442573230255,0.9297491742096423,0.13426012360620657,0.15583715016630892,2.5811814074893342,261.05892513694056,78839.79539135615,post-void,11
72.43676486077922,69.93894538282132,74.93458433873712,0.9255901705839363,0.788640884298466,-0.8041503163580094,0.1989549244177383,1.2706186153815824,0.8283965193364555,0.03958306195006796,-1.4424367866762886,-0.17181817129470628,207.24471956112387,62587.90530745939,0.8975264685115911,0.8353950469615953,-0.35554796055681376,0.5905144049538105,4.967153554623121,0.6892906605446374,0.3487072624579529,-3.126864483468665,1.8402890711544566,143.48672764364687,43332.99174838135,0.9172506541685715,0.8293689860971034,-0.6233052667737029,0.4030678225864911,2.681499795587706,0.7422756396329143,0.16246366960461509,-2.2059232832331075,0.4755765123545987,166.3938838081205,50250.952910052394,0.9614198079978112,0.9238704414479505,1.241692361568935,0.4129595771702485,3.4372767902629815,1.3085623917701705,0.17053561237663045,0.45026836107983226,3.8875451513428136,517.1253310128913,156171.84996589314,0.9186117038851057,0.7459852066257876,-0.06736764697024275,0.65106048476358,4.80535517908926,0.6545365953702628,0.42387975482058776,-2.0197793057300566,2.7855758733592038,129.3822827130263,39073.449379333935,0.887442591649705,0.6042905446478005,-0.0221812245584481,0.36028887029072165,1.599865726279131,0.36097101930525777,0.12980807005536446,-0.7599442296140011,0.8399214966651298,39.35062318703958,11883.888202485949,0.9052605546123226,0.545758668100022,-0.049576998261495524,0.3327939196602064,1.8021936268414902,0.3364664496193108,0.1107517929628039,-1.0464449202353165,0.7557487066061735,34.18932085926611,10325.174899498365,0.9506116843749565,0.7997330702773043,0.7366341654047928,0.3595803241766443,2.6647750763122304,0.8197120855377186,0.12929800953498063,0.14716769354295656,2.811942769855187,202.922226759332,61282.512481318314,post-void,11
77.43240381669503,74.93458433873712,79.93022329465293,0.9060022025031987,0.8391051923852982,-1.0484696427005706,0.2285210458627848,1.4442971516701864,1.073084554015611,0.052221868402221,-1.9175735003473449,-0.4732763486771586,347.7561589401987,105022.35999994006,0.9121477374010181,0.8399408874581297,0.024884889134236917,0.7788621028657168,7.402676380951917,0.7792595414800063,0.6066261752804064,-4.51910612051483,2.883570260437087,183.38812076226415,55383.212470203776,0.9113334846503158,0.8413025583013791,0.04108108923175722,0.6257536852854341,4.3110949700843975,0.6271007339660588,0.3915676746483021,-2.7755429287841724,1.5355520413002255,118.76310982331242,35866.45916664035,0.9318844390007776,0.8703006644749217,1.383146000663904,0.4887927622650833,4.679171126906218,1.466973491101759,0.2389183644427302,0.7359005615547686,5.415071688460987,649.9073895257752,196272.03163678417,0.9080308839873447,0.7458046296431423,-0.056751276607340556,0.7966806618036224,5.344829175329601,0.798699433008701,0.6347000768918577,-1.5190664565352734,3.825762718794328,192.65207685510302,58180.927210241105,0.8879403879451783,0.6596936814152927,-0.060989282116406716,0.4264598081289026,2.5984473418130385,0.4307988631396502,0.18186796794934043,-1.3229056535973753,1.2755416882156632,56.04747346568936,16926.336986638184,0.8997810187969234,0.5575685100895054,-0.06116553456014678,0.374138456400568,2.0166742238827613,0.3791052718913682,0.1399795845577997,-1.1371068005110108,0.8795674233717508,43.40368376710012,13107.912497664232,0.9069818481811268,0.7518380526988441,0.8461580120275087,0.5012443222903559,3.911840536872882,0.9834781400451481,0.2512458706283181,0.14065236641804282,4.052492903290925,292.1032340878925,88215.17669454355,post-void,11
82.42804277261084,79.93022329465293,84.92586225056874,0.9265929648912514,0.8329575006125397,-1.2003117669247372,0.2225247248358347,1.5623096269543075,1.2207643470306824,0.04951725316326394,-2.019841798487363,-0.4575321715330555,450.060208476337,135918.18295985388,0.8991399473215645,0.8665000818792955,0.31809812063605647,0.6009673499690273,4.581212686754116,0.6799618886974376,0.36116175572879533,-2.3177397276694185,2.2634729590846967,139.6291473644579,42168.00250406627,0.9150722532514599,0.8577320518461299,0.5273919199200279,0.5259365574868649,3.1601359177942405,0.7448164201318789,0.27660926250113427,-1.3679659830337103,1.7921699347605302,167.53495290881636,50595.55577846256,0.9327012419429975,0.9076470834881499,1.545117232858958,0.34637840215951493,2.066554126974209,1.5834662171199936,0.11997799748257865,0.8565467264954328,2.923100853469642,757.2243087496113,228681.7412423827,0.9176684542125084,0.7434317948530453,0.04378542759212008,0.697546566414794,4.401578064696466,0.6989194345462811,0.4865712123170686,-2.069636461070745,2.3319416036257206,147.52348954792097,44552.09384347215,0.8643533808788301,0.6517170883514883,0.006989304095239486,0.3565807888176324,2.2017595087847623,0.3566492805622082,0.12714985895380493,-0.9836909323112991,1.2180685764734631,38.41401021631328,11601.031085326613,0.888818726380989,0.7130167453620181,-0.046368377677832535,0.25422239564021865,1.7147454093423151,0.2584164330949678,0.06462902644505185,-1.0739266852268792,0.640818724115436,20.167273973844843,6090.516740101142,0.9477507727265584,0.8318128687755684,0.707694645469543,0.4261859065939393,2.4668311727528778,0.8261150877484081,0.18163442697929794,0.11028847785948012,2.577119650612358,206.10477373807913,62243.6416688999,post-void,11
87.42368172852665,84.92586225056874,89.92150120648455,0.9265379805023242,0.8548621704052567,-1.2659670229570044,0.19086014709242521,1.4628420215017572,1.2802734469490347,0.03642759574814219,-1.8862190604386646,-0.42337703893690737,495.00822988675435,149492.48542579994,0.9140937620781444,0.8466872158998487,0.23444137553121905,0.6854944435498275,6.241554805954608,0.7244759421117154,0.4699026321376876,-3.964789040893146,2.276765765061462,158.5093479909946,47869.82309328038,0.9057373151564458,0.8507362708594324,0.3480240839318248,0.49485060526622676,3.488904978178475,0.6049775901047384,0.244877121532351,-1.8223891281835052,1.66651584999497,110.53136112773892,33380.47106057715,0.9509455684593981,0.9296347917991201,1.5402610057601651,0.3969375370572077,3.8126021044796627,1.5905858587924002,0.15755940832504214,0.7086233699515954,4.521225474431258,764.0489390054879,230742.77957965728,0.9387885497480635,0.8641466417444422,0.13231843871912777,0.6411599924119353,4.547989528435771,0.6546711427081086,0.411086135869673,-2.088665343876036,2.459324184559735,129.43548013861167,39089.515001860724,0.8618356525456133,0.7218793646358748,-0.06305046182890846,0.35664085092569253,1.9261528231258183,0.36217130930795816,0.12719269654900203,-0.9355364206451248,0.9906164024806934,39.61275330032389,11963.051496697812,0.9218590990651844,0.6122639609425378,0.007110291204894759,0.33247059322681866,1.7593492376015634,0.33254661568208915,0.11053669536059273,-0.6619344619858272,1.0974147756157362,33.39734998368656,10085.999695073342,0.9629258134502691,0.8733348578945381,0.7387308875136549,0.35302448897417893,2.289400877090012,0.8187488100645963,0.12462628981548018,0.17560609962017898,2.4650069767101908,202.44558342262212,61138.56619363188,post-void,11
2.497837553778723,0.0,4.995675107557446,0.882994230576776,0.7945720993694163,-1.1944309204393622,1.9588097511695592,11.349257394636895,2.294253879800266,3.83693564127695,-5.5199473371318515,5.829310057505044,1589.6074612235288,480061.4532895057,0.8792488272528128,0.8193197996166595,0.9640865233708282,1.6577538777406053,12.893490946601293,1.917709765243235,2.7481479191640137,-6.115290472401124,6.778200474200169,1110.6384446001978,335412.81026925973,0.8928937269494454,0.7830352756529568,1.2045174478858054,1.3588103867009327,7.726267020175891,1.8158270703091943,1.8463656670063382,-3.4814326531818343,4.2448343669940565,995.7628406788369,300720.37788500864,0.8966045585141051,0.8537720134846459,3.2395697382831172,1.320464868429207,7.425375331101424,3.498348118463271,1.7436274687557634,0.6589430264575571,8.084318357558981,3696.0087465025636,1116194.6414437736,0.8877350526701128,0.685165188857703,0.3191247052400789,1.9454414598985657,11.278714255422328,1.9714418711660837,3.7847424738922624,-3.8169478188371246,7.461766436585203,1173.7480815188226,354471.9206186844,0.808085243851088,0.5855694618371229,-0.030390847433679275,2.3171407321336934,14.728795733306534,2.3173400216888345,5.3691411725130695,-6.405439667685122,8.323356065621413,1621.7595623884838,489771.38784132205,0.8090975584626275,0.5708593231948724,-0.19400370727386596,2.5783911860876687,13.512595799078323,2.5856795135767654,6.648101108494575,-7.819935593122054,5.692660205956269,2019.0930411730346,609766.0984342566,0.8478433205034102,0.6967713572842047,3.261064302739876,2.3038762961222345,12.232018561292897,3.9927918020400486,5.307845987833906,0.03836418375754216,12.270382745050439,4814.600685080342,1454009.4068942629,pre-void,12
7.493512661336169,4.995675107557446,9.991350215114892,0.8752920763578453,0.7283883777465515,-0.7414853559266806,1.9199575642001967,12.578882460642147,2.0581636430039447,3.6862370483295526,-10.613775909304387,1.9651065513377606,1279.2833495777475,386343.57157247973,0.8624505276864777,0.7549161536592205,0.043225033296460554,1.629688608657614,17.175870653438217,1.630261747294547,2.6558849611883897,-7.844592483728934,9.331278169709282,802.6415161369447,242397.73787335728,0.8704345056187933,0.7233455113761734,0.03432285021700731,0.8545006935438614,5.800786570392582,0.8551897411182849,0.7301714352669402,-2.1214015715446255,3.679384998847956,220.8675469808157,66701.99918820636,0.9555525127854162,0.7814197837171646,1.870785454677406,2.0310840016987357,12.75337899807942,2.761365683749456,4.1253022219565505,0.10505815399230693,12.858437152071726,2302.7924126955077,695443.3086340434,0.8659944731094956,0.5774925537079114,0.08179898734315923,1.796680495139763,9.565691671897902,1.7985415969462673,3.2280608016156638,-3.340681154780783,6.225010517117118,976.8950665357008,295022.3100937817,0.7608637577678612,0.4234915348578729,-0.0010247039475890331,2.4741182508233583,13.490547379461487,2.4741184630238333,6.121261119057235,-6.412493263067663,7.078054116393824,1848.6211750607754,558283.594868354,0.701281577243388,0.3471645013623243,0.1563741242912532,2.5732892578690203,14.147432915069658,2.578036165652443,6.621817604664093,-6.131215723826674,8.016217191242983,2007.1736823664087,606166.4520746556,0.8218307385884793,0.625644718858266,3.250370444735251,2.3318182794602498,10.08178907945468,4.000285554361512,5.4373764884249605,0.13617782348119264,10.217966902935872,4832.689923962885,1459472.3570367913,void,12
12.489187768893615,9.991350215114892,14.987025322672338,0.88941047599247,0.7861722752166743,0.4144647948078436,0.6710175631786511,4.828282113846122,0.7886986980015391,0.4502645700942151,-2.536741308377249,2.2915408054688724,187.85778214125554,56733.050206659165,0.8859931804257943,0.7856549174733962,0.029146585996714613,0.9771851581991955,9.774501218009176,0.9776197404308338,0.9548908334047868,-4.112616196146806,5.6618850218623695,288.63358777777535,87167.34350888815,0.8826794745896913,0.7818637109477672,0.08889791129052323,0.5548543346099617,4.204553251599968,0.5619307530890982,0.3078633326354634,-1.9168935686133985,2.2876596829865696,95.3613837227189,28799.13788426111,0.9512740355583641,0.8221645902175674,1.1221681010392106,0.7964238302478819,5.925821196984085,1.3760640117293435,0.634290917386707,0.13666901382921037,6.062490210813295,571.8527536417497,172699.53159980843,0.93015518223032,0.6353876357216431,0.006807807551588155,1.2023587316202118,10.19120035558193,1.2023780045173083,1.4456665195033647,-4.834680658734902,5.356519696847029,436.6052854556013,131854.79620759157,0.8319860325520472,0.5047229122712641,0.22691177611144792,0.8713896048443441,5.63561628070145,0.9004492198724112,0.7593198434307822,-3.1265239546121184,2.5090923260893314,244.86425686578787,73949.00557346793,0.8784541171437606,0.4682219977467359,0.25708910030358567,0.58402197625191,3.433438733445437,0.6381038114915892,0.34108166874518653,-1.18436665776226,2.249072075683177,122.96729522050828,37136.12315659351,0.9398736948332772,0.6411105287074548,1.3113874591341428,0.9715765896632385,5.422951001852752,1.6320839860607517,0.9439610695816489,0.12415292115593897,5.547103923008691,804.4368375418974,242939.92493765306,void,12
17.48486287645106,14.987025322672338,19.982700430229784,0.9266216426201361,0.8385910158578992,0.42785077806024135,0.3238702020327339,2.2738796583724143,0.5366080469499854,0.1048919077647239,-0.6546048800807918,1.6192747782916226,86.96035520754629,26262.027272678984,0.9323108869322613,0.8278680465802831,-0.6149708484327882,0.4594729071207716,2.776043371417992,0.7676617072644413,0.2111153523780132,-2.2733217922620446,0.5027215791559475,177.96995803364732,53746.92732616151,0.9284447664366297,0.7017689391212123,-0.835776991749224,0.453731690587048,2.111591343799869,0.9509971750643444,0.20587244704298066,-1.811754490676244,0.299836853123625,273.12747934806976,82484.49876311704,0.941486891056634,0.8126776087279834,1.2359149355587637,0.5041454074915042,2.782323878819291,1.3347839974437803,0.25416259189477475,0.09554744630879825,2.877871325128089,538.0577925892634,162493.45336195742,0.9196057368168794,0.6221855897211938,0.11225478506383847,0.7828551912665872,3.445271094348398,0.7908624325777356,0.6128622504930448,-1.5202332640393086,1.9250378303090894,188.88994295335755,57044.762771913985,0.8809242600952136,0.536342454110833,-0.024228598540513204,0.5890644639800477,3.5540419679488506,0.5895625223089901,0.34699694272410103,-2.193057487542558,1.360984480406293,104.9703582488242,31701.048191144902,0.8969937993411708,0.4902670254892743,-0.02173241866850143,0.4792339823636128,2.3584212667775546,0.4797264927781981,0.22966520985208755,-1.3845534726837803,0.9738677940937746,69.50152737772771,20989.461268073766,0.9171261983091983,0.7320827527135564,0.9856837829534173,0.481261200254106,2.607173594878026,1.096897836102972,0.23161234287002272,0.19099744110898492,2.7981710359870107,363.36182857990946,109735.27223113265,void,12
22.480537984008507,19.982700430229784,24.97837553778723,0.9410755409543887,0.7236439843301042,0.18669118060715698,0.7138572082944475,3.4257618614103493,0.7378656454602263,0.5095921138339423,-1.7199021189370884,1.7058597424732609,164.42260464663178,49655.6266032828,0.8974389922060683,0.823840330332803,-0.7679707105324484,0.7301783529141458,5.36639029367735,1.0596883689557646,0.5331604270644148,-2.9526896488029815,2.413700644874368,339.12771066863877,102416.56862192892,0.9005776363690187,0.807560894018717,-1.0616279021393675,0.45221588679257474,2.6200274164823067,1.1539293786313047,0.2044992082675948,-2.188370637762362,0.43165677871994484,402.12900928226554,121442.96080324415,0.9168779650742891,0.8261784729534212,1.6366516999581104,0.5659588094050841,3.2481799136205023,1.7317442539009602,0.32030937394322034,0.6046119265217602,3.8527918401422627,905.679324597536,273515.15602845605,0.9017367363410705,0.7163846337082171,-0.04206321009379883,0.748363174744393,3.7951984556042797,0.7495443649023731,0.5600474413135068,-1.8004514932676587,1.9947469623366212,169.66865999698436,51239.93531908927,0.8798464286305262,0.48468630869705087,-0.12547786085517357,0.7432141149497481,4.326237971392043,0.7537319909791063,0.5523672206605373,-3.0081571774329405,1.3180807939591024,171.56979809604894,51814.07902500679,0.8762773577627668,0.41603612305367216,-0.18502888257434985,0.3885098218118435,1.8889078145153946,0.43032030980536223,0.1509398816442704,-1.2614273501218347,0.6274804643935599,55.92302184735685,16888.75259790177,0.912389867745667,0.6199235966433049,0.9751220379201364,0.6035240255165427,3.0441183384010637,1.146779943238114,0.36424124937569247,0.14862933082587812,3.1927476692269416,397.1614799403901,119942.7669419979,void,12
27.476213091565953,24.97837553778723,29.974050645344676,0.9061276735278748,0.8309720554912029,-0.4758566718592046,0.39912436265232376,1.9912768106050478,0.6210795673788846,0.15930025686262364,-1.5939311522021922,0.3973456584028557,116.4934283626938,35181.01536553351,0.8844391253633548,0.8341508160448542,-0.6835186184212894,0.6402523981781183,4.934821215547109,0.9365472946420696,0.40992313337283176,-2.9310715670729173,2.003749648474192,264.8904922006167,79996.9286445862,0.9128899736805466,0.7798026817424982,-0.9350757953707229,0.6761408018958256,3.4022660131398865,1.1539207629107469,0.45716638398833004,-2.6627726618615917,0.7394933512782946,402.12300437710905,121441.14732188694,0.9141972679007471,0.8322855732420844,1.409219983411772,0.7800595038497816,3.9578357850503356,1.6107121999890117,0.6084928295463674,0.19270236840269586,4.150538153453032,783.5069249404195,236619.09133200662,0.9261160611240329,0.7968451867997088,-0.05789016938896592,0.8165978573469356,4.174260241345977,0.8186472575752571,0.6668320606236062,-1.9924671670828973,2.18179307426308,202.39536636531778,61123.400642325956,0.9008109132395048,0.4626205454998182,0.010583986123146226,0.45006562275139705,2.2085153487588975,0.4501900549155409,0.20255906478260283,-1.2293886842396293,0.9791266645192681,61.20666783454705,18484.41368603321,0.8660142881838363,0.4058824623646341,0.04396022060547216,0.37566929525416193,1.8021873582039838,0.37823262735047125,0.14112741939675869,-1.0322727475757885,0.7699146106281953,43.204095958517016,13047.636979472136,0.9297627222380226,0.8042953042376648,0.8963289555029936,0.4609867045801864,2.4301384428421,1.0079257602982412,0.21250874179970008,0.026510624663403735,2.4566490675055035,306.80613015838185,92655.45130783124,void,12
32.4718881991234,29.974050645344676,34.96972575290212,0.9247342692889448,0.8456419471553449,-0.6827515694728531,0.420784654414217,2.145702878455296,0.8020033859081496,0.17705972539049203,-1.7740648182302248,0.37163806022507123,194.24924816445713,58663.27294566608,0.9142646273474089,0.835685387372101,-0.7984180133759534,0.4950652334436856,3.996947141126405,0.9394471296714121,0.2450895853646509,-3.2427607529487443,0.7541863881776606,266.53339465325223,80493.08518528214,0.9053893237779856,0.8432523956558211,-1.115973920099972,0.33564757361898456,2.517007499228897,1.165357062886569,0.11265929367631167,-2.3868107608144142,0.1301967384144826,410.1332393739225,123860.23829092468,0.8949676824976939,0.8620681944765763,1.6187123147442115,0.5134178284507064,3.836699174526051,1.698183566189357,0.26359786657103895,0.39617017362341406,4.232869348149465,870.9158821916319,263016.59642187285,0.9427763117413879,0.7815134259593266,0.00890339370817256,0.6859498287591769,4.222412323537352,0.6860076078253555,0.470527167574744,-1.9805495578770906,2.2418627656602608,142.12314427426855,42921.18957082911,0.8650458423599441,0.4991449306995992,0.09804519717995593,0.6293322346341411,4.44466223901599,0.6369237962579652,0.3960590615496017,-1.68224623976917,2.7624159992468207,122.51292051637674,36998.90199594578,0.8595670331123804,0.49319683277070614,0.020470488965051704,0.4414160588170985,1.7769535485793448,0.44189045916390685,0.19484813698162015,-0.8638966946361397,0.913056853943205,58.97068772582671,17809.14769319966,0.9197772691897478,0.6681820898607179,0.9188617109619117,0.47669559916382864,3.3115192853332127,1.0351548377581072,0.2272386942621616,0.09110094964586694,3.4026202349790795,323.60675251647206,97729.23925997458,void,12
37.467563306680844,34.96972575290212,39.96540086045957,0.9143237181592772,0.8583200722003943,-0.391902108212947,0.285471452568942,1.486142949014619,0.4848517429622938,0.08149395023182172,-1.061135969906035,0.4250069791085839,70.9945262213794,21440.346918856572,0.92387561373185,0.8404620377718653,-0.6691979086285793,0.48178013723107427,3.7708093219687266,0.8245834957984893,0.23211210063039275,-2.6877505265438515,1.0830587954248752,205.34125834606368,62013.06002051122,0.9106196581350442,0.8369716722269229,-0.9083513896048672,0.34332518375153637,1.9666160566007111,0.9710687044669493,0.11787218179802621,-1.8784217653238413,0.08819429127686983,284.778277496126,86003.03980383008,0.9284096276226546,0.8503214435636492,1.2816787044258686,0.46399707069460827,2.9199256017994597,1.3630823830539187,0.21529328161317732,0.2862946662579277,3.2062202680573875,561.114062063569,169456.44674319786,0.9362852682144848,0.7714006304680883,0.07859321684514492,0.5280851855695279,3.1938964451825633,0.5339015423765611,0.27887396321800273,-1.321258858609189,1.8726375865733742,86.08535879952537,25997.778357456657,0.8696331450361019,0.7161308395177057,2.3457124078355113e-05,0.3278034856030723,1.8374130361290262,0.3278034864423506,0.10745512517352364,-0.842456549601093,0.9949564865279332,32.451447968575614,9800.337286509835,0.8705091940169453,0.5868211999804982,0.06062283809635351,0.2848112410073944,1.4713439931941754,0.2911916405102124,0.08111744300417209,-0.7399994018079541,0.7313445913862213,25.60735659391469,7733.421691362237,0.9268657713315055,0.8232604724975329,0.6246957477768844,0.29504877035557886,1.9541424814672044,0.6908679715972219,0.08705377688833911,0.11732842139976042,2.071470902866965,144.14416336201566,43531.53733532876,post-void,12
42.46323841423829,39.96540086045957,44.96107596801701,0.918858570577232,0.8734435933075695,-0.2890495622003538,0.2959382398958672,1.7710083048062575,0.4136775208309971,0.08757944183266383,-1.0285156016596848,0.7424927031465727,51.680985554745774,15607.65763753322,0.9214464582432952,0.8494085564332549,-0.3856831859127867,0.5436378627195945,4.073413346813303,0.6665535579967794,0.2955421257823286,-2.4293860889265257,1.644027257886777,134.1766809948061,40521.35766043144,0.9040681947600578,0.8380518051291519,-0.4967859862615919,0.5363449351494198,2.990673500364191,0.7310692208035693,0.2876658894604353,-1.7801652323727237,1.2105082679914676,161.40758609311408,48745.09100012045,0.9273667450929124,0.919883630697146,0.9686258744372702,0.46005310334353555,2.96299353358529,1.072326882310326,0.2116488578960178,0.05338516127182037,3.0163786948571105,347.2652526426659,104874.1062980852,0.9338265056688607,0.6622691217837651,-0.3274615365068723,0.9436845694703081,5.908697763195399,0.9988851908742079,0.8905405666563608,-4.079513081235442,1.8291846819599575,301.3270306134364,91000.76324525778,0.8711889774551179,0.6428221997150321,-0.054997533118857404,0.37704146507268665,1.8429512444051892,0.381031488243843,0.142160266384158,-1.0496820736459203,0.7932691707592688,43.84586850006198,13241.452287018717,0.8959734157325696,0.5920734806877839,-0.031591061703999855,0.27811630234104295,1.4485128408693586,0.2799047566716942,0.07734867762785441,-0.7551015661856468,0.6934112746837118,23.660695187846976,7145.529946729786,0.9407555123428736,0.6231220077963078,0.8334462341380069,0.7257207914823272,4.093664871160773,1.1051259169834724,0.5266706671897354,0.056344938250284526,4.150009809411058,368.83359430134533,111387.74547900633,post-void,12
47.458913521795736,44.96107596801701,49.95675107557446,0.9244703155644151,0.7859720710472314,-0.14913366856002966,0.44117103965830756,2.074972397087601,0.46569597092026116,0.194631886233192,-1.1446265482386582,0.9303458488489427,65.49556667407215,19779.66113556979,0.8840594779423607,0.8259547026712226,0.7154979037513102,0.5396498907679546,3.5462810441227015,0.8961915280108289,0.2912220046058653,-1.2361684560861135,2.310112588036588,242.55409497327207,73251.33668192817,0.9038362419271733,0.856901391475518,0.9858200244117242,0.44820494922237014,2.031203502341862,1.082926034888145,0.2008876765074274,-0.0226989526397249,2.008504549702137,354.1640967056451,106957.55720510482,0.9092546066731324,0.8365382927453281,1.3702890177929534,0.5613098938771097,2.652710284132557,1.4807973491495414,0.31506879696433215,0.36256393483788196,3.015274218970439,662.2137583529893,199988.55502260284,0.9334088847826988,0.7660597827234631,-0.05950711269311879,0.6758356935552787,3.7731642219909762,0.6784504264457472,0.45675388468334455,-1.3258014533441236,2.4473627686468524,139.00908430561367,41980.74346029533,0.8551015429161545,0.6507066694513113,-0.04062531499985433,0.38531677633312933,1.856480848363565,0.38745249301377865,0.14846901812375482,-1.016621064328113,0.8398597840354519,45.336069171462846,13691.492889781777,0.8872038186685248,0.4983802225842963,-0.060801955241330606,0.41033609360156137,2.380110594299177,0.4148163298055636,0.16837570971218932,-1.3818280455365644,0.998282548762613,51.965921416954146,15693.708267920149,0.929954824362755,0.7288047117244069,0.7979400358838473,0.38180977213011585,2.3539371367505773,0.8845829542560532,0.145778702094051,0.1296303159556752,2.4835674527062523,236.3110748940307,71365.94461799729,post-void,12
52.45458862935318,49.95675107557446,54.952426183131905,0.9159677271046482,0.8297976208999077,0.1419282570040064,0.45263239530877986,2.654307966368856,0.4743624304465509,0.20487608528296355,-1.092260887409458,1.5620470789593979,67.95595405658597,20522.69812508896,0.9147244818373899,0.8374113935832458,0.5941675178352952,0.6855602231994933,4.608757873554281,0.9072088287069824,0.469992819633339,-1.9643961505379004,2.644361723016381,248.55441338293627,75063.43284164675,0.904631798526126,0.7681939696513611,0.8226328774977133,0.6404016777042112,2.976300984439428,1.0425157840275305,0.41011430880636845,-0.9772587746186863,1.9990422098207414,328.225426303854,99124.07874376392,0.9251192716262188,0.8656763615964433,1.3315712342124935,0.6015021051230055,2.88273199041328,1.4611251603642963,0.3618047824674071,0.06288456249760832,2.9456165529108884,644.7357937433762,194710.2097104996,0.9107222694414595,0.6984929402291812,-0.07445724879161186,0.910635291841178,4.96328940199972,0.9136741851690259,0.8292566347466674,-2.47271659227264,2.4905728097270803,252.10975602657356,76137.1463200252,0.8070082082538469,0.4934326686251497,0.106621373054684,0.9766075943718799,5.857390979383911,0.9824105611081839,0.9537623933848305,-2.9165215533083937,2.9408694260755177,291.46941419422285,88023.7630866553,0.8405297521116454,0.4670816985094404,0.14159317054184326,0.7160610255760648,4.003553024071236,0.729926036179788,0.5127433923490458,-1.9432292676669498,2.0603237564042858,160.90318952452745,48592.76323640729,0.9188705436868692,0.658097612394235,1.247374158981631,0.8813516625156985,3.508657188685366,1.5273254550076474,0.7767807530191857,0.0667766342029684,3.5754338228883342,704.4823597453238,212753.67264308775,post-void,12
57.45026373691063,54.952426183131905,59.94810129068935,0.9553421556395368,0.8359499127019591,0.08493752094839224,0.31562580085427333,1.5792447396021723,0.32685475157898497,0.09961964616490142,-0.6211575682492521,0.9580871713529202,32.26387664618751,9743.69074714863,0.932156170061447,0.8671936207241396,0.6683022192625738,0.4920982671045493,3.603162287138309,0.8299328652117481,0.24216070448730034,-1.0823979952627318,2.520764291875577,208.01414534909168,62820.27189542568,0.918917849279202,0.7470740306718706,0.8920519059956453,0.42562851558313364,2.237791496323424,0.9883907305655824,0.18115963327750184,-0.2812156468891871,1.956575849434237,295.0287033529256,89098.66841258357,0.9275906524794169,0.8108945056140315,1.208007839062163,0.5596926714016105,2.928934293900197,1.3313672767708793,0.3132558864206712,0.10615493352420881,3.0350892274244057,535.3067253482047,161662.6310551578,0.9273981706479202,0.5656445034847186,0.052981231043900255,0.6162963137209396,3.5339670610912908,0.6185694440796006,0.3798211463060189,-1.6757805181417638,1.8581865429495268,115.5537034589817,34897.218444612474,0.8552742479746787,0.5278231295182012,-0.15304109544364558,0.38227057244335166,2.5850367464280746,0.4117673705513331,0.1461307905561678,-1.5604352660900738,1.0246014803380006,51.20481497012917,15463.85412097901,0.9030499767448453,0.44932445036881713,-0.14386670273915253,0.28753359026629705,1.5362176133199261,0.32151701928274723,0.08267556553142678,-1.1094678677903174,0.42674974552960865,31.218704493915663,9428.04875716253,0.915843125242039,0.6872163637419307,0.7071794322462712,0.39427270878924503,1.9513958530356657,0.809662718845426,0.15545096889600882,0.03912578745704676,1.9905216404927124,197.97722292302655,59789.12132275402,post-void,12
62.445938844468074,59.94810129068935,64.9437763982468,0.9226553850622412,0.8317935038755845,0.12171017199085196,0.5133006855557212,2.41598886552905,0.5275328992186328,0.2634775937919734,-1.0045267380613778,1.411462127467672,84.04386984692088,25381.248693770103,0.8943887246243648,0.7749615820168942,0.45643700722418296,0.5728517808977456,4.348837655217075,0.732457442068471,0.3281591628777187,-1.8351823738146036,2.513655281402471,162.02115914132924,48930.39006068142,0.8944749227511231,0.7994993753467755,0.6448359208818023,0.31926196381808203,2.4708847744070974,0.7195426091625571,0.10192820154097833,-0.9499493639593527,1.5209354104477446,156.35795305293902,47220.10182198758,0.9100686045449278,0.8390806959385625,1.0655010238643539,0.44411034523412934,2.32223478114948,1.1543510863684254,0.19723399874397757,0.2544130519033213,2.5766478330528013,402.42298204118913,121531.74057643916,0.9127085442944353,0.626069698419831,-0.09458056651765118,0.8113946858655565,5.660866235197643,0.8168884990092987,0.6583613362508651,-2.902146273553741,2.7587199616439024,201.52665958372683,60861.051194285494,0.8908781619071755,0.7098599212707098,0.019516436063664728,0.4509589171627034,2.5040919819696223,0.45138103221688997,0.203363944968558,-0.9881184324577483,1.515973549511874,61.5309405460459,18582.34404490586,0.8771320001314761,0.6280157251841835,0.04302386686233597,0.4057664847669784,2.3192971013951755,0.40804104362176424,0.1646464401601505,-1.0279965614962498,1.2913005398989257,50.28224297054143,15185.237377103513,0.9352538775375382,0.7666521943936192,0.8810603583815998,0.5111573086900703,2.8492185959321175,1.0186015655489582,0.26128179422727577,0.0740898992995313,2.9233084952316486,313.33984310031417,94628.63261629498,post-void,12
67.44161395202552,64.9437763982468,69.93945150580424,0.9379441204866285,0.8628147685689771,0.8201620506345265,0.3892716305292971,2.0342151134459376,0.9078536179560939,0.15153240233493756,-0.2917622685350953,1.7424528449108425,248.90785387406268,75170.17186996693,0.9212124844640487,0.8179579464610793,0.4022759534150507,0.6757277907256457,4.307179076293258,0.7864057412398194,0.45660804715896197,-2.1226354294863063,2.184543646806951,186.76706493619488,56403.65361073085,0.9182810856466035,0.8383184169773585,0.5465371802816416,0.7870778931705081,3.2039027045370547,0.958224660164793,0.6194916099177258,-1.3781370943688844,1.82576561016817,277.2947388030758,83743.0111185289,0.9326585352471206,0.8452884446947764,1.487885902921819,0.38343476723606534,2.328388959327599,1.536498187710891,0.14702222072537563,0.6897343167599234,3.0181232760875223,712.9696576133334,215316.83659922663,0.9478293102852429,0.7901183745988485,0.19106737693335743,0.7224405785407341,3.764466660473714,0.7472798217873037,0.5219203895222706,-1.4644306104631832,2.300036050010531,168.64499387924025,50930.788151530534,0.8925743335214447,0.6076741769459224,-0.06929350880431523,0.3831849487866537,2.5327632054087843,0.3893999169735969,0.14683070497663042,-0.9589437905216708,1.5738194148871136,45.79295319239134,13829.471864102181,0.9200242555747503,0.6780581899465328,0.02387222802158428,0.2988493407886663,1.8057819133114443,0.299801287122879,0.08931092848982042,-0.5749087637850677,1.2308731495263767,27.144005151681547,8197.489555807826,0.9559013999684739,0.7802376570828684,0.7232397184497945,0.5261791983789413,2.4270319631036226,0.8943937830452778,0.27686454880670525,0.07692288523392989,2.5039548483375524,241.58195222331312,72957.74957144055,post-void,12
72.43728905958297,69.93945150580424,74.93512661336169,0.9404295431567765,0.8772535133364568,1.1735417583500152,0.3165411084665292,1.5553005833990847,1.2154828390152057,0.10019827334921903,0.5192484694224648,2.0745490528215496,446.1743566460202,134744.65570709805,0.9212810213699483,0.8248649285032048,0.16345835278535734,0.577428339469466,3.497574742629853,0.6001184219116817,0.33342348722246495,-1.7620726996064504,1.7355020430234023,108.76292033596572,32846.40194146164,0.9156646572627374,0.848624638100215,0.27741424595263087,0.5373978716421404,2.775904023897757,0.6047769310274401,0.28879647244550233,-1.3222364666605635,1.4536675572371933,110.45805116349666,33358.33145137599,0.9322744641850512,0.8720084779653353,1.4510445888211072,0.3126745749404399,1.976388598785006,1.484350291730763,0.09776538981418476,0.5891809469868924,2.5655695457718983,665.3953281454827,200949.38909993562,0.9251506480460734,0.8040829064403149,-0.02853620130839095,0.6835250123445034,3.6072900484748343,0.684120426011142,0.4672064425005535,-1.8882169630642438,1.7190730854105905,141.34226870027126,42685.365147481905,0.9222526289654243,0.763046455278951,-0.033143085945222105,0.31858784200666757,1.867461743099625,0.32030716073862253,0.10149821307446538,-1.0590629428599225,0.8083988002397023,30.98419652057221,9357.227349212808,0.9388010651839168,0.6680866179520241,-0.05981173494918207,0.16850633986245425,1.0040729693652235,0.17880668391162605,0.02839438657384094,-0.6204723109173894,0.383600658447834,9.65549272386459,2915.9588026071065,0.9491954040849174,0.8516235347456043,0.6838073118146418,0.3674191408002712,1.8525428592856124,0.7762662331427127,0.13499682502640953,0.07391215991159798,1.9264550191972103,181.98195794470809,54958.551299301835,post-void,12
2.4980165666626077,0.0,4.9960331333252155,0.8961071205780371,0.7565058293632988,-0.0668918414184228,0.4757756376544024,3.30458809741818,0.4804549675399356,0.2263624573854532,-2.244946750401632,1.0596413470165482,69.71276670180778,21053.255543945954,0.8822389047687993,0.7758461050238575,-0.9726186694017526,1.079335383473981,7.943051760377958,1.4529115410401838,1.1649648700189257,-6.61484867631679,1.328203084061167,637.507487718504,192527.26129098816,0.8971990447721029,0.6299451189628671,-1.0847504178417056,0.8053518712692721,4.510959371444617,1.351027425911359,0.6485916365569182,-3.877630941409446,0.6333284300351709,551.2330818805312,166472.39072792037,0.9052844918299509,0.7490674423141261,1.6730076586615819,1.169662088616164,7.264629958462336,2.041338783124015,1.368109401545927,0.1065163822682617,7.371146340730598,1258.453336300843,380052.9075628546,0.9153877243763,0.5893728793140348,0.022175561245438496,1.5168044850088922,8.701639130036813,1.516966578820918,2.3006958457430904,-3.815276354992272,4.8863627750445415,694.9586555804115,209877.51398528425,0.8028627162161961,0.6817775785364906,-0.09884240533813259,1.0414325048411495,5.425149474967778,1.0461125576307448,1.0845816621397106,-3.432253890289988,1.9928955846777898,330.494147936287,99809.23267675866,0.8652669485452931,0.5516761094994947,-0.1559770343483828,1.2756276907506294,5.458224759619238,1.285128336258251,1.6272260054097836,-2.8300535353092795,2.6281712243099586,498.7695618774779,150628.4076869983,0.9265379805023239,0.6763907335781798,1.9671981157295964,1.0850002297770287,5.214247672684323,2.2465738192069895,1.1772254986162052,0.244205806966636,5.4584534796509585,1524.2223653941762,460315.1543490415,pre-void,13
7.494049699987824,4.9960331333252155,9.992066266650431,0.9284862775239112,0.8523405034303905,-0.3193968014334844,0.200803558583767,1.3493305203492438,0.37727494736046957,0.04032206913990434,-1.048692640338393,0.3006378800108508,42.985588543565214,12981.647740156686,0.9391368932648473,0.8580323481534086,-0.9650564694758935,0.3465349296287593,2.177148516053226,1.025387949378227,0.12008645745280916,-1.9633206535858014,0.21382786246742425,317.52897491248575,95893.75042357069,0.9182913217147152,0.831197810444493,-1.020094032623412,0.29960562595133455,1.5259332193857902,1.0631817184731809,0.08976353110169098,-1.7101499360452026,-0.18421671665941253,341.3673206816669,103092.93084586345,0.9244926726355762,0.8386916721597368,1.4751810865754507,0.3846465402698812,1.9120719567052915,1.5245039190279297,0.14795296094158936,0.5528561501380006,2.464928106843292,701.8818841377179,211968.3290095908,0.9462390250900089,0.789317395126028,0.06820715189030996,0.5345166145680952,2.8668062540053585,0.5388508391181417,0.2857080112493376,-1.0021736142396638,1.8646326397656945,87.68878849913428,26482.01412673855,0.8778087067435009,0.6352761080771895,-0.009530881544039964,0.34805824484473674,1.7011929069781042,0.3481887124928165,0.12114454180439871,-0.7972743711162898,0.9039185358618144,36.61308461123638,11057.151552593386,0.8984555332158272,0.8323185425265424,-0.06124529472642811,0.3029087195230241,1.828332121459905,0.30903831233231444,0.09175369236307808,-0.8473371329515544,0.9809949885083507,28.84241290373995,8710.408696929466,0.9502461184428875,0.8537621106273942,0.6204740882413639,0.3494455474547988,1.9161182195737971,0.7121097421148904,0.12211219063598404,0.04799965624972962,1.9641178758235267,153.1442860141106,46249.5743762614,pre-void,13
12.49008283331304,9.992066266650431,14.988099399975647,0.9144745782250382,0.7241100117233128,-1.013216678481877,0.34320719657620435,1.9062330211187093,1.069765963814303,0.11779117978169737,-1.9141299060164343,-0.007896884897725064,345.60856363533446,104373.78621787089,0.9059765779501072,0.8639548881459979,-0.6438976443825024,0.33914925297093407,2.4777442293744203,0.7277543488238859,0.11502221579074264,-1.81316216339059,0.6645820659838302,159.9471704540876,48304.04547713448,0.9207051078751025,0.7827765466536994,-0.5775995041778772,0.22894074736161796,1.1111282517484353,0.6213171919631918,0.052413865802496185,-1.239757126403932,-0.1286288746554967,116.58258601476578,35207.94097645928,0.9202926998449202,0.8123522073979595,1.4117912315337042,0.25866229172648086,1.6805152384356328,1.4352911421020644,0.06690618116119508,0.6144904585888472,2.29500569702448,622.1383201041878,187885.77267146477,0.9282084298422799,0.6446112400169804,-0.02721730788001801,0.652220265588234,5.301250605133546,0.6527879109574733,0.4253912748439865,-3.0336666107296253,2.2675839944039207,128.6918811210511,38864.94809855742,0.8736017071224298,0.564994929181118,0.15138071480377438,0.3948729039126321,2.648588261979226,0.42289565031919685,0.15592461024439475,-1.1150241036275874,1.5335641583516384,54.00990077978672,16310.99003549559,0.8976224679715197,0.4517030914213348,-0.04514100356379666,0.6340906339543683,3.793820364345456,0.6356954005429009,0.4020709320686526,-2.524112539159202,1.2697078251862544,122.04080996596255,36856.3246097207,0.9392396977258654,0.5865688842270529,0.7870353222385242,0.6242249847382114,4.059545490292173,1.0045304525112806,0.3896568315714202,0.10163769810950864,4.161183188401682,304.7425918668004,92032.26274377372,pre-void,13
17.486115966638256,14.988099399975647,19.984132533300862,0.9267205510908272,0.7721619461178958,-1.193136622513892,0.438143509582633,1.8583536294081764,1.271040807752939,0.1919697349893868,-2.1293564957105895,-0.27100286630241305,487.8945099619196,147344.14200849977,0.9221114195956934,0.8197492357888425,0.06400916934381982,0.7017493964541507,3.2562529166048764,0.7046626066308972,0.4924522154237647,-1.6969179114514688,1.5593350051534076,149.95791553352285,45287.2904911239,0.933755262533663,0.6435046568573624,0.2090910782263344,0.6807524978010959,3.024418857969277,0.7121397631478544,0.4634239632624312,-1.6691614511220298,1.355257406847247,153.15719876139724,46253.47402594198,0.9395885843017185,0.8103970755147849,1.5908368547095513,0.2974479250410025,1.6761428827178553,1.6184057483873988,0.08847526811119784,0.7409354262371913,2.4170783089550465,791.0096242568397,238884.90652556543,0.924817742476001,0.5597220571342776,-0.11904553703041718,0.9665541324804691,6.278964704864596,0.9738576543324658,0.9342268910150722,-2.3415834321815914,3.937381272683005,286.41641673238365,86497.75785317986,0.8472495716080528,0.6418230761443786,-0.08495818199163817,0.5131791336962545,2.879698922065934,0.5201641240498642,0.2633528232612382,-1.6454476900424213,1.2342512320235128,81.71235621646588,24677.131577372696,0.8847373336639803,0.5077416784834549,0.1913377080667453,0.8292145386126651,4.794098701217069,0.8510034486268844,0.6875967510466152,-2.12429598976529,2.669802711451779,218.71047461160475,66050.56333270464,0.8975308864512985,0.6165472302756198,1.0729224582075165,0.8899515240164968,4.505509877263212,1.3939785925276416,0.7920137150992853,0.08132844854059602,4.586838325803808,586.8392475604542,177225.4527632572,void,13
22.482149099963472,19.984132533300862,24.98016566662608,0.9180554512236829,0.8235267943305125,-0.1586213031678826,0.19708334746394776,1.1097707301254114,0.25298727965309337,0.03884184584759516,-0.618775656875921,0.49099507324949043,19.32877422721429,5837.289816618715,0.9247477014687799,0.8678426530480176,0.6392337323753825,0.33056740388640554,1.9882616219286784,0.7196489235167104,0.10927480851219797,-0.2903842530751431,1.6978773688535354,156.40416108186554,47234.05664672338,0.910159320405302,0.777916769662491,0.7385920972775342,0.28439681500015784,1.3335426151640632,0.7914542529692163,0.08088154838223402,0.1455869095381412,1.4791295247022045,189.17275003200425,57130.170509665295,0.921873756010656,0.8388793490361701,1.0263929854118845,0.39346462461747667,2.121601335744121,1.099225623485958,0.1548144108253718,0.1457750996990823,2.2673764354432033,364.9056853410841,110201.51697300748,0.9428834451491506,0.7580769688793288,0.03934140605093225,0.6603145399270667,3.4881062214339558,0.6614854781997547,0.4360152916390937,-1.3983929008352751,2.0897133205986806,132.14403743648575,39907.499305818696,0.8968928810778553,0.3963910983003982,0.2870093472316346,0.4314164322772093,2.6236316409653546,0.5181645524706654,0.18612013803879596,-1.0372442166543991,1.5863874243109555,81.08534003801175,24487.772691479535,0.8780057957281034,0.4324056807207045,0.3444229232291053,0.5121396958705982,3.185459220862455,0.6171824836562609,0.26228706808642877,-0.8506013663203102,2.3348578545421446,115.03609387589748,34740.90035052104,0.9392421104019036,0.6019657523962796,0.9192316316697056,0.49191967512617807,2.370767006136907,1.04257937800361,0.24198496677624456,0.18829708924049246,2.559064095377399,328.26547135039493,99136.17234781929,void,13
27.478182233288685,24.98016566662608,29.976198799951295,0.9229140794793056,0.7998268743055994,-0.06905066911212109,0.20103766039598397,1.2459727796604498,0.21256560352588239,0.04041614089749099,-0.6874646756018469,0.558508104058603,13.645609012301431,4120.973921715033,0.9388583128472435,0.8309769991963855,0.8846412366583688,0.4429028445265724,2.224535134761789,0.9893194869637295,0.19616292968972918,-0.15837208273960757,2.0661630520221816,295.58342028042546,89266.19292468851,0.9189518642284755,0.7873509777832833,0.9944955485836867,0.4034300849767871,1.7297435856932026,1.0732088471575072,0.16275583346437766,0.08342526274681503,1.8131688484400177,347.836723344378,105046.6904500021,0.9273858348701182,0.8243999502363136,1.3615297932093953,0.56740729190664,2.5004913852599002,1.4750303090803407,0.321951034908827,0.15882037233203136,2.6593117575919316,657.0657526371049,198433.85729640568,0.9060610744417626,0.6954292504270649,0.11153994057406975,0.7474221714464118,4.328395859499331,0.7556990543284652,0.5586399023696693,-1.7601526659774822,2.568243193521848,172.4664803353068,52084.87706126264,0.854819813108843,0.5925511602578475,0.1218756500294393,0.3956178105924279,2.0858126858987154,0.4139651267051906,0.15651345205794615,-0.8404082656058101,1.245404420292905,51.75287209066944,15629.367371382174,0.8675992342290815,0.49971810782881493,0.029127054772683885,0.6828334824595237,3.6337654964112938,0.6834544242943573,0.4662615647678006,-1.649350434848608,1.9844150615626854,141.0672049264345,42602.29588778321,0.9143970685594522,0.6742286751408282,0.9639278514867647,0.5295292570355505,2.572104054281603,1.0997991348098581,0.2804012340566222,0.1466530175601871,2.7187570718417904,365.28655735241074,110316.54032042799,void,13
32.474215366613905,29.976198799951295,34.97223193327651,0.9147518265521756,0.835225743392419,0.6095789155303113,0.2934082772153481,1.5558780561417267,0.6765167192299011,0.08608841713847856,-0.19129938241819888,1.3645786737235277,138.21781116207183,41741.7789709457,0.8967352939095745,0.8416845374088837,0.38233852817468333,0.3345480571906747,1.8878207554463478,0.508040503008213,0.11192240257005494,-0.6276343691975562,1.2601863862487914,77.9477561144451,23540.222346562412,0.9145232557061052,0.8569783440200816,0.3887617210594736,0.21113239690415134,1.1130875427920073,0.44239412833311437,0.04457688902249209,-0.14193720796969742,0.97115033482231,59.10519456465205,17849.76875852491,0.9246356684548708,0.8499362219914672,0.896111641255638,0.3293577314777501,1.734937470999474,0.9547212100283743,0.10847651528416972,0.1698107345354408,1.9047482055349148,275.270761841169,83131.7700760331,0.9268880222416177,0.6630788345890323,-0.1244190293989942,0.5186237723743886,3.547114575072517,0.5333392092734506,0.2689706172718417,-1.2818083879568758,2.265306187115641,85.90411506882572,25943.042750785364,0.833479231640014,0.7455261286488551,0.3159661408452764,0.3675553160096808,2.048502171922624,0.4846973411187989,0.1350969103269763,-0.7142431633161418,1.3342590086064823,70.94931677126526,21426.69366492211,0.8994136998736022,0.5887330245506427,0.29542673188923224,0.47109594899450763,2.7753763408944407,0.5560650565120848,0.22193139315903573,-0.8571782673709655,1.9181980735234754,93.38092081628399,28201.038086517758,0.931332135448144,0.7730379492087639,0.8233867907638716,0.38810406401559777,2.2340056768162047,0.9102695049873146,0.15062476450542323,0.16746971334296593,2.4014753901591708,250.23435265637494,75570.77450222528,void,13
37.47024849993912,34.97223193327651,39.968265066601724,0.9218670641518659,0.8304436166315385,1.2224704212018613,0.5048719721872477,2.263553323532879,1.3226222586262857,0.254895708300241,0.3084141602266581,2.571967483759537,528.2975509821366,159545.86039660525,0.907712018894136,0.8580290833282019,-0.061637087711653105,0.4451164317659588,2.30693773613084,0.44936373731047047,0.19812863782805945,-1.3299215082280345,0.9770162279028055,60.98218605970932,18416.620190032212,0.9015288401140761,0.7855466427074155,-0.18623244912410875,0.44381754715145716,1.9626077932170016,0.4813071163678132,0.1969740151595359,-1.1654454969803185,0.797162296236683,69.96027516042251,21128.003098447592,0.9231008642258878,0.858487878703342,1.3696188752971907,0.5541282199268408,2.2263213660725185,1.4774687636933752,0.3070580841192893,0.5611676905402627,2.787489056612781,659.2400122022685,199090.48368508508,0.9118398345737697,0.7198169500354558,0.1957165751529183,0.706704176535867,4.192175834154023,0.7333046917365426,0.4994307931332379,-1.4140543001724475,2.7781215339815755,162.39620281869338,49043.65325124539,0.7693122491192428,0.575628974147359,0.29607224127980064,0.6956026534907388,3.5072458590646356,0.7559906240158019,0.4838630515433569,-1.2156179321160068,2.291627926948629,172.59959072714003,52125.07639959628,0.8544218511517175,0.6330200006965163,0.42260617066113715,1.0294755159674203,5.331750306149289,1.1128413244740942,1.0598198379763861,-1.7201938466982412,3.611556459451047,374.0015756640914,112948.47585055561,0.8959087884781831,0.8014264185096317,1.269581435960377,0.8578090611812577,4.409743855772589,1.5322119331149604,0.7358363854446707,0.0520413039190058,4.461785159691595,708.9973692099248,214117.20550139734,post-void,13
42.46628163326433,39.968265066601724,44.964298199926944,0.8731371761693048,0.7515814659928045,1.660447591404221,0.3535926388207561,2.2044524040763576,1.697678991455188,0.12502775422822568,0.5244512305014299,2.7289036345777875,870.3984153245478,262860.3214280134,0.8845511223581901,0.7995069686987983,-0.5136463396252021,0.351872525451534,1.8555916987093006,0.6226129105455563,0.12381427416764047,-1.4053845667589855,0.45020713195031514,117.0693445861587,35354.94206501991,0.911079304034843,0.8715143420194816,-0.7670973736098156,0.15958517348177584,1.077728996852302,0.7835214152748381,0.025467427595208494,-1.3647358389451651,-0.287006842092863,185.39955407467417,55990.665330551616,0.9193760247755242,0.8176700121424312,1.9452735070805836,0.3155591628379774,2.051940067851869,1.9707020583032329,0.09957758525100513,0.8227857676949333,2.874725835546802,1172.8673139853809,354205.9288235849,0.9553640706731219,0.8118834859616829,-0.0911893228669048,0.3846705657856434,2.904767097421668,0.3953314265104301,0.147971444181847,-1.5031956538553994,1.4015714435662687,47.19865490960502,14253.993782700716,0.8188103671079466,0.6728298547035705,0.21458308154707129,0.44267128682234025,2.802232688981584,0.4919387838574874,0.19595786817694663,-1.5906408816831112,1.2115918072984724,73.08513765308147,22071.711571230604,0.8601020129428218,0.7318781596190235,-0.028177298725218354,0.5136812003616451,2.346956808443233,0.514453434013644,0.26386837560498055,-1.290554579865005,1.0564022285782275,79.92802540206607,24138.26367142395,0.9243565446954066,0.8490139669005211,0.7465246318961164,0.3250446332286595,1.5237941317427537,0.8142192822688405,0.10565401359075377,0.09476921306159067,1.6185633448043444,200.21181796475256,60463.969025355276,post-void,13
47.46231476658955,44.964298199926944,49.96033133325216,0.8452732306566255,0.6106901605370487,-0.6303364633728413,1.136652174440035,5.24742257185493,1.2997315964139062,1.2919781656592597,-3.325084692643631,1.9223378792112993,510.16927126042555,154071.11992064852,0.9088433168141622,0.8041057122849945,0.9527439270139114,1.3948377674928039,6.668169841039352,1.6891694373526296,1.9455723976243093,-1.1275502143853935,5.5406196266539585,861.6946032020321,260231.77016701375,0.8830353571496955,0.564344092446879,1.0380550749634907,1.3295518427133317,5.442683091741335,1.6867917598565252,1.7677081024624157,-1.2052626190312585,4.237420472710077,859.2704652182017,259499.68049589696,0.914389203327499,0.7196195951030412,2.3633484736572377,1.3425520637892294,6.7336859628596395,2.7180621869123436,1.802446043984719,0.2856469527756705,7.01933291563531,2231.1343396806587,673802.5705835593,0.8839461857351775,0.4929549335444081,-0.5552604074735408,1.376398390776124,5.6994440343375965,1.4841787797427863,1.8944725301311034,-3.9288433425185687,1.7706006918190276,665.2415683721134,200902.9536483782,0.7954870918928483,0.4784937108757355,-0.5924436383204951,1.7983301451922789,8.02531144673013,1.8934045462324498,3.2339913111072827,-4.350311407089547,3.6750000396405835,1082.6641942595002,326964.58666636905,0.8255043516994566,0.39754674191196776,-0.6501471826778019,1.6274343429901936,7.75472210093539,1.7524936233515391,2.6485425407439234,-4.0455077337732295,3.7092143671621605,927.5126377661175,280108.8166053674,0.8612301661376934,0.4528063991751243,2.613513138575223,1.424271884267533,6.114051697021506,2.9764074529237927,2.028550400314989,0.23052230960989922,6.344574006631405,2675.4184003977307,807976.356920114,post-void,13
2.4978939212968028,0.0,4.9957878425936055,0.90585045250589,0.7980596417104777,-1.1758514289626945,0.40984971258066666,1.9997215656468035,1.2452322554030095,0.16797678690245507,-2.137088766447995,-0.1373672008011916,468.28221770861194,141421.22974800091,0.9101422801936033,0.8881999699522856,0.36339129917752266,0.4273137277295922,2.2694760151593965,0.5609369467454323,0.18259702190616006,-0.9117234160471792,1.357752599112217,95.02437798367455,28697.36215106971,0.9279554776454355,0.8947806299428762,0.5694045027968909,0.5136478786864338,2.1755833078177607,0.7668478539348258,0.2638341432790734,-0.5887391727812341,1.5868441350365265,177.59280058750326,53633.02577742598,0.9382301548910227,0.7780513280907285,1.4701647939629745,0.5403005994781108,2.3647399556853923,1.5663043316050052,0.291924737796406,0.20171748684146987,2.566457442526862,740.8993962797898,223751.61767649656,0.922351200434247,0.819828559871712,0.09457356178527818,0.48074869185875696,3.0949978479798355,0.48996271624753235,0.23111930472390604,-1.4277827572464694,1.667215090733366,72.4991659204233,21894.748107967825,0.9015769946751396,0.6797209279881575,-0.06024023555946502,0.41368005757324966,2.101236042242048,0.4180431508996015,0.17113119003380717,-0.9362646080095651,1.164971434232483,52.777542956248226,15938.817972786965,0.9033957058500315,0.4960899577351329,0.011838094206114253,0.47274323596749684,2.0776466076081164,0.4728914332354237,0.22348616715302042,-0.9754997544119348,1.1021468531961818,67.53514490349087,20395.61376085425,0.9304007498624992,0.7626547422589111,0.7149194746928142,0.3568472945941032,1.6711524137898741,0.7990305669711142,0.12733999165913068,0.04791719664009854,1.7190696104299727,192.8118537801624,58229.179841609046,pre-void,14
7.493681763890408,4.9957878425936055,9.991575685187211,0.9071371220669211,0.7467937613528501,0.2524694794838538,1.018602207737246,6.986050855200031,1.0494242686721325,1.0375504576071917,-3.3703406141105625,3.615710241089469,332.589971294768,100442.17133101994,0.906826478317802,0.7940435775093039,0.14926322659024677,0.7050010774926239,4.287632317559575,0.7206289128795013,0.4970265192657606,-2.2538205058755394,2.0338118116840365,156.83042108352333,47362.78716722404,0.9262121036557209,0.7552510603730042,0.20771888126866647,0.6896199121286664,2.869153591068788,0.720224101818216,0.47557562320434954,-1.4087896639505557,1.4603639271182323,156.6542725656365,47309.59031482223,0.940436277930705,0.8335772496394287,1.299786387360529,0.6707275376992154,3.8888682785196895,1.4626414743865934,0.4498754298280525,0.07855920834429785,3.967427486863987,646.0746649439279,195114.54881306627,0.8867098381199818,0.708236052677944,0.0716494825332254,0.869375114196267,5.8621829871401445,0.8723226109250243,0.7558130891837723,-2.1816774692541943,3.6805055178859507,229.8059147343775,69401.386249782,0.7876587280970803,0.499114197122616,0.3382319056211539,1.3470168788050285,10.093783757949833,1.3888323490492862,1.8144544717856408,-4.611487827500191,5.482295930449642,582.514298717259,175919.31821261218,0.8403085349176695,0.5843789197071787,0.6155255521548271,1.4942889676457611,10.190534708853932,1.6160975292918862,2.2328995188278347,-2.787137396401555,7.403397312452377,788.7549097033684,238203.98273041728,0.8496718238823885,0.6176156648321468,1.848231288042821,1.373176740765632,8.88098424200913,2.3025145505468902,1.8856143613797232,0.07149970419310225,8.952483946202232,1601.0751231550048,483524.6871928114,void,14
12.489469606484015,9.991575685187211,14.987363527780817,0.9180917841678875,0.7795362006305445,1.086054875038346,1.5616026519541462,8.153804660458803,1.9021351251119833,2.4386028425902224,-2.3166794851356554,5.837125175323148,1092.6716463238038,329986.83718978876,0.9114576087769253,0.8194114902091779,0.39574737404651905,2.4770083174616495,27.862382181518882,2.5084230482195204,6.135570204774193,-10.816380391803118,17.046001789715763,1900.2402290293508,573872.5491668638,0.934827755557911,0.625479457072423,0.4547575110718102,1.9041334469581468,18.70168198126392,1.957684493911351,3.6257241838247136,-7.71756711320132,10.984114868062601,1157.4236304656845,349541.93640063656,0.9444614721987591,0.8049957170282379,2.685520600087091,2.5555453248245286,19.736546409778676,3.7071326926243993,6.530811907232504,0.21158996170693203,19.948136371485607,4150.335505818838,1253401.3227572893,0.9059014459546669,0.5989861554208035,-0.11642927534262945,2.959137360923399,22.313730770827675,2.9614269697173867,8.756493920812698,-13.752394789946052,8.561335980881625,2648.5550084847905,799863.6125624068,0.8542591898312203,0.46669936124126526,-0.03206154378873781,1.7790611887318963,9.735011850517289,1.7793500655695227,3.165058713252148,-4.1781115517525516,5.556900298764737,956.158170064364,288759.767359438,0.872339667081672,0.5091389603164717,-0.06457651599260221,1.5211770647477552,10.952246427552112,1.5225471384270304,2.313979662314596,-3.7297773158209764,7.222469111731135,700.0812361971663,211424.5333315442,0.8702288604953978,0.5538967632225544,2.9098127072120157,2.405675819908325,14.568789278350197,3.7754848882685406,5.78727615049159,0.1711354767107512,14.739924755060947,4304.794414746322,1300047.9132533893,void,14
17.48525744907762,14.987363527780817,19.983151370374422,0.9265342724509482,0.8663481664187702,-0.019611974713607136,0.5494326731570428,3.1475608628113934,0.5497825860143817,0.3018762623324938,-1.1286257427960906,2.0189351200153025,91.28278934916762,27567.402383448614,0.916244664400254,0.8523953454839819,0.012039300147871926,0.5283512974726301,2.9521645289208345,0.5284884466940241,0.2791550935410117,-1.4405083249205541,1.5116562040002803,84.34861156329683,25473.28069211564,0.9261263539800688,0.8525936137879011,0.06930240857419168,0.4401548903809347,1.9763218018390476,0.44557732366048075,0.19373632752625264,-0.8255011922844815,1.150820609554566,59.95882371085192,18107.564760677276,0.9675377317786166,0.8995131051348269,0.7861033300614758,0.402668146245042,2.1178372049996055,0.8832327448267302,0.16214163600041853,0.08217235440520207,2.2000095594048075,235.59022462331632,71148.24783624154,0.8883063263810945,0.7073265137742445,0.0787544250080698,0.4211171220722551,2.563332341453668,0.4284178917374603,0.1773396305024186,-1.0163293228899866,1.5470030185636812,55.42965076815263,16739.754531982093,0.8572824542742392,0.5468461773826341,-0.06278527526124031,0.7909973713735432,5.996931791159532,0.7934852439141415,0.625676841519855,-3.2670117455089933,2.7299200456505384,190.1448873574644,57423.75598195424,0.872339667081672,0.4752319915648707,-0.30369782909409004,0.8806801457995544,5.075826392748914,0.9315738782308076,0.7755975192055246,-3.6335041543875533,1.4423222383613608,262.08462696180027,79149.55734246367,0.9235750283699795,0.6565734633835596,1.0650362375203266,0.7393838148355624,4.059144813706163,1.296530220578079,0.5466884256407892,0.16116478975989526,4.220309603466058,507.65916508741725,153313.0678564,void,14
22.481045291671226,19.983151370374422,24.97893921296803,0.917990892345125,0.8552899954919251,-0.37939944633264866,0.30454938653818225,1.9911201725258048,0.4865123520716648,0.09275032884078316,-1.310005078088095,0.6811150944377097,71.48166915292767,21587.464084184143,0.9318950817418217,0.8559348590334457,-0.2478575558097968,0.36503593113966926,2.1197252608535564,0.4412307774793276,0.13325123102300535,-1.3031963084683849,0.8165289523851716,58.794748896493594,17756.014166741064,0.9271362554033886,0.8437352967654053,-0.3087374702459468,0.26791040338777106,1.4502176122988355,0.4087723202190494,0.0717759842433982,-1.0004108838287957,0.44980672847003966,50.46263255273405,15239.715030925681,0.9614305618348508,0.9072744373048283,0.7032076634403354,0.32244791760742475,1.796603154113968,0.7736108049210407,0.10397265956936456,0.08896523058850377,1.8855683847024718,180.73905060215532,54583.19328185093,0.921139521051679,0.8031907594290911,0.02812280458392333,0.30693617395973055,2.244359396587962,0.3082218470885921,0.09420981488503796,-0.864224922973237,1.3801344736147245,28.69021352085645,8664.44448329865,0.892319363744102,0.6740167585201168,0.1525425251948576,0.3139072191700722,1.952679688012282,0.3490085446517199,0.09853774224708775,-0.7006292572873835,1.2520504307248985,36.785703200453284,11109.282366536889,0.9244154519448453,0.7817729843383283,-0.023431419338926195,0.27988743740254063,1.6949796199397023,0.2808665324099646,0.0783369776157611,-0.6701676362728876,1.0248119836668148,23.823574726455305,7194.719567389502,0.944524499671928,0.7768301129891004,0.48368366318176986,0.24848298585954906,1.5060743281599862,0.5437772340679708,0.06174379426167686,0.09722063632880706,1.6032949644887933,89.29949144776504,26968.446417225052,void,14
27.47683313426483,24.97893921296803,29.974727055561633,0.9437979825787446,0.836686511503055,-0.6841232084458632,0.3498433382445321,1.9292453953124502,0.7683846209082662,0.12239036131407813,-1.6638274191293114,0.26541797618313867,178.30530754579866,53848.2028788312,0.895005674601409,0.8213925867630302,-0.5445542735760871,0.44651393636108105,3.5075757636767286,0.7042116530096952,0.19937469536466756,-2.0007291349131746,1.506846628763554,149.76604377486353,45229.34522000878,0.9242067481976702,0.8233551995096828,-0.7545119320699469,0.2481404309945827,1.6736886239697002,0.7942681720490261,0.06157367349417726,-1.4781932491384515,0.1954953748312486,190.52030259729062,57537.13138438174,0.9316647684329422,0.8852505931305796,1.2531399674944792,0.38318550191914125,2.217827448209029,1.3104163105719833,0.1468311288810242,0.3363160054118737,2.554143453620903,518.5916539179527,156614.67948322173,0.9262387505426338,0.6729209997782456,-0.010128395466671132,0.39574081944644357,2.2885117232402727,0.39587040880933744,0.15661079617614265,-0.95740616905551,1.3311055541847625,47.32744093240333,14292.887161585808,0.905485409210959,0.6741776361382646,-0.063956742178564,0.3427346476653628,2.0923323845908026,0.3486509767380492,0.1174670387103004,-1.151759152973878,0.9405732316169245,36.7103660812795,11086.530556546408,0.8995757448504298,0.48798519586973355,-0.06484583676647247,0.515374395262945,2.639903754128925,0.5194379172130105,0.2656107672926463,-1.1212099038350607,1.5186938502938643,81.48435645125427,24608.27564827879,0.9243970500551512,0.7435352832036678,0.6665564619555799,0.3221631838294336,1.716187814099101,0.7403287337324264,0.10378911701511742,0.0541168650400651,1.7703046791391661,165.52216346493708,49987.693366410975,void,14
32.47262097685844,29.974727055561633,34.97051489815524,0.931809930042468,0.8604496509040231,-0.6981465798115731,0.3917358346487518,2.029193033255899,0.8005408240999027,0.1534569641479542,-1.7376803661630662,0.2915126670928331,193.54141453726652,58449.507190254495,0.9220177364432018,0.8328007742919175,-0.5721599047220586,0.45342054451082375,2.7548098203743576,0.730039140564427,0.20559019018449193,-2.0067603990014926,0.7480494213728652,160.95305832032622,48607.823612738524,0.9047365500076942,0.8257829718753523,-0.7973788678559428,0.3734547545472591,2.0822424701050744,0.8805007169770951,0.13946845369395355,-1.8829171720293005,0.199325298075774,234.1350168043479,70708.77507491308,0.9181538104062845,0.8529832046474302,1.2968561050214176,0.5169801865376032,2.6536012802319453,1.396103244894079,0.2672685132724551,0.2505443484104416,2.904145628642387,588.6294896619407,177766.1058779062,0.9036025180052983,0.8381879137433703,0.04192203336511679,0.42604323244643266,2.598172969273724,0.42810079747049173,0.18151283591340503,-0.9629852117669596,1.6351877575067642,55.347628424051045,16714.983784063414,0.8405292098017711,0.620569427714131,0.1301571878377569,0.41162764845917943,2.552226903758142,0.43171543234156795,0.1694373209760338,-1.1698468659658414,1.382380037792301,56.286220785603824,16998.438677252354,0.9174281975884455,0.5295642049331927,0.15278210335206627,0.492573662663706,2.6842831073400193,0.5157239419055701,0.24262881314993842,-1.2266359658174582,1.457647141522561,80.3232976448952,24257.635888758352,0.9349345970554465,0.6637055538895242,0.6985817475691237,0.3841916625001471,2.0838713210094015,0.7972576067817465,0.14760323353462693,0.05356411587925331,2.137435436888655,191.9571468545501,57971.05835007417,void,14
37.468408819452044,34.97051489815524,39.966302740748844,0.9474084418964605,0.834807441160476,-0.11044365538327179,0.3526801371851043,1.8408494336659347,0.369568775979956,0.12438327916490402,-1.1377615400542689,0.7030878936116658,41.24748621415552,12456.740836674966,0.9279307224706177,0.8394502498684318,-0.7412848068844671,0.44159496037210877,3.5993542425881877,0.8628495082827515,0.19500610902604432,-3.041807587549041,0.5575466550391466,224.8418007310234,67902.22382076907,0.9154077120626151,0.8621124944356212,-1.0975029586786869,0.27171028446448575,1.765342601881254,1.1306366449891154,0.07382647868377178,-2.0886780799210776,-0.3233354780398237,386.05844534365747,116589.65049378456,0.9266691995338847,0.8429540737021564,1.4090333851935015,0.41719838988842534,3.207370067418762,1.469499771049779,0.17405449652549454,0.5061268020412442,3.7134968694600063,652.1477322888364,196948.61515122862,0.9183504631218096,0.7869481943889086,0.03178544862306379,0.3238953787309324,2.5389460209752928,0.3254512730155215,0.10490821636325412,-0.8108975100836193,1.7280485108916737,31.98739639444191,9660.193711121457,0.8722832843769844,0.5728701730480984,0.011719467081739066,0.42785960488677244,2.251500608943906,0.42802007827033645,0.183063841493865,-1.2834889680620376,0.9680116408818682,55.32675859556858,16708.681095861706,0.8957699989202382,0.5602842861161396,0.07691083334928268,0.4723851137908009,2.5636975161211835,0.4786052360950818,0.2231476957311479,-1.2925717535558239,1.2711257625653596,69.17701754932396,20891.45929989584,0.903641114524225,0.7360782687504872,0.6354682880403251,0.338175613287972,1.8335868139266864,0.7198490748258259,0.114362745422696,0.058482937717717065,1.8920697516444036,156.49117253933446,47260.33410687902,void,14
42.464196662045644,39.966302740748844,44.96209058334245,0.944666589498195,0.7882544413384142,0.45363764423805275,1.0220217022154525,5.742054037781874,1.1181750632478,1.0445283597993713,-3.45448643440674,2.287567603375134,377.595272564905,114033.77231460132,0.9150202764771251,0.8096149451386965,-0.5704885401508413,0.531426926867983,3.6545988746719624,0.7796613066221683,0.2824145786003486,-2.2422030350880924,1.41239583958387,183.57726941922357,55440.33536460551,0.9201177115493516,0.8394114893051835,-0.8537654064411166,0.5073593092448635,2.8777096685902155,0.9931408952978373,0.257413468677425,-1.9414231274654274,0.9362865411247882,297.871309049723,89957.13533301634,0.940972705428318,0.8285289675782767,1.5960144742885698,0.5452099236875452,3.6414732388859603,1.6865693175870355,0.2972538608873789,0.18551637369600912,3.8269896125819693,859.0438510338516,259431.24301222322,0.9373018479843488,0.7916648841340956,-0.2311673998237276,0.5183800971334089,3.4432866319920903,0.5675881357510087,0.26871792510404247,-2.2943192511848283,1.148967380807262,97.29120013728227,29381.94244145925,0.8782685187236927,0.620937942840544,-0.4908833161659701,1.486241257811179,8.40898704458241,1.5652090935431775,2.2089130764201554,-6.217236283607043,2.191750760975368,739.8636109660971,223438.81051176137,0.9131379469165176,0.49335403049334503,-0.6407654050018606,1.5932627890670272,7.065894006189275,1.7172846646007298,2.5384863150256427,-5.736365064386789,1.3295289418024854,890.618119020398,268966.6719441602,0.8758226763143512,0.6881309751557326,1.579055515023889,1.7965762155002059,7.988475182366434,2.391882609499973,3.2276860981010422,0.11271723513960762,8.101192417506041,1727.772930123777,521787.42489738046,post-void,14
47.45998450463925,44.96209058334245,49.95787842593606,0.9246766479317817,0.8020209993941948,-0.2910044780306456,0.8468464031820834,3.5552309177710577,0.8954509684043678,0.7171488305824316,-2.070999499850334,1.4842314179207237,242.15339591852867,73130.32556739569,0.9298833431745733,0.8442096993240714,0.8126942081217201,0.6067314506424725,3.5546113518760403,1.0141966915314349,0.36812305319871896,-0.9678601691943824,2.586751182681658,310.63566859221913,93811.97191485018,0.9189634428821921,0.7932593510660286,1.1726359886954885,0.6608403243863294,2.727931245552119,1.3460256670356905,0.4367099343350291,-0.22519462597979273,2.5027366195723264,547.1590990883003,165242.04792466655,0.9427567271252514,0.8245209090024039,1.7841771605109389,0.6774395339509114,3.3311160577931367,1.9084581374105392,0.45892432215962803,0.39158760180371627,3.722703659596853,1099.9481635990483,332184.34540691273,0.9090021398979001,0.7583291284408377,-0.09555175816682544,0.5855632638977993,3.424803427432548,0.5933080772376315,0.34288433602664375,-1.8044855814838694,1.6203178459486784,106.3083713036554,32105.128133703933,0.8678674471234465,0.6200811604784938,-0.34005895112172335,1.1468345635580997,5.936472332526931,1.196189619754955,1.315229516171497,-3.875667357907807,2.0608049746191233,432.1226211356702,130501.0315829724,0.8743396139807321,0.5711753943855155,-0.31695199679015745,0.5449073832907274,3.188213307390308,0.630382919053186,0.29692405636474767,-2.0102368130364177,1.1779764943538902,120.00955263947273,36242.88489712076,0.9129309589726549,0.5817122736738771,1.2411166310886526,0.7999351308663024,3.737862810087459,1.476572621159872,0.6398962135940884,0.1626023957086327,3.900465205796092,658.4405450787983,198849.04461379716,post-void,14
52.45577234723286,49.95787842593606,54.95366626852966,0.8997749066675684,0.7029668087893739,0.15669982666733415,0.9202045260297759,4.259326837181465,0.9334512335431654,0.8467763697256844,-2.4253632371208353,1.8339636000606299,263.14202403178365,79468.89125759865,0.9089912591547292,0.8176464579826748,0.21920574033936002,0.6993536613073094,4.6680003830545145,0.732902926847523,0.4890955435839387,-1.45143724053798,3.2165631425165344,162.21830345486302,48989.92764336863,0.8875422182856716,0.8200824713633722,0.338806349155764,0.644877104568179,3.042494096270759,0.7284615447808453,0.4158664799962381,-1.2486926486644818,1.793801447606277,160.25817911179766,48397.97009176291,0.9308745423470193,0.8392821189441286,1.268768139210845,0.5739002846600341,3.4442946323078294,1.3925279630260279,0.32936153673286817,0.17979945205971015,3.6240940843675395,585.6185065984444,176856.78899273035,0.8856461511573445,0.7644046958194027,0.17494787453717708,0.7650717024374827,3.978160390931051,0.7848193860218183,0.585334709870588,-1.5579540669164158,2.420206324014635,186.0143235400505,56176.325709095254,0.8240252136746717,0.582964232173268,0.587778014637593,1.2091221896274453,6.574415443583616,1.3444178903677153,1.4619764694494677,-2.0889101381197492,4.4855053054638665,545.852758110115,164847.53294925476,0.865477681125865,0.5577779914390735,0.808434420940787,1.1326088978919222,4.711408056979561,1.3915348103967144,1.2828029155839547,-1.192143149186571,3.51926490779299,584.7834768208377,176604.60999989297,0.8559235643720087,0.6222964333487034,1.741420753263323,1.152052004584022,5.033785934494934,2.0880062406904494,1.3272238212660634,0.1789010705567894,5.212687005051723,1316.6505584710033,397628.46865824325,post-void,14
57.451560189826466,54.95366626852966,59.949454111123266,0.9389820058636172,0.7912474448153286,1.0378053598464783,0.3782402295888361,2.788571654501241,1.1045839199470062,0.1430656712794154,-0.8191467684201361,1.969424886081105,368.4719021340593,111278.51444448585,0.9048717560132264,0.830813649623445,0.4073134643381647,0.6216533612225165,3.9095902173783426,0.7432073464050324,0.3864529015192526,-1.6890936553258034,2.220496562052539,166.8118622446238,50377.182397876386,0.9229140794793056,0.6452411526911332,0.5378056521347068,0.7331596806423966,3.2868505930598806,0.9092623586114725,0.537523117319661,-1.2527728477012186,2.0340777453586623,249.68092710988483,75403.6399871852,0.9278998957782095,0.7849656068447676,1.553704136725543,0.43037691418748,2.7156104828816763,1.61220992204601,0.1852242882655375,0.37492005935612027,3.0905305422377967,784.9646914885678,237059.3368295475,0.882922660280715,0.6121452281524112,-0.16245774976267086,0.7394854667095759,3.5050851428754486,0.7571203840424784,0.5468387554746794,-1.9860676472799457,1.519017495595503,173.11584533165427,52280.98529015959,0.8400984759658057,0.606348127335235,-0.09731336663910284,0.5518481384919223,3.4943491579056944,0.5603626141023652,0.30453636795699984,-1.3553312256024823,2.139017932303212,94.82989030365815,28638.62687170476,0.8401980893423509,0.544005289072854,-0.12755484936484532,0.5451509808580848,3.2449394567285488,0.559874835590081,0.2971895919305319,-1.4509485718004929,1.7939908849280561,94.66486912116012,28588.790474590358,0.8870565869195022,0.6783643032268507,0.9547117551189707,0.5377944136758404,2.628063158482636,1.0957633716926691,0.28922283138094096,0.08264361040516412,2.7107067688878,362.6106047564725,109508.40263645475,post-void,14
2.497700073869744,0.0,4.995400147739488,0.863212098113017,0.7149535408579397,-0.7505217651099011,1.2985613712103061,6.931922490940161,1.4998481772177048,1.6862616347995902,-5.517399710390821,1.4145227805493399,663.6156436374652,195766.61487305228,0.9055712212724693,0.7911923393774046,1.388395752905107,0.7226657376218821,4.191917210174307,1.5652119776622966,0.522245768332579,-0.5025114892074188,3.6894057209668887,722.7171178301677,213201.5497598994,0.8936399883545796,0.6966419678705096,1.4491943205290225,0.5625725648808627,2.450134337216236,1.5545584805372255,0.31648789075663253,0.431493910015664,2.8816282472319,712.9123604760111,210309.1463404233,0.8915791271329794,0.7873146299966302,2.414558462648161,1.1340161328592928,5.81274092270969,2.667599137638749,1.2859925895851454,0.6591641594682727,6.471905082177963,2099.245121943644,619277.3109733751,0.8936327032863323,0.7071662294412471,-0.010573043672088951,1.1075131362708186,5.464566708512303,1.1075636037108285,1.226585347012425,-2.3764390533806456,3.0881276551316574,361.8756551981505,106753.3182834544,0.8220660069110456,0.5167266908517391,-0.6809688824278266,1.5910864944613752,8.476737025696462,1.7306862372170153,2.5315562328573877,-6.260068036611302,2.216668989085159,883.6060812492553,260663.79396853026,0.8191808491917224,0.4741224295405467,-0.2532805856185964,1.4839432906264094,7.91093668613367,1.505403183484888,2.2020876897951362,-4.440395637704754,3.4705410484289154,668.5404297296984,197219.42677026102,0.8465299410395112,0.6094742330484358,2.103163096308807,1.4369814623468506,7.131863083661735,2.5471966419583203,2.0649157231284936,0.18208409153505048,7.313947175196786,1914.0221661771043,564636.5390222457,void,15
7.493100221609232,4.995400147739488,9.990800295478977,0.9220079566959996,0.7896514999937302,-0.46795966694659574,0.28169287337726334,1.7256439884887738,0.5462024577025516,0.07935087491153892,-1.104516060600393,0.6211279278883808,88.00945181609077,25962.788285746774,0.9131594420959307,0.7813142382449989,0.7000112564677107,0.60182244523936,3.8288207429205245,0.9231500499785426,0.36219025559388246,-1.096193259220693,2.7326274836998317,251.40077435873877,74163.22843582791,0.8734212424567908,0.6498584467596438,0.7617628330102031,0.544724801761169,2.64936721948081,0.9364869050923645,0.2967251096537448,-0.5343451327091878,2.1150220867716225,258.71727840579524,76321.5971297096,0.9258875884818453,0.7415732903888925,1.3100710552510206,0.5579110082967055,3.1438285455659516,1.423920946887561,0.3112646931786465,0.1508297523472664,3.294658297913218,598.1275045806249,176447.6138512844,0.8552131121204654,0.7605472188062986,0.20028731512254827,0.8551873685768127,4.178832528679181,0.8783282097099764,0.7313454353733333,-1.9592799544385289,2.219552574240652,227.58083097183803,67136.34513669221,0.8842292051012368,0.7418588007219545,0.04627556497459204,0.2154773481668318,1.5121166285005152,0.2203903706760523,0.046430487573010056,-0.5690987344496193,0.9430178940508959,14.328715068584682,4226.9709452324805,0.9194601038599461,0.7483314067133339,-0.13476033351165598,0.4348194380585168,2.9160531030648427,0.4552233421098891,0.1890679437135243,-2.246857932072215,0.6691951709926276,61.13234590450064,18034.042041827684,0.8981496569576072,0.8140686257180894,0.8717600429658929,0.5170058782536824,2.5860869196063825,1.013538677437007,0.26729507814886144,0.05416194214260844,2.640248861748991,303.04189194492335,89397.35812375232,void,15
12.48850036934872,9.990800295478977,14.986200443218465,0.951639960987818,0.8583227633077996,-0.4853745221700362,0.15115060902582705,1.0322600026749789,0.5083649608112949,0.022846506608878433,-0.9728680054408311,0.05939199723414781,76.23830534729746,22490.300077452746,0.8982191494895843,0.6854217290984728,0.10333820451278142,0.5778335486061452,3.0347329487083794,0.5870011877387438,0.3338916098947704,-1.1936842961468044,1.8410486525615748,101.64826634997529,29986.238573242706,0.8816879314669908,0.43249085040720875,0.15116042976991317,0.5197635890918825,2.068751823658644,0.5412981286443729,0.2701541885456753,-0.7845316575094505,1.2842201661491934,86.43608090180052,25498.643866031147,0.939128427938042,0.6413568058379145,0.8817413241025508,0.3442981690789912,2.198392118050388,0.9465775149776512,0.1185412292311456,0.056445585709286344,2.2548377037596743,264.3226525990733,77975.18251672664,0.8571181353851314,0.624443401285103,0.052201527641381786,1.1045377329092883,4.584068582587966,1.1057705923510914,1.22000360342039,-2.242502503975807,2.3415660786121584,360.7049378580027,106407.95666811081,0.8763500466788672,0.708895383211556,0.05251418545630157,0.1871196797129997,1.0224626172519646,0.1943489495984849,0.03501377453589559,-0.5062777171686771,0.5161849000832877,11.142596691960156,3287.0660241282453,0.8961577917988609,0.8359651349763221,-0.018911657099673993,0.20111021397119833,1.2203862748754437,0.20199744784971127,0.040445318163541175,-0.6051194725526804,0.6152668023227634,12.036875836650061,3550.8783718117684,0.8756270095123869,0.7859077954273768,1.0083173673346049,0.5334783714338635,2.299544953107204,1.1407467230092379,0.2845991727877271,0.08063177808362886,2.380176731190833,383.88441038661296,113245.9010640508,void,15
17.48390051708821,14.986200443218465,19.981600590957953,0.9535033528797984,0.86458143373897,-0.20565484096551137,0.2146566390328947,1.5095386367644261,0.29727325189705217,0.04607747268089846,-0.9080963733940992,0.6014422633703268,26.069558956567228,7690.519892187331,0.9105064276947212,0.7418815295473412,-0.6322210731360594,0.5491055283895658,2.7227063330336856,0.8373890174974202,0.30151688130798426,-1.7054516635699408,1.0172546694637445,206.86000815446198,61023.70240556626,0.8956459833966709,0.5399976369294188,-0.6258512437890958,0.527530411833299,2.1140252393120145,0.8185219085408577,0.27828833540901005,-1.399851784132298,0.7141734551797166,197.64354385460362,58304.84543710806,0.9141482289817738,0.6475481101436695,1.101152936513651,0.4970232168495496,2.046423956156678,1.2081265942276544,0.2470320780874744,0.11351722448091843,2.1599411806375968,430.5731109656329,127019.06773486166,0.8839210556993493,0.6843305507404865,-0.13791428677430734,0.9843398324306217,4.225428121894021,0.9939543531802706,0.9689249057095444,-2.0189233610932797,2.206504760800741,291.44385058077296,85975.93592132804,0.8548253949597755,0.729846824155283,0.02697309417864018,0.18740318398692754,0.9224323510857424,0.1893343634367729,0.03511995336843821,-0.4836476517581719,0.4387846993275705,10.575012847512362,3119.628790016147,0.9028887566831371,0.7694435541334461,-0.005414088058764428,0.2745650699826963,1.811702557795806,0.27461844439897143,0.0753859776546029,-1.1591776200279178,0.6525249377678882,22.247510551212734,6563.015612607756,0.9043966905170842,0.8117821930805061,0.9220654122702164,0.4990024277326562,2.098914651031961,1.0484312315970605,0.24900342288308477,0.12756346250662168,2.2264781135385827,324.26637397949816,95658.58032395197,void,15
22.479300664827697,19.981600590957953,24.97700073869744,0.9121176922875326,0.8694805451124011,0.10369947106029663,0.2202685836180251,1.923014128803465,0.24345806461745362,0.048518248929090915,-1.3326071199890543,0.5904070088144107,17.485189622046484,5158.130938503712,0.918568206030586,0.7830114539832875,-0.8206951879870729,0.5402644209949045,2.6574013081380246,0.9825610597708909,0.29188564459295935,-2.1872688833717198,0.4701324247663046,284.8007396725384,84016.21820339879,0.9206498410566406,0.5918520196161826,-0.8505866912936392,0.5058632789990001,2.0720148465609713,0.9896440655334021,0.25589765703962014,-1.8868802148321657,0.18513463172880576,288.92163605141684,85231.88263516796,0.9236242510581829,0.7193172166933016,1.2527092057401839,0.6594035848436455,2.794056644513842,1.4156600728461806,0.4348130877046507,0.06985000911577548,2.8639066536296176,591.2075653460017,174406.23177707053,0.9129965404674273,0.7109524644026503,0.12938168507633396,0.8321655188750983,4.530601871445125,0.8421633281245706,0.6924994508046616,-2.085709025029301,2.4448928464158244,209.2255260151667,61721.530174474174,0.8749960612677292,0.7424897551282745,0.031027054510963378,0.1851913641404399,1.4612499604944427,0.18777252052369992,0.03429584135219701,-0.9162077723001882,0.5450421881942545,10.401263241827875,3068.372656339223,0.892808198606697,0.8418694288602832,0.018367707180965715,0.2921077140755936,3.162822780245445,0.29268462427936737,0.08532691662246873,-0.683902156665189,2.478920623580256,25.270965340418556,7454.934775423474,0.9127569478390359,0.7616270803552577,0.7912213825118639,0.451808149381179,2.6039612455325347,0.9111321967701674,0.20413060384724577,0.054110733660715817,2.6580719791932506,244.89775459741315,72244.8376062369,void,15
27.474700812567185,24.97700073869744,29.97240088643693,0.8633581551026087,0.7405131091528886,1.5355299785454362,0.7049381483493876,3.5889673301236327,1.6896124135463761,0.4969377929982632,0.23556855413768302,3.8245358842613157,842.1630818629532,248438.1091495711,0.8788846397596911,0.8315187985310014,-0.6381395353902377,0.6243104202365358,3.3411465166255354,0.8927404815756863,0.3897635008159199,-2.4495055449589254,0.89164097166661,235.11074239597656,69357.6690068131,0.8882476454785689,0.6458865575890017,-0.7647037508672209,0.5320985036106802,2.2933236399610917,0.9316118527236124,0.2831288175447251,-1.86561965977301,0.42770398018808164,256.0306900198609,75529.05355585895,0.8784637303468523,0.7446263799676294,1.9875515072304506,0.7545298706446839,3.524438311348499,2.125953037954771,0.5693153256950835,0.7021070642175323,4.226545375566031,1333.3045142787905,393324.83171224344,0.90415189354823,0.7285781618099122,-0.3832892662853837,0.9835376942200045,5.1118004794803955,1.0555837520543743,0.967346395951603,-2.722618923669497,2.389181555810898,328.70583199235125,96968.22043774363,0.755356541686908,0.5168882734580773,0.5015573842213092,1.644659215005552,7.2257274558681965,1.71943704251409,2.7049039335026785,-2.2038777374752208,5.021849718392976,872.156804235032,257286.25724933442,0.839374991677641,0.5152945294085409,0.392911395830045,1.821018974294509,7.839020874521646,1.862924976941836,3.3161101047406256,-2.731684667722378,5.107336206799268,1023.7943935655533,302019.34610183816,0.882027272834981,0.6245429004822506,2.240692736024746,1.5876102585995306,6.999017042682341,2.7461264119636826,2.5205063332104682,0.14232205333275427,7.141339096015095,2224.6570297929366,656273.8237889165,post-void,15
2.4976528517090024,0.0,4.995305703418005,0.8571505263149757,0.7225426113286333,-1.5485844261771922,1.8651073656117745,11.137811981232135,2.424198673842108,3.4786254852592937,-8.820465979391997,2.3173460018401375,1733.6380670260617,511423.22977268836,0.9097566832626551,0.8360089602967002,1.6321503232832653,0.5274024846100578,3.4582051222006425,1.7152457720590744,0.2781533807728622,-0.5149751077336598,2.9432300144669825,867.9100772771262,256033.47279675215,0.9057010741649562,0.7692964189440155,1.685360437862766,0.31217717443655624,1.953910309826374,1.7140287027212138,0.09745458823919205,0.6825359568896155,2.6364462667159896,866.6788461568892,255670.25961628224,0.9096956499851131,0.7779675616889762,3.1440366271240507,1.3681137927376341,7.957122324832267,3.4288046988092704,1.8717353498789542,1.3239376524476851,9.281059977279952,3468.226990460077,1023126.9621857227,0.8789295167027169,0.6840668378899011,0.2535054000686139,1.1022575071980407,6.359861685110354,1.1310334212738309,1.214971612174439,-2.2199300691290222,4.1399316159813315,377.3747970113242,111325.56511834062,0.7583632389328219,0.5413538975562077,-0.694618319907917,2.1990464986665144,11.419452080391288,2.3061439923927463,4.835805503297457,-8.937033579576406,2.482418500814883,1568.8985335265004,462825.0673903175,0.8474338042033959,0.6044180357662003,-0.16343241027703578,1.5667099828206312,9.71723527052006,1.5752111994900189,2.4545801702698227,-6.0536274044851,3.663607866034961,731.9806452846414,215934.29035896916,0.8530675930355717,0.6176745591345992,2.0500816511578095,2.208164907852762,9.59579620173384,3.0131091976040834,4.875992260272396,0.09627297375646447,9.692069175490305,2678.2539758224657,790084.9228676273,pre-void,16
7.492958555127007,4.995305703418005,9.99061140683601,0.9359494281470614,0.7270256127401962,-0.13921933543442175,0.39396676230984407,3.4171645974555753,0.4178418757899969,0.15520980980490115,-2.2929374575058574,1.1242271399497177,51.50459078329244,15193.854281071268,0.9301836143530282,0.7163979085942634,1.0682865927211451,0.5483794812024505,2.650616681371261,1.2008148481725325,0.30072005540386876,-0.0922330635432492,2.558383617828012,425.37710837952864,125486.24697196095,0.8984576480047853,0.5197370247164426,1.0985360787304161,0.4628049685081148,2.050828319147898,1.1920444434450403,0.21418843887579717,0.18803953424735673,2.238867853395255,419.18613676871774,123659.91034677174,0.9289022170937282,0.6496791997777577,1.6061495368968495,0.6766104884123194,3.1928590961690575,1.7428476949818423,0.4578017530295574,0.20765246620881853,3.400511562377876,896.0678359315386,264340.01159980387,0.8993791089847999,0.5601689325486374,0.17839111749511213,1.211577153221277,5.976864642870952,1.2246397792857004,1.4679191982077737,-2.442281477614672,3.5345831652562794,442.42406375763403,130515.09880850205,0.8481310670766155,0.5865131284211546,-0.004557767226044211,0.30685996733382154,2.290528960888113,0.30689381354827083,0.09416303955211401,-1.0579399816107184,1.2325889792773945,27.784224774289243,8196.346308415326,0.8940388268374837,0.5401139784924851,-0.023185556405478525,0.5438232521632579,4.141726632332013,0.544317278450036,0.29574372959342243,-3.1492897495457677,0.9924368827862453,87.40298338767992,25783.880099365582,0.9176252370703266,0.6992457708024558,1.2204738826387262,0.6329701440187655,3.6727520474816786,1.3748482466884786,0.4006512032191368,0.09833158979500813,3.771083637276687,557.6112719196033,164495.32521628306,void,16
12.488264258545012,9.99061140683601,14.985917110254015,0.9305033849844434,0.8036630296114287,0.28420716263268875,0.20952007214383886,1.1639212386008204,0.35308975052085984,0.043898660631159436,-0.3330373446295025,0.8308838939713179,36.77834971725049,10849.613166588893,0.9343236852765385,0.8101005091924754,0.15585147358075171,0.4738010774283643,2.54250859234746,0.4987756437413224,0.22448746097227884,-0.9947337170975353,1.547774875249925,73.38925712292331,21649.83085126238,0.925690751876378,0.6416838725950982,0.19661283735971843,0.4165203260506208,1.8588861339937652,0.4605928677562805,0.17348918201331545,-0.6555953603992379,1.2032907735945273,62.58300799924658,18461.987359777744,0.9436552958835619,0.7256699235191286,0.6619168381742431,0.3840070362399899,1.894449582662885,0.7652419908371522,0.1474614038818209,0.06617418286921932,1.9606237655321044,172.7506148394204,50961.431377629015,0.8597655290882207,0.6503263872244325,-0.08243387150369186,1.0968717441093785,5.563766956945392,1.0999649840775099,1.2031276230255499,-2.9811965188823306,2.582570438063061,356.92727502800784,105293.54613326234,0.8649940584001004,0.6720525782780603,5.5014793825303545e-05,0.16583138183896026,0.9317375739720495,0.16583139096457758,0.027500047202619043,-0.4550832023271355,0.4766543716449139,8.112514817627742,2393.1918712001843,0.8767817049639856,0.7551211969283909,-0.04551594044588225,0.25467512779545587,1.4731576984381503,0.25871049756881703,0.06485942071763177,-0.8528582049359347,0.6202994935022156,19.744680857929943,5824.680853089332,0.8933204477607631,0.7947309964511117,0.9921819996875988,0.5656226811878268,3.02517207538362,1.142083244767293,0.31992901747410596,0.022101734739294696,3.047273810122915,384.7844707035656,113511.41885755186,void,16
17.483569961963017,14.985917110254015,19.98122281367202,0.93768174812483,0.7692532773546534,0.46486671340740204,0.22465023628626601,1.2749701021042357,0.516303002022722,0.05046772866347515,-0.16716947689877698,1.1078006252054586,78.63779301981408,23198.14894084516,0.9211664773538426,0.8683468610562306,0.00511645118683438,0.4417544281653012,2.240138867526948,0.4417840568381791,0.19514697480365223,-0.8523818775178296,1.3877569900091182,57.57608009853785,16984.943629068664,0.9381135126041015,0.786982166364449,0.009850940466793995,0.40016154920883984,1.918449381659276,0.4002827831587302,0.16012926546521875,-0.6628400455428262,1.25560933611645,47.26676041552322,13943.694322579351,0.9269261221784006,0.8559240065917526,0.7341134852029998,0.2881764044998799,1.7559457836905765,0.7886496365734111,0.0830456401104784,0.1182387581053131,1.8741845417958896,183.48063353387516,54126.786892493175,0.8659667500186256,0.7658585525684464,0.14736494313650908,0.8986238000128334,4.6765201522558595,0.910626795353141,0.8075247339495047,-2.2761024204823044,2.400417731773555,244.6261423224637,72164.71198512678,0.8600909632639298,0.6712696660949595,0.05367157291846714,0.16697961056513907,0.904796430724641,0.17539335245107734,0.027882190344485507,-0.36908053170554106,0.5357158990190999,9.075034284788213,2677.135114012523,0.9180726597697149,0.7028847605505317,0.01017201317184554,0.2775962405966554,1.7063343745964838,0.27778254560962684,0.07705967279339619,-0.7338255151823536,0.9725088594141302,22.763127080382503,6715.122488712837,0.8991338929356365,0.8082157327108281,0.839130454622452,0.4827289211033874,2.367948406049014,0.9680739285532503,0.2330272112696404,0.06124660028396077,2.429195006332975,276.4643036876344,81556.9695878521,void,16
22.47887566538102,19.98122281367202,24.976528517090024,0.9483320549252553,0.8705305516777618,0.47512049910158044,0.18496673537860986,1.0293945743687631,0.5098550596622098,0.03421269319662069,-0.05385079829407269,0.9755437760746906,76.68589364963088,22622.338626641107,0.928420084285664,0.8801594908667895,-0.5572690156783426,0.3474183035253511,1.9123515004237148,0.6566949318058896,0.12069947762443296,-1.4703708742657475,0.4419806261579673,127.21822887056487,37529.37751681665,0.8975267016683531,0.7791895566389456,-0.5822767674753706,0.31373712590661296,1.483653214053813,0.6614206060546562,0.0984309841721419,-1.1583151563645968,0.3253380576892162,129.0557793435441,38071.45490634549,0.9295263985131303,0.8547524270261634,0.9908626094444055,0.3832348139736649,1.7868708790852432,1.0623924102874636,0.14686892264142953,0.10014184788471059,1.887012726969954,332.9599018637399,98223.1710498033,0.8687575031663676,0.7382005095621965,0.12336931051118528,0.741998252298143,4.28643894686385,0.7521844143489705,0.5505614064134986,-2.0776477053649685,2.208791241498881,166.90551099090362,49237.12574231658,0.8743381409757179,0.6686986124481685,0.041750606954045096,0.1348432411435437,0.675476291591703,0.141158821414487,0.01818269968209588,-0.28745146257923526,0.38802482901246765,5.8781147946224745,1734.0438644136302,0.9049814960829576,0.7355455479421612,-0.00842511187217253,0.278483471389909,1.4492846739398542,0.2786108869865513,0.07755304383737424,-0.6131521971767238,0.8361324767631303,22.899087772492692,6755.230892885344,0.8925836027332286,0.8090156317684886,0.6936454919231013,0.42683388330218397,2.1583128352835663,0.814451491741567,0.1821871639348224,0.0541973785220835,2.2125102138056496,195.6827135580188,57726.40049961554,void,16
27.474181368799027,24.976528517090024,29.97183422050803,0.9760319410272443,0.8893082187500417,0.3014015868751154,0.16358618101423925,0.9346555853379968,0.342933455920622,0.02676043861882345,-0.19380850304337574,0.740847082294621,34.69298978095006,10234.431985380263,0.9443813453391388,0.8492349578580024,-0.8773093785404287,0.32666320003683214,1.8415173535928173,0.9361520132613594,0.1067088462583034,-1.5834773826553035,0.2580399709375138,258.5322746203225,76267.02101299513,0.8940839333150078,0.7357660329755166,-0.9135204946566969,0.2875779460655396,1.3080500199623346,0.9577164346616855,0.0827010750632744,-1.3996205110159876,-0.09157049105365303,270.58012692022174,79821.13744146546,0.9265137490987321,0.8117897211220646,1.319792434171597,0.41152478302947915,1.9245942920308046,1.3824632784794135,0.1693526470474599,0.24982247393653192,2.1744167659673366,563.8053913214942,166322.59043984071,0.8853496659814439,0.7151400565777107,-0.08724907554349255,0.6725346381093696,3.3268702204107727,0.6781705100047443,0.45230283945690075,-1.5122217594927672,1.8146484609180056,135.674995988828,40024.123816704254,0.892454491879337,0.7967486235853893,0.05862606210781913,0.10486034207493074,0.6646936587609202,0.12013619978316842,0.010995691340071488,-0.2863135882857925,0.3783800704751278,4.257648417010699,1256.006283018156,0.9117160900783344,0.8197392612586762,-0.040725257266899774,0.25152326185521945,1.4057187474357704,0.2547989360922538,0.06326395125428928,-0.6992973869910418,0.7064213604447286,19.152136860954613,5649.88037398161,0.8928178845278126,0.7836706505631796,0.6299335450453156,0.3774310185965406,1.7979833433307852,0.7343503557377641,0.14245417379882216,0.022215051833778317,1.8201983951645635,159.0847812667933,46930.01047370403,void,16
32.46948707221703,29.97183422050803,34.967139923926034,0.9562545995363265,0.8182324951989778,0.02788690154545593,0.2473561418552763,1.5954985366000312,0.24892316121914715,0.061185060913527566,-0.5549441569659784,1.0405543796340528,18.27900835644339,5392.3074651507995,0.9365461577868324,0.8169199600688278,-0.9768079539040936,0.30712075041454734,1.5915888101171503,1.0239516268581716,0.09432315533519467,-1.8096696686985463,-0.21808085858139595,309.3006955729214,91243.70519401184,0.897215798331602,0.6049225794168291,-1.0051376760376296,0.2840852869329392,1.1800632533321354,1.044512421200484,0.08070445025177042,-1.4994114655623865,-0.319348212230251,321.84682842241864,94944.81438461345,0.9327563969686566,0.7529449418103559,1.4273862972421303,0.4049867045031578,1.8945061551266535,1.4837270208427584,0.1640142308243281,0.4479585467868804,2.342464701913534,649.4265323517834,191580.82704377614,0.8464619773618703,0.5789904108298328,0.10995444337968302,0.7285401905431365,3.7500354419022193,0.7367908718595566,0.5307708092366296,-1.5027467838578252,2.2472886580443943,160.14393271239183,47242.46015015559,0.8958578719396129,0.7265717663464036,0.03774494243516212,0.13000374980534654,0.8201557412974008,0.13537228535739818,0.01690097496345114,-0.49176093199117127,0.3283948093062295,5.406068414651028,1594.7901823220536,0.9029116897478633,0.7316467041627343,-0.02103553583716704,0.26620466478447735,1.443003156468703,0.26703448713784644,0.07086492355301595,-0.751453858906928,0.691549297561775,21.035688109686944,6205.527992357649,0.8932967918837885,0.7803296511086505,0.6920467056659151,0.3918739835666274,2.1461189853571168,0.7952948269789155,0.15356521899637737,0.1186027542792028,2.2647217396363195,186.58568923672982,55042.77832483529,void,16
2.497607072472796,0.0,4.995214144945592,0.8172394091596608,0.6295105254625442,-0.43545049432205973,1.5127200448740263,8.003724681932827,1.5741470919736194,2.2883219341636765,-3.972913482786768,4.030811199146058,730.9920248148558,215642.64732038244,0.8810083073620599,0.714526384564686,0.636889383566844,1.7555843775569255,9.516898680560166,1.8675397167455616,3.082076506721938,-3.7464063544726875,5.770492326087479,1028.8728551185172,303517.4922599626,0.8444165047392953,0.6491694874954507,0.6990435350901039,1.5505113739959118,6.184012710204098,1.7008078624118481,2.40408552089069,-1.4504367054400626,4.733576004764036,853.3604785283782,251741.34116587148,0.878589846088474,0.6934134984486422,2.55800482058022,1.5215131887438271,7.2821523221479705,2.9763049315607857,2.3150023835214086,0.18810642679884323,7.470258748946813,2613.225358461751,770901.4807462164,0.8479686892190873,0.5780831217367407,-0.7040959777378034,1.7738075912770344,10.313799414952662,1.9084403361746962,3.146393370872034,-5.875141288559593,4.438658126393068,1074.4326324378833,316957.62656917557,0.7337562635350134,0.39944602154305514,0.4155062746886472,2.0149315065480913,13.108340069877315,2.057327013477877,4.059948976080161,-4.866627442549549,8.241712627327765,1248.6153599138108,368341.5311745742,0.7688359385491956,0.4093604437499927,0.19347937155345174,2.39667168890138,16.058876542613604,2.404468642257185,5.744035184381393,-6.465107336834525,9.593769205779077,1705.5334882214424,503132.3790253257,0.8082564597004196,0.5331659422494697,2.6692950725760274,2.5555962561100762,12.975253264947634,3.6954307473855463,6.5310722242438395,0.10568814740939225,13.080941412357026,4028.581480573137,1188431.536769075,pre-void,17
7.492821217418388,4.995214144945592,9.990428289891184,0.8069062596019051,0.6022263487137245,-0.13168287790337763,1.4407445467562903,9.650099528333744,1.4467498848594753,2.075744849007988,-5.5497425607912,4.100356967542544,617.4601426555669,182150.74208339222,0.8893334241446038,0.7944959147028714,1.0287388647126248,0.8239365727686554,4.370159435775313,1.3180193958041655,0.6788714759457578,-0.8573089532260321,3.512850482549281,512.4666626762134,151177.66548948298,0.8457656401984852,0.6787953914962377,1.190965191731686,0.7351501551337529,3.313241449207615,1.3995870242716857,0.540445750593181,0.14043644750510448,3.4536778967127195,577.8589323603533,170468.38504630412,0.883257829822517,0.7293521568204145,2.14477438177314,1.0904343386266766,5.04571787209997,2.4060557340939868,1.1890470468561978,0.5618817171125574,5.607599589212527,1707.7857376921334,503796.79261917924,0.837523884789374,0.7161188849027514,0.48828959014217943,1.0697985374156866,5.046226896008163,1.1759658304976213,1.1444689106567425,-2.1418693633610593,2.9043575326471034,407.95421217689824,120346.49259218498,0.7576941524480278,0.46584733922518035,-0.026395733954217588,1.6637924556467176,11.584620679935538,1.6640018239887586,2.7682053354669347,-7.8550300344461235,3.7295906454894143,816.8261107201852,240963.70266245463,0.8245920557697057,0.4873247868357485,0.03765884936376214,1.2400442678602168,8.493450381790066,1.2406159660379934,1.537709786252981,-6.013669196114907,2.479781185675158,454.04275268057313,133942.61204076908,0.8541908853384902,0.5675849170994585,1.7217772910493143,1.6511840115357053,9.671011499715187,2.385566113090195,2.7264086399511442,0.13662547154966367,9.80763697126485,1678.8230755776567,495252.80729540886,void,17
12.48803536236398,9.990428289891184,14.985642434836777,0.9004233708599569,0.7743413093899458,-0.1765520543008378,0.20591018052867768,1.1345465113616569,0.2712372214929187,0.042399002445352635,-0.8531531688836119,0.28139334247804504,21.703040945343595,6402.397078876362,0.9037910480802309,0.7628185633478525,0.5076549300515293,0.43373037652431784,2.2832230141826053,0.6677091938303303,0.18812203951992654,-0.5643381785059648,1.7188848356766406,131.52149242003716,38798.840263910955,0.85220247464002,0.6285254259608029,0.6004689050954162,0.3728708132702904,1.7410606020217476,0.7068207335494169,0.13903264338884777,-0.1406158256512106,1.600444776370537,147.38068706572406,43477.30268438862,0.9454926535094101,0.7057828739839743,0.8868005267287397,0.48227126497202166,2.174327595013909,1.009455668776041,0.23258557301771393,0.06874073957268625,2.2430683345865954,300.60522043110484,88678.54002717593,0.864029975271691,0.6637153981071592,-0.08555383929689396,0.6881639249716639,3.3385385050018845,0.6934616406484534,0.47356958763240586,-1.5954159483931498,1.7431225566087347,141.8622688799992,41849.36931959976,0.8763231997813193,0.7501781170128313,0.01588295685572691,0.08477654473511435,0.4082004035959076,0.08625155567122096,0.0071870625372248455,-0.2282526446898539,0.1799477589060537,2.1946026024331897,647.4077677177909,0.8843185405861759,0.71394915681691,0.04191545626666641,0.14128848383631784,0.7348855332744442,0.14737483210782046,0.019962435664765445,-0.2861824537066638,0.4487030795677804,6.40720563594844,1890.125662604789,0.8910236899218756,0.7678161144350426,0.626703920521788,0.34247615252449193,1.7073526298857802,0.7141762520872272,0.11728991504797906,0.037900931343681915,1.7452535612294622,150.46407711838083,44386.90274992234,void,17
17.483249507309573,14.985642434836777,19.98085657978237,0.9095635087903282,0.8146824077841891,-0.13878067589868956,0.20052851977150363,1.1257446868117174,0.24386833177894876,0.04021168724175032,-0.6912189786568239,0.4345257081548934,17.544170157170992,5175.530196365442,0.8926635394161986,0.761514844021145,0.044490951880824636,0.4661253313424382,2.1778707660098044,0.468243813966997,0.2172728245190978,-0.8857494806778001,1.292121285332004,64.67941944891611,19080.428737430244,0.9140148992120003,0.5897203507038057,0.08469350077443517,0.4284383664150435,1.934376873679319,0.43672923292335303,0.1835594338163911,-0.7493336581805161,1.1850432154988029,56.266064752497,16598.48910198661,0.9429719907098173,0.7284810480757058,0.6024954943187861,0.32627539713927106,1.6724769600686693,0.6851689247571197,0.10645563477838905,0.07481180608129567,1.747288766149965,138.4896543585841,40854.448035782276,0.8654199568746128,0.6756250831871226,0.08699672439047688,0.779194856059456,3.4768244041242915,0.784036385484876,0.6071446237095165,-1.4780790926159133,1.9987453115083782,181.34035086043576,53495.40350382856,0.8761337962436716,0.7647621466579079,0.011176926876414632,0.07747053364432455,0.4149710924698362,0.07827264705845294,0.006001683583136422,-0.19983550154457852,0.2151355909252577,1.8073491468734568,533.1679983276697,0.8886222662048431,0.7347647964540186,-0.03661483928892074,0.15399433640329777,0.9613682681261934,0.15828740348001646,0.023714255644292036,-0.5854458269286389,0.37592244119755447,7.391196119631431,2180.4028552912723,0.8801924219220404,0.8111880180469601,0.728115258748023,0.3402098368955123,1.9965613513487515,0.8036756579256159,0.1157427331204711,0.02019179770730099,2.0167531490560524,190.53889612694064,56208.974357447514,void,17
22.478463652255165,19.98085657978237,24.97607072472796,0.9056133187606555,0.8075813950627425,-0.22508681401789976,0.16524551332719356,0.9402352005779381,0.27923136199126397,0.0273060796747677,-0.7622909001157587,0.17794430046217938,23.001195288251406,6785.352610034161,0.8974442703859534,0.8166447331383245,-0.2419735297734567,0.4646298297519654,2.3881727592457285,0.5238626421175366,0.2158808786953403,-1.3258805477191253,1.062292211526603,80.95746000287805,23882.450700849025,0.8490943669217005,0.6883309011827724,-0.22477131708015305,0.4532269535287555,2.2690361045735807,0.5059019829837628,0.20541467140495673,-1.365262289690504,0.9037738148830765,75.5013608341365,22272.901446070275,0.9050258262174313,0.7704296997534729,0.70107802020493,0.3418020586513511,1.7781807288737435,0.779960920631775,0.11682864729830165,0.08147007896057148,1.859650807834315,179.46001612526595,52940.70475695344,0.8636200018449642,0.6749922599857306,0.21145058660725752,0.7430398690703897,3.91282525865537,0.7725410005978293,0.5521082470281418,-1.9021709842588328,2.0106542743965368,176.06178129338508,51938.225481548594,0.8590049088562008,0.7869384823965226,0.0012508431291285004,0.0780576220310316,0.4794694877343657,0.07806764352581086,0.0060929923571393894,-0.2690571410812584,0.2104123466531073,1.7978943048735578,530.3788199376995,0.8546228650572393,0.726465770023809,-0.024056175178546652,0.1573077193752552,0.9238347829443467,0.15913647645736334,0.024745718575044037,-0.5142452460706605,0.40958953687368627,7.470703351083163,2203.8574885695334,0.8769780340302749,0.7579202644039003,0.6837855043299844,0.40084405543530544,1.9902980408252156,0.7926150217537095,0.1606759567778222,0.046911985487789444,2.037210026313005,185.33037894934182,54672.46179005582,void,17
27.473677797200757,24.97607072472796,29.971284869673553,0.9331361578447404,0.8143693495366306,-0.41431898802987127,0.1468024564018576,0.8646230141459411,0.43955794276490545,0.0215509612056193,-0.9044349481222146,-0.039811933976273486,56.99729958907619,16814.203378777474,0.8990341567770916,0.7838795246455318,-0.6345240084640823,0.38720105244913644,1.9973553222592217,0.7433339574747314,0.1499246550177189,-1.5172776181805385,0.4800777040786832,163.0008848388385,48085.26102745736,0.8959410747641094,0.6065226821012152,-0.6440934545074207,0.36223204738750303,1.5680650384005497,0.7389644337137242,0.13121205615454226,-1.362508770947486,0.20555626745306374,161.09018811668432,47521.60549442189,0.9195892999267106,0.781194570294191,1.0701742703029118,0.382821136901082,1.644982158677798,1.1365847929990118,0.14655202285823696,0.2848319648571624,1.9298141235349604,381.088372544599,112421.06990065676,0.8608884961647756,0.6839282571704112,-0.15391121479736014,0.6538640953520659,3.336127472931974,0.6717342608732821,0.4275382551905755,-1.65011174705037,1.6860157258816038,133.11194058313754,39268.02247202558,0.8488653552709492,0.7472671724938121,0.0356784695323469,0.08660267044671972,0.45436134144598916,0.09366416452770902,0.007500022528503141,-0.18992084999786046,0.2644404914481287,2.588027836418755,763.4682117435328,0.9006929620971004,0.8238081054240622,-0.0021849443509797087,0.12005874351751555,0.8831867297746896,0.12007862372971076,0.014414101895004583,-0.3902671783421916,0.49291955143249805,4.25356838366233,1254.8026731803873,0.8849876595719206,0.7843127353775844,0.5913144982964339,0.3532222146594216,1.6636914060499857,0.6887806391184859,0.1247659329289065,0.025863892950844725,1.6895552990008305,139.9535368032186,41286.29335694949,post-void,17
32.46889194214635,29.971284869673553,34.966499014619146,0.9118720854339428,0.8400306787927944,-0.009872777917551829,0.28832735783086094,1.2317997243221717,0.28849633796208685,0.08313266527372533,-0.6644485541074159,0.5673511702147558,24.552890420172712,7243.102673950949,0.9127819459737693,0.7753684337288809,-0.7791765717273518,0.4166266147758646,2.290492307000425,0.8835688236172583,0.17357773613959668,-1.7932834942647566,0.49720881273566836,230.30469049017378,67939.88369460126,0.9036332321618534,0.6659303314111641,-0.8977571928768392,0.40153467889853406,1.8917481192356504,0.9834622899329953,0.16123009835814883,-1.6685146087348506,0.22323351050079993,285.32343233747406,84170.4125395548,0.9264864148249489,0.7563255828818045,1.2662149261575169,0.4773068610255729,2.1715320516009706,1.3531895945528738,0.22782183958208554,0.28758607326280067,2.4591181248637715,540.1810132478205,159353.39890810705,0.8564065436123666,0.7453363045222713,0.25242452690123957,0.5885121000113741,2.741287397994417,0.6403628921487504,0.3463464918597976,-1.0960533342451144,1.6452340637493024,120.96906692412809,35685.87474261779,0.8716480901527046,0.7422260292224652,0.0030476490065711294,0.08211115155245093,0.5067033457059599,0.08216769057078833,0.006742241209269565,-0.1671655180380067,0.3395378276679532,1.991701165252361,587.5518437494466,0.9031641784733888,0.6704892881357993,0.058243023573717106,0.15519693392169537,0.8032089571401623,0.16576591354589051,0.024086088298695078,-0.28075857541140725,0.522450381728755,8.106109737642576,2391.3023726045594,0.8660087406402078,0.7737573834344746,0.588651312099154,0.3127045472526694,1.6228890062296077,0.6665541996781302,0.09778413387249694,0.024671223654313863,1.6475602298839216,131.06687782702303,38664.7289589718,post-void,17
37.46410608709194,34.966499014619146,39.96171315956474,0.8707310872619209,0.7095001608275346,1.1365242994183742,0.7213285784688517,4.144779640922364,1.346106385574454,0.5203149181158943,-1.1506210206193264,2.994158620303037,534.5407083788746,157689.50897176802,0.8963998375260225,0.8100376206476603,-0.5966529136469815,0.47015535657037005,2.5407715965586952,0.7596319889757436,0.2210460593118118,-1.8828135015812644,0.6579580949774307,170.22702380919702,50216.97202371312,0.8892451496260686,0.6305233787569365,-0.8017346674562058,0.4064648495789386,1.8461240970317039,0.8988838361792596,0.16521367394322917,-1.8498463516782588,-0.003722254646555048,238.3576845285809,70315.51693593137,0.8954633220521317,0.7112938054143229,1.7174521510005332,0.49738659001580243,2.56175900429531,1.7880255341867763,0.24739341992754793,0.465774993044438,3.0275339973397477,943.1254167166525,278221.9979314124,0.8463633014574136,0.6189811501000344,-0.08805369076701569,0.6702070718584378,3.1268000238317133,0.6759666941697308,0.4491775191690611,-1.3462644231182688,1.7805356007134445,134.79463662989252,39764.4178058183,0.7713408274688863,0.4726009485829758,-0.2709263780177033,0.6493754967373452,3.47275336858661,0.7036260640913363,0.42168853576287385,-2.5879330310963953,0.884820337490215,146.05144323025627,43085.175752925585,0.8666228881486885,0.4779578314014566,-0.12464675782198052,0.5144225391187282,3.054065718441017,0.5293083817481931,0.2646305487533594,-2.1878481984521376,0.8662175199888793,82.64937208172279,24381.564764108225,0.8667534579058336,0.5976949735078232,0.8787024177081629,0.6782846259485319,3.731547047064276,1.1100396266279462,0.46007003379813977,0.0409652292933665,3.7725122763576424,363.4954519418716,107231.15832285215,post-void,17
2.497466158709898,0.0,4.994932317419796,0.7953566948492893,0.509263812390933,-0.014282755484955622,0.949622500187495,3.474784606141617,0.9497299036918823,0.9017828928623488,-1.650254355642455,1.824530250499162,266.0861325401446,78495.40909934265,0.8537321115966982,0.6710457695789597,-0.47655905673343296,0.2475826441690401,1.79119172886218,0.5370341704662682,0.06129716569373353,-1.3457408327132236,0.4454508961489564,85.07968157327589,25098.506064116384,0.8184277579268753,0.5796266560275076,-0.5517598099211151,0.2257891664954572,1.2049392822346787,0.596170810716944,0.05098074770671329,-1.0798185418088784,0.1251207404258003,104.84879248751498,30930.393783816926,0.8194434350857899,0.6251176880523136,1.1696300797687769,0.42163693180978334,2.1478865338737543,1.2433069716549823,0.1777777022659679,0.12471760933415789,2.272604143207912,456.0146066009355,134524.308947276,0.826377596373547,0.4439118222201958,-0.2341209936537065,0.831778446563358,4.503348892096775,0.8640995450969475,0.691855384167353,-2.3041456559930715,2.1992032361037035,220.26706703184175,64978.78477439332,0.6236092472314361,0.25010865137274063,0.4234234112573029,1.4040866759106223,6.833299740240565,1.4665424571660077,1.9714593934697409,-2.796130681993416,4.037169058247149,634.470299707801,187168.7384138013,0.6845053246845569,0.3358519257008063,0.5270232153778962,1.6410873145552451,7.607131023550242,1.7236359950817353,2.6931675739941463,-2.5789077773666644,5.028223246183577,876.4217078447141,258544.4038141906,0.6939381765559854,0.40581104774810917,1.8778620786679439,1.5303495873654411,6.3717414858348524,2.422464828650494,2.341969859549576,0.13359252749294656,6.505334013327799,1731.1590745843569,510691.92700238526,pre-void,18
7.492398476129693,4.994932317419796,9.989864634839591,0.7467398666137148,0.4837248282654057,-0.6735763906110129,1.7681347085269612,6.511387039487772,1.8920902466548157,3.1263003474977222,-3.510726350354774,3.0006606891329985,1056.1016229384531,311549.9787668436,0.8027607508417457,0.6804961575692116,-0.40383141743783296,0.39626960803981826,2.317432022475174,0.5657821276479847,0.1570296022560312,-1.3906925954188631,0.9267394270563105,94.43227770993475,27857.521924430745,0.7930618023954966,0.5055656688670226,-0.44972437784438823,0.34239056261096157,1.5948965981601586,0.5652285496969991,0.1172312973650508,-1.1926929661711476,0.4022036319890109,94.24757745080902,27803.03534798865,0.7957751695020004,0.5791044759443497,1.9315355697041006,0.6991198565429184,3.2954740273887166,2.054166067007421,0.48876857381259076,0.34313309493927746,3.638607122327994,1244.781478099197,367210.53603926295,0.7416728083908449,0.47682409422290906,-0.24753756523551926,1.296329002206048,7.38097837855276,1.3197513887711037,1.680468881960528,-5.043671284869639,2.337307093683121,513.8143998081607,151575.2479434074,0.5684224845485866,0.2407206708328484,0.009949073502424976,2.456895530873105,11.633731703273872,2.45691567492411,6.036335649624236,-5.120811162078087,6.512920541195785,1780.748216937899,525320.7239966802,0.672163376173411,0.238124801064535,-0.18633805496841413,2.7398973314431596,12.444252845836425,2.7462263667765554,7.507037386849348,-4.410782954351452,8.033469891484973,2224.818980985734,656321.5993907915,0.7365909079322143,0.33895320110565785,2.936658864103273,2.587657692839894,11.008142261363576,3.9140691894024826,6.695972335313482,0.2717937038749691,11.279935965238545,4519.381597731793,1333217.5713308791,pre-void,18
12.48733079354949,9.989864634839591,14.984796952259385,0.8601088382910568,0.6203131509046979,-0.2315732367101771,0.3306732978423009,2.3241198871859936,0.4036966607074311,0.10934482990590304,-0.9676754048542723,1.3564444823317214,48.07644319056757,14182.550741217432,0.8462152927436611,0.7296437007099371,-0.5297277900086591,0.2279090626968048,1.9735020101177803,0.5766750145157965,0.0519425408593361,-1.5846621223764707,0.3888398877413096,98.10345134820426,28940.518147720264,0.8831852462321513,0.6533501467344671,-0.5403336297905402,0.2146671272901328,1.4443416564106646,0.5814141441533897,0.04608197553899807,-1.2105033635448186,0.23383829286584612,99.72251007137749,29418.14047105636,0.8733256928685749,0.7183917394114743,0.8715314845301205,0.2720300437956583,1.9755234479191337,0.9129991638850188,0.07400034472746778,0.13547936578704206,2.111002813706176,245.90240461014932,72541.20935999403,0.8567902470249888,0.5475862551483686,0.13191917315459123,0.9074805899044883,6.1067448993233535,0.9170189143628331,0.8235210210533981,-4.186437400564283,1.9203074987590707,248.07248834326077,73181.38406126195,0.7209492698010369,0.41616431755623956,-0.24904241621657527,0.717652549776999,2.943179011734961,0.759636299340953,0.515025182201428,-2.129225648310902,0.8139533634240589,170.22895564654328,50217.54191573028,0.7906371027983027,0.46930159869400345,-0.20346432858134633,0.5248102995028271,2.326787945292842,0.5628708408412229,0.2754258504642471,-1.5083905784391507,0.8183973668536914,93.46295712344502,27571.57235141629,0.8135075047196516,0.5723012857941564,0.9172683446717581,0.945205461213616,4.635638982957691,1.3171160085751414,0.8934133639080447,0.050081759974639393,4.685720742932331,511.7644011132491,150970.49832840852,pre-void,18
17.482263110969285,14.984796952259385,19.979729269679183,0.9184475867916427,0.773142077254767,-0.40192266980607405,0.07297505435262334,0.3661247332400165,0.40849380786226214,0.005325358557768331,-0.5341156788396012,-0.16799094559958472,49.225821363234175,14521.61730215408,0.9121222795233346,0.8379057134166974,-0.5348026994120754,0.06551980926089614,0.43867809416224485,0.5388012367320874,0.00429284540558421,-0.6901922051360083,-0.25151411097376347,85.64049794768792,25263.946894567947,0.9292281194167723,0.7478377403546654,-0.5679817106807576,0.06981752234522162,0.33118037286484203,0.5722566820005385,0.004874486426425521,-0.7127592463878188,-0.3815788735229768,96.60592447780832,28498.74772095344,0.9077793420183132,0.8341937957624274,0.8815119334150668,0.0871113374190409,0.5180909542027596,0.8858056637096554,0.007588385106933994,0.5407091546303333,1.058800108833093,231.4722437887304,68284.31191767546,0.8823080506274205,0.815866945278342,-0.04813968526850326,0.1553924386760756,1.2699421034889662,0.16267833074951463,0.02414680999769792,-0.5447794141055197,0.7251626893834466,7.806950592157299,2303.050424686403,0.8122387421174485,0.6693449466741974,0.08365384390631041,0.03158818319373296,0.21360315769538232,0.08941911941963072,0.0009978133174808335,-0.04267885684486019,0.17092430085052213,2.358754780745743,695.832660319994,0.8894567405975827,0.6979776681955212,0.041592975978395036,0.044302343152506134,0.23700873380577192,0.06076737002324318,0.001962697608802407,-0.11916423070700084,0.11784450309877109,1.0893386115648174,321.35489041162106,0.9289611174406108,0.8315370292346939,0.169574991829824,0.0969381948392249,0.684045353576327,0.19532713962164192,0.009397013618687531,0.048545779946231674,0.7325911335225587,11.255043984467859,3320.2379754180197,pre-void,18
22.47719542838908,19.979729269679183,24.97466158709898,0.8693756995628684,0.5265090871588594,-0.20776100877322104,0.6403547667629047,3.321560455012671,0.6732153177716923,0.41005422731597413,-1.9606801529805618,1.3608803020321092,133.69956490432,39441.37164677438,0.8578609045354946,0.6163767291471699,-0.42337447675315754,0.3424078479139958,2.579013247848226,0.5445081100214249,0.11724313431309408,-1.4901242529377916,1.0888889949104343,87.4642791543357,25801.96235052903,0.8290064771312967,0.591170132147512,-0.42494203109894635,0.26948025699417866,1.388976258640642,0.5031851932481186,0.07261960890964858,-0.8009017931581363,0.5880744654825057,74.69262491772321,22034.324350728344,0.8479737043196679,0.7012296250497513,0.9689671490532062,0.2529939697332578,1.7586429517500948,1.0014505902268425,0.06400594872139256,0.4573436541354953,2.21598660588559,295.8564689763789,87277.65834803172,0.8462077291610092,0.6211823756142605,-0.4425770593920639,0.6462390562852103,3.4580474072931437,0.7832620068460652,0.41762491786839917,-2.767399173590733,0.6906482337024106,180.982314553715,53389.782793345934,0.7101998933989044,0.3170106586579165,0.608389920572254,1.3189687076381653,5.637971889629466,1.4525208250426584,1.7396784517286918,-0.6956060823001587,4.942365807329308,622.3959404188686,183606.80242356617,0.730621705042219,0.3261210061712419,0.5288927400276887,1.4339956865759673,6.604308858659841,1.5284211329252406,2.05634362911848,-1.0516321800784036,5.552676678581437,689.1409920738805,203296.59266179474,0.8555709973571459,0.35234483622049756,1.1760881799635254,1.9173429195304859,7.634786130340928,2.249308177667882,3.6762038710736875,0.02078113195077838,7.655567262291707,1492.519247046464,440293.17787870695,pre-void,18
27.472127745808876,24.97466158709898,29.96959390451877,0.7901382095217608,0.5654160189536173,-0.597665284897943,0.9921018262321042,4.241514275859084,1.158218384582638,0.9842660336130763,-2.7329230470853783,1.5085912287737058,395.73359878363857,116741.41164117336,0.8713334546769259,0.7482954599592835,-0.23075242767063625,0.2713276849835032,1.7862435719249312,0.3561816889094656,0.07361871263850714,-1.3441099865944766,0.44213358533045477,37.425291676747804,11040.461044640599,0.8285964779430349,0.6490994720550912,-0.15632253252104167,0.27423233839113176,1.4365335738766847,0.3156582164196908,0.07520337541946819,-1.0996089532094566,0.33692462066722806,29.393832330011804,8671.18053735348,0.8075284229165871,0.6568200988006998,1.1291238591662456,0.5413452153241949,2.614613180349532,1.2521882172792056,0.29305464215439897,0.15662314049512885,2.771236320844661,462.5527227903982,136453.05322316746,0.8657102357041833,0.5929641077241176,-0.02129540316346341,0.5738813849666375,3.8914715284375427,0.5742763604808407,0.32933984401122607,-1.6441541000929851,2.247317428344558,97.28903477110057,28700.26525747466,0.6704591098233641,0.46040641584502146,0.12215669519749,0.42696344426496313,1.8795788856472344,0.4440946305914684,0.18229778273860028,-0.8253595315168545,1.05421935413038,58.17991207145098,17163.074061078038,0.6721706404313592,0.4627004659756133,-0.16110011341803476,0.6382378697937805,3.135549616538053,0.6582558962760656,0.4073475784389027,-1.455414144014865,1.6801354725231883,127.8237433697509,37708.004294076505,0.8249981447050304,0.5495474211609207,0.8415070151314749,0.5021754151628847,2.566985863830642,0.9799562256088277,0.2521801475940156,0.15798659166458037,2.724972455495222,283.2926902123024,83571.3436126292,pre-void,18
32.46706006322867,29.96959390451877,34.96452622193857,0.765676206577922,0.4327848084619042,1.0650262065899827,2.4163636645719166,7.968416836357407,2.640661693626594,5.838813359463423,-3.305943134008837,4.66247370234857,2057.0627831551274,606833.5210307625,0.8094651312776828,0.4347863202319037,1.5949383622620419,1.4736147133820607,4.716183336966273,2.171489973016504,2.171540323496093,-0.6063070064708572,4.109876330495416,1391.033767358809,410354.9613708487,0.7791047465061244,0.4354742518151059,1.5047882773335057,1.3004245023981342,4.117967145667484,1.988841785069334,1.691103886437435,-0.5912023205189614,3.526764825148522,1166.8700355811436,344226.66049643746,0.7576429457344463,0.3825335373579159,3.557709246658919,1.728195430318426,6.282494570297267,3.955243927893179,2.986659445373489,0.2743603183869996,6.556854888684266,4614.96658609508,1361415.142898049,0.8242725661281788,0.4200518014803774,0.3964184304018491,1.7270653597205234,8.598287701743793,1.7719769549034343,2.9827547567465813,-3.725745000322968,4.872542701420826,926.27118696911,273250.00015588745,0.6680872954131478,0.28083238419215373,-1.2832899068668182,1.426795843129419,5.845653940343098,1.919004784527031,2.0357463779713894,-5.505742167455382,0.3399117728877168,1086.3609120961028,320476.4690683503,0.6693826261430841,0.3554537886586489,-0.3302572167909784,1.4442289442748855,6.990885630655517,1.4815083775409013,2.0857972434813505,-4.240021363859377,2.75086426679614,647.4857864535428,191008.3070037951,0.7432972192510772,0.3854042096585138,2.466190615353968,1.7132578945419672,6.7220716099379025,3.0028900686622473,2.9352526132103742,0.18153578528543127,6.903607395223334,2660.1178855187554,784734.7762280325,pre-void,18
37.46199238064847,34.96452622193857,39.959458539358366,0.7388258324555839,0.45324793780736883,-0.22007894456094285,1.148356598841158,4.7952766984191815,1.1692551560464,1.3187228781020321,-2.0460501023976354,2.7492265960215465,403.3114978826218,118976.8918753734,0.8302372435757029,0.6514450392621688,0.5248263556713364,0.6282551433746976,3.056824861159434,0.8186252065408307,0.3947045251767618,-0.5252095070126582,2.531615354146776,197.69343249128525,58319.56258492914,0.823505605586194,0.45921760149276347,0.7054018544550771,0.6128784367523235,2.4707768670745707,0.9344580003962903,0.3756199782359717,-0.004796194075977111,2.4659806729985934,257.5974675788668,75991.25293576572,0.7889172320815946,0.5809107760191531,1.485246173721721,0.8393809663524242,3.3932185563882937,1.7060236232918178,0.7045604066747294,0.15985861104272509,3.553077167431019,858.602397952774,253287.70739606832,0.759158793633064,0.6050566363967177,-0.04918922905306797,0.7301119437535794,3.5558797525832904,0.7317670603863398,0.5330634504116298,-2.2127187726148154,1.343160979968475,157.96749404660716,46600.41074374911,0.6657571029192149,0.3170387236078228,0.30589614637903534,1.2203194549161567,5.410414762636469,1.2580747292654797,1.489179572046866,-1.3778326829665324,4.032582079669937,466.911847202841,137738.99492483807,0.6923680926662502,0.39715196480129566,-0.10178831268884268,0.8022592052837465,3.9912225624288116,0.808690727696658,0.6436198324625084,-1.5895347945107499,2.401687767918062,192.9243044534523,56912.669813768414,0.7631334538499321,0.46099136913848615,1.3515833364157834,0.9723364813008941,4.625896035990789,1.6649972216629747,0.945438232868604,0.1136749379401362,4.739570973930925,817.8036457029004,241252.0754823556,pre-void,18
42.45692469806826,39.959458539358366,44.95439085677816,0.821536206790192,0.7586583030715376,0.3329839468304643,0.6010647510509586,2.8882511181391815,0.6871369177993162,0.3612788349559508,-1.2318438119350075,1.6564073062041742,139.28635742180956,41089.47543943382,0.874795439305645,0.7820722011627249,0.3556131596333547,0.2944443527649139,1.4521687888461772,0.4616905848937867,0.08669747687514906,-0.5623534417969154,0.8898153470492618,62.88166787297223,18550.092022526806,0.8864174496800173,0.7635528855804119,0.5308281326718427,0.2756007130545357,1.1265863367100917,0.598108902685827,0.07595575303616851,-0.11123999217721879,1.015346344532873,105.53160654425298,31131.823930554623,0.8686239623263777,0.759967081079589,0.9324214684365606,0.41670109749431067,1.7789371633745066,1.021297997380958,0.173639804652963,0.10138410154776524,1.8803212649222718,307.6996318390348,90771.39139251526,0.8365575713332489,0.6942963188230096,0.13708164454405727,0.5740971431319808,2.9282428898478914,0.5902363145581653,0.3295875297523021,-1.4807298735275949,1.4475130163202965,102.77177757184559,30317.67438369445,0.779636694226702,0.48924177663443547,-0.0426162247013764,0.3438462161829037,1.7129069040358416,0.34647707426480373,0.11823022038330011,-0.8909846390503616,0.8219222649854798,35.41367708237401,10447.034739300332,0.7506454183713513,0.44648207047368565,-0.15855451020994002,0.6584505901994061,3.1426796085181103,0.677271520471561,0.4335571797339462,-1.4723943892028988,1.6702852193152116,135.31553017034872,39918.08140025288,0.8433082892942548,0.6580097348073453,0.8720832768162446,0.4081577400388302,1.6630176665277692,0.9628717372818479,0.16659274075360528,0.06315153437028566,1.726169200898055,273.5009848245684,80682.79052324765,pre-void,18
47.45185701548806,44.95439085677816,49.94932317419796,0.756147976492991,0.5871921793054179,0.5327890848129357,0.9135022716093788,4.125877048421424,1.0575209733765574,0.8344864002354954,-1.3275008639959902,2.798376184425434,329.91342969373386,97324.4617596515,0.8184698329579964,0.6688449770085236,1.1439079595340516,1.2248390597284091,4.449074137744331,1.6759344086573706,1.500230722236373,-0.9496873728576497,3.4993867648866814,828.5830619259106,244432.00326814357,0.8190722327526043,0.4217816315621423,1.2292861512120854,1.2122827499371014,3.6561726699394304,1.7264917918591107,1.4696294657950606,-0.27715079269490783,3.3790218772445226,879.3283026702806,259401.8492877328,0.8132161705008938,0.6122015672245328,2.1279205372138286,1.542671334378624,4.860119589357882,2.628284736973891,2.3798348459135243,0.08987528221091637,4.949994871568798,2037.824794289925,601158.3143155279,0.7803580332210939,0.3736867314918276,-0.3318270149453076,2.711849046141348,12.308082861141749,2.732075111871058,7.354125249057739,-4.54383486196925,7.764247999172498,2201.9491529870493,649575.0001311795,0.6822146904465253,0.39520066501320483,-0.37717963332196425,1.2921010129489183,7.054453453766165,1.3460273041274133,1.6695250276636207,-6.228713409313723,0.8257400444524412,534.4779035196711,157670.98153830302,0.7430732679399763,0.4216421987508557,0.11654856813853985,1.1589361784202608,7.17125435399868,1.1647817968986733,1.3431330656513583,-4.529424540400689,2.6418298135979916,400.2314071440182,118068.26510748536,0.7906241144363745,0.5652122134345561,2.5869929757376626,1.9849956922452658,7.731748461401246,3.260788333324974,3.9402078982322624,0.11734535604917297,7.849093817450418,3136.6584636507378,925314.2467769677,pre-void,18
52.446789332907855,49.94932317419796,54.94425549161775,0.7866357141888928,0.6135566130912159,1.1833810355935708,0.636832061120548,3.5469873404377292,1.3438548096701362,0.40555507407104546,-0.28091214682890403,3.2660751936088253,532.7539960946995,157162.42884793633,0.8036172681516784,0.6290060517014731,2.3745301498037685,1.0529961859289567,4.3683070479125075,2.59753621724665,1.10880096758093,0.10360255165003039,4.4719095995625375,1990.4223479728705,587174.5926519969,0.8085614741886912,0.4523317106208867,2.3825508413651173,0.8799942054536777,3.2388290045634722,2.539869743376947,0.7743898016320495,0.36433438150466463,3.603163386068137,1903.026802429895,561392.9067168188,0.8212907873099413,0.5254232454719351,3.594368139336819,1.443813056328152,5.850296503688726,3.873509837692848,2.0845961416236394,0.49557216468646736,6.345868668375193,4426.203146497465,1305729.9282167521,0.778810346314181,0.47010341219741875,0.6075174196459543,1.4577382059612,6.668051669926831,1.5792650481449453,2.125000677118978,-3.563392736774253,3.104658933152577,735.7530372262157,217047.1459817337,0.6860418145014086,0.5082707148808437,4.575987443868664e-05,0.5173924626736786,2.793946536765822,0.5173924646972548,0.2676949604315339,-1.526610789355313,1.2673357474105094,78.97001394502249,23296.15411378164,0.7368055021850766,0.6132434580252519,-0.09853883292273395,0.5193529123577781,2.5882373868570747,0.5286183397956227,0.26972744757450595,-1.0626163060527163,1.5256210808043584,82.43401800464272,24318.035311369604,0.7871963887108288,0.606201026648565,1.5493896659197015,0.8003762034988753,3.6968320126184935,1.7439066500205902,0.640602067127273,0.09406028110763583,3.790892293726129,897.157069175881,264661.3354068849,pre-void,18
57.44172165032765,54.94425549161775,59.93918780903754,0.8058243792905454,0.7027577301705904,0.057087939642221384,0.2720666086900502,1.2515217274881534,0.27799149702229886,0.0740202395641049,-0.38922066183796805,0.8623010656501854,22.79738536292615,6725.228682063214,0.8524841524067829,0.7586165147067899,-0.18573847187427098,0.24407135689129042,1.9908782394549358,0.3067076901366267,0.05957082725475566,-0.6423787768817423,1.3484994625731936,27.750534120738777,8186.407565617938,0.8686044764185981,0.7185909378037635,-0.11005544047941804,0.21080507305826776,1.2969833594185893,0.23780449702690726,0.04443877882710161,-0.4148264239114557,0.8821569355071336,16.682538747835,4921.348930611325,0.8421471059110723,0.7600549983676235,0.43060817728894685,0.20609817093743227,1.5886747787099984,0.4773885821967929,0.04247645606375505,0.024330375899231572,1.6130051546092299,67.23045823149992,19832.985178292492,0.8505160184594982,0.6799479948373554,0.07970515161177799,0.37440167424622134,1.7364879088446927,0.3827917513111145,0.14017661367837364,-0.5869497206140964,1.1495381882305964,43.22620983718989,12751.73190197102,0.7464061742991072,0.6057889135860224,0.06707753443198515,0.12012030491916977,0.7395875317525951,0.13758009768621504,0.014428887653874319,-0.31047335817942484,0.42911417357317017,5.5838435674078,1647.2338523853014,0.829863285591232,0.6009104579526027,-0.019262103650047293,0.1976684853928667,1.1145041151929558,0.19860478029124856,0.03907283011750995,-0.4772439691500933,0.6372601460428625,11.635938332587859,3432.601808113418,0.89410986373318,0.7070137848855452,0.3744579320118573,0.2543283783991024,1.2606657906384031,0.45266065314506154,0.064682924059117,0.035077018704109,1.295742809342512,60.44599173718555,17831.567562469743,pre-void,18
62.43665396774744,59.93918780903754,64.93412012645734,0.9314154046649363,0.7987547576000303,-0.12730161734803472,0.05820967725227122,0.2965534209832282,0.13997881377279578,0.0033883665258135813,-0.32845377684961413,-0.03190035586638596,5.780250150045516,1705.173794263428,0.9008451119356538,0.7706009533471215,-0.2427426517633585,0.053992975372219046,0.2623864935140605,0.24867496129416042,0.0029152413895450523,-0.3560533857073699,-0.09366689219330934,18.242574730522392,5381.559545504104,0.9174109054452867,0.6011612866800258,-0.17133639059383096,0.06362037145341526,0.2785009291977711,0.18276681976111622,0.004047551663870535,-0.2992715729035846,-0.020770643705813493,9.854094569649742,2906.9578980466727,0.914829461821912,0.7157367899431384,0.33216059101002265,0.06712940388053529,0.34465086000598977,0.3388761058048849,0.004506356865356027,0.14838460842327572,0.4930354684292655,33.87691945021765,9993.69123781421,0.869618146633367,0.7453295716957385,0.008554102917246285,0.1622311274451522,0.7606629557462788,0.16245649075627622,0.026318938712125213,-0.36324696184826416,0.3974159938980147,7.785672859708997,2296.773493614154,0.8566315065678239,0.6228155314366809,0.06573602431166177,0.02248742596563148,0.10992842275590464,0.06947596144612282,0.0005056843265597569,0.018164019828347363,0.128092442584252,1.4239382195646275,420.0617747715654,0.9135097684378902,0.7731893595915784,0.021866772887592412,0.026321480115440138,0.14745038566541607,0.034219527641173794,0.0006928203154675106,-0.035082092054376034,0.11236829361104005,0.3454379412355919,101.90419266449965,0.9141521407956937,0.8528914393423185,0.16345747680113754,0.07531035757117238,0.3779539048214918,0.1799722108540434,0.005671649957497842,0.03357352514687509,0.4115274299683669,9.555049020509216,2818.739461050219,void,18
67.43158628516724,64.93412012645734,69.92905244387714,0.9474816885650037,0.8714077023163853,-0.11255518653102102,0.03279176697271319,0.18746430140107706,0.11723467915350672,0.0010752999811927235,-0.18903257620693217,-0.0015682748058551226,4.05447114888657,1196.0689889215387,0.9203948145341478,0.7646296786628717,-0.36409173424846886,0.0590091362697237,0.2953197507553197,0.3688426075053647,0.003482078163298821,-0.508828973325243,-0.21350922256992336,40.13323638785017,11839.304734415797,0.921577536711145,0.6698091329866747,-0.3459867006387606,0.07424794929548367,0.3081891725807384,0.35386375201972875,0.005512757974584714,-0.49931179307036544,-0.19112262048962703,36.939768723076625,10897.231773307605,0.9061777131723177,0.7025065829887102,0.5161050508174092,0.09297295640035177,0.423277406112555,0.5244124274853355,0.008643970621821711,0.2974431207338744,0.7207205268464294,81.12747625981336,23932.605496644937,0.8714944179643065,0.7493946897460758,0.009909560556533796,0.18549487054921676,0.9931355760512076,0.18575937766501668,0.034408347000070685,-0.46299998097167283,0.5301355950795348,10.179431185195817,3002.9321996327662,0.881159195048885,0.669466959076883,0.06512664508041495,0.01454469616264948,0.07273423548635694,0.06673101292423282,0.00021154818646379052,0.023409775235341664,0.0961440107216986,1.3136432853387676,387.5247691749364,0.8968129152449371,0.7987336265140601,0.0048431673988071815,0.02390247053490856,0.12589769303908496,0.02438820141226164,0.000571328097672172,-0.07537293444494342,0.05052475859414154,0.17546138859688698,51.76110963608167,0.9216905484045153,0.8772031313395618,0.17836206462069829,0.08798484385821977,0.4833143478592765,0.19888277664120002,0.007741332748755311,0.05098919834690539,0.5343035462061819,11.66853585913147,3442.2180784437846,void,18
72.42651860258704,69.92905244387714,74.92398476129694,0.9278570716147592,0.867867947302025,-0.17706011837297259,0.02299974550610497,0.13918158695120914,0.17854767937891733,0.0005289882933455957,-0.24121747007300207,-0.10203588312179292,9.404385774421016,2774.2938034542003,0.898977902868679,0.7672503213709645,-0.44828514470599334,0.07114179989515784,0.31422301426008464,0.45389506128222645,0.0050611556923226796,-0.5697177364272945,-0.25549472216720986,60.77611436363686,17928.95373727287,0.9285317373209592,0.6703829761871121,-0.472401674393294,0.09629036373226306,0.3676055485968253,0.48211531412855907,0.00927183414769152,-0.617343130851701,-0.2497375822548757,68.56837695459737,20227.67120160623,0.9050008985865686,0.7357263909598853,0.6761514603993583,0.11469254197674349,0.4659651601530075,0.6858098691221,0.013154379185087068,0.39358268633182625,0.8595478464848337,138.74887709265522,40930.918742333284,0.8748933620871624,0.7436183444444501,0.027628188238432497,0.1991536826214259,0.9519008867493617,0.20106095117405046,0.03966218930167564,-0.5104597761101481,0.4414411106392136,11.925524295669101,3518.029667222384,0.8962291361656611,0.7193696784213899,0.06490871237762758,0.01318456740953357,0.061025466588972094,0.06623423405081483,0.00017383281777653476,0.030941857598024147,0.09196732418699624,1.2941572592879447,381.7763914899435,0.8981741734077745,0.7304634146192163,0.011672184798800585,0.022175772241039015,0.1120350090911962,0.025060023393121324,0.0004917648744864366,-0.053356617198209735,0.05867839189298646,0.18526140787681747,54.652115323661164,0.8880957795704483,0.8001770869327147,0.19186639261138308,0.09288580088512136,0.46408627573163613,0.21316773822456295,0.00862777200607041,0.048243791559494376,0.5123300672911305,13.40494296283386,3954.4581740359913,void,18
77.42145092000683,74.92398476129694,79.91891707871673,0.9413902125933129,0.8633114516850978,-0.17960111265698814,0.024248883938380542,0.12482032629873105,0.18123070391047208,0.0005880083722570498,-0.24494623669724053,-0.12012591039850948,9.689147571766133,2858.2985336710103,0.8966117260689643,0.8090446150598948,-0.5394153300305928,0.05981424136275582,0.333951301703368,0.5427215139846728,0.0035777434698020098,-0.7138007692908037,-0.3798494675874357,86.89125931383555,25632.921497581465,0.9183395886871246,0.7261393607697366,-0.6098299430570698,0.08320180809907253,0.38962732286677904,0.6154795693765506,0.00692254087095489,-0.8025738439523686,-0.4129465210855896,111.7504545943835,32966.38410534311,0.9119669959839004,0.770375786822002,0.8345946870577794,0.09827521781493097,0.49789762222910905,0.8403608213747501,0.009658018436572125,0.5913193393039419,1.089216961533051,208.33086147998517,61457.60413659564,0.8770088593973058,0.775551331535181,-0.003847416699390785,0.16963727078859908,0.8836959188097875,0.16968089537677258,0.02877680364060449,-0.4688085777955208,0.4148873410142667,8.493523845479658,2505.5895344164983,0.8810458253902165,0.6987148058587004,0.059959507884278354,0.014524904062184532,0.06828921491361367,0.06169372272557802,0.00021097283801566473,0.022376333128138005,0.09066554804175168,1.122804050003448,331.22719475101735,0.8965436415416346,0.7953563098304516,0.0035426287468087667,0.0264154267865147,0.12982689046703977,0.026651922834036463,0.0006977747723137184,-0.06733558764266773,0.06249130282437203,0.20954587227167307,61.81603232014356,0.8967940428922793,0.814690218151565,0.16380516472045248,0.08047306804925865,0.44161006225050997,0.18250492231815332,0.006475914681260613,0.030279440257118366,0.47188950250762834,9.825873767754778,2898.632761487658,void,18
82.41638323742663,79.91891707871673,84.91384939613653,0.9234621491780955,0.868148182953278,-0.19838789233369997,0.0269815487390028,0.15395026966131314,0.2002142846975782,0.0007280039723551836,-0.27884918232112793,-0.12489891265981477,11.825299140104057,3488.463246330699,0.9123149377001329,0.8127763677731185,-0.607397684008683,0.04049351577194094,0.2052921618470424,0.6087459826222135,0.0016397248195724298,-0.694490223068126,-0.4891980612210836,109.31864305081186,32248.9996999895,0.9256944784666135,0.7179236816365566,-0.722820405392193,0.04673034947375071,0.21256624803749113,0.7243293891685421,0.0021837255619388735,-0.8042891628333788,-0.5917229147958877,154.7726538839156,45657.93289575512,0.9167069370996297,0.7798158066416052,0.9654673945075873,0.05641990173379646,0.2741202683832997,0.9671145201934052,0.0031832053116512492,0.8028617209056974,1.0769819892889971,275.9165960748315,81395.39584207528,0.8257824510117657,0.7588306239747129,0.012054990449428664,0.1232511669651533,0.7362753535110771,0.12383930294138414,0.015190850158272097,-0.39590607837254665,0.3403692751385305,4.5241710211373345,1334.6304512355136,0.8963998375260225,0.7509341049208591,0.06415508601694833,0.010485745634734912,0.05782630740637319,0.06500635294614214,0.00010995086151636225,0.032529347849747106,0.0903556552561203,1.2466186473907288,367.75250098026515,0.887558641348999,0.7628484481416103,0.015037280764280162,0.026102308520726154,0.15114928982996845,0.03012391612813585,0.0006813305101111732,-0.05591316223178229,0.09523612759818614,0.26769784525401413,78.97086434993417,0.9153100339515793,0.856848467448884,0.1306983696421595,0.058201248888170146,0.3552689423044465,0.14307148283030158,0.003387385372142727,0.04954403414580167,0.40481297645024816,6.038487513782077,1781.3538165657123,post-void,18
87.41131555484642,84.91384939613653,89.90878171355632,0.8561446302309618,0.7398430428816369,-0.12723105677787203,0.10414503715465426,0.5611976344265847,0.1644199822794006,0.010846188763944315,-0.25112962179323506,0.3100680126333496,7.975009518963731,2352.627808094301,0.8786503462418715,0.827177799843954,-0.6263307530684493,0.04569697699860065,0.24258142771943947,0.6279955620433167,0.0020882137068106367,-0.7543129464148117,-0.5117315186953723,116.3416356540999,34320.78251795948,0.8568948953682836,0.708355304479855,-0.7580396044184695,0.05279069201486384,0.2592197603313765,0.7598755812830926,0.0027868571634082086,-0.8942255223322807,-0.6350057620009042,170.33621521394375,50249.183488113435,0.866086590216126,0.77152538299546,0.997209769011009,0.06630182605469871,0.3356144756563195,0.9994114545817341,0.004395932138187526,0.8239677384490933,1.1595822141054128,294.65286038700737,86922.5938141672,0.874200619218139,0.7193409778720695,-0.010255606081269792,0.13333421390042563,0.6305666480955225,0.13372804512344683,0.017778012596444452,-0.364547172126622,0.26601947596890047,5.275541065498896,1556.284614322174,0.842105395346241,0.5321381634222735,0.026678497288755418,0.06653131986315054,0.3811481067606962,0.07168095102828212,0.004426416522732849,-0.2687662205359481,0.11238188622474811,1.5157568283940988,447.148264376259,0.8539582190029545,0.5062891235880204,-0.007931619039355286,0.0865421715983107,0.4618422612955321,0.08690487929648667,0.007489547464951454,-0.34403307575600983,0.11780918553952226,2.2279751234333904,657.2526614128503,0.9037721486014607,0.7661353815034483,0.15487799051115894,0.08115796260145938,0.4169787915565736,0.1748536726477157,0.00658661489361988,0.039146033406642494,0.45612482496321605,9.019273017326384,2660.6855401112844,post-void,18
2.497853279469627,0.0,4.995706558939254,0.8776177575344626,0.6585283743553638,0.48621766296395247,0.6558693938370225,3.4674679231627965,0.8164387775885409,0.4301646617721433,-0.7425786091152068,2.72488931404759,201.30482782018183,60794.05800169492,0.8599745179505731,0.6977994981395494,0.35283564754124896,0.19421378198538672,1.419565797121117,0.4027554931827992,0.03771899311306732,-0.4032898302915602,1.016275966829557,48.98802016125377,14794.382088698634,0.8527125833884189,0.397467670434769,0.8199498245740385,0.1580123613612109,0.7735186150684074,0.8350362993079657,0.024967906342945902,0.2819385862597342,1.0554572013281416,210.58025759090663,63595.23779245379,0.8768552486643744,0.6092511574719995,1.1100204117632282,0.5421481084262185,2.625491426079219,1.2353420117526697,0.2939245714701268,0.341959453918423,2.967450879997642,460.87310557234224,139183.67788284743,0.9187781064176236,0.5203900038344018,0.26505372684433937,0.6338368750641447,2.890175390092158,0.6870244990574599,0.4017491841910802,-0.7368944041120569,2.1532809859801008,142.54480401615643,43048.53081287927,0.8236253282479401,0.4131406108270577,0.5791790095176592,1.447837632256651,7.517007226620258,1.5593851783457489,2.0962338093785458,-1.6957569975316011,5.8212502290886565,734.3680046022097,221779.13738986733,0.8373434183488571,0.47088687297163445,-0.21246595493017414,1.0505634960178518,6.465173108181512,1.0718327486924635,1.1036836591652508,-3.3621981547958018,3.10297495338571,346.9452832332318,104777.47553643599,0.8560658655892626,0.5892073578621132,1.517314247702522,1.3229768371510244,5.835425014387563,2.0130847567649006,1.7502677116381282,0.12231299653138858,5.957738010918952,1223.858091851598,369605.1437391825,pre-void,19
7.493559838408881,4.995706558939254,9.991413117878508,0.8815239030999974,0.7178401010566287,-0.22598818769473747,0.40946145957616464,2.095592162074266,0.46768509475478803,0.16765868687824312,-0.9461965582334209,1.1493956038408448,66.0562630524501,19948.991441839924,0.8949460791415396,0.6494126966906969,-0.49666201310733754,0.22505943135055273,1.4595212554249613,0.5452750708620993,0.05065174763983416,-1.1091387324975586,0.35038252292740263,89.79212067690753,27117.22044442607,0.8730257851987931,0.6860117521980001,-0.4582631463068667,0.2317518993164238,1.1574676074751407,0.5135309670310434,0.05370894283676983,-0.7195285101794713,0.4379390972956693,79.64164433815124,24051.77659012167,0.883495387920608,0.691818815261738,0.8605074341089081,0.19823032235912844,1.0820351777022061,0.883044905347005,0.039295260702603974,0.29180358342761487,1.373838761129821,235.4900280675089,71117.98847638765,0.9017367363410705,0.564202724450725,0.4832126928145477,0.8494482352737458,4.412468340476732,0.977270080840894,0.7215623044096809,-1.3329943960296171,3.079473944447115,288.42715689384374,87105.0013819408,0.8120112855510697,0.5653403106280056,0.20323256889353622,0.703319997082663,4.12764330664016,0.7320945945405027,0.49465901829635717,-1.513757834570946,2.6138854720692146,161.86067359733778,48881.92342639601,0.84752408220838,0.670163626071497,0.42149009114784625,1.1603297056908388,6.332042854165908,1.2345116130860854,1.3463650259085886,-1.7908442471257482,4.54119860704016,460.25371469901137,138996.62183910143,0.8752880723165445,0.6432480571067077,1.2701265013579464,1.1839834879147688,5.261209869950601,1.7363865436896817,1.4018168996548215,0.04433659384928288,5.305546463799884,910.5415451901928,274983.54664743814,pre-void,19
12.489266397348135,9.991413117878508,14.987119676817763,0.9501233619741765,0.7216665366705368,-0.4116810642325825,0.061713211403552085,0.3670339814694766,0.41628093772044283,0.0038085204617395113,-0.609301318492545,-0.2422673370230684,52.333525371042185,15804.724662054738,0.9006690723038406,0.8257273995333613,-0.53621513748641,0.03413702104554042,0.19740756035088391,0.5373006699004136,0.0011653362058636695,-0.6192056636604445,-0.4217981033095606,87.18498698238083,26329.866068678995,0.9061037041766843,0.7901464474782884,-0.5657992074395601,0.024034978835643185,0.13554146945629358,0.5663094766528848,0.0005776802076298159,-0.6236165905836284,-0.4880751211273348,96.853339850753,29249.708634927414,0.9231963383333507,0.7752291828905316,0.8830882596401366,0.05332333464313041,0.30810030049855563,0.8846967007577844,0.0028433780174632714,0.7110818885474133,1.019182189045969,236.37185220417604,71384.29936566122,0.9696943029372872,0.8315960921550295,0.10664994359260967,0.12286731374246229,0.6791184143707933,0.16269784035012724,0.015096376786288663,-0.19717411013651173,0.4819443042342816,7.994117350887838,2414.223439968126,0.9242067481976702,0.6249144920832028,-0.09084493194469592,0.1029067456289206,0.46091551925624896,0.1372683501611781,0.010589798295935371,-0.340856472683606,0.12005904657264292,5.690465186703484,1718.5204863844524,0.9032511545303612,0.7842787515785994,-0.07074655135202698,0.19717942941625294,0.9976468715805611,0.2094869970024967,0.03887972738491908,-0.5381174178453122,0.45952945373524884,13.253210177763467,4002.4694736845663,0.9684355868276967,0.8593143680670005,0.27514203167913226,0.11616734277399442,0.6785142478716268,0.29866032398645015,0.013494851527170714,0.039329254457974985,0.7178435023296018,26.93779271535479,8135.213400037145,void,19
17.48497295628739,14.987119676817763,19.982826235757017,0.9477391878094447,0.7667990680423135,-0.5510650936267437,0.08192872290613314,0.3971096549817176,0.5571221168207935,0.006712315637029944,-0.7284849531861257,-0.33137529820440814,93.73628602136631,28308.35837845263,0.9189986805014666,0.809097204699517,-0.5363241633773154,0.035619509004171976,0.21011752117754595,0.5375056814993453,0.0012687494216982883,-0.6376449792543023,-0.42752745807675635,87.25153200851084,26349.962666570264,0.905435251674806,0.8367580910622681,-0.6094334280978175,0.02709841013933535,0.1345952534833088,0.6100355949574889,0.0007343238320796329,-0.670783598208471,-0.5361883447251622,112.38731498877152,33940.969126609016,0.9175031329115929,0.8039457088130951,0.9834150232279875,0.06584625957176046,0.33065814252410675,0.9856169833206482,0.0043357298995916555,0.7922862848303159,1.1229444273544227,293.3751330186486,88599.290171632,0.9330260237667908,0.8010534168449438,0.12537242127219728,0.1292417631235093,0.826331113229799,0.18006020479530335,0.01670343333527329,-0.29860849471841633,0.5277226185113827,9.79134655997983,2956.9866611139087,0.9342616496819438,0.6785282348733288,-0.06069640665079365,0.11457782737684409,0.5148338986851819,0.12966160691089862,0.013128078526397883,-0.3399047521781962,0.17492914650698566,5.07726395662835,1533.3337149017616,0.8774028343236584,0.7836927797192713,-0.08499401921703549,0.2474781941147514,1.3178154072356039,0.26166665791606764,0.06124545656229857,-0.8068359994239176,0.5109794078116863,20.67777083921924,6244.686793444209,0.9377944318738322,0.7986204798335416,0.3088896948652394,0.1492997184480489,0.8489104942095012,0.34307907182252806,0.022290405928666674,0.04602633012180937,0.8949368243313105,35.54638135582742,10735.00716945988,post-void,19
22.480679515226644,19.982826235757017,24.97853279469627,0.9053180595934546,0.6975754398155126,-0.6878629648429023,0.13678248030248086,0.5232142028721319,0.7013308101888626,0.018709446917698568,-0.9540899221586132,-0.4308757192864813,148.54320140669026,44860.04682482044,0.8948703004205303,0.8284104248775442,-0.5283477058291016,0.03492342091922193,0.23498531824306912,0.529500654941593,0.0012196453287011478,-0.622696548748902,-0.3877112305058329,84.67202496223995,25570.95153859645,0.9106858868862815,0.7981561359391697,-0.637235682253241,0.02188954974803368,0.12785953070939393,0.6376115330865065,0.0004791523881716414,-0.6871016928244551,-0.5592421621150612,122.77763707172741,37078.846395661705,0.8982819796196236,0.7526877637233733,1.0811243218036344,0.09977232498693746,0.44348266668362835,1.0857183410206663,0.009954516833299063,0.8624273693682954,1.3059100360519238,355.99286344065763,107509.84475907864,0.950801766451892,0.7649726314008005,0.11708112615405852,0.11877325375286624,0.746310000761229,0.16677852352310032,0.014107085807042752,-0.21026065053405893,0.53604935022717,8.400152924380688,2536.846183162967,0.9207740249691013,0.7102091385164314,-0.09045726055887085,0.12854771428465672,0.563405954074744,0.15718470293137685,0.01652451484780974,-0.37132776506066306,0.1920781890140809,7.461523312358807,2253.3800403323594,0.853897708491207,0.7701213571133021,-0.14154803733841778,0.21610313718695875,1.2057615861617017,0.2583339172009816,0.046700565902045514,-0.8551733044943958,0.3505882816673059,20.154396658473893,6086.627790859116,0.9216833228623487,0.798646358225154,0.3111571880626937,0.14979894471421223,0.954827047477314,0.3453382682538588,0.022439723837491616,0.046986562392412154,1.0018136098697261,36.01607289521339,10876.854014354447,post-void,19
27.476386074165898,24.97853279469627,29.974239353635525,0.9049802323244797,0.7117159622116038,-0.8214545912106502,0.21410986062029136,1.8174031869913643,0.8488996865566021,0.04584303241484059,-2.443282438223965,-0.6258792512326007,217.63046470644093,65724.40034134513,0.8758438843655297,0.8354544985062732,-0.5238460975257421,0.10639403636379326,1.2139725470158347,0.5345413219450199,0.011319690973780161,-0.7897762956249865,0.4241962513908481,86.2917963097523,26060.122485545202,0.8879809639238457,0.7772142581630849,-0.663138445812914,0.03217990449469546,0.3512542725030434,0.6639187785930255,0.001035546253287721,-0.8229958278435351,-0.47174155534049167,133.11801965967337,40201.641937221386,0.8849700945661013,0.7403798858175336,1.1897602286495985,0.17783094667334076,1.5535833610832088,1.2029768274040367,0.03162384559473656,0.9735552637123948,2.5271386247956036,437.0402806758666,131986.1647641118,0.9522808056533885,0.8045235391557455,0.09104742990723515,0.22741462901435627,3.175966156441209,0.24496336048978873,0.051717413489737296,-2.13042019225976,1.0455459641814489,18.122128490699957,5472.882804191388,0.9306977968778264,0.5576204852825247,-0.23398946878747698,0.671031504942739,4.347378527742179,0.7106576898403075,0.45028328062571715,-4.246032949266696,0.10134557847548273,152.52037434300715,46061.15305158816,0.8830254788246901,0.7353861654121617,-0.035709994260222325,0.35306736250004894,5.129874331118367,0.3548686604263697,0.12465656246274097,-3.7151256266931822,1.4147487044251854,38.03139337814744,11485.480800200527,0.9324929182818424,0.838864595401723,0.4099177848503129,0.7231463032663802,5.819558365623958,0.83124795714902,0.5229405759278315,0.02682330310612433,5.846381668730082,208.67389621185455,63019.51665598005,post-void,19
32.472092633105156,29.974239353635525,34.96994591257478,0.7650423326555816,0.5381263845334919,1.8871874831254687,0.5539320213793122,4.721562160105507,1.9668038236628513,0.3068406843093708,-1.4361327395350927,3.285429420570414,1168.2318187939934,352806.0092757862,0.8570855191393053,0.2316276431647612,1.903877055029168,1.022890550668227,3.7415664035228504,2.1612618812427353,1.046305078646349,-0.9694061007317816,2.7721603027910686,1410.6579816324918,426018.7104530127,0.8413068915840658,0.16684540906785725,1.7820985651579084,0.865238291657706,3.1061284001146716,1.9810382624494212,0.7486373013507456,-0.7061407114991854,2.3999876886154863,1185.2028043811638,357931.2469231115,0.8091604893362728,0.29701172012287186,3.4028879877516904,0.9403383115621596,3.8078675236831385,3.5304224672659674,0.8842361401915732,0.7191535895651836,4.527021113248322,3764.092604807649,1136755.9666519102,0.9002883726491677,0.25695237960676776,-1.1389759728192201,2.061361577647548,7.111405976221659,2.355096138262953,4.249211553801587,-6.56851863014979,0.5428873460718685,1675.0363017792445,505860.9631373319,0.6878922807559368,0.4962666342557131,-0.33805413064787715,1.8513299103337253,12.316562812232934,1.8819412934904136,3.4274224368962796,-8.378854345808948,3.9377084664239868,1069.5943157076001,323017.48334369535,0.7962516329584153,0.5631663918135872,0.16759333409284027,2.019576427314572,10.919424043786357,2.026518312623166,4.07868894576469,-6.673610348870458,4.245813694915898,1240.2464943619073,374554.441297296,0.824371834927125,0.5033188338347856,2.5895384512493247,2.5474002303336123,10.388480153798449,3.6324863831819783,6.489247933503741,0.216651140201302,10.60513129399975,3984.877111848752,1203432.887778323,post-void,19
2.4978600520265233,0.0,4.995720104053047,0.8332996933668934,0.706670801773599,-1.4273306157487262,0.670844445112026,3.8928983425620567,1.5771191953024033,0.4500322695376621,-3.0599673585755647,0.832930983986492,751.1660967697727,226852.16122447132,0.8580573280707842,0.7891275594809641,0.8966463090613861,0.5405628731607129,2.6155976418114792,1.046987499158023,0.292208219839765,-0.06749224639424105,2.548105395417238,331.0472126647378,99976.2582247508,0.8215074501959133,0.6466427485709054,0.9624677064863087,0.4620408856178304,1.7200571410479089,1.0676262763774245,0.21348177998250903,0.20511213588544766,1.9251692769333566,344.2274115354804,103956.6782837151,0.8319031580741797,0.7102818210334139,2.1329583501496256,0.4168960567371461,2.0469417390967957,2.1733185789469514,0.17380232212298172,1.266653864609337,3.313595603706133,1426.440720969991,430785.0977329371,0.9077903993026247,0.6932501968139915,0.38612050339224924,0.767713321527065,3.8484782706267637,0.8593443938200811,0.5893837440501186,-1.3294667030270093,2.5190115675997546,223.01878173138078,67351.67208287699,0.7902984776929955,0.5087888430372338,-0.33082347959719294,0.9851967272158957,5.968903064507325,1.0392577957223637,0.9706125913169119,-3.9200081264392654,2.04889493806806,326.17714332285124,98505.49728350111,0.809244453562842,0.5174775693766741,-0.576536119495613,1.242380160507987,5.960591307387273,1.3696358495260375,1.5435084632238512,-4.0918057818367215,1.8687855255505517,566.522512812687,171089.79886943148,0.8462414932642904,0.6242842214061184,1.5751399048505268,1.1015290253162162,5.119458748132103,1.9220905060549618,1.2133661936140931,0.18291454042344732,5.30237328855555,1115.718437866919,336946.9682358097,pre-void,20
7.493580156079569,4.995720104053047,9.991440208106093,0.8522037830825476,0.7023256785785974,-0.9702379566862719,0.42123404345671756,3.8677580540187693,1.0577333368867825,0.1774381193668958,-2.621372391780749,1.24638566223802,337.87754321241766,102039.01805015013,0.8656320890722085,0.7966792619967302,0.7405536634265654,0.2350843309982202,1.3869936237699658,0.7769712807404063,0.05526464268088076,0.27395768159098316,1.660951305360949,182.31268007080698,55058.42938138371,0.887517438600662,0.6939997638378397,0.8004996961742729,0.18534282166039812,0.7879020186904355,0.8216761680346714,0.034351961541038145,0.4487649478349574,1.2366669665253929,203.8958209850747,61576.537937492554,0.8754380812607575,0.7240021090305045,1.5043346761435639,0.3668965662488752,2.2926740889366615,1.548430143136324,0.13461309032521523,0.6412131345432321,2.9338872234798936,724.0860442682994,218673.98536902634,0.9226437703474023,0.7484715149171294,0.14356412810652858,0.5353868740576486,2.6147598373528,0.5543011490085586,0.28663910491322053,-1.2653876697541908,1.349372167598609,92.7894286652469,28022.407456904562,0.8838498057600304,0.6317353977273653,-0.10362800757083683,0.5883103308467067,3.783678443282293,0.5973673989548333,0.34610904538096154,-3.1836230344282948,0.6000554088539984,107.76803841888702,32545.947602503882,0.8830735202328637,0.7396339653347915,-0.03201366874338043,0.5671648412575648,4.283048940140444,0.5680676299043359,0.32167595715871866,-1.9684831791974344,2.3145657609430095,97.45565130782913,29431.606694964394,0.8946845679640567,0.7400558175360081,0.8389735993711847,0.5319038492336372,3.3749770538669956,0.9933772723751036,0.2829217048295599,0.21776641415434672,3.592743468021342,298.0131183919631,89999.96175437284,pre-void,20
12.489300260132616,9.991440208106093,14.987160312159139,0.8854026478685475,0.7257761587826292,-0.5104937272808874,0.28406569394490405,1.4076299945988182,0.5842064395995075,0.08069331847639989,-1.0963436203884376,0.31128637421038063,103.07174354899894,31127.666551797676,0.9010644439938263,0.7809645436049008,0.41846656944883404,0.41768823202372896,2.479154817865507,0.5912509863986565,0.17446345917110842,-0.9360043170352201,1.5431505008302868,105.57247413305004,31882.887188181106,0.8933110309877613,0.7099251522578427,0.4757242705067298,0.41672650279485685,2.081209539544062,0.6324354193756007,0.17366097813163184,-0.8870982477275898,1.1941112918164722,120.79231702359917,36479.27974112696,0.8804836316033798,0.7585168681297044,0.99137674940734,0.3286663861763858,2.1265725990437137,1.0444373857095068,0.10802159340224518,0.09056501785428256,2.2171376168979964,329.43653470564817,99489.83348110582,0.9071213747324096,0.7714482514144081,0.359830966439101,0.8261936662905045,4.710065203686161,0.901151651292413,0.6825959742185455,-2.1205989755819066,2.5894662281042553,245.24643818536694,74064.42433198082,0.9121325793593456,0.7396981693558059,0.08346108894127054,0.2513383271844391,1.4697471196681045,0.26483335907535294,0.06317095471187216,-0.8278472653070257,0.6418998543610788,21.18128583989872,6396.748323649412,0.8390669741910095,0.7697209345105795,0.20262111280181824,0.4420717400256421,2.1634889558393993,0.48629490916762236,0.1954274233292989,-0.9364750397423935,1.2270139160970057,71.41778708206851,21568.17169878469,0.9410988121477261,0.8329932008206582,0.8774976362123986,0.5905011802106551,2.805050676818528,1.0576831970814908,0.34869164383017653,0.09879790807571838,2.9038485848942464,337.8455111073342,102029.34435441493,void,20
17.48502036418566,14.987160312159139,19.982880416212186,0.8537122397285026,0.7271477182026791,0.5474386612660258,0.21712880924243258,1.1117961767647615,0.5889261478757547,0.04714491980303668,-0.03573498379667588,1.0760611929680857,104.74387031083613,31632.648833872474,0.8933100446723762,0.7903225458866315,-0.8587566075128564,0.22201615029033517,1.4303460765675684,0.8869915906798277,0.049291170989740694,-1.55518920038457,-0.12484312381700158,237.59973274489272,71755.11928895758,0.8678128631342962,0.6746945404563641,-0.8834118169241671,0.21065327270779033,1.1969213784739035,0.9081801801315424,0.04437480130250268,-1.3869378421207121,-0.19001646364680877,249.08695435429578,75224.26021499731,0.8628055540991283,0.7486814697025145,1.3700230501288837,0.28533519111357003,1.6301081563469824,1.3994210692898215,0.08141617128781753,0.5278975896839948,2.158005746030977,591.4305574100247,178612.02833782742,0.8784681411186468,0.7261669816182611,0.03250672933750748,0.62237833979036,3.0568968692212524,0.6232266724815512,0.3873547978402047,-1.499214682947864,1.5576821862733883,117.30026855831287,35424.68110461047,0.8728748205345623,0.6988707064942904,-0.06400761994399387,0.268019585675567,1.4098278701542897,0.27555666153551317,0.07183449830570258,-0.7562171910473293,0.6536106791069604,22.9313050624124,6925.254128848546,0.835923616432979,0.7346786230835302,-0.03855490271029254,0.4105124030999626,2.2821369016944617,0.4123189464745785,0.16852043309890619,-1.1665773844156953,1.1155595172787667,51.34208791381571,15505.310549972344,0.9055843973836397,0.7843194104427478,0.717440226448928,0.34587482432787914,1.7383229493309238,0.7964608418691596,0.11962939410384127,0.08203141562103969,1.8203543649519636,191.57366153454097,57855.24578343135,void,20
22.480740468238707,19.982880416212186,24.978600520265232,0.8371261898348118,0.6667056342871166,0.8147025009353228,0.26293461651600364,1.3024513743264154,0.8560810578401367,0.06913461256241789,0.2287450348534173,1.5311964091798327,221.32818283299162,66841.11121556349,0.8905571796718594,0.775626959031058,-0.874189371349065,0.22973628585044534,1.2147439528389934,0.9038726779895667,0.05277876103635753,-1.3866956038619438,-0.17195165102295037,246.7297170408413,74512.37454633412,0.8706523554311282,0.6617080607173147,-0.9181524197027652,0.21561441297497672,0.9367065401914605,0.9431295992007602,0.0464895750825438,-1.3732721613390184,-0.4365656211475579,268.62701914835316,81125.35978280271,0.8727228481181076,0.7423489145172338,1.5275025117143017,0.32571477277489946,1.5451687459197805,1.5618431536160424,0.10609011320380438,0.690306643822328,2.2354753897421085,736.684919022186,222478.84554470025,0.9142581020878301,0.7654502249036949,0.08409920400600895,0.5222678087334479,2.3790141677230654,0.5289955955900593,0.2727636640392373,-1.107719347276141,1.271294820446924,84.51057472641185,25522.19356737638,0.8521492004608562,0.5394044283076822,0.02799131334682235,0.4229046149183697,2.842224674525517,0.4238299505015362,0.1788483133192546,-1.6553280835786368,1.18689659094688,54.24881173652466,16383.141144430447,0.8323175848196134,0.5662908319740739,-0.03919777624812581,0.5246948547451382,3.082294488114106,0.5261569692200416,0.27530469059602175,-1.759085870880116,1.32320861723399,83.60602919016358,25249.020815429405,0.908136977319653,0.7045658054291973,0.7490721042244175,0.41856935629288444,2.2713075765147863,0.8580846830905655,0.17520030602743963,0.114764226070122,2.386071802584908,222.36541565310011,67154.35552723621,void,20
27.476460572291753,24.978600520265232,29.974320624318278,0.9341471202504711,0.7238284631437097,0.7915758331743349,0.1278733828384865,0.8437417721918175,0.8018378275587904,0.01635160203855814,0.38137284258209386,1.2251146147739114,194.16905831466855,58639.05561102991,0.8999984504373026,0.7282406212729146,-0.8800391645210404,0.22722602045016402,1.060008345767329,0.9089007621630149,0.05163166436961836,-1.2903264071519573,-0.2303180613846282,249.4823798290738,75343.67870838028,0.8976101655812805,0.49983323760303533,-0.9192500199519843,0.22715409785045332,0.8936589358089806,0.946899985928808,0.05159898417025332,-1.2640049844662948,-0.37034604865731424,270.779114172297,81775.2924800337,0.9255725674243646,0.653850429983537,1.5119863706322587,0.28206611909085555,1.2233895531914527,1.5380715459680954,0.0795612955389767,0.8600548596546683,2.083444412846121,714.4305523160394,215758.02679944393,0.9330553382618827,0.5974884077164526,-0.20365024113147656,0.5751730155634269,2.7961146158351347,0.6101617970220969,0.33082399783232613,-1.5647412539382406,1.231373361896894,112.43382040066086,33955.01376099959,0.9212725067716017,0.6490686191775197,0.00830928805798292,0.17815957560410092,0.903603430056539,0.17835324120257495,0.03174083437943335,-0.5109051792758125,0.3926982507807265,9.606583351534093,2901.1881721632963,0.897492006121263,0.7554871744228095,-0.11238424103255341,0.26167933553612704,1.4522753072417842,0.28479166469384604,0.06847607464662897,-0.8483841737611229,0.6038911334806615,24.49410026828579,7397.218281022311,0.9471138271394783,0.74543342301238,0.5981015883249493,0.35705472901918484,1.6835263925949742,0.6965727452834992,0.12748807951496352,0.01943307730808371,1.702959469903058,146.53450402048077,44253.420214185215,post-void,20
2.497509401542235,0.0,4.99501880308447,0.873273573090469,0.5412022153200826,-0.2651681750090042,1.6172611835352628,8.598891766399825,1.6388556668625474,2.615533735769879,-5.0576459261506965,3.5412458402491285,792.325129558208,233735.9132196713,0.8944904796410511,0.7467316903512939,0.48582031527118924,0.9807999486446313,4.804872262338573,1.0945272577654288,0.9619685392613114,-1.8442856000152394,2.9605866623233332,353.4070258074953,104255.07261321109,0.8739053814449949,0.5357648952283586,0.5947559072477051,0.9414941692296924,3.943198676599033,1.113618363668429,0.8864112706935087,-1.0514853493848166,2.8917133272142164,365.843028670367,107923.69345775826,0.906166279110403,0.5614071145257491,1.7549317553322006,1.4297545974135504,5.576749131556312,2.2636218046967436,2.0441982088251835,0.16235285515345432,5.739101986709766,1511.5751840360704,445914.67929064075,0.8815783316165647,0.5838181957170139,0.9176056360207455,1.8763474274810716,7.975468910618231,2.0887028921969426,3.5206796686148354,-2.9197681663691086,5.055700744249123,1286.9905327022025,379662.2071471497,0.7327776519591398,0.23728230618299176,-1.302688849550607,1.6872887912135286,6.715176616000919,2.1316523411894104,2.8469434649548107,-5.911750783726687,0.8034258322742328,1340.4628025909967,395436.526764344,0.7609739384045656,0.2642841924855248,-0.9315295984555895,1.7503621426390434,8.795532402402552,1.9828048373914096,3.0637676303839427,-6.415830031924702,2.37970237047785,1159.7969318389185,342140.0948924809,0.8257257824503342,0.3886588950385763,2.753175226488204,2.2930683964950913,8.12379610012016,3.5830345377560824,5.25816267100457,0.09783362108158583,8.221629721201746,3787.2502671321176,1117238.8288039747,pre-void,21
7.492528204626705,4.99501880308447,9.99003760616894,0.9341386140344548,0.8713119556089325,0.14037916930401004,0.24475574133787023,1.6054665932897838,0.28215542541715255,0.05990537291785044,-0.88400875277215,0.7214578405176338,23.485446807238635,6928.2068081353955,0.9316475944872366,0.8384258055648496,-0.32748596507306027,0.1856998653497573,1.0509850611931013,0.3764724389789399,0.03448443999091799,-0.7349697804218237,0.31601528077127766,41.81079170667172,12334.183553468167,0.9619048182469616,0.6454218996044789,-0.2710693199889001,0.22870314988132429,1.0354212931429727,0.3546599878825975,0.05230513076563948,-0.6053427103802007,0.43007858276277205,37.10619356644084,10946.327102100051,0.9565745348035622,0.9016162340102257,0.5574632607587634,0.19068718182451883,0.8939901870209419,0.5891747520116338,0.036361601312177104,0.06845327689829178,0.9624434639192337,102.40243208035122,30208.717463703608,0.9136270409215589,0.5269582996856141,0.10767281263037859,0.6052097066750406,4.007489975646541,0.6147131230366123,0.36627878905368866,-1.8148590168118646,2.1926309588346764,111.47230597186044,32884.33026169883,0.8758673501396524,0.38867406750315425,0.0317762283657349,0.13210017429325657,0.7426300974238274,0.13586826243630298,0.017450456048308763,-0.3622607837041804,0.38036931371964694,5.4457544975507295,1606.4975767774654,0.8863405345250348,0.4207990396412358,0.03793694610208915,0.2358362554550514,1.2969623891720263,0.23886806246673722,0.055618739387060266,-0.5643400855729519,0.7326223035990743,16.832095623650858,4965.468208977002,0.9335965105439022,0.7328718486041836,0.4991917773998297,0.45188264960484736,2.15945117482783,0.6733426762336533,0.20419792901389724,0.03670586608796157,2.1961570409157916,133.75015609306203,39456.296047453296,pre-void,21
12.487547007711175,9.99003760616894,14.98505640925341,0.954886481394092,0.9086715925817003,0.21003439540915483,0.09032384660481203,0.5144296093261894,0.22863255350098072,0.008158397265489614,-0.03835183086924632,0.4760777784569431,15.42048913351175,4549.044294385967,0.9668482347093493,0.9425906788214863,-0.47212427582078287,0.088821142805011,0.4969744939683384,0.48040662696145947,0.007889195409188157,-0.7084159741831851,-0.2114414802148467,68.08320553240362,20084.545632059064,0.9460563199760859,0.9498481875570433,-0.4869019199360138,0.08323923164660996,0.43048600773637175,0.49396583821403517,0.006928769685117993,-0.6456127422752567,-0.21512673453888492,71.98066355013583,21234.29574729007,0.9716326144032622,0.9478365789942073,0.7175234918434816,0.11056970527272413,0.6088984348240751,0.7259928519423314,0.012225659724097077,0.3574556254817362,0.9663540603058114,155.48435821605122,45867.885673735116,0.9261385939464276,0.9002735635842535,0.03409116394737522,0.21026133927441834,1.3017107972410513,0.2130071319293297,0.04420983079347206,-0.620867493871808,0.6808433033692433,13.384751284563867,3948.50162894634,0.8935242775251643,0.7893074314183046,0.04399323364454741,0.031520767318056815,0.17655653708500033,0.054119898178237695,0.0009935587723190786,-0.03192408659524484,0.14463245048975548,0.8640441967527307,254.89303804205568,0.9213867903448841,0.7632068069800386,0.027698226111320723,0.06975950244464521,0.455075986872959,0.07505717761172685,0.004866388181324462,-0.1725181952067562,0.2825577916662028,1.6619060737563018,490.2622917581091,0.9602303240765857,0.8272276710976584,0.1862749578794307,0.13869470649464719,0.6673612522935849,0.23223820000727702,0.019236221609636325,0.015633947117814764,0.6829951994113996,15.910701555072901,4693.656958746506,pre-void,21
17.482565810795645,14.98505640925341,19.98007521233788,0.9581768591136545,0.9145401900784639,0.29467255543090515,0.08185846589433582,0.5741185895781122,0.30583120076727616,0.006700808438574141,0.008680820560216912,0.5827994101383291,27.592153392012428,8139.685250643664,0.9487770858415665,0.9489046023949065,-0.5262350989152115,0.08058495546932609,0.5133790289391389,0.5323695280332034,0.006493935047993268,-0.7934473528462543,-0.28006832390711545,83.60810774159721,24664.39178377118,0.9687611293075363,0.962702745482758,-0.5744744888277418,0.04633495065102124,0.3086274854699834,0.576340061045324,0.0021469276518325735,-0.7241467703573697,-0.4155192848873863,97.9895204598897,28906.90853566746,0.9706571869794164,0.9553347248795879,0.8382999737789834,0.07981890546063337,0.5266168486698091,0.8420913867905178,0.006371057668933528,0.5799396060712416,1.1065564547410507,209.18978159349933,61710.98557008231,0.9334703329007726,0.898603806867242,-0.0018226037149798608,0.17659470520876228,1.1221731255852103,0.17660411034874446,0.031185689907769654,-0.4805999174704616,0.6415732081147486,9.200758478661093,2714.2237512050233,0.8886653259846734,0.7495172030569687,0.03363991206557818,0.02449509458071092,0.13903740286077218,0.041613139058448906,0.0006000096585179734,-0.03048527017018925,0.10855213269058293,0.5108377359778526,150.69713211346655,0.9324853411088277,0.8406124549640837,0.021851882313877885,0.05403285516533874,0.2932724774616974,0.05828425343073412,0.0029195494373184736,-0.11406114518953867,0.1792113322721587,1.0021309884035225,295.62864157903914,0.9688887501134917,0.8092787719901197,0.1541699366263678,0.1120238812618501,0.6356519077020307,0.1905720843469666,0.01254934997296909,0.01187542006678668,0.6475273277688174,10.71372720304247,3160.5495248975285,void,21
22.477584613880115,19.98007521233788,24.97509401542235,0.9683928891116766,0.9037032942806458,0.281582887344176,0.07018443746482149,0.4209036455480211,0.290197825125097,0.004925855262253438,0.07698592992122195,0.49788957546924306,24.843359423664232,7328.791029980948,0.9424932090990413,0.9257309133920969,-0.5112773786170328,0.07696757141320736,0.5218788380800228,0.5170382625442259,0.005924007049247175,-0.7818293500761386,-0.2599505119961159,78.8619266557518,23264.268363446783,0.9674589870888058,0.9451645525075623,-0.5547570599276093,0.044804059576597895,0.2890396507311534,0.5565633829979011,0.0020074037545433332,-0.6814295691569399,-0.39238991842578647,91.38002579175016,26957.107608566293,0.9647349267515861,0.9341720991647968,0.8096029017672975,0.07648060790898678,0.51054549908806,0.8132073179307701,0.005849283386128172,0.5791511855862572,1.0896966846743172,195.08531187116617,57550.16700199399,0.9316266236757299,0.8828785222414532,0.008774292730132593,0.1635890916579655,1.051548969233108,0.16382423240287836,0.026761390909478242,-0.5243681734103395,0.5271807958227686,7.9173218411057285,2335.60994312619,0.8910256425063384,0.7427664609071802,0.03532621443513513,0.024393348883507547,0.1231454251234638,0.042929906779186795,0.0005950354697525189,-0.018121232039541437,0.10502419308392236,0.5436781843405523,160.38506438046284,0.9358379995628383,0.836273634944594,0.028490871857184553,0.050393788369366865,0.28006397589705023,0.0578901000638196,0.0025395339062165355,-0.09679724616074378,0.18326672973630648,0.9886227871927188,291.64372222185204,0.9720594010604136,0.825356228058503,0.14402155214065118,0.10625635144714272,0.5213435664001153,0.17897658982073889,0.011290412222858709,0.008372322019942865,0.5297158884200581,9.449622812639,2787.638729728504,void,21
27.472603416964585,24.97509401542235,29.97011281850682,0.9492236260273922,0.8072189697662343,0.43523022006579487,0.09293438117664046,0.5281520356589147,0.44504173249618445,0.008636799204685106,0.11814752168271102,0.6462995573416257,58.42833238064559,17236.358052290452,0.9503878423854737,0.9457069561289209,-0.5345218592099013,0.08366901993765363,0.5776689197403815,0.5410306117684442,0.007000504897327481,-0.7960275311532987,-0.2183586114129172,86.35066624680843,25473.44654280848,0.9474265509627495,0.9146106401537977,-0.5931548138463683,0.059738086898467456,0.44299615385569124,0.596155409449087,0.0035686390262888493,-0.7723292023519609,-0.32933304849626965,104.84337530354551,30928.795714545933,0.973430251987811,0.8905007041514289,0.9141297329707433,0.10268578308601793,0.6255744831045374,0.9198790892009401,0.010544370047988725,0.5797580671871237,1.2053325502916612,249.62237393099954,73638.60030964484,0.9321450589660508,0.8171414895503287,0.024600479704110553,0.1573754907456492,0.9944915681595334,0.15928662432579288,0.024767045087433912,-0.38758009461339205,0.6069114735461414,7.484807463286349,2208.0182016694725,0.8975224250472291,0.6388870006619068,0.031570759420838944,0.03141231267780457,0.19387815142060796,0.04453589830885476,0.0009867333877681616,-0.06450396569935493,0.12937418572125303,0.5851166402621124,172.60940887732312,0.9167069370996297,0.567963557158453,0.025304349582156344,0.06466244286531848,0.3458744628504129,0.06943732155754968,0.004181231517310577,-0.12203777929751189,0.223836683552901,1.4223547794005333,419.5946599231572,0.9636377301776994,0.8441805680218113,0.14984514222526632,0.09860856911982438,0.6089119109209495,0.179380089620809,0.009723649903859181,0.007108904658983516,0.616020815579933,9.492278882948995,2800.2222704699534,void,21
32.46762222004905,29.97011281850682,34.96513162159129,0.8676497610374189,0.4086913519206007,-0.4753690420231724,1.8275410047277896,8.58842874009467,1.8883542702775575,3.339906123961459,-3.7541332822790645,4.834295457815605,1051.9351457722687,310320.86800281925,0.9074763345824793,0.8039242145833335,0.5516148967708451,1.1829193000002125,4.170692332567465,1.3052115018848487,1.399298070312993,-1.2151672905099113,2.9555250420575536,502.55523407248825,148253.79405138403,0.8946175005434697,0.544516824862365,0.5862302234471685,1.1625804149729382,3.4195977510716995,1.3020211581082566,1.351593221278649,-0.6774602085084994,2.7421375425632,500.10143336766197,147529.92284346028,0.903064438486466,0.6855985189819036,2.2299166011979534,1.4114495961922706,4.712820790220869,2.639075218876786,1.9921899625913237,0.13927418927319213,4.852094979494061,2054.591813212419,606104.5848976637,0.9105505608674633,0.590314078496727,-1.084760377309,1.1878276406028851,5.439826175343201,1.6086141799573264,1.4109345037802168,-4.666647487556945,0.7731786877862565,763.3536760881354,225189.33444599988,0.7672236299643281,0.2965803696383031,1.115107782370311,1.2994429053931085,4.596845193244303,1.7123134148511818,1.688551864376483,-0.2660748731418835,4.3307703201024195,864.9450830503981,255158.7994998675,0.8113189418528134,0.3244429731977612,0.7649420562859586,1.7085298909938322,8.963220260977534,1.8719537221561826,2.919074388419396,-1.8182542384086167,7.144966022568918,1033.742167678844,304953.9394652591,0.8386140090262395,0.3434099563827227,2.1432970944209826,2.1047909904738895,8.468083675946573,3.0039752909325808,4.430145113580056,0.04632229086299134,8.514405966809564,2662.0409268173776,785302.0734111258,post-void,21
2.4977303957230212,0.0,4.9954607914460425,0.8446523593327537,0.471284591861422,-0.6138583507715353,0.9630896402357471,5.224934239449283,1.142087444087085,0.9275416551294208,-3.4736702774449095,1.7512639620043733,384.7873003327042,113512.25359814777,0.896405033165308,0.809482793266706,-0.38274662208512755,0.4001257630782329,3.29878973849243,0.5537107575228366,0.16010062627893817,-2.575966368145015,0.7228233703474148,90.44570288397149,26681.482350771596,0.8660091520764557,0.7296160825490352,-0.435510505952432,0.5055372940738889,3.283945031093954,0.6672610857037092,0.25556795569954965,-1.4893973810571224,1.7945476500368316,131.34502016587538,38746.780948933236,0.8608781791667051,0.6589079490981176,1.2755882424668499,0.6550353617269145,3.3847965376401046,1.4339444513063875,0.4290713251127097,0.18247543641576427,3.5672719740558687,606.5780233825511,178940.5168978526,0.821288374414988,0.6794383287785495,0.35041932187593194,1.3878422407547155,7.136273768573624,1.431397843496719,1.92610608522307,-3.184961083591683,3.9513126849819415,604.425436978282,178305.5039085932,0.7384717006749693,0.39464760474745536,-0.8634659518403983,2.30465823658633,10.317923068988716,2.4611019965561884,5.311449587465212,-6.747406770331287,3.570516298657428,1786.8217960485927,527112.4298343349,0.7264380862947143,0.375112496684692,-0.4533150005804329,1.9820864750532632,9.757272115304886,2.0332637026072904,3.92866679458907,-5.890527573534343,3.8667445417705433,1219.5775788803908,359775.3857697153,0.810140241835183,0.5371993832200666,2.863291824086279,2.0103840524339844,9.069207626931647,3.4985831572452613,4.04164403828089,0.15671210225140766,9.225919729183055,3610.8248119072655,1065193.319512643,pre-void,22
7.493191187169064,4.9954607914460425,9.990921582892085,0.8840896572627808,0.5933341499029336,-0.641584397959386,0.5901756178059404,3.719747862368871,0.8717441135777925,0.34830725985262345,-3.0610800555522393,0.6586678068166315,224.1816508694717,66133.58700649416,0.9428100200597356,0.885287767918676,-0.26361463408766617,0.275790462748744,1.8926179114530435,0.38151416048207243,0.07606037934316637,-1.4306690504393054,0.4619488610137381,42.93815112126045,12666.75458077183,0.9049940751058758,0.7295750013684797,-0.17698240211434146,0.2792376795301523,1.6511693154876323,0.33060013963630824,0.07797368166938405,-1.1556958282253982,0.49547348726223417,32.242453436626214,9511.523763804735,0.9207479352766307,0.6244690718205594,0.8502967191417161,0.5401692289924072,3.026475543496726,1.0073665204549027,0.29178279595025164,0.12237313249885955,3.1488486759955854,299.3622554273583,88311.86535107075,0.8640240443507444,0.7616397198304485,-0.2433586599986235,0.9831275110764495,4.9817213141396355,1.0127996546364437,0.9665397030353742,-2.644584123824229,2.3371371903154063,302.6001264273514,89267.03729606868,0.7851819596955232,0.5405230439744921,0.2418328543794653,0.846912437706931,5.009676386400592,0.8807631955298859,0.7172606771426964,-2.8318196141675194,2.177856772233073,228.84442294700474,67509.10476936639,0.7460181993768579,0.46714589815248736,0.01897959375620457,1.091311182550426,6.901618717084476,1.0914762123558899,1.1909600971596093,-4.531397368700619,2.3702213483838572,351.43949503093415,103674.65103412556,0.904904450698379,0.7090780399599093,1.4241024973680911,0.9822216380025648,5.480410109282574,1.7299789794013323,0.9647593461604413,0.07727861126773547,5.55768872055031,882.8840444052901,260450.7930995608,pre-void,22
12.488651978615106,9.990921582892085,14.986382374338127,0.9089374907138213,0.8163269112288314,-0.470189806939899,0.30526741703188076,1.6621247232771417,0.560594907621801,0.09318819590131619,-1.0759808876321575,0.5861438356449843,92.7086618831912,27349.055255541414,0.9416002738609479,0.8449687934371094,-0.5426293847504883,0.28454687190182903,1.3159737363374064,0.6127100223627889,0.0809669223091159,-0.9377306073137944,0.37824312902361196,110.74700359362373,32670.366060118984,0.9052981744288461,0.7239648617787174,-0.7165298646945384,0.45460376270460834,1.749188240795653,0.8485750574135215,0.20666458106518784,-1.203559015447181,0.5456292253484721,212.42349027898658,62664.92963230106,0.9047115162525233,0.7903216841536995,1.153100584691033,0.2830528070958912,1.2418206604531223,1.1873330830140572,0.0801188916048638,0.4046080131770767,1.646428673630199,415.87915575580155,122684.35094796149,0.8692584668517822,0.5838417860604221,0.25412459124981085,1.2625300504090744,6.777292038776968,1.2878514805923171,1.5939821281859399,-1.8246427391517739,4.952649299625195,489.2756236388278,144336.3089734542,0.7823676315697481,0.4882572522778485,0.09742357530954793,0.6480609172503558,3.4433754804103964,0.6553428915411135,0.41998295246737244,-1.3227980721748098,2.1205774082355866,126.69492012057295,37375.00143556901,0.833073686918827,0.45892769254502824,0.25463731058365513,0.49610610271395406,2.879226201344223,0.5576391531190266,0.24612126515002836,-0.9998764542598355,1.8793497470843874,91.73362040193503,27061.418018570832,0.8541479109579397,0.5171411368681353,1.1636718318672807,1.0221863990326046,5.008535710846657,1.548869641593054,1.044865034367243,0.05266171462005638,5.061197425466713,707.7041641613358,208772.72842759406,pre-void,22
17.48411277006115,14.986382374338127,19.98184316578417,0.8842216885017463,0.34877782074492447,0.8975483238615718,0.7729881596600429,2.097184529318357,1.1845267783555324,0.5975106949746198,-0.08246091864775346,2.0147236106706035,413.9155881491943,122105.09850401229,0.9191837334425318,0.44223233381850446,0.353315458447695,0.5962430189662968,1.7947412519637247,0.6930638865531435,0.35550573766604376,-0.44433212090291274,1.350409131060812,141.69957749902386,41801.37536221205,0.9327334339900077,0.38768675985009804,0.38693879487329763,0.6527750002013158,1.7755886670357377,0.7588391343794992,0.42611520088782784,-0.48694930360651406,1.2886393634292237,169.87186540041918,50112.200293123664,0.9247676294282458,0.33540164036952425,1.2914132609099045,0.8896796394755586,2.519802204580798,1.5682085548010867,0.79152986089736,0.0793447946948364,2.5991469992756344,725.4870310486373,214018.674159348,0.8858738234884287,0.5161637732436386,0.0644078797571825,0.858810248074159,4.625930448858337,0.8612220487028963,0.7375550421971984,-2.288508175476074,2.3374222733822627,218.80250806574412,64546.73987939453,0.8348234211974358,0.6839925656271341,0.10646036180495272,0.30194515380510195,1.6147305630089437,0.32016352781356605,0.09117087590638666,-0.7412316585370528,0.8734989044718908,30.238881939898285,8920.470172269996,0.8622325549740284,0.3742011214110162,-0.06408648780866631,0.6687578187039236,3.3994246528443197,0.6718214777731359,0.44723702007762994,-1.8919767867011095,1.5074478661432105,133.14650890919768,39278.22012821331,0.8819410208776548,0.4502128815704432,0.8146161427092399,0.7949545520020888,2.9514505606745987,1.1382232644395045,0.6319527397488417,0.057541771149281516,3.00899233182388,382.1878989148401,112745.43017987783,pre-void,22
22.47957356150719,19.98184316578417,24.977303957230212,0.9314891478554242,0.7461554917625408,0.19716422778503945,0.07213487067476697,0.34461853081634597,0.2099456412630095,0.005203439567265356,0.0021040336016034163,0.3467225644179494,13.002765824174201,3835.815918131387,0.9410620752167302,0.8474719201704647,-0.21599662024106067,0.06083535579881219,0.3790449738662262,0.22440026842838012,0.0037009405151680716,-0.41559129262901007,-0.03654631876278386,14.85486673886507,4382.185687965194,0.9749968499780599,0.7898045775825159,-0.22927626451768512,0.07756077749026799,0.44928009844911687,0.24203983076361288,0.006015674204894861,-0.47975290090347605,-0.030472802454359196,17.28206750444312,5098.2099138107205,0.9549271931540944,0.8587490319674689,0.38601143225169726,0.06333329774405415,0.42040949546877177,0.3911725098113922,0.004011106603137014,0.2431318007037057,0.6635412961724775,45.139700067482394,13316.211519907307,0.8846118786478122,0.7172483650185247,-0.001723795910383436,0.3076763223373616,2.162970335554298,0.30768115119289435,0.09466471932704404,-0.6847590868207799,1.4782112487335184,27.926968785818495,8238.455791816457,0.8493546618597452,0.6467775966440028,0.12532738074710426,0.14023616550104062,0.7631402995702525,0.18807746935602065,0.019666182114435257,-0.32057351130350453,0.44256678826674806,10.435074671412643,3078.3470280667307,0.9120320754437053,0.6383056867095629,0.014833746560825607,0.07518667651097032,0.3887214955722217,0.07663599912440693,0.005653036324765295,-0.19532514894898775,0.1933963466232339,1.7325575267298492,511.10447038530543,0.9057636083427719,0.7992129736547003,0.3069822268964174,0.20414655032662737,1.4625474876860698,0.3686650263322325,0.0416758140102622,0.039487848498096556,1.5020353361841663,40.09460098396098,11827.907290268484,pre-void,22
27.475034352953234,24.977303957230212,29.972764748676255,0.9218016005470983,0.8440336347155378,0.10947068709952007,0.04887748235821326,0.2888280357408613,0.11988677831903931,0.0023890082816774485,-0.051618188249735575,0.23720984749112572,4.239987686636949,1250.7963675578997,0.953361950624742,0.8316253331131935,-0.3650163969053114,0.05902433429922126,0.45276815275462295,0.3697578153997587,0.003483872039466227,-0.5163017079053107,-0.06353355515068775,40.3326484045146,11898.13127933181,0.9265193795970673,0.7843307915390718,-0.4625139736871604,0.09986727875894989,0.9128821820104409,0.4731729590991069,0.009973473366717804,-0.8612903627534559,0.051591819256984944,66.0483315206685,19484.25779859721,0.9411369090000979,0.7967145920053192,0.6036297059518724,0.10304129744904107,0.8041614513841283,0.6123612748104876,0.010617508979981758,0.1466911651446586,0.9508526165287869,110.62096761182005,32633.18544548692,0.9121822957059778,0.7206247853401796,0.08622603051544037,0.4753737739702632,4.742500968489698,0.48313057584588925,0.2259802249787309,-0.8708611016870588,3.8716398668026395,68.85747022856826,20312.95371742763,0.8610852117996017,0.777048005927483,0.08844354870530516,0.078065906284992,0.5759411646347442,0.1179684153987195,0.006094285724097155,-0.23982896231126097,0.33611220232348327,4.1053813743470275,1211.087505432373,0.9340176226039003,0.7768520360033823,0.017620793586959775,0.05966058185394035,0.38879248734391947,0.06220833861939217,0.003559385027150717,-0.22597399823532374,0.1628184891085957,1.1416138311665631,336.77608019413606,0.9449015581159871,0.7309505160770193,0.2925457795355089,0.4069625838066833,3.8522337871646286,0.5012001374128406,0.16561854461861172,0.019660485000262535,3.8718942721648912,74.10446543408185,21860.817303054144,void,22
32.47049514439927,29.972764748676255,34.9682255401223,0.9688191554688844,0.8579636479306486,0.14970842297973747,0.03103584423884698,0.17585800280820232,0.15289158099351957,0.0009632236276179714,0.05565244159938998,0.2315104444075923,6.895871483915897,2034.282087755189,0.9358741507442276,0.8848508645370199,-0.35429660134562985,0.039366173343414405,0.23285890142303176,0.35647689592562365,0.0015496956037037509,-0.4367427673471697,-0.20388386592413796,37.487354311986536,11058.769522036033,0.9544565709674218,0.8488963003731459,-0.45278555805154774,0.04499456871051999,0.25275198171451213,0.45501568411813803,0.0020245112134457044,-0.550678703589983,-0.2979267218754709,61.07658547408167,18017.5927148541,0.9549421674890599,0.8508058920154857,0.5955695193053092,0.052799936888276236,0.3403250132465718,0.5979054153132943,0.0027878333354059534,0.37488416701863153,0.7152091802652033,105.4598112699841,31110.644324645313,0.9316266236757299,0.6866089422663619,0.02949055546662878,0.20184686111512667,1.2075901100415685,0.20398982377500977,0.04074215534202923,-0.6215753014289911,0.5860148086125774,12.275495220109065,3621.271089932174,0.884773318182855,0.7968223590115143,0.07719837975438149,0.05089082504452097,0.3403834691529081,0.09246332197370878,0.0025898760737120426,-0.07815524691407277,0.26222822223883535,2.5220924435720526,744.0172708537557,0.9257371910976121,0.7864070540802468,-0.011593603772248287,0.041769778156068235,0.2588947472705537,0.043348887132601745,0.0017447143672071552,-0.11689368392020658,0.14200106335034718,0.5543421746123384,163.53094151063982,0.9667516920913711,0.7486623868191088,0.19298270778886228,0.12164750151271873,0.6278521745263563,0.22812373863718857,0.014798114624286908,0.008901157983653046,0.6367533325100094,15.351929838293454,4528.819302296572,void,22
37.465955935845315,34.9682255401223,39.96368633156834,0.9364075630185663,0.8581028770873964,0.14088471141783535,0.025192103589620696,0.16017311747192825,0.14311933480336234,0.00063464208327018,0.05840380753218121,0.21857692500410947,6.042527478394293,1782.5456061263167,0.946712934375117,0.8698072333461948,-0.334988786352679,0.039054819495143105,0.21918529034600237,0.3372577143785431,0.0015252789257982101,-0.43319962677789053,-0.21401433643188816,33.5541159428125,9898.464203129692,0.943322600779585,0.8216201211732419,-0.41625292416885445,0.0494734656515372,0.2944257215075632,0.41918268175426315,0.0024476238035738315,-0.5732640330665333,-0.2788383115589701,51.835665601395284,15291.521352411606,0.9619068008943086,0.8272493607559246,0.5538638728955687,0.05634572642368933,0.32857872625628387,0.5567225795538491,0.003174840886213242,0.39170108334817916,0.720279809604463,91.43230902260208,26972.531161667615,0.8989215493789522,0.687460224650075,0.004738614338002624,0.20073196142003463,1.243312425133124,0.20078788509613474,0.040293320335534275,-0.6247239344010759,0.6185884907320481,11.893153566406689,3508.4803020899726,0.9069287702756527,0.8279083664637832,0.0807609245145506,0.04493008466081991,0.3205091698088306,0.0924177441624355,0.0020187125076284443,-0.039867097865971896,0.28064207194285873,2.519606633641648,743.283956924286,0.9282526884709807,0.8369853843900071,0.002151914953106744,0.03869415528042706,0.27219236658192414,0.03875394677747294,0.001497237652865801,-0.11676885265667455,0.1554235139252496,0.44305117529520555,130.70009671208564,0.9527947021454404,0.8053998535193663,0.19016009331676448,0.1191546119042088,0.6639078004302489,0.22440740323858122,0.014197821538042617,0.036886042137784576,0.7007938425680335,14.855811375343542,4382.464355726345,void,22
42.46141672729136,39.96368633156834,44.95914712301438,0.9492826049265972,0.8724191995780383,0.15309225266273224,0.02204383148113234,0.1802031522987347,0.15467116192658026,0.00048593050636856115,0.06818358941757593,0.24838674171631064,7.057334657856931,2081.9137240677946,0.9447543739890386,0.8917140530836782,-0.28661861662714383,0.034366436466649976,0.20936375983618305,0.28867158390231956,0.0011810519554162893,-0.38483150768190627,-0.17546774784572322,24.58272858903881,7251.904933766447,0.9439549575684035,0.8756045997474211,-0.3358534418020255,0.041488727211252074,0.3208015654291734,0.33840633690265937,0.0017213144856096881,-0.47232143736736104,-0.15151987193818764,33.78306041248348,9966.002821682632,0.9600977669370336,0.8826277202619248,0.46863595693808957,0.04640733137112818,0.26272481266193365,0.4709281267245232,0.0021536404049896977,0.319154454495938,0.5818792671578716,65.42312365937923,19299.821479516875,0.9207032409393322,0.7502153323992378,0.0064603106612027205,0.17681124099403486,1.078114125369815,0.17692922470776254,0.03126221494185068,-0.3648559365503484,0.7132581888194666,9.234665413928528,2724.226297108916,0.8998419936987658,0.8191290610753128,0.0796635067553133,0.04090245281986676,0.22269304133082457,0.08955046038538982,0.0016730106466814262,-0.038780477968256115,0.18391256336256845,2.365689061794405,697.8782732293496,0.9419278115064323,0.8493707458627057,-0.0023995881494379223,0.030081821754015428,0.17414347197260166,0.03017737601792573,0.0009049160000403559,-0.08342105000803582,0.09072242196456583,0.2686488368815473,79.25140688005644,0.9509016682032253,0.8344744144223847,0.17071043517379492,0.10531788479183408,0.6716165252567201,0.2005839214250546,0.011091856857026038,0.046222892975354174,0.7178394182320743,11.86900331260448,3501.3559772183216,post-void,22
47.4568775187374,44.95914712301438,49.954607914460425,0.9354706883717262,0.8691091961490202,0.15070887764725416,0.024429180534024167,0.16040283174510933,0.1526759662267083,0.0005967848615639452,0.06278795864908619,0.22319079039419554,6.876435445661396,2028.5484564701121,0.962552313294019,0.9199751183531681,-0.24093942095131746,0.030084965710123087,0.19447827820816715,0.2428104399117456,0.0009051051617792819,-0.3226349522238675,-0.12815667401570036,17.392288370389952,5130.725069265039,0.9407105704921817,0.9268214188804925,-0.2559497113937799,0.03462388921628376,0.2236661864489367,0.25828098742846084,0.001198813704461491,-0.3543281264918643,-0.13066194004292758,19.679175197771116,5805.356683342479,0.9613408845723159,0.9348388230858857,0.384046047143909,0.03853002119845701,0.22568791149615516,0.38597400023889583,0.0014845625335535469,0.24593472967137694,0.4716226411675321,43.94789901382247,12964.630209077637,0.9164809495372882,0.8066427057414836,0.00630584496864203,0.1504153943595354,0.7808686457138212,0.1505475158915055,0.022624790860334556,-0.363417164382446,0.4174514813313753,6.686043589625415,1972.3828589394975,0.9196719924028882,0.7913381277039688,0.08686944307779135,0.047797926127213716,0.27121312694829774,0.0991511063110655,0.00228464174206258,-0.020053148817026703,0.25115997813127106,2.9001278553989227,855.537717342682,0.9282927838439684,0.8192581221042489,0.0026603962913376846,0.03356638011394639,0.21712634067772263,0.033671643594884094,0.0011267018739539354,-0.07825274388413939,0.13887359679358324,0.33446497680236514,98.66716815669773,0.961162161025714,0.8830239188016545,0.16310592418000674,0.08381964867248082,0.40063048118741923,0.1833828672646172,0.007025733503578115,0.01736960000191912,0.41800008118933835,9.920636421826703,2926.587744438877,post-void,22
52.45233831018344,49.954607914460425,54.95006870590647,0.9577441696625701,0.8724557369370565,0.14306267156003089,0.024633836902407648,0.17336409127859742,0.14516801959945475,0.0006068259205344209,0.05035857046661292,0.22372266174521035,6.216757404756166,1833.943434403069,0.9417529251993408,0.883818358311736,-0.23436735248662688,0.03667122765901383,0.2309298181035783,0.2372189597178312,0.001344778938019221,-0.3535454182663804,-0.12261560016280212,16.600486280634954,4897.143452787312,0.9525765519132443,0.9046083062532548,-0.244346504250425,0.04126736135981113,0.20967613406262828,0.24780679823807134,0.0017029951136012325,-0.3373851898081783,-0.12770905574555,18.11542172963624,5344.049410242688,0.9610142410130498,0.9151388209361762,0.3694864125006116,0.0472714395218694,0.2849796490441564,0.37249805102448774,0.0022345889944697566,0.21703554535327488,0.5020151943974313,40.93266541502736,12075.136297433073,0.9080409010636186,0.7444690481626007,0.06416612110879824,0.17075920136584302,1.1466850088115346,0.18241709335818693,0.029158704851100524,-0.39878473788349283,0.7479002709280418,9.816418805028599,2895.843547483437,0.8766265240025359,0.655522843617231,0.029992169825039522,0.09123932472809418,0.49719547493151495,0.09604241056768945,0.008324614376838619,-0.2665981279774847,0.23059734695403025,2.721122665157525,802.7311862214701,0.9168880500434681,0.6791746667663358,-0.02841185519808349,0.06878373332306077,0.3475752166994017,0.07442066571628343,0.004731201969857941,-0.255236834793512,0.09233838190588972,1.6338384682681675,481.9823481391095,0.9510034601138481,0.8040373287083171,0.188100425519806,0.11250247100319546,0.750444170165863,0.2191770427361336,0.012656805981824837,0.022696643697648084,0.7731408138635111,14.171379938454292,4180.557081844016,post-void,22
57.447799101629485,54.95006870590647,59.94552949735251,0.9301137816437036,0.8390596107279535,0.16071120566161887,0.030389715585076478,0.16194137189942867,0.16355924443012387,0.0009235348133418401,0.08008300043990874,0.2420243723393374,7.891729799373136,2328.060290815074,0.9260506990658515,0.901827608805096,-0.2865800867652849,0.0453540844459339,0.2540072322758016,0.29014675443011095,0.002056992975928903,-0.39733453055532275,-0.14332729827952118,24.834616036366494,7326.211730728111,0.9358565922584926,0.8417019797222686,-0.33415041206023444,0.060382224916771754,0.3158476035913582,0.33956223430458826,0.0036460130858996112,-0.48404411460077595,-0.16819651100941774,34.014240734947606,10034.201016809544,0.9355921103798419,0.8754489996221646,0.470796326709473,0.06775024182740128,0.3605739094807943,0.47564616734585824,0.004590095267671353,0.284645917030617,0.6452198265114113,66.74058657068723,19688.473038352735,0.9216521539836943,0.6749085457603248,0.05440805963999507,0.22547180686011808,1.2206137985097838,0.2319434686352596,0.050837535688766394,-0.5026391641920651,0.7179746343177187,15.87034292955392,4681.751164218407,0.8696591767060011,0.6548120928938794,0.08682689954732266,0.07659980686436352,0.5057050947542414,0.11578618612191462,0.005867530411657793,-0.15161283991924274,0.35409225483499873,3.9549000645143026,1166.6955190317194,0.8933446018353512,0.698406519282083,0.0029929689872996643,0.06056862555694671,0.3204744501003719,0.06064252851932013,0.003668558401857618,-0.16356736679965517,0.15690708330071676,1.0848672982388838,320.03585298047074,0.9477264403153755,0.7427274517249218,0.2313102844005275,0.13182291961179568,0.692921807282455,0.26623622932356683,0.017377282134977946,0.03532269090376972,0.7282444981862247,20.910110292307106,6168.4825362305955,post-void,22
62.44325989307553,59.94552949735251,64.94099028879855,0.8523432420630098,0.6794245895719182,-0.35515157087322097,0.3170175481537126,1.673257918054042,0.476059622454066,0.10050012583739146,-1.462545263433549,0.21071265462049293,66.85666541867683,19722.716298509666,0.8464807031971867,0.5807994255060274,-0.5840426666868926,0.254929833464774,1.5906391306133199,0.6372558799266697,0.0649892199903774,-1.5045985536674473,0.0860405769458726,119.79804166782864,35340.42229200945,0.8782677726327752,0.7341495609214892,-0.778961076071073,0.19645018191443483,0.995593651577693,0.803351126225649,0.038592673974214536,-1.1972550111195164,-0.20166135954182338,190.38504444236548,56163.58811049782,0.8665896237071574,0.702914808627336,1.0968470180673144,0.2739114302052414,1.5808466967294135,1.13053122585811,0.07502747159708083,0.37439816754931343,1.9552448642787268,377.03975152887097,111226.72670101695,0.8319340716532669,0.7080900132314144,0.015281262963803716,0.7836945239592761,5.5216267862897945,0.78384349450737,0.6141771068837564,-3.2272111809518975,2.294415605337897,181.25113404504998,53469.08454328973,0.7858530632913863,0.5313488843124141,-0.013737213428150716,0.574250267149212,3.587233231911162,0.5744145544410516,0.3297633693209413,-1.8113885805009322,1.77584465141023,97.335863704345,28714.07979278177,0.8062109512665475,0.5338677398695328,-0.18508267691869962,0.42124938366772774,2.5154058173231135,0.4601158990252697,0.17745104324044048,-1.4161731724264557,1.0992326448966578,62.453458958070506,18423.7703926308,0.8517629230834617,0.6990212343051091,0.8938030420376786,0.5976499534135857,3.1393274457569995,1.0752066521237067,0.35718546681526114,0.09602494648967695,3.2353523922466763,341.04045670746547,100606.93472870231,post-void,22
67.43872068452157,64.94099028879855,69.9364510802446,0.8881645796229722,0.8351609219205919,-0.8727765346097778,0.25537432624078993,1.8006740196239377,0.9093706207418348,0.06521604650293741,-1.8483951089016633,-0.047721089277725656,243.95170313117507,71965.75242369664,0.919112297929951,0.9391644272848964,0.13636559101776569,0.36189407633124954,4.250875503910254,0.3867336252477573,0.13096732248364826,-1.7193012486594008,2.531574255250853,44.121054584695464,13015.711102485162,0.9205659632527423,0.7149179267345988,0.4643465980639658,0.3533295846391567,1.9510428036417453,0.5834891245900451,0.124841795381279,-0.36470101921264225,1.586341784429103,100.43556976188286,29628.49307975544,0.9143570470155662,0.8907865753162592,1.1023244862403954,0.31915217109612254,2.831942118032037,1.1475963494541623,0.10185810831536869,0.16448625261412847,2.9964283706461656,388.50832747775337,114609.95660593716,0.9152060780846034,0.5932737343191178,-0.16455666969124116,1.4380441941300979,9.133375667575947,1.447428755349,2.0679711042712827,-5.605638440680116,3.527737226895832,618.0397505342908,182321.72640761576,0.8030329012156467,0.5814847577279545,0.08425967906492017,0.4655971084433379,2.2094331158021516,0.47315997390620507,0.21678066739079738,-1.130112813874018,1.0793203019281339,66.0447064675416,19483.188407924776,0.8405173697068593,0.5958285695338503,-0.04291244240246587,0.37440113489896487,2.4326277027049574,0.37685234180853633,0.1401762098136329,-1.2898351785565652,1.142792524148392,41.89521782034048,12359.08925700044,0.924790482451658,0.7638589241613543,1.291122356139291,0.8910393435320235,5.459496420694332,1.5687409124022533,0.7939511117219794,0.16669321188264907,5.626189632576981,725.9796748221729,214164.00407254108,post-void,22
72.43418147596762,69.9364510802446,74.93191187169063,0.8677576848522776,0.7777640865857343,-0.8766398001503751,0.2026083691221116,1.3770366696693157,0.89974857068295,0.041050151238321834,-1.7084989319237573,-0.3314622622544417,238.8165096815734,70450.87035606417,0.928063150751648,0.8722190266938613,0.16840492857829636,0.17002598686398843,0.9628534107243599,0.23930954050880268,0.02890883620907317,-0.28054453341974117,0.6823088773046188,16.89437157266761,4983.839613936945,0.9045408324027805,0.7982584007485043,0.5191613802583538,0.16236604127879928,0.7378835538330009,0.543958886417262,0.026362731360548747,0.173461788299215,0.9113453421322159,87.28792468313078,25749.937781523575,0.8738275160149459,0.7887562767875552,1.0549525676513694,0.22312081198901323,1.2194963366940936,1.0782893010397783,0.04978289674263659,0.6552083884063438,1.8747047251004374,342.9988059373718,101184.64775152468,0.8867738463416559,0.6246679397311016,0.0222818908203913,0.9206767397642984,5.104179315936256,0.920946329490242,0.8476456591430176,-2.2655183593428134,2.8386609565934426,250.20193183145707,73809.56989027983,0.7574551284218306,0.5189558402371212,-0.01731238594674993,0.7064546393768878,3.911512072120808,0.706666736308069,0.49907815749712864,-2.4264892718415285,1.4850228002792796,147.3164734802679,43458.35967667903,0.8513284789939156,0.4948315659772383,-0.03364635537065583,0.38304089778755407,2.2559473181564584,0.3845158080074523,0.14672032937789545,-1.1736931257621088,1.0822541923943496,43.61645994924905,12866.855685028473,0.9155877358668006,0.6297593402337492,1.0376530495917127,0.6470305814151984,3.768020737964729,1.222854212330101,0.41864857328648974,0.07363596102595396,3.8416566989906826,441.13486526097404,130134.78525198727,post-void,22
77.42964226741366,74.93191187169063,79.92737266313668,0.8579320892277954,0.5005807738082849,0.5037702107379103,2.5007377281669703,8.629573073222438,2.5509750312977624,6.2536891850777,-4.569021087692337,4.060551985530102,1919.7047150398628,566312.8909367595,0.8791077878589341,0.7367406521446865,1.8132391119492237,1.8456752377188348,8.781844904346116,2.5873448089172197,3.406517083128477,-4.038501163627159,4.743343740718957,1974.8341822681111,582576.0837690926,0.8416100608667505,0.6010088855594168,1.9598117298533768,1.5056507228197205,5.319564757457957,2.471405696278624,2.266984099127547,-1.0041897531464303,4.315375004311527,1801.814604101537,531535.3082099534,0.884068579242161,0.6089439036081036,3.7433580074759925,2.301509008020456,7.097747763505406,4.394277288261852,5.296943713999305,0.2525593126502017,7.350307076155607,5696.353501409511,1680424.2829158055,0.8403274392656735,0.5818817871039113,-0.49977708758026257,2.5490809955399145,16.548685380383084,2.5976125690897347,6.497813921822761,-12.41740071407151,4.131284666311575,1990.5393624324265,587209.1119175658,0.7664246436810127,0.4436243194708102,-0.36741383260201027,2.7704736087404602,13.43181610193227,2.7947302090031307,7.675524016727388,-8.173301428814549,5.258514673117721,2304.1024976288318,679710.2368005054,0.7370990416280603,0.3993146152679257,0.5203862423496304,3.0789860066767116,15.574405783121723,3.1226521853286466,9.480154829311003,-7.054632040780279,8.519773742341442,2876.5322178086426,848577.0042535497,0.8444408695727026,0.5478913248268319,3.86372321407602,3.062794083146221,13.279995121145511,4.93042236230786,9.3807075957555,0.06867856926600671,13.348673690411518,7171.1740778699,2115496.3529716213,post-void,22
2.497518458058705,0.0,4.99503691611741,0.8667590801514597,0.4778485628450933,0.04859528191334453,2.5172998046042108,14.728062928526302,2.5177688153769475,6.336798306260398,-6.740703609410092,7.987359319116211,1870.052143266968,551665.3822637557,0.9109837900106336,0.8115332923403746,1.0642521972385635,2.2450975114603637,16.461843416670572,2.4845715073816304,5.040462835965518,-10.36973802998615,6.0921053866844215,1821.0631947113252,537213.6424398411,0.8835910583523136,0.8034934498616618,1.2685800968831726,2.067512672765645,10.55764154728627,2.425676011806742,4.274608652046543,-4.622929586116505,5.934711961169765,1735.7517137051252,512046.75554301206,0.9159274977799953,0.7515949125997392,3.8507499624377632,1.888884386090767,10.764387307490377,4.289074433631565,3.5678842240174933,0.1571804800968283,10.921567787587206,5426.867051683418,1600925.7802466084,0.8783345517004687,0.5586361697047878,0.6281974265288738,2.2332796428793604,11.419345185468883,2.3199504240385966,4.987537963299364,-4.796033008890723,6.6233121765781595,1587.7401411490748,468383.341638977,0.726333346564432,0.420505765479471,-1.019140303564383,2.352344018263061,12.605493967586575,2.563624258468332,5.5335223802580025,-9.16019105674282,3.4453029108437554,1938.789954889155,571943.0366923007,0.7520902416783893,0.3103692572812652,-0.5268525850846508,2.553482913797213,12.828336064437693,2.6072684245134186,6.520274991054305,-6.405619226528713,6.422716837908979,2005.3653480520816,591582.7776753642,0.8687599984683656,0.5992681316780178,3.463317825156034,2.5995418034771687,11.922384967676189,4.330379653802753,6.75761758802533,0.20829381689358095,12.13067878456977,5531.895444090312,1631909.1560066422,pre-void,23
7.492555374176115,4.99503691611741,9.99007383223482,0.8974281414382641,0.5590057454266614,-0.13095457717209574,1.802538192168639,13.15017717777792,1.8072888633278599,3.2491439342265855,-4.791007495133979,8.359169682643941,963.5564454751277,284249.1514151627,0.9333338552118084,0.8659092168055175,0.022875969803635453,1.4006262843435497,10.536125261135822,1.4008130847434555,1.9617539883940185,-4.719635966903355,5.816489294232468,578.8718030246002,170767.18189225707,0.9247158358438965,0.7110278259130008,0.04779815560482391,1.133169802371741,6.653516220528612,1.1341774396832418,1.2840738010072104,-2.591484664865678,4.062031555662934,379.4757470824979,111945.34538933687,0.9489734878674332,0.7984596644272396,1.957674381511825,1.637815561824991,9.359457300429423,2.55243585591956,2.6824398145561106,0.16446056882220583,9.523917869251628,1921.9039955822261,566961.6786967567,0.8858656980911592,0.6730034932961664,-0.10769813867357601,1.6281206568295068,10.646427357773156,1.6316788171293692,2.650776873194945,-5.974235061411273,4.672192296361884,785.4008498692657,231693.25071143336,0.7888975669774587,0.44823680234440944,0.10644679006382647,1.753153942535411,11.51014822016426,1.756382550967285,3.0735487462274556,-5.9600655097050765,5.550082710459183,910.0395012759925,268461.65287641773,0.8036114546545363,0.39744565667696236,0.06038891143466957,1.7252032417372118,10.327808762219288,1.7262598431073026,2.9763262253005847,-5.246190777479082,5.081617984740205,879.0920485478306,259332.15432161,0.8634371500316709,0.6963260648918858,2.232644292840067,1.9345614322591498,9.29498204330538,2.9541882935141244,3.7425279351845733,0.22159840704338019,9.51658045034876,2574.532399693089,759487.057909461,pre-void,23
12.487592290293525,9.99007383223482,14.98511074835223,0.9543461082574418,0.8857123456485292,0.3103025969907328,0.15074386534048492,0.8822560542887042,0.34498031050624234,0.022723712937790252,-0.07150225715421342,0.8107537971344908,35.108367317910094,10356.968358783479,0.9537556315439273,0.8983940268428168,0.14884587365735608,0.35435383373142554,2.0612964118268433,0.38434585152565437,0.12556663948015878,-0.5985819451019696,1.4627144667248737,43.57791140756921,12855.483865232918,0.9455270446762322,0.8726455304273644,0.21914439107778558,0.39407049411780537,2.4066620488859742,0.4509055538304056,0.1552915543342513,-0.8650933333012729,1.541568715584701,59.9781664501559,17693.55910279599,0.955841222410601,0.8770885274330665,0.6249364360737921,0.2819635039583237,1.9788221123572858,0.6856011717442354,0.07950341756445561,0.1785046520692096,2.1573267644264953,138.66444517563522,40906.01132681238,0.9201058864599954,0.7822036693478082,-0.07211672601627715,0.4281309456090103,2.503155670944393,0.4341623299635427,0.18329610658806536,-1.2764228973446665,1.2267327735997264,55.60659398401478,16403.94522528436,0.8835823163062088,0.6183945007424718,0.060581862282937785,0.15899507146036143,0.8295269710607192,0.17014580449236552,0.02527943274868544,-0.36357123964818505,0.4659557314125341,8.540130461974512,2519.338486282481,0.9175767772707367,0.5166091978163753,0.028817874476629386,0.14792910978322796,0.8729298243369183,0.15070995790129157,0.021883021521258313,-0.4949575175755989,0.37797230676131943,6.700479966129679,1976.6415900082552,0.9431672715257275,0.7858326608804118,0.41498797542710925,0.26066260799593877,1.2646951109644307,0.4900612359249969,0.06794499520724444,0.03832342328644443,1.303018534250875,70.84720441211897,20899.92530157509,void,23
17.482629206410934,14.98511074835223,19.98014766446964,0.9397357997281319,0.9180860190911748,0.11983113460687264,0.10973078994627447,0.7204806434686478,0.16248183616455053,0.01204084626223341,-0.2388429837206574,0.48163765974799044,7.7881023896041315,2297.4902049332186,0.9366004601172978,0.8357393903018704,-0.33291953258483326,0.35472822304618706,1.8796746912956919,0.4864848686259515,0.12583211222550544,-1.110248427391699,0.7694262639039929,69.81692058359275,20595.99157215986,0.9267173420364057,0.7177531215922086,-0.46190247451766625,0.3867842341676392,2.0151315190054824,0.6024582473219123,0.14960204380064715,-1.4205774102272286,0.5945541087782538,107.07200223102619,31586.24065815271,0.9504245750005486,0.7942604152323374,0.6946882922725318,0.3787241619319753,1.7266007090572026,0.7912166670714182,0.14343199083107705,0.07177175751040966,1.7983724665676124,184.67702520422307,54479.722435245814,0.916356403584148,0.6459381197560448,-0.02532047556869837,0.5736886363446374,2.6103240324007957,0.574247140135669,0.3291186514709696,-1.4137506838221994,1.1965733485785963,97.27913449642841,28697.34467644638,0.8867724809629981,0.7551456278618071,0.11371697799934942,0.08520650406408684,0.4351856018491255,0.14209749969696078,0.0072601483348232465,-0.07525919453985908,0.35992640730926645,5.956551328937691,1757.1826420366183,0.9368127766208928,0.8332750186668841,0.042037630812500205,0.06487657143063343,0.3894797824928985,0.07730544563562225,0.004208969520594081,-0.13143162310513287,0.25804815938776565,1.7629589178520335,520.07288076635,0.9508075320000668,0.6542445306397022,0.5012864687247989,0.3234802707623229,1.4018859641684405,0.5965966889776079,0.10463948557246573,0.05314164166418466,1.455027605832625,104.99864474321815,30974.60019924936,void,23
22.477666122528344,19.98014766446964,24.97518458058705,0.9417175394904421,0.8999942455746158,-0.08293345442035481,0.09934857007058988,0.5539278690905944,0.1294144359689597,0.009870138375070907,-0.33456507805702496,0.21936279103356943,4.9406883899633725,1457.5030750391945,0.9614578100771789,0.8183964546448893,-0.5774541706897579,0.3186530133153574,1.9947262785427768,0.6595400383160627,0.10153974289495735,-1.4097026725746793,0.5850236059680977,128.32295333187625,37855.27123290349,0.9508734148549123,0.6738030402888793,-0.7863015330611083,0.35001771742199145,1.828747044455921,0.860687227396544,0.12251240250930105,-1.5157890879868297,0.31295795646909136,218.53083850404732,64466.597358693936,0.9517543013865143,0.7309419765164002,1.0114211451386868,0.41176562380681486,1.845231433701449,1.0920273173243733,0.16955092894901538,0.12150407725495117,1.9667355109564002,351.79448022588696,103779.37166663662,0.9380296716574437,0.5942412207344285,-0.04821659756710198,0.49781699261395146,2.5399952298240667,0.5001465769313501,0.24782175813519902,-1.2640533373789644,1.2759418924451023,73.79324653276333,21769.007727165183,0.8698939140879375,0.7235183406315779,0.11714939146280602,0.07806142382198822,0.466707386564527,0.14077487634241362,0.00609358588911607,-0.09226074365884145,0.3744466429056855,5.846181913720445,1724.623664547531,0.918568206030586,0.785015735186102,0.05538869911636874,0.055415285148014505,0.3443076359781113,0.07835025091114504,0.003070853828035757,-0.08436907608559843,0.25993855989251285,1.8109347362626185,534.2257471974722,0.9371778800142881,0.7608606130640793,0.44193674359908813,0.28424433274955885,1.2208961561524334,0.5254549705190809,0.08079484070024194,0.08206931192487443,1.3029654680773077,81.4503631827464,24027.857138910193,void,23
27.472703038645754,24.97518458058705,29.97022149670446,0.9316762967507435,0.8646621325434549,-0.14494040713506276,0.09242888595300136,0.5053351734767213,0.17190352113610322,0.008543098958512933,-0.4084513800764949,0.09688379340022638,8.717492070802251,2571.6601608866645,0.9617531846956595,0.8579445434450305,-0.4408739546253723,0.2972363722546787,1.5924347472718368,0.5317135552702571,0.08834946099112194,-1.1149483658525652,0.47748638141927163,83.40219493315035,24603.64750527936,0.9419231056317597,0.7331360973220515,-0.5836348591197302,0.3277689889185175,1.90547003020877,0.6693744534088335,0.10743251009666728,-1.5226532214034434,0.38281680880532654,132.17833686853052,38992.609376216526,0.960609620130208,0.8091806249414828,0.7962093166679087,0.35550387953540535,1.8149757893140461,0.8719703460058158,0.126383008364724,0.07838087346329832,1.8933566627773444,224.2980238724831,66167.91704238253,0.9195383454267934,0.6836054939310079,-0.15052397854012803,0.4237351416198959,2.499938786741238,0.44967648188356724,0.17955147024363324,-1.569962254242083,0.929976532499155,59.65163681595874,17597.23286070783,0.8652472131903494,0.7738118030786596,0.1221803422809703,0.06504178427757108,0.37619187544239524,0.13841412406942127,0.004230433702010092,-0.06515615124541209,0.31103572419698317,5.651748573862019,1667.2658292892954,0.919482932810651,0.7817708999185266,0.06595583729094416,0.05171444246910974,0.38682988828673365,0.08381262454213186,0.0026743835598908613,-0.1232032549211063,0.26362663336562736,2.072244029628907,611.3119887405276,0.9607758306793777,0.793915190270656,0.4025768199376336,0.25753420779117836,1.5774918962115128,0.47790371847656477,0.06632386818262982,0.02561690015047505,1.6031087963619879,67.37562941944967,19875.81067873765,void,23
32.46773995476317,29.97022149670446,34.96525841282187,0.9257371910976121,0.8587984026653095,-0.12428446970591028,0.08799344040614208,0.49339366979389687,0.15228090807645134,0.00774284555450928,-0.3688082753724935,0.12458539442140337,6.840895114553643,2018.0640587933237,0.9400605951175663,0.8755530399011542,-0.007920011366323624,0.27878292720204834,1.467806341250037,0.27889540526761153,0.07771992049934258,-0.6585525299046346,0.8092538113454024,22.945880888418657,6769.034862083505,0.9477386311257626,0.8233397619115637,0.03625017773900385,0.3117591029446753,1.802085085755197,0.31385954447009895,0.09719373826886865,-0.9338554134013761,0.8682296723538211,29.059805028218516,8572.642483324464,0.9708773468331539,0.8864700281438068,0.3770727787975986,0.2393659440873099,1.1093499640969406,0.4466317674538522,0.05729605518880917,0.02441138397793445,1.1337613480748752,58.846581031190816,17359.741404201297,0.9307616986089491,0.727090991827047,-0.14344058629050083,0.5054134052791632,3.439749479265884,0.5253740686703543,0.25544271023587967,-1.320772350603506,2.1189771286623778,81.42528404921646,24020.458794518854,0.8656189164897462,0.795290056122477,0.10905932047282203,0.08398840995266459,0.47436634174481646,0.13765169228298846,0.007054053006376847,-0.14045747432646272,0.33390886741835374,5.589656574569311,1648.948689497947,0.9372372231383607,0.7455942980022845,0.060247197673001976,0.05611410440874355,0.31272930385716735,0.08233175293314934,0.003148792713595372,-0.07920382759733728,0.23352547625983006,1.9996626746083184,589.9004890094538,0.9252184000277015,0.7973367524973867,0.45175574171242866,0.3125078683657603,2.0755066626888556,0.5493126777716476,0.09766116779051136,0.06517906071345168,2.1406857234023073,89.01460329839409,26259.30797302625,void,23
37.462776870880575,34.96525841282187,39.96029532893928,0.9258963542289372,0.8518363868287039,-0.04364744871659642,0.10962301314727706,0.7251025454399007,0.1179928166921868,0.01201720501148808,-0.4184719921289861,0.30663055331091454,4.107079913332019,1211.5885744329453,0.9486716852292626,0.8682095111134838,0.23924936341645783,0.2915549964622955,1.7209941783920062,0.3771532498299722,0.08500431596212914,-0.5706491113990325,1.1503450669929738,41.96214928790628,12378.834039932353,0.9429227168768098,0.8121071265167215,0.3692943043381607,0.30927480562964516,1.7849324676336547,0.4816940819792795,0.09565090539725478,-0.6346200913682403,1.1503123762654144,68.44861064108895,20192.34013912124,0.9539598011359373,0.8147289155698532,0.5473143034760469,0.2977299455423586,1.538869161644778,0.6230538237280357,0.08864312047265581,0.09578586972565978,1.6346550313704378,114.51783984232725,33782.76275348653,0.8971886700723753,0.7909341967687622,-0.05742705928785741,0.4056830448574506,2.5140540982565485,0.40972747042792157,0.16457873288481226,-1.1834271007107136,1.3306269975458351,49.52359700686269,14609.461117024492,0.8850106922665585,0.7870772935030164,0.16252154542461747,0.09186804968143095,0.6983248402617318,0.1866895585711099,0.008439738552269864,-0.08352869515529328,0.6147961451064385,10.281632427445382,3033.081566096389,0.9333292626295421,0.7181911901257655,0.08992867401590017,0.05783472819353451,0.36986881687780093,0.10692063503121395,0.003344855785220015,-0.05488139243078193,0.314987424447019,3.372446547666026,994.8717315614775,0.945129565909765,0.8481639782896649,0.3868230622928172,0.25402663635261663,1.291167887710298,0.4627759863024628,0.06452953197662452,0.057392443831978716,1.3485603315422765,63.17767598197409,18637.414414682364,void,23
42.45781378699799,39.96029532893928,44.95533224505669,0.9380936945458145,0.8384778834214109,-0.004936045494102694,0.11323579922269428,0.8600211495739067,0.1133433313906124,0.01282234622560233,-0.4577253129594341,0.40229583661447266,3.7897796773630437,1117.9850048220978,0.9589596231730567,0.9013950420948882,0.1775107036891041,0.3610379728840738,2.5056602914891757,0.4023163777283273,0.1303484178642412,-1.3655553967970737,1.1401048946921017,47.748247997590425,14085.733159289173,0.9578658227514616,0.8341725763146007,0.2840938520844883,0.40392361403959065,2.019606542384591,0.4938254780496925,0.16315428597880421,-0.806122105483449,1.2134844369011422,71.93976281744716,21222.230031146915,0.976345829785269,0.8570150615368434,0.5462391886622008,0.3466865011791378,1.602068004958907,0.6469689183648405,0.12019153009983233,0.016543366982803554,1.6186113719417106,123.47779049240063,36425.94819525819,0.9230936465923436,0.722368538399173,-0.0577529153111544,0.47049403837027814,2.736085879170871,0.47402535730581985,0.22136464014197277,-1.4382882836202786,1.2977975955505923,66.28651161382851,19554.520926079407,0.8777423000727042,0.6897324423106713,0.1073520386610642,0.12895806060572806,0.8214504561134828,0.16779344921622316,0.016630181395190635,-0.26346984049069627,0.5579806156227864,8.305619271963792,2450.157685229318,0.939645416069666,0.542755573236797,0.062101451079521565,0.09502666754636215,0.5541194014154782,0.11351941583336765,0.009030067544966837,-0.15933685319617832,0.39478254821929987,3.801564042488968,1121.4613925342458,0.937864289745078,0.7816255934778129,0.43634852682500386,0.27448370056814914,1.4066686025947628,0.5155010560027365,0.07534130187758535,0.03835519457748665,1.4450237971722495,78.39369492828126,23126.140003842967,void,23
2.4975373334795004,0.0,4.995074666959001,0.9017739493653085,0.8534464041048536,0.24552949349637423,0.2752492280290435,3.175891835228973,0.3688453194865979,0.07576213753058439,-1.4418506573441154,1.7340411778848575,40.13382656361529,11839.478836266511,0.9318111206837966,0.8976078288609145,-0.99654330627386,0.14171536571647425,0.985382712660352,1.0065693250637981,0.020083244880154043,-1.5427947480492084,-0.5574120353888563,298.8886328170201,88172.14668102095,0.9318114665570122,0.8390969078684163,-1.0853052299691641,0.13153877055617977,0.6371279023628518,1.0932474058317503,0.017302448159431306,-1.3938178378357091,-0.7566899354728573,352.58101765556626,104011.40020839206,0.9472751056669781,0.8781154171848957,1.5185023446539294,0.19639041602107588,1.252654927673319,1.5311494264846957,0.03856919550493126,0.9803266086270994,2.2329815363004184,691.6034770362016,204023.0257256796,0.9459531319469102,0.7665268630060996,0.07411172544277206,0.17090157741149975,1.1578041911793675,0.18627908366170282,0.029207349161738845,-0.4510333983024157,0.7067707928769518,10.236469617903884,3019.758537281645,0.8841200300873372,0.7364166187460714,-0.016765631650786483,0.3150357907293455,2.472122105997661,0.31548159351238514,0.09924754944046398,-1.9515859652694463,0.5205361407282147,29.360947574308575,8661.479534421032,0.9190244890391691,0.7234233443725469,0.032083507380934545,0.24389935173040656,1.2857605773917928,0.24600049841489155,0.05948689377451257,-0.6058686438887715,0.6798919335030214,17.852292340010642,5266.42624030314,0.9369469113766109,0.8364122231139414,0.37463667169533477,0.23322123037231085,1.9802218663011744,0.4412989667734704,0.054392142296374485,0.03754038574293287,2.017762252044107,57.4497095322231,16947.664312005814,pre-void,24
7.492612000438501,4.995074666959001,9.990149333918001,0.9022686857442228,0.791173197274128,0.04492971732286194,0.6958325950211898,5.70837539257438,0.697281635920978,0.484183000293923,-2.408753680273495,3.299621712300885,143.4294955388274,42311.70118395408,0.9492012162069077,0.872976408839144,-1.303483982404702,0.2622325517103592,1.5449539781050006,1.3296000915922608,0.0687659111765262,-2.1117327332485702,-0.5667787551435698,521.5117390508337,153845.96301999592,0.9185926485685364,0.8345822056100424,-1.444966919926709,0.2525079897697019,1.2680372829859676,1.4668638943610333,0.0637602848975359,-2.0583654026601295,-0.7903281196741619,634.7484569511049,187250.79480057594,0.9546543049821622,0.86183327846181,2.054217574723369,0.4311820075472091,3.1422721420339124,2.098982555414599,0.18591792363244147,1.0433729739747668,4.185645116008679,1299.689691540766,383408.45900452585,0.9137611230282756,0.7689740685914968,0.02310284095254853,0.5035103090314298,4.225793840595522,0.5040400505525376,0.25352263130092595,-1.4865958228190168,2.7391980177765056,74.9466299054964,22109.25582212144,0.842998649361225,0.6577021716476136,0.03547963886870474,0.563693505068856,3.606172776861065,0.5648089698571244,0.3177503676568123,-2.102495972758879,1.503676804102186,94.10770586716447,27761.77323081352,0.9054960487869682,0.6106640276651296,0.025528221246732246,0.6545833922740104,4.095896821891721,0.6550809931000694,0.42847941744095097,-1.8065905976280892,2.2893062242636315,126.59367671868708,37345.13463201268,0.9023605559444674,0.7627039930368295,0.8561750284316458,0.5188072601680843,2.8678044459818777,1.0010977237577976,0.2691609732031144,0.10917453827037303,2.9769789842522507,295.6480124913479,87216.16368494768,pre-void,24
12.487686667397503,9.990149333918001,14.985224000877002,0.9105797741086452,0.8691907250985671,0.5306535968871641,1.1110404489903098,9.64027789916425,1.2312611904798567,1.2344108792925892,-5.605135157862345,4.035142741301906,447.22121515865285,131930.25847180258,0.9397747503056524,0.9045802026923678,-0.9534860439484153,0.6403452115322306,4.354552115491794,1.1485545811743803,0.41004198993225704,-2.3978531620294636,1.9566989534623305,389.15739965131354,114801.43289713748,0.935069894795764,0.816396471277682,-1.0321378674443904,0.6186109070346221,2.757656044736085,1.203323743518282,0.38267945430219785,-2.369964841640972,0.38769120309511285,427.15646935588137,126011.15845998508,0.9402060263072507,0.896166558716031,1.9155205287288335,0.7835501776222072,5.920847520857281,2.069582029500977,0.6139508808517925,0.20987840532603505,6.130725926183316,1263.5350841658478,372742.84982892516,0.8739902427782894,0.7359779224427203,-0.09378201900381784,1.1448476325162722,9.312163230349762,1.1486823619985405,1.3106761016781134,-3.0830788216755987,6.229084408674163,389.243994786131,114826.97846190867,0.8348831015380991,0.6702419785968526,0.09674121447842254,0.9921594262701593,5.9152333117873965,0.9968646797411833,0.9843803271367317,-1.8731853135318373,4.042047998255559,293.15306096607014,86480.15298499071,0.8848090700243292,0.6768738899834436,0.031005474789110688,0.975821430731636,6.5283209218046245,0.9763138860745735,0.9522274646751371,-2.0299129122353485,4.498408009569276,281.1906972219004,82951.25568046061,0.8952412790276458,0.8151425232161145,1.5640756962009914,0.9055751648413597,6.288668299873125,1.8073182239506336,0.8200663791774557,0.02934516933234982,6.318013469205475,963.5877529741015,284258.38712735986,pre-void,24
17.482761334356503,14.985224000877002,19.980298667836003,0.9205896280689065,0.8351855210390968,-0.6499747512511439,1.025787601120548,6.622797250247643,1.2143753043753134,1.0522402026126487,-4.249061856029472,2.3737353942181714,435.0386770636073,128336.40973376417,0.940944586895387,0.9351441486590396,-0.09516596670814116,0.9983473796542851,5.732749298120088,1.0028728990665132,0.9966974904625774,-3.247026435944426,2.485722862175662,296.6974452462115,87525.7463476324,0.945440934465392,0.7995924231631342,-0.09094258959034487,0.95793471946348,3.3321100690086984,0.9622419037617173,0.9176389267535762,-1.4459700302601668,1.8861400387485319,273.14329699971734,80577.27261491658,0.936906784227786,0.8918059498790782,1.7005560830496118,0.7172725572030778,4.407933220566789,1.8456356392618996,0.5144799213166426,0.02808414108289445,4.436017361649683,1004.8794193095359,296439.42869631306,0.9200685562485831,0.733130511353854,-0.34552203314614693,1.0057775016141124,7.401767633931353,1.063472546962343,1.011588382753126,-3.994178779101998,3.407588854829356,333.637288152059,98423.00000485743,0.7668858634991015,0.5622583726638521,-0.10474179882322124,1.4021776549833387,7.124950320735228,1.4060842864335334,1.9661021761345745,-3.323859487802269,3.801090832932959,583.2365410638131,172054.77961382485,0.8856281421186613,0.631389128380738,-0.13338634919165943,1.321171699205659,8.072506547451045,1.3278880137017006,1.7454946587819684,-4.31078706726345,3.761719480187595,520.1695401951312,153450.0143575637,0.8775728436284019,0.6378973268558246,1.9493161876268406,1.0351327722985486,4.552471351390365,2.207109751605144,1.071499856286479,0.33088329245981896,4.8833546438501845,1437.0433694110034,423927.7939762461,pre-void,24
22.477836001315502,19.980298667836003,24.975373334795005,0.9177995149036965,0.8053730330904363,0.19922724854377052,0.7152840967346933,3.9507372438173665,0.742511168672827,0.511631339041566,-1.4848210094431837,2.4659162343741827,162.64023650314675,47978.86976842829,0.9276256394500381,0.8520033287392246,0.5057372975710246,0.36124198168242466,1.8695609536880808,0.6215030036003755,0.13049576932984525,-0.2841755667993714,1.5853853868887096,113.94846512786506,33614.797212720194,0.9318791578067459,0.7317142491385135,0.5591754589659873,0.31637222953165745,1.326543820606161,0.642470685345763,0.10009138761883174,-0.1022646230618194,1.2242791975443417,121.76673155095304,35921.18580753115,0.923168247137052,0.8119520717717454,1.0271304419383036,0.5434707497744979,2.5603945144320948,1.1620487944216584,0.295360455860455,0.13667031587017647,2.697064830302271,398.3554331819648,117514.85278867956,0.9344945841318997,0.5804751779178057,0.14697924018103536,0.49261762511789026,2.2666311068414053,0.514076863534029,0.24267212457679027,-1.0249408908135074,1.241690216027898,77.9611313781905,22998.533756566198,0.8653266034390902,0.6452188839455676,-0.023313189064681633,0.3921206931180463,2.279126237449402,0.3928131142868611,0.15375863797137704,-1.3633625649651453,0.9157636724842568,45.51913211294407,13428.143973318498,0.9293283849951351,0.6742060415092289,0.04445758601671522,0.5949889181226081,3.8455673224422826,0.5966475422250102,0.3540118126887117,-1.2329782874041675,2.612589035038115,105.01654544472785,30979.88090619471,0.9321384336497572,0.6991303723013127,0.7697903275327357,0.4266008739523585,2.8522192912458113,0.8800940029450676,0.18198830565691607,0.12158488028132591,2.9738041715271373,228.49680893586242,67406.5586360794,void,24
27.472910668274505,24.975373334795005,29.970448001754004,0.9578701422109737,0.841236453825869,-0.38966795058750037,0.27567458058417876,1.5116161451967969,0.4773233559080527,0.07599647438026289,-1.1406413365185384,0.3709748086782586,67.21208789812104,19827.5659299457,0.9432648702930485,0.8198153450062174,-0.08110161178300479,0.1762065843057989,1.1209003903403727,0.19397482255828424,0.03104876035271662,-0.5399707510423621,0.5809296392980104,11.099738377022767,3274.422821221715,0.9400959975511518,0.8471227144792599,-0.04415629090425923,0.13941862137107264,0.7766090522139378,0.14624407684221635,0.019437551985010515,-0.4135586702250183,0.36305038198891953,6.309262353372464,1861.2323942448766,0.9623765459558865,0.8823830540700478,0.47497284139463924,0.24749130859644017,1.1810069266579342,0.5355848652578556,0.06125194783077838,0.04197167733067256,1.2229786039886068,84.62108862851625,24963.2211454123,0.9585589573430383,0.6459084712187632,0.043139670462178877,0.2080637091669279,1.179263129747345,0.21248891321639662,0.04329050707229996,-0.5228527455977043,0.6564103841496407,13.319703780766176,3929.312615326022,0.8735933582432365,0.708693230346884,0.03727416294908697,0.20265906945596543,1.1834409544833076,0.20605839380212812,0.041070698432757825,-0.5787724630865353,0.6046684913967723,12.52571818861231,3695.086865640631,0.9256944784666132,0.6063258004956142,-0.021360164134452884,0.3179230584097764,2.1747162956792443,0.31863980868761027,0.10107507106862612,-0.9433801161856804,1.231336179493564,29.95174166574068,8835.7637913935,0.952188860778609,0.7492535950309875,0.3844584000520001,0.20330928706316231,1.2454623273804777,0.43490565364993267,0.04133466620613134,0.03266025327489082,1.2781225806553684,55.797163635119176,16460.163272360158,void,24
32.46798533523351,29.970448001754004,34.96552266871301,0.9347734275109701,0.8650940287924977,-0.7144887001074051,0.2166065930682259,1.2706489315680916,0.7466006420716457,0.04691841616062401,-1.314675437722709,-0.04402650615461735,164.4366930288291,48508.82444350458,0.9248526464196892,0.8280614150307636,-0.3669342006498515,0.14439540990722838,0.9263360829836905,0.394323144145537,0.02085003440227651,-0.761209944558412,0.16512613842527857,45.86976889260248,13531.581823317729,0.9355352544629041,0.873095037743499,-0.3541289011918626,0.08724442375095234,0.5556393430028281,0.3647175182726924,0.007611589475635738,-0.5751486069639102,-0.01950926396108214,39.24056609982255,11575.966999447659,0.9379775098759938,0.845283401064895,0.8976105053066264,0.2005430368992896,1.1906869082026827,0.919740250769535,0.040217509648789826,0.2215294477502318,1.4122163559529146,249.54702802125414,73616.37326626993,0.9630493567379587,0.7370551955772696,0.0021747319052742883,0.16435075984660552,0.9191297781236106,0.16436514752530845,0.027011172262156602,-0.43895188903292787,0.48017788909068276,7.969691007699842,2351.0588472714535,0.8765160885182989,0.7631001178395528,0.035250441745788876,0.19397248032190356,0.9951656812791283,0.19714947822782722,0.03762532312223126,-0.4985201264163237,0.4966455548628046,11.466035445823833,3382.48045651803,0.9330474834943404,0.7556469226033549,0.037163776558507194,0.27460701037372826,1.4449185711865922,0.27711036868815925,0.07540901014639691,-0.7270243010942565,0.7178942700923358,22.65309614817383,6682.663363711279,0.9432271732054313,0.8037069982476543,0.3435139718183577,0.15707363269048377,0.8580239681204529,0.3777220868853296,0.024672126086585013,0.0502509710330647,0.9082749391535176,42.08882260169751,12416.202667500764,void,24
37.463060002192506,34.96552266871301,39.960597335672006,0.9563322235610353,0.8736413063779558,-0.4230019415135195,0.35657338146195616,1.88210673184708,0.5532406518789276,0.1271445763672137,-1.2229585708792297,0.6591481609678503,90.29218957296912,26636.195924025888,0.9276870957376349,0.8321546448984883,0.03084166772202756,0.40120219389235956,1.7405550542701667,0.4023858954435635,0.16096320038404247,-0.6669368444485103,1.0736182098216565,47.76475061131593,14090.6014303382,0.9328880591195482,0.7295744024327689,0.06751160158094617,0.40738517103053823,1.5252813785300559,0.412941271761016,0.1659626775755809,-0.5843068337524632,0.9409745447775926,50.303545707463556,14839.545983701752,0.9619955554279209,0.8658768045364247,0.7537579532162381,0.2652528409465424,1.2511780753904733,0.7990682834820467,0.07035906963021173,0.1763508727200327,1.427528948110506,188.36048589174862,55566.34333806587,0.9230449807585505,0.606224744363343,-0.18974675455505927,0.22868372692496516,1.1358196056063354,0.2971532901121405,0.05229624696029203,-0.7315484459315708,0.40427115967476474,26.048522958218626,7684.314272674495,0.8738928063869985,0.6421832590524966,0.08026836975389852,0.32897336944872047,1.7494525415472952,0.3386244069605628,0.10822347780644431,-0.7384796014085769,1.0109729401387182,33.82661425187089,9978.851204301916,0.9367861847229245,0.6579921458239687,0.17179090238295733,0.3038465991508526,1.738383925839968,0.34904852092093114,0.0923227558155389,-0.654268486807733,1.084115439032235,35.941286637341456,10602.67955801573,0.9350980617751368,0.7317498398802887,0.51805914125871,0.2375208684078947,1.3591341256288376,0.5699135344690038,0.05641616292924042,0.07399748436634679,1.4331316099951845,95.81642384743098,28265.845034992133,void,24
42.458134669151505,39.960597335672006,44.955672002631005,0.9354266010446396,0.8475335385421571,0.4223241125633878,0.2700454538397427,1.5498829849328226,0.5012805633494737,0.0729245471395126,-0.1986803199395256,1.351202664993297,74.12824994162987,21867.83373278082,0.9372475281384678,0.8672421172149525,0.5856614534554212,0.1759550748338742,1.0412575041258414,0.6115223024741703,0.030960188359794277,0.045301574874303446,1.086559079000145,110.31806029487664,32543.82778698862,0.9555274848937224,0.8490943075288322,0.6468927931729246,0.13696179469979586,0.7653532182513321,0.6612328024731208,0.01875853320738903,0.3177978507887494,1.0831510690400814,128.98250162460488,38049.83797925843,0.9482180891060641,0.8526630750044183,0.9954762081211124,0.2673904780401605,1.437502958994831,1.030762120317648,0.07149766774654553,0.35362600203238415,1.7911289610272152,313.4288118611114,92461.49949902791,0.9641094572373765,0.6772483454285207,0.018107246946652118,0.19634146797732138,1.1899428138047314,0.1971746546579366,0.038549972047489514,-0.41268959523254434,0.777253218572187,11.468964109645585,3383.3444123454474,0.8839510488864544,0.7478054527613,0.11047941542870726,0.20295267998961722,1.24096440215718,0.23107464497092026,0.04118979031496797,-0.5006371042492715,0.7403272979079084,15.75167000678887,4646.742652002717,0.9398334231755955,0.6619739379513246,0.07585943444726868,0.27292302146543634,1.5399536264615483,0.2832695349671095,0.07448697564582302,-0.6395693973616738,0.9003842290998745,23.67128068494233,6983.027802057987,0.941777068665355,0.7816549085976044,0.3754243522123401,0.17768376739122987,0.9556912447724322,0.4153492090138079,0.03157152119434068,0.06532466914680102,1.0210159139192332,50.89191480137678,15013.114866406151,post-void,24
47.453209336110504,44.955672002631005,49.95074666959001,0.9008535801608438,0.8143258279320047,0.5220493424879299,0.971144695930933,6.320161886840968,1.1025686084896777,0.9431220204347843,-2.9875963719404153,3.332565514900553,358.61897324592496,105792.59710754787,0.9040494810306036,0.8151641540646763,0.2207479732792232,0.34443200073728275,1.8956914400970373,0.40910031879573516,0.11863340313188754,-0.8681669274582053,1.027524512638832,49.372105897437784,14564.771239744146,0.9473971402660054,0.8570336525112452,0.2678706203314425,0.23035284729260852,1.1980598764541475,0.35329464118857457,0.053062434255811815,-0.42041124091835796,0.7776486355357894,36.82104553030628,10862.208431440347,0.9631627523942806,0.8801031600667638,1.074529626837684,0.5943263344377964,3.363373942051592,1.2279404345318221,0.3532237918062674,0.13870986368170207,3.502083805733294,444.812124673669,131219.57677873233,0.9251110304807253,0.7777704604777798,0.05168862562928256,0.3496901459038814,2.0650507589043645,0.35348962100989895,0.12228319814227787,-1.154886830399159,0.9101639285052052,36.86169908770799,10874.201230873856,0.8716892124649108,0.6756271695742128,-0.14038532177927002,0.685063022729975,4.730527232528225,0.6992992089821061,0.46931134511193023,-2.8354882324519686,1.8950390000762556,144.26071818648478,42556.91186501301,0.8968738969754395,0.7205550897219135,-0.15827972939143747,0.68098681744884,4.262665281176547,0.6991391265515945,0.46374304553909973,-2.5366105435955326,1.726054737581014,144.1946778912213,42537.42997791027,0.9426198161229381,0.8373478327121753,0.8742423898939464,0.5817817957211867,3.0935520216374175,1.050128475054385,0.33847005783256867,0.12147233558462445,3.215024357222042,325.3170951654141,95968.54307379718,post-void,24
52.44828400306951,49.95074666959001,54.94582133654901,0.9245547431009893,0.8336606870251333,-0.21857275560666659,1.0728237395163822,6.570018682373936,1.09486292546757,1.1509507760699142,-3.2514096699976403,3.318609012376296,353.62382354120473,104319.02794465539,0.9109415186552408,0.7826755026458693,0.9895538921364582,0.6936590140380882,4.002796902105791,1.2084617218591185,0.4811628277562926,-1.4841335351504925,2.5186633669552982,430.81202129361816,127089.54628161737,0.8967564436348926,0.5890167538903305,1.0455342765662947,0.6179372746306575,2.6662350128416237,1.214491004023072,0.3818464753779646,-0.11638200260557682,2.549853010236047,435.12157766162613,128360.86541017969,0.9546776824823114,0.799889827079124,1.8821021147046202,0.7692753651583278,3.5157955329488892,2.0332469003087357,0.5917845874394787,0.30406392740425325,3.8198594603531424,1219.557422496449,359769.4396364524,0.8876770782513076,0.5011704582955705,-0.1547321752016757,1.0871944197186247,5.207817721032974,1.09815015016616,1.1819917062673173,-2.869630740043732,2.3381869809892426,355.75045693143807,104946.38479477422,0.8476440040321436,0.4415130127062533,0.43636415032621423,1.3315731856888016,6.464622036351962,1.401249735248982,1.7730871488454236,-2.9377304534994693,3.526891582852493,579.2327420579261,170873.65890708816,0.8882844410967926,0.44916772781081143,0.3473793850137179,1.5754749017532412,8.9919513298898,1.6133175766683057,2.482121166054385,-2.552982451467174,6.438968878422625,767.8241129401338,226508.1133173395,0.8763813612051947,0.5468471407341488,2.0057886517843073,1.322512782700223,6.838538859386604,2.402546186035181,1.7490400604054874,0.16620016042392116,7.0047390198105255,1702.807311929498,502328.1570192021,post-void,24
57.44335867002851,54.94582133654901,59.94089600350801,0.9231495464414853,0.8963319464823074,0.4309925877647473,1.9722025214745054,18.74263383360553,2.0187464913699666,3.889582785710397,-7.11973244478418,11.62290138882135,1202.2245319434724,354656.2369233243,0.9132264141402746,0.8984173597436662,1.464172827603812,1.4155770966166341,11.543921954073136,2.0365806111123916,2.0038585164655798,-4.381800115443194,7.162121838629942,1223.5598727398822,360950.16245826526,0.8895158032430502,0.7309344672554652,1.4646530484091027,1.1644290164106519,7.405597621688898,1.8711235893102187,1.3558949342590783,-3.410078434830978,3.9955191868579205,1032.825528509581,304683.53091032634,0.9323275066842023,0.9236816559840298,2.9943486414516207,1.6607160148223596,12.06691174421581,3.4240475271892223,2.7579776818874597,0.5166608773934909,12.583572621609301,3458.6099331929354,1020289.9302919158,0.9185767886482837,0.7586262762424673,0.4244789003869561,2.698651049658018,17.060003633288346,2.7318308557987336,7.282717487820323,-7.968161154373063,9.091842478915284,2201.5554482847424,649458.857243999,0.795979172235547,0.5765079762947969,-0.5466514522328637,2.3349989367840243,12.089799491453563,2.398134242491613,5.452220034782523,-6.984526056751795,5.105273434701768,1696.5591142781927,500484.93871206685,0.8655297321547717,0.7452997349161982,-0.45224204511839383,2.1812815438830278,14.945111075701375,2.227669643609122,4.7579891736847255,-6.931035232783275,8.0140758429181,1463.9410521119898,431862.61037303694,0.8379984534722186,0.7528974049812427,3.4980601478893347,2.4372186837686316,11.524027923200551,4.263385944382993,5.9400349125109,0.18972290859245927,11.71375083179301,5362.055614674926,1581806.4063291026,post-void,24
2.4973074571506038,0.0,4.9946149143012075,0.8377694528492954,0.4057731596141411,0.23016258614865165,1.0303857008471833,5.956401120545076,1.0557791002728634,1.0616946925103412,-2.2597621461944004,3.6966389743506753,328.82750502902815,97004.11398356331,0.8281843163657783,0.7271198932728162,-0.040661356726378106,0.49153519749707275,3.6265549342498535,0.4932141485291314,0.24160685037848634,-2.520794123594465,1.1057608106553887,71.76175791124825,21169.718583818234,0.816260880721699,0.6621861485315644,0.19895844159965245,0.29601499202149784,1.751877446758173,0.3566641795656662,0.08762487550148743,-0.8639940536925989,0.8878833930655741,37.526754410648685,11070.39255114136,0.8530675930355717,0.606778566981614,0.9039933819979036,0.8172729086244904,4.334050796707051,1.2186628089293372,0.6679350071715348,0.0973048587635028,4.431355655470553,438.116017350925,129244.22511852287,0.8171136925767051,0.5738915937760054,-0.14838205480089073,1.0018388044192015,5.006427445987574,1.012767606229104,1.0036809900400951,-3.6415674740137156,1.3648599719738583,302.58097614697374,89261.38796335724,0.7601531706826256,0.3769095524193655,0.4409310167977081,0.9481360727124079,5.388183803542052,1.045649163894262,0.8989620123785084,-1.581087289604587,3.807096513937465,322.5477413160669,95151.58368823971,0.7740354054546955,0.3280956228932681,0.44520246039610945,1.1255203963867442,5.620858906327374,1.2103724193095788,1.266796162682574,-1.5197004872341835,4.10115841909319,432.1754110604703,127491.74626283877,0.7813918116969043,0.4843329487877539,1.3457898515680247,1.3315147265507938,5.820494241497551,1.893167132507091,1.7729314670216354,0.08958585810553371,5.910080099603085,1057.3041285235108,311904.71791443566,pre-void,25
7.491922371451811,4.9946149143012075,9.989229828602415,0.7827405643659346,0.5283453945446593,0.7083770457499411,1.6334090147334261,6.686313946919578,1.7803996878110926,2.6680250094124216,-2.9404433324005184,3.745870614519059,935.0977992655615,275853.85078334063,0.7820895695161472,0.7465112538735911,-0.21933557823326774,0.8010930435108744,6.2737218215616455,0.8305770044014208,0.6417500643615157,-4.192071724062026,2.0816500974996197,203.50815727092913,60034.90639492408,0.8059497056648692,0.7314390044543038,-0.11147724935031357,0.35588333548962736,2.690405319136077,0.3729344789663925,0.12665294847922268,-1.1600343003067215,1.5303710188293553,41.02863705257072,12103.447930508364,0.8338814860620699,0.7051793349888018,1.7856951127165928,0.9000301653946287,5.14889675323694,1.9996903095730119,0.8100542986202826,0.10137485008294389,5.2502716033198835,1179.6345935890613,347992.2051087731,0.8059824724609428,0.6547596590232395,0.6543132423434008,0.7938852529339349,3.9235605878504245,1.028775784090932,0.6302537948259777,-1.370415585959583,2.5531450018908415,312.2219861099139,92105.48590242464,0.6731635723272944,0.5015177134905462,-2.089968188347124,1.385713399905636,6.046434185640421,2.50762211167891,1.9202016266780366,-5.1738787528458445,0.872555432794576,1855.0097532193938,547227.8771997212,0.737566144451299,0.4481293270450044,-2.032884658693274,1.8668667563860457,8.85563084006078,2.760038318873458,3.4851914860993554,-6.033104718369516,2.8225261216912636,2247.254398886698,662940.047671576,0.737673307351196,0.4805222645915064,3.383072647187972,1.875947561743477,7.273269787171934,3.8683794786141044,3.5191792544112968,0.47365826393738075,7.746928051109315,4414.486138216005,1302273.4107737215,pre-void,25
12.486537285753018,9.989229828602415,14.983844742903623,0.8301498788328654,0.4301240142346616,0.9787724708601283,1.286028745044446,6.077281285644808,1.6161266914429184,1.653869933080593,-1.4901695704407152,4.587111715204093,770.5003174242989,227297.59364016828,0.845603913210601,0.692089828113459,1.0098028931206828,1.2067532818763054,4.788239617901857,1.5735168782933773,1.4562534833192338,-1.914521342493583,2.8737182754082733,730.4068330508699,215470.01575000657,0.7990763491877462,0.4116576111897187,1.074445443125365,1.1512260478884677,3.650744919045145,1.57472360228383,1.3253214133369005,-1.0106238103093923,2.6401211087357526,731.5275549589799,215800.6287128991,0.8171331660185197,0.4863667148340886,2.5134786739190145,1.11803409089904,4.167797565765624,2.7509226220775695,1.2500002284124427,0.44012172334658656,4.6079192891122105,2232.434705434149,658568.2381030741,0.8119212702641347,0.47663216720411133,-0.013988035249774076,1.3552856769136001,5.331730207851679,1.355357860927255,1.836799266047155,-2.26916064503844,3.06256956281324,541.9135046973047,159864.48388570486,0.7175368825465736,0.5033571254090468,0.6311953555100921,1.4978764351713987,6.778298227452602,1.6254357544545674,2.2436338150417776,-2.924528538054893,3.8537696893977094,779.4022105984902,229923.65212655463,0.7919953588751937,0.5909174178160403,0.5034979126276664,1.2359998708132487,5.583475514325642,1.3346182333052339,1.5276956806503672,-2.6218712175580268,2.9616042967676144,525.4557194578813,155009.43724007497,0.8217863900856378,0.4703877217348087,2.174447359112831,1.237748291921509,4.842299856551672,2.5020475918150273,1.532020834154613,0.12692097335458546,4.9692208299062575,1846.7714347536762,544797.5732523343,pre-void,25
17.481152200054225,14.983844742903623,19.97845965720483,0.8716892124649108,0.6383321728806302,0.4298210079276227,0.7918005027588703,4.521189716067806,0.9009406945105305,0.6269480361691997,-1.4704992605668175,3.050690455500988,239.44976983240954,70637.6821005608,0.9086279851669891,0.8396507655062879,-0.22340897886420155,0.39787177828803194,2.890463327420626,0.45630420093970875,0.15830195195808083,-1.8468798639711406,1.0435834634494856,61.422989519591695,18119.781908279547,0.8808894534263632,0.7051612822693146,-0.08899563130938998,0.3111919176514509,1.2699333252959693,0.3236674713401769,0.09684040961158738,-0.786826593544327,0.4831067317516422,30.904386441104553,9116.79400012584,0.9198549485216344,0.7955391379410365,0.8658116870490814,0.6124037992969271,3.0020606151004325,1.060503791046542,0.37503841339331095,0.06324355572126247,3.065304170821695,331.7771457931058,97874.2580089662,0.8679673796163604,0.6597914391711023,0.14885247708314728,0.6993066639758757,3.6459511917109344,0.714973335317379,0.4890298102810684,-1.325935388228756,2.3200158034821787,150.8001267133829,44486.03738044796,0.7440509061029011,0.4599923322367631,0.025286449484157845,0.5112069770393497,2.8290465351523033,0.5118319821007916,0.2613325733737102,-1.7113870605490562,1.117659474603247,77.28173348086139,22798.11137685411,0.7712401083213482,0.5161101744105604,-0.05432781420050331,0.7330734400866153,4.332398311245271,0.735083791112434,0.5373966685604243,-2.7487942093441564,1.583604101901115,159.40271308708745,47023.8003606908,0.8862113100297303,0.6322846307015009,0.9538081546149169,0.6354187849461157,3.2559621364756772,1.1460833425507548,0.40375703226239806,0.18401414088686402,3.439976277362541,387.48457328133173,114307.94911799286,pre-void,25
22.475767114355435,19.97845965720483,24.973074571506036,0.8526186345104301,0.7207476125172108,-0.10626461861549005,0.3483338360871702,1.37737603494285,0.364182139228023,0.12133646136320358,-0.5828447402461726,0.7945312946966775,39.125446007146245,11542.006572108145,0.9144779495953055,0.7991994116014944,-0.6449468484751045,0.09098893359770176,0.8724479428241938,0.6513335730600844,0.008278986037246978,-1.1552420860261172,-0.2827941432019235,125.14944990158884,36919.08772096871,0.8879256471622188,0.6244892027779274,-0.8414889588847759,0.11945399280785987,0.635922098372444,0.849925246314477,0.014269256397740238,-1.1446646573979797,-0.5087425590255358,213.1000126752037,62864.50373918511,0.893796484065979,0.7879651385239972,1.1231156669829412,0.13359706893529893,0.9000802915205808,1.1310335884714653,0.017848176828103017,0.6926556253346936,1.5927359168552744,377.3749085839388,111325.59803226191,0.8969939996111889,0.5161898645497301,0.008625484591022232,0.48037687431116866,3.4524514024005937,0.4804543062117337,0.23076194137296832,-2.3805096924777245,1.071941709922869,68.0967204054325,20088.53251960259,0.7548557084086069,0.4146724497141076,0.04591291701346267,0.37910964260349883,2.5229141342788934,0.3818797154388247,0.1437241211149526,-1.4985481290942244,1.024366005184669,43.020474533773125,12691.039987463071,0.7517340121027261,0.42400877927895736,-0.05842960193898407,0.653165900943699,4.379649165383048,0.6557741322577021,0.42662569415559404,-2.4827179371216,1.8969312282614479,126.86171519881096,37424.20598364923,0.8459028778407441,0.5494177369429574,0.6099765640920576,0.6592698697937183,2.8982883687202095,0.8981693436982684,0.4346367612178263,0.06093476182613395,2.9592231305463432,237.97891013801657,70203.7784907149,pre-void,25
27.47038202865664,24.973074571506036,29.967689485807245,0.8947604996813399,0.6879661637088241,-0.39023601546930736,0.13387946190632774,0.4556708228330932,0.4125625505177237,0.017923710320327864,-0.6491479467865188,-0.1934771239534256,50.21131813645835,14812.338850255215,0.9384662028086849,0.8460941319208947,-0.588420364145898,0.04694955488339252,0.23779885405093426,0.5902904248294563,0.002204260703748687,-0.6961299577099158,-0.45833110365898155,102.79062176537529,30323.233420785717,0.9130550282325915,0.32529319680215646,-0.7130107097860479,0.09721454376976314,0.38289763382025566,0.7196074900874553,0.009450667520363193,-0.8281524695479228,-0.4452548357276671,152.76130723804025,45064.58563522187,0.9147631251332696,0.5412379674844644,1.0099964653461917,0.1280340716887314,0.5166157815364568,1.0180793601311227,0.01639272351319521,0.687031354396248,1.2036471359327048,305.7632471398739,90200.15790626282,0.9153302296848459,0.3452018484907517,-0.004811171503127476,0.31321076669772446,1.6359442197306655,0.3132477162671883,0.0981009843753764,-1.0416021210593087,0.5943420986713569,28.946618865249626,8539.25256524864,0.8886948197680251,0.40296462065486593,0.1226601594328988,0.04400818790540885,0.18486518770681892,0.13031590583970143,0.001936720602717774,0.03362832101964271,0.21849350872646164,5.009759417872468,1477.8790282723787,0.868842923706243,0.3539757970548271,0.12785782752488445,0.10225022682482346,0.5055082582106788,0.1637154022843023,0.010455108885727848,-0.09920660516872708,0.4063016530419517,7.906806218807728,2332.50783454828,0.8939093222905652,0.49242101913219133,0.30483545093984765,0.22132430471333583,1.0679522428477515,0.3767082425519009,0.048984447856841536,0.0658847644733227,1.1338370073210742,41.86318450192982,12349.639428069298,void,25
32.464996942957846,29.967689485807245,34.96230440010845,0.9544444444592421,0.8690663619151577,-0.23722416073019167,0.0395504624450175,0.197727633747067,0.24049852705112057,0.001564239079614739,-0.31330667145703317,-0.11557903770996616,17.06266474655878,5033.486100234841,0.908075180154618,0.7950782602826152,-0.568386024380657,0.05925184806410894,0.2755543802824724,0.5714660569187474,0.0035107814990122505,-0.6752715069207796,-0.3997171266383072,96.339168992027,28420.054852647954,0.9261502698527266,0.5600480178398337,-0.6561309664174603,0.1151067652191011,0.4343620668523717,0.6661511934171669,0.013249567399205261,-0.7860788106387688,-0.3517167437863971,130.90843668487912,38617.9888220393,0.9100399455878224,0.7060159183528999,0.9012209195998249,0.12637745958350793,0.4999413477306244,0.9100386850102226,0.015971262290781184,0.5597314710597011,1.0596728187903255,244.31027042346486,72071.52977492212,0.9490612855308517,0.43216168688804707,-0.09962029844764156,0.22797899398148572,1.4060058505812114,0.2487943439059809,0.051974421696810304,-0.8195807979380144,0.586425052643197,18.26009454008421,5386.72788932484,0.8976638930217843,0.46133901043864856,0.10714916485715976,0.029052501003872955,0.16995500996160093,0.11101797757195382,0.0008440478145800391,0.016446505576962395,0.18640151553856332,3.6358724465292185,1072.5823717261194,0.9265013777528625,0.5998677510891499,0.09168542859179345,0.026870952573547303,0.13516636241105698,0.0955419588885987,0.0007220480922098285,0.039853018565815544,0.17501938097687253,2.692838442939852,794.3873406672564,0.9183914029723853,0.42430371759732594,0.2379812556860301,0.16345276000773237,0.7520358899376572,0.28870726144668585,0.026716804754145358,0.09008349736389702,0.8421193873015542,24.588805429553275,7253.697601718219,void,25
37.459611857259056,34.96230440010845,39.95691931440966,0.914398191472639,0.8533062660764087,-0.20858348609540825,0.06317826632704095,0.2932577404964152,0.21794165276009972,0.003991493336090515,-0.32109557906458824,-0.027837838568173085,14.012076382302146,4133.562532779132,0.951379459001995,0.8126676160798149,-0.43603850761335966,0.09232745165193769,0.3619839664874808,0.4457061121975183,0.008524358328540892,-0.5927601083435095,-0.23077614185602863,58.60291184281691,17287.85899363099,0.9137565505459502,0.4019058075627232,-0.4003456596119931,0.16046026193313817,0.5013883663766389,0.4313051620718365,0.02574749565965131,-0.623524425632839,-0.12213605925620019,54.87712213479488,16188.75102976449,0.921034297008659,0.5986771518018369,0.633164902916803,0.17685827942790627,0.6064076056685708,0.6574014338954882,0.031278851002199376,0.29040963699056277,0.8968172426591335,127.49211035991397,37610.172556174606,0.9040668429026966,0.43433282740155543,-0.010810822890215732,0.38857367961273076,1.972696802155235,0.3887240388493369,0.15098950448777715,-0.8932865974410569,1.079410204714178,44.576381621905526,13150.032578462127,0.9403578802875983,0.5770079134230193,0.11951934897090849,0.03093636271304914,0.17794210999085294,0.12345822498457987,0.0009570585379133371,0.04738091955342428,0.22532302954427721,4.496370328321227,1326.4292468547615,0.9012165263856917,0.5734491617216186,0.10315217034823085,0.0335243681302944,0.17434367784142737,0.10846314353772868,0.001123883258535499,0.009910542030012869,0.18425421987144025,3.4704547842953506,1023.7841613671283,0.9191165845916356,0.4629307918999878,0.34579789414916495,0.24194293046868037,1.0243053486025666,0.42203384366869184,0.058536381603772704,0.07714352547199672,1.1014488740745634,52.543206734522094,15500.245986684014,void,25
42.454226771560265,39.95691931440966,44.95153422871087,0.8980549835181153,0.7674907949428059,-0.2813650824597844,0.0726546984112101,0.3443722093980164,0.290594244314689,0.005278705201223896,-0.46750262732886433,-0.12313041793084793,24.911279374503426,7348.827415478511,0.9157854255442347,0.7936715161457404,-0.3964339756706201,0.09407974784549426,0.547240576277339,0.40744434714533173,0.008850998954671781,-0.5628608924763956,-0.015620316199056569,48.97321432610225,14447.098226200167,0.9004233708599569,0.4111976837688602,-0.3312393126141102,0.1386087457129671,0.49463182516534704,0.35907083787073296,0.019212384388121978,-0.5392015010796323,-0.04456967591428521,38.03490064971111,11220.295691664776,0.9053351655054589,0.6732347396906021,0.5996797465845097,0.14061286923691965,0.6049624486252276,0.6159446220714172,0.019771978995039064,0.2418632776119715,0.8468257262371991,111.9193943503168,33016.22133334345,0.8647228638485919,0.42103118132107825,0.0014536889053679873,0.4848290047716602,2.3447605354644554,0.4848311841036136,0.23505916386787848,-0.9860368355381061,1.3587236999263492,69.34307673839706,20456.20763782713,0.8486583640193432,0.36845825099190793,0.1240530391407507,0.10057396607905376,0.4581706049959691,0.15970059227481684,0.010115122652870658,0.01367819984930199,0.4718488048452711,7.523762356013549,2219.509895023997,0.8330140381819775,0.45645042899347077,0.0865100738470693,0.10748770396178993,0.4887803348368248,0.1379768073989349,0.011553606502977392,-0.06833553333002493,0.42044480150679986,5.616091817100818,1656.7470860447413,0.8632845660432898,0.5169824375993617,0.43789047323440533,0.29640359154839996,1.420195157880202,0.528775146572002,0.08785508908279072,0.05348510925393074,1.4736802671341327,82.48293091151143,24332.46461889587,void,25
47.448841685861474,44.95153422871087,49.94614914301207,0.8750151181505244,0.7958866958004489,-0.35886831987947354,0.07108203968351534,0.43640759988362343,0.3658403031087266,0.00505265636556885,-0.5918620389765463,-0.15545443909292286,39.48254257671207,11647.350060130055,0.9033285861232494,0.8512686714900766,-0.47041967242991095,0.08004547387874558,0.6131813351799641,0.4771812507816476,0.0064072778884729405,-0.6870847127600571,-0.073903377580093,67.1720740987736,19815.761859138216,0.9402074368828005,0.6252793610518853,-0.4659570337166552,0.0839363439414265,0.4757715773709228,0.4734567214691091,0.007045309834253445,-0.5839352089231662,-0.1081636315522434,66.12757379576188,19507.63426974975,0.9017935570789137,0.7827484688792008,0.7578133830468937,0.1068700942992111,0.6597197384872233,0.7653119237150955,0.011421217055522273,0.2917938155198165,0.9515135540070399,172.78219047124756,50970.74618901804,0.892494641100214,0.4961660881325663,-0.009707678270639728,0.42634200336915695,2.2231389001320654,0.42645250949458896,0.18176750383682624,-1.1783649601868615,1.0447739399452038,53.64921414199859,15826.518171889587,0.8564393926653308,0.45583291572151746,0.11276581910994779,0.05015202000326007,0.2166060458564813,0.12341537614878002,0.0025152251104073983,0.015248518944037552,0.23185456480051886,4.493249745633734,1325.508674961952,0.8477374126711168,0.49550076381766517,0.08493042915978301,0.07025740515578406,0.37201622885961716,0.11022377591286243,0.004936102979223993,-0.1276438665823307,0.24437236227728643,3.584037829064229,1057.2911595739477,0.9228204378934428,0.6074679757830839,0.3610973299797666,0.2808043749341342,1.1237899798086286,0.45743018997511115,0.0788510969821498,0.056657584041239585,1.1804475638498682,61.726501716696546,18209.318006425485,void,25
52.443456600162676,49.94614914301207,54.94076405731328,0.8686721664308069,0.8135105813949085,-0.3909044826663938,0.07929406309428291,0.615749773399002,0.39886572052594477,0.006287548442000119,-0.757150496123767,-0.14140072272476492,46.93268958815092,13845.143428504532,0.9313995082413304,0.8559167445770874,-0.5081901003141944,0.08666661104631675,0.7556286215548195,0.5155271860218475,0.007511101470253552,-0.7822108812826513,-0.026582259727831754,78.40164246064334,23128.484525889784,0.9238252662975383,0.7549354464438535,-0.5420602242520867,0.08409580359972729,0.6364796565019533,0.5485447938858834,0.007072104183083905,-0.7784699369565324,-0.1419902804545792,88.76591031529537,26185.94354301214,0.8991015241627293,0.8566474752941227,0.8467884034653642,0.09334309398220947,0.7746313178752664,0.8519175625831363,0.00871293319417159,0.3087797598286945,1.083411077703961,214.10024236408964,63159.57149740643,0.9055560629805481,0.6809774914909221,0.023371687316774723,0.3390860379167779,2.449973253502683,0.339890536611615,0.11497934111009851,-1.376300619254761,1.073672634247922,34.080045179048824,10053.613327819401,0.8491192741084049,0.43793910292422505,0.13435101280282855,0.058466899821931116,0.32259469618187747,0.1465215786699472,0.0034183783747877288,-0.03789895642391296,0.2846957397579645,6.333229039700391,1868.3025667116158,0.8566278820950316,0.544080744064137,0.1285097577051718,0.08776683275357047,0.7159577787074796,0.15562061160731624,0.0077030169315932115,-0.16127357265278378,0.5546842060546958,7.144243553325377,2107.5518482309867,0.8889994168588353,0.5496095816915278,0.31388124774813325,0.25038068408560454,1.3334117872458273,0.40151204795261164,0.0626904869631753,0.05316841023717135,1.3865801974829988,47.55751777207459,14029.467742762003,void,25
57.438071514463886,54.94076405731328,59.93537897161449,0.8763638102418663,0.7258395336131453,-0.2500247540966541,0.17858838095261237,0.9364736108262488,0.3072558990033678,0.0318938098112754,-0.6384103214485052,0.2980632893777437,27.849825304348485,8215.698464782803,0.8976393499254985,0.8184423263269556,-0.5491077211600632,0.12779956061779507,1.1037759655740402,0.5637836616395506,0.01633272769410148,-0.8639436955193158,0.23983227005472438,93.76634505385128,27661.071790886122,0.8902931986900291,0.7428005560776066,-0.6242661212359064,0.12202794504996149,0.809944711171401,0.6360809771530977,0.014890819373116423,-0.8463594061845474,-0.036414695013146384,119.35670780133172,35210.228801392856,0.904547066622213,0.8223792145805473,0.893244119930389,0.137739450811639,1.0345593795059498,0.9038015346856337,0.018972156309891918,0.13565777512206514,1.170217154628015,240.9728781595315,71086.99905706181,0.8761582871728811,0.603914984754993,0.01920610215082983,0.3991690418537784,2.9973258043424624,0.3996308275574991,0.1593359239744635,-1.7534989491706345,1.243826855171828,47.11291550861602,13898.310075041725,0.6796575889495844,0.3360959754534643,0.15926304921497994,0.41078195764778497,2.1210889907996116,0.4405752325927999,0.1687418167289466,-0.7379917679435238,1.3830972228560876,57.261427994388924,16892.121258344738,0.7819454999066972,0.3546001061543729,0.16461509311093045,0.5005342533854781,2.453725637503408,0.5269085951966226,0.250534538812158,-0.7268045205635326,1.7269211169398757,81.90163696916309,24160.982905903107,0.8340831465186792,0.4653749143697279,0.6396409004557265,0.4714907422895565,2.2131738153778446,0.7946345081863546,0.222303520064757,0.05508728052562547,2.26826109590347,186.27598047216804,54951.41423928956,void,25
62.432686428765095,59.93537897161449,64.92999388591569,0.7995787550985487,0.4268726649226499,-1.0585057777995994,1.1694335763829293,4.569169324809903,1.5773425028214079,1.3675748895717685,-4.400529714802475,0.16863961000742791,733.9627645060364,216519.0155292807,0.8552131121204655,0.7013085042591923,-0.3711562943580849,0.3660583515163964,1.765810711516829,0.5213019389533545,0.1339987167149016,-1.1693825936402713,0.5964281178765576,80.16793490917547,23649.540798206763,0.8179624136098468,0.5149026365962198,-0.47574460080050257,0.41000959037344886,1.4166460341602514,0.6280452128541647,0.16810786419820334,-1.0238054681969122,0.39284056596333916,116.36003286976472,34326.20969658058,0.8195017898448264,0.39330701048315775,1.494338316721033,0.9597702159016046,4.23047413732102,1.7760084099329212,0.9211588673318127,0.1794144732331803,4.409888610554201,930.4907322849766,274494.766024068,0.8185365038265304,0.3932365534156777,0.07431215025425429,1.247310132649629,6.771524359250145,1.2495218536247559,1.5557825670104353,-4.368301393868335,2.4032229653818096,460.5849344923246,135872.55567523575,0.7278227077276898,0.5162043659445145,0.07147753696218194,0.35103218172954087,1.5085327101014698,0.3582354405973556,0.12322359260980141,-0.6669998825196488,0.8415328275818209,37.85812611549454,11168.147204070887,0.7422136322391594,0.2953911930157903,-0.01141602415313174,1.1815797884380237,5.822309674608729,1.181634936032576,1.396130796445245,-2.8163537425151697,3.0059559320935594,411.89703100554937,121509.62414663708,0.7273100506708354,0.43502073328873664,1.346734269585077,1.1279208406460475,4.668377055199154,1.7566725977365667,1.2722054227636863,0.06682612742166717,4.735203182620821,910.3400916133685,268550.3270259437,post-void,25
67.4273013430663,64.92999388591569,69.9246088002169,0.8374482146073571,0.5199827643228204,-0.17514440942690185,0.7978279185339515,5.804973821607438,0.8168261453612488,0.6365293875922177,-2.536562428544647,3.2684113930627907,196.8254607649862,58063.510925670926,0.887073883198149,0.6725731297841544,0.0660598676877981,1.3541821678375001,6.92890116629896,1.3557924803626846,1.8338093436890712,-2.7646654560978265,4.164235710201133,542.2611086933603,159967.02706454127,0.8307612869935368,0.2096301452158113,-0.12276505506745955,1.4195008134320812,4.512049092734857,1.4247995711959125,2.01498255933434,-1.3076883380050548,3.204360754729803,598.8658763336166,176665.4335184169,0.873008298236974,0.46088249834506706,1.7895030194225763,1.1546042452335155,5.374122113402934,2.1296553757905934,1.3331109631112559,0.260378234697292,5.634500348100226,1337.9524457919633,394695.97150862915,0.8085251957973133,0.36500280518851175,-0.5113978654393629,2.7370468124608798,15.1271562157381,2.7844125108141213,7.491425253602261,-10.196694255587042,4.930461960151059,2287.1211439615686,674700.7374686628,0.689754378612682,0.32408995393625956,0.18260788159118563,0.9248413471845832,6.08511874389767,0.9426967465104645,0.8553315174621947,-2.8066345846082092,3.2784841592894605,262.15976098501744,77337.12949058015,0.7804288594754772,0.3412687677270587,0.35490592106870267,1.0590724486021372,6.397640525340109,1.116956876606143,1.1216344513881267,-2.431802787251923,3.965837738088186,368.0398359383364,108571.75160180926,0.788337453938888,0.42639305921715387,2.0306483273977562,2.4011851700554168,10.492186188865317,3.1447134766870835,5.7656902208940615,0.05128048865813731,10.543466677523455,2917.320740884922,860609.618561052,post-void,25
72.42191625736751,69.9246088002169,74.91922371451811,0.7727438013605349,0.6073038892771658,-0.06285228377730367,0.9520433083554501,6.600414114449063,0.9541157532293518,0.9063864609843908,-3.5333648934562385,3.067049220992825,268.549376815322,79222.06616051999,0.8098046282952129,0.7485387328014712,1.3744091134892238,0.48604321497751446,3.278920648889471,1.457819748140322,0.23623800682567833,-0.8325997381704938,2.446320910718977,626.9453333300339,184948.87333236,0.7785522982700175,0.6795506386529578,1.5366450758644206,0.40069444774606927,1.988544483967744,1.5880283780943265,0.16055604045452745,0.2900868456930213,2.278631329660765,743.9410682417048,219462.61513130297,0.7990612026891435,0.7613471739388022,2.292883847409932,0.5478075214414739,3.4075852725089524,2.357415834820243,0.3000930805478509,1.0826602398402416,4.490245512349194,1639.435778387061,483633.5546241831,0.7846591043027081,0.6507596863651096,-0.1866616285216355,0.9149253082582635,3.996257246304057,0.933772393709424,0.8370883196914783,-2.585364011198701,1.4108932351053562,257.21961055987913,75879.78511516434,0.7008924253950437,0.6217678524486447,0.47342717922785976,0.9045910103849731,4.363169278654027,1.0209888295671774,0.8182848960693067,-0.5968692942300253,3.7662999844240015,307.5133660797816,90716.44299353557,0.764169711657331,0.7032320277123348,0.18527917259874546,0.858636141827331,5.608321310578931,0.8783987681292592,0.7372560240521244,-1.4982913457915188,4.110029964787412,227.61739677604504,67147.1320489333,0.8186783053817531,0.7220031656952186,1.1824003644651189,1.1348404501596405,5.4763248022034965,1.6388817740172053,1.2878628473185356,0.02921361907668923,5.5055384212801854,792.3503734157057,233743.3601576332,post-void,25
77.41653117166871,74.91922371451811,79.91383862881932,0.8163644929381114,0.5265722886350473,0.5184708899019932,1.5146634505659327,4.930337677726471,1.6009426698530032,2.294205368480297,-1.985728210016813,2.9446094677096584,756.0901424860383,223046.59203338122,0.8337312952416811,0.7353057667311651,1.5199332747859964,0.9971568621622926,3.2863757127553455,1.8178335918227042,0.9943218077573495,-0.2785751952022654,3.00780051755308,974.8330954299149,287575.76315182477,0.7734866035723796,0.6122659708172495,1.595066450388457,0.7645035561624812,2.131693792722596,1.7688139157469087,0.5844656873850801,0.5736796225166456,2.7053734152392415,922.9672872192741,272275.3497296859,0.8460339265093139,0.5164530160129296,2.7178284483635204,1.2687188788383905,3.6564666244064026,2.999373112544521,1.6096475935209429,0.8963290133768774,4.55279563778328,2653.890525135227,782897.704914892,0.7833960534862374,0.6279022238468998,0.04137956421534486,0.7113535592721503,4.122826348798801,0.7125560712139141,0.5060238862891566,-1.7648978577505294,2.3579284910482716,149.7821656140235,44185.73885613694,0.7062565193534872,0.3669496167729898,-0.6980056324832619,1.7559421908257364,6.553651905243115,1.8895885373541632,3.083332977521887,-4.492186588923891,2.061465316319224,1053.3107279475726,310726.66474453406,0.7556534793812528,0.49057062374026483,-0.1596626289967938,0.838964621256748,3.9950198895944933,0.854022125485427,0.7038616357204786,-2.162883159972457,1.8321367296220363,215.1593682915007,63472.0136459927,0.788260130323534,0.45258667386574597,1.7100052440873434,1.372412784528214,4.904576822263573,2.192631931251276,1.8835168511364857,0.13795181301061435,5.042528635274188,1418.2522618530966,418384.4172466635,post-void,25
2.4974188366531713,0.0,4.994837673306343,0.8793438835383244,0.5507372101792165,0.17178223056890565,0.30421902767277387,1.1181358428849433,0.34936850392872654,0.09254921679816797,-0.17765886053374058,0.9404769823512027,36.007213703532,10622.12804254194,0.8875470159572797,0.8049245195545662,-0.3288252703190319,0.049303360862822096,0.48189993265754083,0.33250094705542427,0.0024308213923696577,-0.6415671323286491,-0.1596671996711083,32.61427953886245,9621.212463964419,0.8907810934556427,0.7373101362438159,-0.39712974656280625,0.06705570668481448,0.4373694220380614,0.40275116809767114,0.004496467798999873,-0.7275583083146572,-0.2901888862765958,47.85150850419137,14116.195008736455,0.9050659455065341,0.5903171652196296,0.6098723750042493,0.15125944909613295,0.5733841079134046,0.6283500097351707,0.022879420940865633,0.4685479026982466,1.0419320106116512,116.47300174658581,34359.53551524281,0.9507814330712253,0.6350687829570372,0.02042312721276092,0.08483286271087158,0.5985536726619667,0.08725662565599361,0.0071966145957215845,-0.32992725650690335,0.26862641615506333,2.2460470226567093,662.5838716837291,0.8453237171097274,0.35423583696552813,-0.11301794081681332,0.47769175568288297,3.276352739303325,0.4908792808765388,0.22818941344739513,-2.9056803430029063,0.37067239630041865,71.08392817619102,20969.758811976353,0.7445251794285777,0.34267817657309463,-0.06000042382995048,0.4721033496627466,3.0438530950392044,0.47590085482436284,0.22288157276278556,-2.4517778434036774,0.5920752516355271,66.81207896865499,19709.56329575322,0.8093977952239548,0.5324731286065671,0.37299092060064354,0.5795995030077077,3.792985366761568,0.6892443766453936,0.3359355838867818,0.009175744235801964,3.80216111099737,140.1420541675027,41341.90597941329,pre-void,26
7.492256509959514,4.994837673306343,9.989675346612685,0.738906314459967,0.6439791326488635,-0.01077555267075642,1.1636250366246668,5.434477913311226,1.1636749281457932,1.354023225859757,-2.3952568364105695,3.0392210769006565,399.4711048265596,117843.9759238351,0.7917652614861074,0.7097762343922333,-0.2124281737684509,0.46744279881192435,3.723199468157632,0.5134476596224044,0.21850277016112518,-2.4151923732929474,1.3080070948646847,77.7704072556587,22942.270140419314,0.8234605369031553,0.6881572046342387,-0.1198536855129456,0.26894690699465773,1.205736357665188,0.2944441283385171,0.07233243878199307,-0.7831514115301333,0.4225849461350546,25.57571669034359,7544.836423651361,0.8129900931348604,0.7557192791896319,1.1585845487689848,0.6017865282919177,3.45051953546991,1.3055516773685638,0.36214702563363904,0.16816602634617023,3.6186855618160805,502.81722877256186,148331.08248790572,0.7596641502922632,0.585257017792782,0.1271565201194502,0.7399077783259451,3.954913518168048,0.7507544878561326,0.547463520427236,-1.8806794541104992,2.0742340640575487,166.2715288056566,49050.1009976687,0.6935915229319612,0.5237736908447955,-1.152132615083876,1.5758912008017503,8.697922892797262,1.952137966308835,2.4834330767643826,-5.066035592726041,3.631887300071221,1124.1985786537962,331638.58070286986,0.6884579433342147,0.5285269761239134,-0.9509148618121845,1.425990008119401,7.287995763086073,1.7139680795369718,2.0334475032563692,-4.254989387111929,3.0330063759741432,866.6175404131384,255652.1744218758,0.7713408274688863,0.5030568967831901,2.241058752805235,1.513214189957,6.42859726646244,2.704100870569028,2.2898171846872195,0.21546338445785382,6.644060650920293,2157.0876478725913,636340.8561224146,pre-void,26
12.487094183265857,9.989675346612685,14.984513019919028,0.7962338740636479,0.6808664115842089,0.7353430745686835,1.0375976916100198,5.797937921627195,1.2717462038278575,1.0766089696344419,-2.405591104826716,3.3923468168004796,477.114830050417,140748.874864873,0.7984454664724284,0.7264594580383694,-0.20394234175381318,0.8076302495899853,7.071544381391107,0.8329820519151725,0.6522666200527819,-4.467755271240642,2.6037891101504655,204.68843414977925,60383.08807418488,0.7996845353120747,0.6859685753790385,-0.12051242092008886,0.3592417358473619,2.4926864642119906,0.3789167037366477,0.12905462477462576,-1.1221184137193538,1.3705680504926367,42.3554711693407,12494.863994955507,0.8605979178189138,0.7730436597397383,1.3876076360961729,0.7275441033927871,4.580560446378204,1.5667722789652694,0.5293204223816145,0.039181126213187194,4.6197415725913915,724.158735369537,213626.82693401337,0.8059710599077369,0.7340540140656273,-0.24128468842359305,0.9257890541294022,4.9420806945810005,0.9567150430580067,0.8570853727458132,-2.1882666355698035,2.753814059011197,270.01458371597766,79654.30219621341,0.7196013926288639,0.4776907304632751,1.1314678145164752,2.199188434419588,9.9536482130455,2.4731860393774596,4.8364297700848775,-3.0596192698812548,6.894028943164247,1804.411509684612,532301.3953569605,0.7346915104154111,0.5073761407254257,0.794006671019296,2.1663401789708554,10.64003029561111,2.3072659934750956,4.693029771023477,-4.064222375898453,6.575807919712657,1570.425527570753,463275.53063337214,0.7438468652644901,0.6045621046596733,2.81159565548779,2.1095874226193745,9.188883664788007,3.51502905018318,4.450359093673856,0.21680986133108615,9.405693526119093,3644.8516209713425,1075231.2281865461,pre-void,26
17.4819318565722,14.984513019919028,19.97935069322537,0.8636117180480188,0.7265056285389572,-0.297824870365171,0.14597743815745612,0.7963148954526019,0.3316761460506994,0.021309412451013927,-0.6544629760720825,0.14185191938051947,32.452674428418234,9573.53895638338,0.9434920484801183,0.8261526451379794,-0.32357002948125446,0.09237091626225176,0.5937234281366157,0.3364965826715449,0.008532386171127927,-0.5936826159719847,4.081216463100141e-05,33.40283529414022,9853.83641177136,0.9247416436296717,0.5981253917417204,-0.41867674176729097,0.20557109192055711,0.7780608618727733,0.4664222206652306,0.04225947383341014,-0.654237334163464,0.12382352770930938,64.17715793943408,18932.26159213305,0.9133758939587294,0.7630966292712096,0.6373950870032751,0.18578537887316413,0.8141292517840025,0.6639191998571494,0.03451620700304514,0.10017940831830967,0.9143086601023122,130.0326676619925,38359.63696028779,0.9617928069115155,0.619332210365325,0.14181131981895748,0.2707670563562416,2.1645008988081904,0.3056554420202898,0.07331479880782413,-1.2412121862455314,0.9232887125626591,27.56044852480254,8130.332314816749,0.8546313101970461,0.5517439872891847,0.06232883420868123,0.20916442590945436,1.4095176224273027,0.21825361541070723,0.043749757066031625,-0.33428528588015183,1.075232336547151,14.052218988754245,4145.404601682501,0.7477272229139073,0.5461219938935485,0.03421623522598701,0.25867846630819785,1.7326241742369066,0.2609315996283346,0.06691454893156146,-0.4392827825473374,1.2933413916895693,20.085163406957445,5925.123205052447,0.9192253499091086,0.627010057777966,0.32981675449036557,0.31680608898584495,1.8479764460116197,0.4573239437871859,0.1003660980185071,0.02332809412512995,1.8713045401367496,61.69783092051423,18200.86012155169,pre-void,26
22.476769529878542,19.97935069322537,24.974188366531713,0.9217986801874043,0.7879985809357107,-0.3325476878125895,0.10630874247686851,0.3812326120973265,0.34912678699365457,0.011301548727013147,-0.5336726889613761,-0.15244007686404956,35.95740645197123,10607.434903331516,0.9198704127292986,0.8675989129169098,-0.319737885692842,0.05949823854634393,0.24907636396774857,0.3252266224303394,0.003540040390117647,-0.42727034868493624,-0.17819398471718767,31.202845001546727,9204.839275456285,0.9196045786771657,0.6794417746666234,-0.4215427060832056,0.1754018734519668,0.5540354672487647,0.4565786572567882,0.03076581721045978,-0.6636114640846147,-0.10957599683584995,61.496900727411436,18141.585714586385,0.9182499691874311,0.7424437315401148,0.6301919994404581,0.19744362090887735,0.6488564455809711,0.6603983188927505,0.03898398343760846,0.2785570881267435,0.9274135337077146,128.65715218092942,37953.85989337416,0.9828688849231391,0.5953841925152251,-0.10747753822149221,0.09784503138333091,0.5008315366053172,0.14534466412138192,0.009573650166405009,-0.3988714571666607,0.10196007943865648,6.231896059624411,1838.4093375892007,0.8998228033037036,0.3869401308982229,0.02734997611515535,0.07527065710853349,0.351170854624991,0.08008553561692643,0.005665671821550423,-0.11035014889787355,0.24082070572711745,1.8920394394397475,558.1516346347255,0.8398309398690906,0.3760294261722919,0.03948587016276795,0.09446479156418636,0.5091045495395881,0.10238520785629213,0.008923596845265174,-0.15826066368645322,0.35084388585313486,3.0924055823939622,912.2596468062186,0.9563420952892429,0.5362716136041411,0.16266405151921184,0.10752628299508292,0.48436292865327146,0.1949910131041517,0.011561901534738659,0.022711189367759066,0.5070741180210305,11.216341081458122,3308.820619030146,void,26
27.471607203184885,24.974188366531713,29.969026039838056,0.9434971811527643,0.8242091844807129,-0.11892553916573755,0.031475477403732834,0.21049345007720877,0.12302028102574904,0.0009907056777928962,-0.24567443150927645,-0.03518098143206767,4.464526915378009,1317.0354400365115,0.9543439561309321,0.8567555915247416,-0.22175436426229167,0.027412637810366146,0.1786043739655552,0.22344227617238296,0.0007514527117223156,-0.3422140210809726,-0.1636096471154174,14.728302980423159,4344.84937922483,0.9667606344254777,0.6395862550846038,-0.13206263695570195,0.053269595120752744,0.2464415279663455,0.1424015092757884,0.0028376497643289246,-0.29452826158477197,-0.04808673361842647,5.982066003986623,1764.709471176054,0.9559279106148812,0.8081431974848476,0.28723091240145027,0.05326380694057266,0.26531344788878086,0.2921277634336938,0.0028370331298025963,0.2043874813520728,0.46970092924085366,25.174895899787792,7426.5942904374,0.9600913603557072,0.4838457682574133,0.039656995385794085,0.10006569333397058,0.48625511880362793,0.10763744824844715,0.010013142982408244,-0.20009826522412907,0.2861568535794989,3.4178169783039554,1008.2560085996668,0.9067531803725433,0.4366869370232972,0.0596406954134839,0.04620304459670488,0.21370319105704472,0.07544358077006327,0.0021347213300051,-0.028056506960099644,0.18564668409694507,1.6790614944256728,495.3231408555733,0.8865389238259843,0.48562526571248854,0.02650166443496745,0.04609747011968307,0.24281005567993144,0.05317250200299674,0.0021249767514350732,-0.05845351205861784,0.1843565436213136,0.8340579159313142,246.04708519973764,0.9236405243545763,0.49990828817788174,0.12217986104531274,0.07195102965943544,0.29787006693935913,0.1417916397891811,0.005176950669052958,0.027378491035144656,0.3252485579745038,5.9309363886609425,1749.6262346549772,void,26
32.466444876491224,29.969026039838056,34.9638637131444,0.9120914208866702,0.7958796274318162,-0.24839423690965345,0.0398865083472633,0.2720949943323816,0.25157629156592903,0.001590933548136305,-0.37669462510850177,-0.10459963077612018,18.670735991029275,5507.867117353634,0.9276820625634393,0.8281993193148229,-0.3347754857339243,0.04329453347779202,0.23432437982853777,0.3375633903097974,0.0018744166290596536,-0.43926268558251225,-0.20493830575397448,33.61496753084616,9916.415421599617,0.9088186974394656,0.5045097242324641,-0.4453997889295916,0.11450214256871216,0.46398147531434264,0.4598822812757092,0.013110740652825685,-0.6792676698556546,-0.21528619454131193,62.390055226248386,18405.066291743282,0.912069030139905,0.638309462241552,0.6134786066148978,0.11124470689746933,0.4896691930859331,0.6234832680889363,0.012375384812703862,0.36199565377878734,0.8516648468647204,114.67575874812381,33829.348830696516,0.9163226363660715,0.4839619762925536,0.08328078003187016,0.22153219718470793,1.2479122337650936,0.2366689728549162,0.049076514389484314,-0.4919139410407533,0.7559982927243403,16.523599800099312,4874.461941029296,0.9069428640286705,0.521126434124413,0.02295220915872978,0.04925183131978646,0.2351988299064099,0.05433734253364603,0.0024257428883526985,-0.09696704982893167,0.13823178007747822,0.8710013041175395,256.94538471467416,0.8845988997737726,0.4767642612403726,-0.0035728525899436413,0.0597256563939243,0.27110376969114125,0.05983242688805609,0.00356715403168511,-0.1703255066937362,0.10077826299740504,1.0560761956578002,311.54247771905096,0.9471566090304571,0.6333220703365129,0.21296879053414322,0.13110668583851334,0.736354236375394,0.2500893216695475,0.017188963071558636,0.025553747511790615,0.7619079838871846,18.45067729987465,5442.949803463022,post-void,26
37.461282549797566,34.9638637131444,39.95870138645074,0.8614993200076765,0.6133506190048619,0.33578607139370403,0.5817276778437747,1.5784749579027944,0.6716839858977793,0.33840709116951045,-0.3366825238570639,1.2417924340457305,133.09201618890083,39262.14477572574,0.9174802442339909,0.9364763163603178,-0.3746217146929331,0.0435891554405006,0.4729606631785538,0.3771490999478714,0.0019000144720161232,-0.6872219011054698,-0.21426123792691595,41.9612258594894,12378.561628549376,0.9052795767412758,0.6946167675918773,-0.6456290205255196,0.13514033341407536,0.516994274401742,0.6596209076886581,0.018262909715267454,-0.8698698214869731,-0.3528755470852311,128.35442384870274,37864.5550353673,0.8830071445760267,0.7552137010903117,0.9598449984479734,0.32741127243489443,1.1283411233889318,1.0141501675605182,0.10719814131743664,0.44684511657419757,1.5751862399631293,303.40766589709295,89505.26143964245,0.9425414305724461,0.5985935059127663,0.08896056927182128,0.21530817667478783,1.1004358113756827,0.2329626447055153,0.046357610943021654,-0.4313578081388199,0.6690780032368628,16.010120179315507,4722.985452898075,0.8058984127134522,0.36252730261520133,-0.04648460379183649,0.2363891407859844,1.1724954606795108,0.2409162598730521,0.05587982588153595,-0.7835268564003705,0.3889686042791404,17.12199006000989,5050.987067702918,0.779499561375903,0.4500363313940876,0.04003533751488949,0.23807466612159622,1.3116068745870193,0.24141742873877317,0.056679546648909514,-0.47160688803329814,0.8399999865537211,17.193300595157982,5072.023675571605,0.9097749626336005,0.5898972881459568,0.339454441938958,0.2352983103342634,1.000168428669564,0.4130310073084692,0.05536529484615933,0.04628782179746435,1.0464562504670283,50.32541083448338,14845.996196172593,post-void,26
42.45612022310391,39.95870138645074,44.953539059757084,0.8205623784154392,0.6286705169697653,-0.3541581457411995,0.7000398093674411,3.4428361092317097,0.7845277094494802,0.4900557346992034,-2.535840594072251,0.9069955151594586,181.56769943374417,53562.471332954534,0.8904694662636605,0.7274746412298042,-0.25383532983238577,0.2875221635507618,1.3621820188555427,0.383537963184907,0.08266899453291104,-0.5538685134399468,0.8083135054155958,43.394903915187996,12801.49665498046,0.8543915966989565,0.5289716907462696,-0.44926785690896814,0.5453132708130765,1.9720957108757715,0.7065466513801002,0.29736656332485567,-0.8978849184455293,1.0742107924302422,147.26641032004767,43443.591044414046,0.8574040912966111,0.6077988096751735,1.0311201425874825,0.44562822871186897,2.3119202555628897,1.1232957164854267,0.1985845182248778,0.4722639745196929,2.7841842300825825,372.22901366897986,109807.55903234903,0.8684482710141054,0.4011398816273922,-0.4747723176511661,0.8701712393426173,4.1739727734864704,0.9912652215158798,0.7571979857790665,-3.50977996484173,0.6641928086447404,289.86898811914324,85511.35149514725,0.7251472035944909,0.4173756704298217,0.1692460026472034,0.32220640087806723,1.7717995622382254,0.363952159189714,0.10381696476679778,-0.6675765829650888,1.1042229792731366,39.07604638276221,11527.433682914852,0.7580146790096155,0.45236861371725373,-0.16736063257012807,0.6113176556336601,2.923116097442011,0.633812951448381,0.37370927608943433,-2.350438299625495,0.5726777978165161,118.50706293999379,34959.58356729816,0.809649714590903,0.47564074945200036,0.8982037257947086,0.8426249687482519,3.4777571703063805,1.2315789747269514,0.7100168379579925,0.08543833467322856,3.563195504979609,447.4520974418991,131998.3687453603,post-void,26
47.45095789641025,44.953539059757084,49.94837673306343,0.8063112509937406,0.6340115260196457,-1.014215837742729,0.7738648793256498,2.8856862772619434,1.2757353240315517,0.5988668514537027,-2.932284333851776,-0.04659805658983283,480.112682009657,141633.2411928488,0.8926768843701933,0.7535449710755991,0.19599562402748014,0.4371393854241511,1.6086609002870822,0.47906693366055425,0.19109084228900453,-0.33464886099869406,1.2740120392883882,67.70401244344313,19972.683670815724,0.8500372653744952,0.4502649413017052,0.4521178450071003,0.6270434772655277,1.7369915156935307,0.7730420869235443,0.3931835223812443,-0.3086173510276336,1.4283741646658972,176.29025010575702,52005.623781198316,0.8589409793925472,0.5985574472513554,1.3064732925373894,0.8647122920084087,3.1014443256029933,1.5667162512924677,0.7477273479504355,0.3042579146493673,3.4057022402523605,724.1069445588572,213611.54864486292,0.834102412652727,0.4038015298436313,0.3581083873468288,0.5751356337650515,2.9126136194037713,0.6775120768772124,0.3307809972263274,-0.6015361946612534,2.311077424742518,135.41167122276977,39946.443010717085,0.6863420502935287,0.37593705227748325,-0.03258577318862868,0.5036309049885119,2.202788517253631,0.5046839813921661,0.25364408845954756,-1.0396642112732308,1.1631243059804004,75.13824671678523,22165.782781451642,0.6919153077895657,0.37222094006666623,0.11651532327995395,0.7913315890490913,3.953873110963533,0.7998634285839004,0.62620568382696,-1.0322064236372823,2.921666687326251,188.73554379386772,55676.98541919098,0.7913191857293161,0.43692396675353407,0.8598970258534472,0.7836371256536475,3.082919186594114,1.163404503934171,0.6140871447027105,0.07956727245666464,3.1624864590507786,399.2854617334227,117789.21121135971,post-void,26
52.445795569716594,49.94837673306343,54.94321440636977,0.7651596656922223,0.4439360294458879,-0.2326044898211431,0.7614806966829932,3.738278489406664,0.7962146068151292,0.5798528514208167,-1.5561949738435243,2.1820835155631397,187.01752153120242,55170.168851704715,0.8753256366458511,0.6697379044770007,0.08474828296736334,1.0925422785930068,5.706390370311886,1.0958243025134622,1.1936486305131995,-1.1154373543285576,4.590953015983328,354.24511608383915,104502.30924473255,0.779316738563638,0.5237181772768779,-0.12587474757441008,1.242859116961139,5.6510757502436295,1.2492170494715256,1.544698784613422,-0.9242771570888559,4.726798593154774,460.3602548236514,135806.27517297716,0.7742167815897048,0.5601779339991121,1.4021512691117195,1.1955348833487143,6.4835410132609805,1.8426426237269207,1.429303657303624,0.287073237442733,6.770614250703714,1001.6228924386929,295478.7532694145,0.781336135083706,0.45473671266462035,-0.9573360157878389,2.3290957216412824,10.368517443684084,2.5181697972321606,5.424686880567726,-9.085735737881421,1.2827817058026634,1870.6478426692167,551841.1135874188,0.7429354919191383,0.32286354301936737,0.02169931356795012,1.012071959430303,5.993648633318228,1.0123045546051903,1.024289651065093,-3.156131325020839,2.8375173082973895,302.30435082595176,89179.78349365578,0.7604072596242778,0.32248620403778305,0.0712940041118334,1.3310823691916895,7.2435213582958635,1.332990288259918,1.771780273572961,-3.680611700681041,3.562909657614823,524.1746170356015,154631.51202550245,0.7739232928395638,0.4516140297629102,1.8624851855553994,2.3820058104775055,9.071310162926974,3.023706789283963,5.673951681148599,0.07161209228090647,9.14292225520788,2697.12681053077,795652.409106577,post-void,26
57.44063324302294,54.94321440636977,59.93805207967611,0.8325580903157328,0.43966363663258723,-0.6313953026709039,1.3235857197737486,6.251048184641281,1.466471679175522,1.751879157588992,-4.350760124263884,1.9002880603773973,634.409059818043,187150.67264632267,0.851027903578708,0.28176355645014894,2.0527662070396553,2.420984673238327,6.651960576593339,3.1741165524943886,5.86116678805489,0.16728197746525053,6.81924255405859,2972.1296872015646,876778.2577244614,0.7873051541240724,0.1959256350382377,2.2110096267508754,1.9850060808409797,5.784908549160726,2.9713318075503974,3.9402491409756664,0.5810323196663771,6.365940868827104,2604.49974961541,768327.4261365457,0.8097548220969119,0.22574297508677185,3.213489742634829,3.2753398997942464,9.352934653130735,4.588503872200987,10.727851459184185,0.6468336642545461,9.99976831738528,6211.0384966350175,1832256.3565073297,0.7881333911280005,0.32020749685831784,0.7222217504360482,1.7422384989244852,6.883390844200052,1.8860008600044573,3.0353949871346435,-2.4207680764545874,4.462622767745465,1049.314776961578,309547.85920366563,0.7422463339199595,0.4053302448981914,0.2288999611597783,0.6434080465070304,3.444839966442898,0.6829122246152437,0.41397391430999303,-1.613668187491252,1.8311717789516462,137.57888642603763,40585.771495681096,0.6794747723922017,0.40960377490329153,0.0910538185358535,1.1554072279257706,5.822399170402278,1.1589894996129488,1.3349658623431133,-2.1799030932715784,3.6424960771306996,396.26071476285665,116896.91085504272,0.7960792631961902,0.40399198816758636,1.6428110047420421,1.6333392217717695,5.666235070612855,2.316597723101611,2.6677970133780096,0.07888686208057898,5.745121932693434,1583.1543781504722,467030.5415543893,post-void,26
62.43547091632928,59.93805207967611,64.93288975298245,0.8433220034268496,0.5516933276395775,1.3297989617937742,1.1315758859068845,5.210526547571335,1.7460897068460572,1.2804639855659503,-2.5896275238174424,2.6208990237538923,899.4046329843563,265324.36673038505,0.8332593198328704,0.7550912686174089,0.2079623246442342,0.1614350047710927,1.1588671753033926,0.2632671442411236,0.026061260765442726,-0.2003797916401807,0.958487383663212,20.44632882487859,6031.667003339184,0.8623356013516102,0.6758437199187394,0.5165429347916021,0.22611110331626003,0.7728996410851994,0.5638641986560395,0.05112623104289642,0.2716991007881444,1.0445987418733438,93.7931361851752,27668.975174626707,0.8450457488894455,0.7053550094574271,1.7548153561818647,0.597247648655866,2.182337017529469,1.8536670920412446,0.35670475382496075,0.5152797618574351,2.697616779386904,1013.6440979944099,299025.0089083509,0.8020069163043025,0.5405320354630084,0.17473160938690357,0.47086362983111096,2.3525805196314264,0.5022386815217112,0.22171255789772948,-0.43939027417026594,1.9131902454611607,74.41188949891674,21951.50740218044,0.7285106800233074,0.48403444071717366,-0.37985713310800423,1.003002965663696,4.995117064464942,1.0725233753644725,1.0060149491301693,-4.430158839806416,0.5649582246585265,339.34038525744444,100105.41365094611,0.8046721856666823,0.5280252947471807,-0.017706013479018703,0.7222390353302716,5.432094652401615,0.7224560381560394,0.5216292241548013,-2.782280398531813,2.649814253869802,153.97310448509558,45422.065823103185,0.7977206879256645,0.503874878335959,0.8043677528268408,1.1302589655474038,5.165693011639044,1.3872609022775741,1.2774853292002872,0.06995259439798586,5.235645606037029,567.7253792414568,167478.98687622976,post-void,26
2.4978264812577122,0.0,4.9956529625154245,0.908158445671213,0.579863411039796,0.1403456669952925,0.5838650548583715,3.9577199687718276,0.6004958855222263,0.34089840228476914,-1.6144306180346413,2.3432893507371864,106.3756160160912,31380.8067247469,0.8703774896042636,0.4943450813621571,0.1533860274493126,1.029022065949411,2.830057216122376,1.0403911214670545,1.0588864122107937,-1.706746118444074,1.123311097678302,319.31203726010517,94197.05099173106,0.8454841770753733,0.2868583551249072,0.13072548691344532,1.164243605673454,3.0480841303178488,1.1715597834853682,1.355463173351525,-1.8589114591350078,1.189172671182841,404.90293625268333,119446.36619454155,0.9076639496527111,0.4518109188402352,1.5970795317481747,0.5146827077995835,2.823685451251319,1.677963444308868,0.2648982897079114,0.10267615154936853,2.9263616028006876,830.5905895288796,245024.22391101948,0.8329688690185065,0.41312684351738793,0.5068634751829184,1.9991521137847923,9.307166830004306,2.0624063024837533,3.9966091740502034,-3.208578092573502,6.098588737430803,1254.7883281747886,370162.5568115627,0.8404866660706712,0.46171738236205045,0.6398066056440639,1.0314030278106956,3.7078615314047783,1.2137317242302144,1.0637922057770703,-0.4948732440795036,3.212988287325275,434.5776860288405,128200.41737850799,0.8193736957579253,0.6185950982927505,0.43280989791678737,0.9049224344639996,4.462948451296591,1.003099705976924,0.8188846123962515,-1.0416923102493791,3.4212561410472118,296.8316609386425,87565.33997689953,0.859276824134991,0.4075866807568807,1.8618568326346896,1.8073081114823977,6.1212046240471345,2.59477811672955,3.2663626098300704,0.03990402828162746,6.161108652328762,1986.197675142272,585928.3141669701,pre-void,27
7.493479443773137,4.9956529625154245,9.991305925030849,0.8275485029476797,0.4675498257628261,-0.26521990362470865,1.3269638604545937,5.694170921497206,1.353209031979634,1.7608330869525581,-2.570339592960309,3.1238313285368973,540.1965318482211,159357.97689522523,0.8459350966427872,0.7791407414079454,-1.3350863730023452,0.21633574674512546,1.3785516841406462,1.3525001954514935,0.046801155319771054,-2.120354462537835,-0.7418027783971889,539.6307497154169,159191.071166048,0.8569216429915808,0.6521629689165457,-1.6012663508092586,0.2473871737788841,1.0098158836198794,1.620263663723995,0.06120041375030381,-2.0822141225030686,-1.0723982388831892,774.4500302953695,228462.7589371339,0.8369799648614614,0.7162005699117883,2.4728819937956867,0.41296543157140625,2.20389600602908,2.5071270017515843,0.17054044767295784,1.4532137319235652,3.6571097379526454,1854.2773118590073,547011.8069984071,0.814208590557182,0.6166850359424997,-0.4145235004086694,1.4150479962733378,7.182920701375115,1.4745136703836437,2.0023608317571884,-3.973945373759627,3.2089753276154878,641.3862164237321,189208.93384500098,0.7010609179227393,0.31766893978482535,2.38475628382921,2.4638737465705387,9.607794100870862,3.428955580392147,6.070673839039544,-3.192838398141714,6.414955702729148,3468.5322298292213,1023217.00779962,0.7663335196470256,0.37829622921383355,1.6314534903881444,2.388102453934737,11.221184699233497,2.892174583559708,5.703033330489112,-3.354089586696976,7.867095112536521,2467.5787774276873,727935.7393411677,0.7780457500245042,0.40436998205585606,4.197947973815794,2.1619050782528197,8.99593942938729,4.7219276527959915,4.67383356737533,0.4362642362911078,9.432203665678397,6577.497223680642,1940361.6809857893,pre-void,27
12.489132406288562,9.991305925030849,14.986958887546274,0.8982483668655767,0.8077449080508695,0.5831553248285233,0.6467325604833161,3.511614854809612,0.8708232528275566,0.41826300478930606,-1.1903865123323893,2.321228342477223,223.7082756112241,65993.9413053111,0.8870975405640799,0.7250919294424865,-0.35693522442470305,0.3099022014588172,1.6030278804593183,0.47269665632848984,0.09603937446902133,-1.0448930321547993,0.558134848304519,65.91542802671965,19445.051267882307,0.8751414437536795,0.5988513338882462,-0.28310876249446754,0.3773189335831296,1.8487660319111288,0.4717204140605524,0.14236957764031016,-1.1920788260078574,0.6566872059032712,65.6434439672304,19364.815970332973,0.9352324313116773,0.7829203770603124,0.9891252054695715,0.47531751862890337,2.197804534989657,1.0974039436828902,0.22592674351553788,0.16220269866684717,2.3600072336565043,355.2671476051742,104803.80854352642,0.8632289318890478,0.5397490654481795,-0.2315125273998775,1.3916251528481827,7.114241574696497,1.410751082361026,1.9366205660397278,-3.628405304195649,3.4858362705008483,587.114491832928,173198.77509071375,0.8632731549275907,0.5954651787228986,-0.4340208527369884,0.6196871234504137,3.236683732705204,0.7565621134981522,0.38401213097024817,-2.41508777698702,0.8215959557181841,168.8539383163333,49811.91180331832,0.8247314003603871,0.698416255796449,0.034839094309063005,0.720803868606158,3.661311713811044,0.7216453280454875,0.5195582169976035,-1.4101868220391354,2.2511248917719087,153.62773394951438,45320.18151510674,0.8742312343147431,0.6657452929872169,1.5014731783366404,0.9104697261244568,3.575193134440078,1.7559546769360184,0.8289551221891432,0.1432544991318322,3.71844763357191,909.5961640987756,268330.86840913893,pre-void,27
17.484785368803987,14.986958887546274,19.982611850061698,0.8903003072476656,0.8303107035713648,0.22599392724040143,0.21183144679004046,1.1514213221258633,0.3097512179131853,0.04487256184916174,-0.3283094346702703,0.823111887455593,28.30401601461697,8349.684724312006,0.9143011167885917,0.8566754506015217,-0.4664655016306867,0.12207052468740637,1.430093623690797,0.4821734928519265,0.014901212997458687,-1.1719989034981282,0.25809472019266877,68.58492677666291,20232.553399115564,0.8937259192456122,0.8388015081851714,-0.38858315345499866,0.11141506879225649,0.9683124212008238,0.4042402561633543,0.012413317553983245,-0.922085450128178,0.04622697107264583,48.206004487389215,14220.771323779814,0.9072762929501929,0.833490656808227,0.6815278592089399,0.16542991275105648,1.2941168011648854,0.7013182436745409,0.027367056032822162,0.19799920736417304,1.4921160085290583,145.0949472786691,42803.009447207376,0.9267366081121441,0.7565590459055374,0.06667695511819174,0.47702835187288856,4.293867584260715,0.4816657189736443,0.2275560484905644,-3.2710374696588964,1.0228301146018186,68.44055012614731,20189.962287213464,0.8117032341048833,0.6753108738259582,-0.1599206043155574,0.20715974076443316,1.859744761139584,0.26170547926675175,0.04291515819358715,-1.496993939350589,0.36275082178899504,20.204478574080866,5960.321179353856,0.8378706081355696,0.6813198140178666,-0.0698914673680742,0.2507481783061593,1.4968894283168117,0.2603064850031978,0.06287464892385745,-0.7543092681087998,0.7425801602080118,19.98904250974241,5896.76754037401,0.9223749103522927,0.8060804929921477,0.4852443566846752,0.36440225459378506,3.415965182633581,0.6068369540884586,0.13278900315303374,0.06960249306123607,3.485567675694817,108.6340712099706,32047.051006941347,pre-void,27
22.480438331319412,19.982611850061698,24.978264812577123,0.9275935703587234,0.8745921478571845,0.13311184390362088,0.06455246044571185,0.4276616707741629,0.14793844374271728,0.0041670201495951934,-0.09381628272208302,0.33384538805207986,6.456306025420053,1904.6102774989154,0.9190880183472598,0.8181327561772386,-0.25392647235464366,0.06662339234191413,0.361959629750291,0.26252110347478397,0.004438676407144621,-0.4966571974939543,-0.13469756774366332,20.33061228203738,5997.530623201024,0.9005900198886391,0.793219770449556,-0.14559789831186448,0.07181459566309527,0.34811302314064807,0.16234557013693318,0.005157336150253862,-0.3769592991510562,-0.028846276010408144,7.775044822210338,2293.6382225520497,0.914920373727983,0.8321759971479739,0.3316500696554474,0.0846606658800777,0.4734365706251987,0.34228525683955663,0.007167428347258152,0.15229146202672325,0.625728032651922,34.56196312966777,10195.779123251987,0.9355145523229204,0.7364545472030855,-0.0747357121459769,0.1831006431605821,1.467503075642011,0.1977657002510424,0.033525845525818825,-1.0661402420886243,0.40136283355338676,11.53782529775662,3403.658462838202,0.9029544529622657,0.7266161525517353,-0.1654690929728442,0.04365090781696307,0.25280328432480115,0.17112984100530437,0.0019054017532450073,-0.2776766386914238,-0.02487335436662266,8.639199632337723,2548.5638915396294,0.8707920520949892,0.7722269264963397,-0.058285859255601466,0.07411872412450457,0.43394763195287644,0.09429118015492327,0.0054935852658444155,-0.32900107611410706,0.10494655583876938,2.622793863227418,773.7241896520884,0.9379018144487212,0.7721642856060795,0.2522189502478004,0.1169321276176556,1.0755750801035393,0.2780063332611221,0.013673122469191695,0.03450200625956909,1.1100770863631084,22.79981879332176,6725.946544029918,pre-void,27
27.476091293834834,24.978264812577123,29.97391777509255,0.9366085246994361,0.8537694245965531,0.0885004041514816,0.07784547471413153,1.0597244361638494,0.11786534464567637,0.006059917933468492,-0.5798267099078724,0.479897726255977,4.098210643191001,1208.9721397413457,0.9429953525281506,0.8422456509087523,-0.14831296230237703,0.03736941466227931,0.4001765933593034,0.15294838325104224,0.0013964731522013761,-0.31270209229244544,0.08747450106685795,6.900996342036771,2035.7939209008464,0.9346771123634425,0.8502671469998114,-0.02967296684700793,0.03631096703414567,0.3638508526562406,0.04689319021412859,0.0013184863269548135,-0.1783063457804166,0.18554450687582402,0.6486965300952414,191.36547637809622,0.9573995689854806,0.7856359540914043,0.19040519864031072,0.05683554369190133,0.5642494473935328,0.19870686625280518,0.003230279026754025,0.07364075721446608,0.6378902046079988,11.647903515323012,3436.1315370202888,0.9312306351573942,0.7600829131230135,0.025302953859025503,0.1283856300252278,0.9517168103511138,0.1308552997435207,0.016482869996974674,-0.5361842263681313,0.4155325839829824,5.051317293935162,1490.1386017108725,0.915848243391641,0.6275128701972092,-0.16889010911408597,0.03924285974492579,0.3145919577048246,0.17338936241167677,0.0015400020409599175,-0.3505603320693419,-0.035968374364517254,8.868841944270697,2616.308373559855,0.9152017755624733,0.7597172313313051,-0.06191938238783271,0.07269473165860633,0.6685645075646847,0.0954910148977768,0.005284524010916783,-0.6081255944594374,0.06043891310524725,2.689967508231192,793.5404149282016,0.9213952402997876,0.6894459839096098,0.22126642584091288,0.0857127947875326,0.6247742657345559,0.2372878302709641,0.007346683190289675,0.0809429315420463,0.7057171972766022,16.61012674643705,4899.98739019893,pre-void,27
32.47174425635026,29.97391777509255,34.969570737607974,0.9495164726271624,0.8881884712243973,0.10015126415466523,0.03902456351908764,0.31761661128308094,0.10748577705739878,0.0015229165578553056,-0.043230330885742456,0.2743862803973385,3.4081917195416866,1005.4165572647975,0.9247954806674099,0.8327935407624345,-0.19214203984753891,0.06237370222682405,0.28384654305078905,0.20201248032300814,0.0038904787294805152,-0.3568485518288879,-0.07300200877809887,12.038667450844855,3551.4068979992317,0.9079363030938279,0.8230908518399456,-0.07790507182804568,0.065072682454,0.2918331506818955,0.10150691709579242,0.004234454001759119,-0.24283619166328235,0.04899695901861316,3.039577994396162,896.6755083468677,0.9273267958300978,0.8492728849922283,0.23906105683040899,0.07426775748133653,0.3290251819531882,0.25033155752756914,0.005515699801306619,0.11220172842116473,0.4412269103743529,18.486437164782703,5453.498963610896,0.9148959342628145,0.766665806492076,-0.015111997942357373,0.1918384527607118,1.1435157232528685,0.19243275303189336,0.03680199195762385,-0.5849612256419112,0.5585544976109574,10.923957509632931,3222.5674653417136,0.9149861596934005,0.7154060177914842,-0.16678026162810763,0.026148698296810862,0.1417581459866058,0.16881768299368902,0.0006837544226176393,-0.22401316183717623,-0.08225501585057045,8.407325976950514,2480.161163200401,0.9198768434224462,0.7891889510326336,-0.05914303977435882,0.04531389872926194,0.26069937009337035,0.07450670152273013,0.0020533494180458066,-0.20903414861125225,0.0516652214821181,1.637618328680173,483.097406960651,0.9154473736919833,0.764753036198236,0.25165591047103103,0.08803593486517282,0.49504164805151846,0.26661024568194774,0.00775032582758495,0.1048654017429574,0.5999070497944758,20.968901815263617,6185.826035502765,pre-void,27
37.467397218865685,34.969570737607974,39.965223700123396,0.9599904179424271,0.8983869376535705,0.09829071894998052,0.033538696803156166,0.2103731116240553,0.10385523393145912,0.0011248441832540374,-0.027776980868154326,0.18259613075590098,3.181843336412639,938.6437842417279,0.9378157293301927,0.8685702503859987,-0.07214439896944172,0.029521009219644685,0.19098363390741055,0.0779506529030279,0.0008714899853463465,-0.1922472129192273,-0.0012635790118167625,1.7925097649624577,528.7903806639251,0.9495630541963054,0.9048271637632028,0.05045345324266926,0.030836919360946013,0.19048378566686394,0.059130927100661125,0.0009509155956734872,-0.07247217705427227,0.11801160861259168,1.0314576292361917,304.2800006246766,0.9744493718875384,0.9153184564152957,0.14041773524101742,0.025328641347961596,0.14249236629206605,0.14268384786916186,0.0006415400725336698,0.08025174597154958,0.22274411226361562,6.005810730611287,1771.7141655303299,0.9449072411881633,0.8280113285438307,0.04391578372111446,0.09498883115885545,0.5627337021044645,0.10464929099026545,0.009022878044925547,-0.1846722615369625,0.378061440567502,3.230684860905749,953.0520339671959,0.9188033069806802,0.7983628561854383,-0.16167509020531534,0.017794292712867654,0.10207295508249858,0.16265138070747528,0.0003166368531512149,-0.20159393730905525,-0.09952098222655667,7.804364135584178,2302.287419997333,0.8980976677022039,0.8413810813193633,-0.06114519036026964,0.0334486786807217,0.2190921208231842,0.06969611473876991,0.0011188141054861661,-0.18511962832173845,0.03397249250144573,1.432976780855535,422.72815035238284,0.9361383279614045,0.8591326559047943,0.2007699736332996,0.044225692168436234,0.2671123357373377,0.20558330224143473,0.001955911847777282,0.1406307299516076,0.40774306568894536,12.468025777345463,3678.067604316912,void,27
42.46305018138111,39.965223700123396,44.960876662638825,0.9056989535770992,0.8781166180590421,0.09341357795089508,0.07665284567853882,0.4222093598532705,0.1208377229850258,0.005875658750617887,-0.11220222241258354,0.310007137440687,4.307517812380722,1270.7177546523133,0.9292519808005764,0.8604173726572375,-0.37819098896018055,0.1322279243048546,0.5076928797202239,0.4006402976444703,0.017484223965970363,-0.600338492254251,-0.09264561253402699,47.351231188511676,13968.613200610942,0.9135008007901184,0.820831779865556,-0.28662469162288867,0.1492222490150396,0.6011663661978014,0.32314237334187934,0.02226727960110649,-0.5454424638319416,0.05572390236585983,30.804193067461647,9087.236954901186,0.9324660564353626,0.8568978559016165,0.4917162547711736,0.19429493466297162,0.6854400906555818,0.5287110712306659,0.037750521635688414,0.1507392563905012,0.836179347046083,82.46294206835405,24326.56791016444,0.9076849792620437,0.7457820543409901,0.18210647360567636,0.18358424921913563,1.1527673809147472,0.25858450125722654,0.0337031765613537,-0.2790931125285169,0.8736742683862304,19.725453565682336,5819.008801876288,0.893985791573141,0.7200063145987918,-0.16299404933425668,0.048343336587235275,0.3153351207395036,0.17001217106655872,0.002337078192386721,-0.332984265294009,-0.017649144554505412,8.526720801675623,2515.382636494309,0.8816383766472673,0.8003422053225259,-0.04602432670845486,0.0833241029781482,0.6262976858499956,0.09519004562494776,0.006942906137113046,-0.42168309458873926,0.20461459126125636,2.673037711893493,788.5461250085805,0.9313320810518275,0.7597249309414675,0.2945515292717886,0.13442702105954638,0.8206055354246238,0.32377650839320177,0.018070623990943727,0.07067912957918455,0.8912846650038083,30.92521207925145,9122.937563379175,void,27
47.458703143896535,44.960876662638825,49.956529625154246,0.9444651078398878,0.8890280575941664,0.1923872133037923,0.041393717945463725,0.42084815648279755,0.19678993807648676,0.0017134398853486056,-0.04701437379031037,0.3738337826924872,11.42425251980351,3370.1544933420364,0.8974326975719832,0.8333553321244275,-0.6573942788062386,0.047704745631419535,0.19720066129422775,0.6591228873001853,0.002275742755758441,-0.7617109731427151,-0.5645103118484873,128.16067926606516,37807.400383489236,0.8953433621588178,0.8060998952812861,-0.616004865789264,0.05676192136342843,0.20509719976741803,0.6186145087151749,0.003221915716868033,-0.7200342059474012,-0.5149370061799832,112.89175356591056,33303.06730194363,0.9134664926932069,0.8336377186482139,0.9223994178531253,0.07094000724706181,0.2681053826699066,0.9251233272834479,0.005032484628213182,0.7814707238911817,1.0495761065610882,252.47668535177925,74480.6221787749,0.9083351389268648,0.771814984549074,0.058916356135906414,0.15080534404854687,0.8749335699555854,0.16190549346434652,0.022742251793600593,-0.2567895719842142,0.6181439979713711,7.732949700110398,2281.220161532567,0.9002240575090362,0.7632492244197855,-0.16336397359429694,0.02581049046040724,0.18510137192641535,0.16539035427232424,0.0006661814178067731,-0.2678822437230139,-0.08278087179659856,8.069420939465852,2380.479177142427,0.8830655441822636,0.7762501839827916,-0.05852254451387153,0.044193126727700364,0.2730139139262066,0.073334307567118,0.0019530324499705846,-0.17462838458620905,0.09838552933999754,1.586486596572855,468.01354598899223,0.9324863350569624,0.7166759029618638,0.22644094056211078,0.0875772756139043,0.5608549098402216,0.2427864880231335,0.0076697792039537565,0.10069695401594442,0.6615518638561659,17.388857236149107,5129.712884663989,void,27
52.45435610641196,49.956529625154246,54.95218258766967,0.9315064763643787,0.8613108144696612,0.2505867632713595,0.0554082711800242,0.4306690419878785,0.25663944054251575,0.0030700765151591,0.06419657755996526,0.49486561954784375,19.429821720382762,5731.797407512917,0.8679281403925826,0.8135132014494679,-0.7441825138646361,0.03686626354917367,0.18734617344573157,0.7450951183103849,0.0013591213880771312,-0.8426038688427108,-0.6552576953969792,163.7741869223401,48313.38514209035,0.8781097917724258,0.7816449754544534,-0.7250606857996116,0.043852252678787076,0.23096239808028785,0.7263855850422744,0.0019230200650041886,-0.8505788333426055,-0.6196164352623177,155.65262535637612,45917.52448013094,0.882179509778284,0.8137626673173771,1.0698400514765327,0.06410007945267575,0.29388128023323346,1.0717586276439062,0.004108820185839343,0.9339973832276901,1.2278786634609236,338.856633999099,99962.70702973419,0.8561008745991193,0.7097392003767891,0.07042520468045681,0.17539241707767883,1.0097574566686585,0.189003199503698,0.030762499968350444,-0.2900956049282003,0.7196618517404583,10.538051779677229,3108.725275004782,0.8583642129283593,0.8080327867071411,-0.1660003942903134,0.02672818507179818,0.17907111670339568,0.16813841554437167,0.000714395877232295,-0.2523652136363342,-0.07329409693293851,8.339805400622684,2460.2425931836933,0.8849410560365312,0.7315761381878977,-0.042856257398017704,0.045426826820606614,0.2589473630620789,0.062452024732225705,0.002063596594989384,-0.13767471016037014,0.12127265290170877,1.1505753409805868,339.4197255892732,0.8926507099162773,0.7748242046183063,0.24628681899122665,0.08506347270564364,0.662735458924847,0.26056283617884,0.007235794388743781,0.07333580672135033,0.7360712656461973,20.0284325212805,5908.387593777751,void,27
57.450009068927386,54.95218258766967,59.9478355501851,0.922595191285174,0.8566374647834993,0.3302030949054492,0.028631461071847594,0.1773365561206326,0.3314420680122634,0.0008197605631087241,0.23390938216686946,0.41124593828750206,32.40688411223252,9560.030813108593,0.9115774817020078,0.7700450894319725,-0.8042892125187616,0.022644518767613704,0.15851185452207728,0.8046079241495616,0.0005127742302168093,-0.8811006771353184,-0.7225888226132411,190.98120392325865,56339.455157361284,0.9237895754268434,0.7658941832040931,-0.802963720837604,0.025918657940853355,0.1754984859743206,0.8033819227558114,0.0006717768294549607,-0.8815397450581589,-0.7060412590838383,190.39964157419325,56167.89426438702,0.8864533611756562,0.8028884917797988,1.1839159424623473,0.03183254697363662,0.20697015519370088,1.1843438140435982,0.001013311046828782,1.0849942031860775,1.2919643583797784,413.78772960968445,122067.38023485693,0.8834392424771544,0.7334125995402314,0.03299119663017839,0.14242372607994264,0.9092259185976191,0.14619485902584137,0.020284517750494533,-0.31939827129263654,0.5898276473049826,6.3050163576477605,1859.9798255060891,0.9000482216081541,0.7443070238061565,-0.17362366632058707,0.019813981138400213,0.10452912913071229,0.17475059758168335,0.0003925938485528794,-0.21954309117006898,-0.1150139620393567,9.008642549770855,2657.5495521824005,0.8909676008607281,0.7984107901936799,-0.062071020250319554,0.03150026368256697,0.18169538328140003,0.06960659571467942,0.0009922666120712473,-0.15396210416202694,0.027733279119373087,1.429298059261114,421.6429274820284,0.9107105028058058,0.8416139099413282,0.22892936860318097,0.06593277272098293,0.49503444568662314,0.23823472947437344,0.004347130518676791,0.13055153061195388,0.625585976298577,16.742956966679728,4939.1723051705185,void,27
62.44566203144281,59.9478355501851,64.94348851270053,0.9233299516752755,0.9027947016185234,0.3423799184279425,0.06499331321630009,0.4995329397936811,0.34849410225362015,0.004224130762832088,0.12362809094567871,0.6231610307393598,35.827201095139216,10569.024323066073,0.8531167580833234,0.8850278457816587,-0.7746477881660765,0.06905557797969515,0.6959992672993354,0.7777196593636452,0.004768672850109758,-0.9137096237261219,-0.21771035642678646,178.43012122540776,52636.88576149527,0.8961166046162802,0.7322161099285043,-0.7657468798681064,0.07685738994991283,0.4621395302647948,0.7695942712999189,0.005907058389912961,-0.9014045024080779,-0.4392649721432831,174.72122601320768,51542.76167389628,0.920704492879593,0.8040735715661889,1.144187508598237,0.09698605802729204,0.6949695597594696,1.1482906210031998,0.00940629545167326,0.6386611372097382,1.3336306969692078,388.97854833375465,114748.67175845764,0.8513476793037028,0.6879090037044097,0.001265850502951009,0.48758790356550663,4.289855791927254,0.4875895467305484,0.23774196370340578,-3.188933597727303,1.1009221941999507,70.13435199386598,20689.633838190457,0.8723320880722837,0.7629150566973879,-0.17221271537786545,0.06776757983317042,0.6908844686484503,0.18506664803324996,0.004592444876445125,-0.7542535394197827,-0.06336907077133234,10.103650943207532,2980.5770282462217,0.8608463910051986,0.7636151265878592,-0.04498168249509815,0.08239585865185066,0.7091927150429668,0.09387454012172614,0.006789077522975753,-0.5188708293209694,0.1903218857219974,2.5996666385043437,766.9016583587816,0.8909232074618593,0.6869146796878608,0.34059882002542824,0.4059533265974254,3.168400505267461,0.5299109921281403,0.16479810337551593,0.11048866916547154,3.2788891744329325,82.83766957557785,24437.112524795466,void,27
67.44131499395823,64.94348851270053,69.93914147521595,0.9057816976555171,0.7748221831796535,-0.0984148355804061,0.5096548620199117,2.452426396924637,0.5190698972612972,0.25974807838053526,-1.037850329232474,1.4145760676921635,79.48289968164181,23447.455406084337,0.866166519210114,0.8080650814073232,-0.6927782764071635,0.07117462668340649,0.4064480781657765,0.6964248471624217,0.00506582748352228,-0.8744102495802583,-0.46796217141448176,143.07723248483472,42207.78358302624,0.9052981744288461,0.7761798556071834,-0.6606386117518085,0.0808720779269387,0.40426597612695664,0.6655701828699792,0.006540292988220846,-0.8470720040547538,-0.44280602792779716,130.68018215604536,38550.653736033375,0.9100599617919714,0.8226184358460822,1.082539929223555,0.1597876589424063,1.092264391788549,1.094269068517261,0.02553209595029475,0.6537534978502006,1.7460178896387497,353.24031432252195,104205.89272514396,0.8867070698147527,0.7829232422285719,0.02965402573108545,0.40521507835272974,2.7608928826219596,0.4062986844262098,0.1641992597244089,-1.242923836342135,1.5179690462798248,48.69819318510831,14365.966989606952,0.8338411819549174,0.6165765601268439,-0.19503251787974868,0.21446464659433767,1.4220336201473933,0.289884059012131,0.04599508463883415,-0.876202473136014,0.5458311470113795,24.789666462457845,7312.951606425066,0.8310028461161545,0.6041347244937305,-0.11772790249472574,0.517405131431598,2.750790186494748,0.5306297476183907,0.2677080700317493,-1.4360825677625684,1.3147076187321796,83.0625390719793,24503.449026233888,0.9009925566065876,0.713948304817695,0.6318451759543399,0.36256170690877393,1.6145442374878842,0.7284773968307969,0.13145099131660368,0.12922896710595463,1.7437732045938388,156.55039871954546,46182.36762226588,post-void,27
72.43696795647365,69.93914147521595,74.93479443773137,0.882849075414245,0.7910389475727372,0.4908857603574615,0.3435339933704413,2.472735553664412,0.5991530975658604,0.1180156046010424,-0.6085990048205142,1.8641365488438975,105.90040812521582,31240.62039693866,0.9150529353946456,0.8245718974251118,-0.5567532416502545,0.085328303989736,0.5327468554017296,0.5632540204471083,0.007280919461764796,-0.8043471626737957,-0.271600307272066,93.59025200720029,27609.124342124076,0.9114450426084619,0.769333355709487,-0.4988813742051725,0.09978981714530903,0.5619917594776929,0.5087638284457097,0.009958007605894211,-0.7923255465988371,-0.23033378712114422,76.35798677474699,22525.606098550354,0.9146646763096109,0.817168646481044,0.9501928167962822,0.17948194871930653,1.5032276224976548,0.9669954286382808,0.03221376991607978,0.5227034567901383,2.025931079287793,275.8486469071631,81375.35083761314,0.8774639954674063,0.7347354807308252,-0.028180653588370068,0.4757774610730147,2.949534149062332,0.4766113109251099,0.22636419246508405,-1.6403994546427514,1.3091346944195807,67.01171080201678,19768.454686594945,0.8487001099982586,0.6579863364734371,-0.25243665637756096,0.2901063642204285,1.7125132652624921,0.3845594466974888,0.08416170256119593,-1.3591120450159297,0.3534012202465624,43.62636057306222,12869.776369053356,0.8519065127347635,0.7597654898742192,-0.01544602430565267,0.3578402269175535,2.776567114794725,0.35817343238612354,0.1280496280004062,-1.6702986922984917,1.1062684224962334,37.84502126184082,11164.281272243043,0.8959102547906724,0.7824503035748983,0.5949074019048166,0.38654585830422306,1.9296876447695495,0.7094593134305078,0.14941770057214848,0.019520173527105732,1.9492078182966552,148.48309263691982,43802.51232789135,post-void,27
77.43262091898909,74.93479443773137,79.93044740024679,0.8879409336236264,0.8093269456827391,0.486346659465583,0.37687678173497435,2.3613397323632905,0.6152797589586734,0.14203610861091148,-0.9897370829920096,1.371602649371281,111.67790862635175,32944.983044773755,0.8835624361988443,0.6883184906322564,0.049465828438218125,0.43058945222826206,1.3339414503563725,0.4334214398865312,0.18540727637023477,-0.6979641542146625,0.63597729614171,55.41697264322762,16348.006929752146,0.8742842505067041,0.48228147335263993,0.15093848412604902,0.4548100339916007,1.3989573477606903,0.47920203777708476,0.20685216701944098,-0.6740951845580095,0.7248621632026807,67.74220493786461,19983.950456670063,0.8998751457351153,0.7765753467859955,0.8522962747246136,0.26391093087974526,1.38109137801364,0.8922207794863711,0.06964897943781369,0.23242155554852365,1.6135129335621636,234.83708620744397,69276.94043119595,0.8553120541561375,0.5419451171220381,-0.3033801760089974,0.9876438278983417,5.11990627004908,1.0331891704721547,0.9754403307856893,-3.472485024308311,1.6474212457407686,314.9065592843771,92897.43498889127,0.8273021838995364,0.6882772872277974,-0.1480847437890928,0.29178914835921055,1.6451931548201992,0.3272155229252956,0.0851409071001934,-1.0191562498182363,0.6260369050019631,31.585649540766028,9317.766614525977,0.8431359357478929,0.5983083661965966,-0.005674813600486239,0.4880320624385904,2.865166875900713,0.48806505455468174,0.23817529396806417,-1.3592950579498944,1.5058718179508186,70.27121175585202,20730.007467976342,0.9007697863294135,0.7092024421193561,0.9569950096673006,0.7049240451095152,3.4282471433467783,1.188594698752135,0.49691790937356184,0.06255388903685856,3.490801032383637,416.76342058099516,122945.20907139358,post-void,27
82.42827388150451,79.93044740024679,84.92610036276221,0.8750043541397534,0.6663661881463102,-0.14948689018092565,0.9502662755645936,5.711516955899089,0.9619523505929845,0.9030059944754042,-3.59387069828215,2.11764625761694,272.9789358193536,80528.78606670932,0.8789371961236209,0.6858170830525372,0.17688621402364899,0.418187287489721,1.8620074063320315,0.4540587408360627,0.17488060741801056,-0.858226229326386,1.0037811770056455,60.819955338241066,17941.88682478111,0.8937765482733144,0.4853514475512061,0.27008759839574126,0.4616276042493949,1.8322162934094748,0.534833951626311,0.21310004500503596,-0.7313841521529985,1.1008321412564763,84.38396996460347,24893.27113955802,0.9182718423273617,0.5979566730056146,0.9785873580433999,0.6781856703225544,3.493833992604228,1.1906170756180234,0.45993580343085244,0.16848145203115,3.6623154446353783,418.18286112219823,123363.94403104845,0.8846835159807791,0.6001752673444449,-0.1366025979715117,1.5158545310926705,8.686964960472872,1.5219971186591472,2.29781495943418,-6.221743469997632,2.46522149047524,683.3601926159902,201591.25682171705,0.8497490954444789,0.4247834603247962,0.40599502526892345,0.9041926131203868,5.051314213640798,0.9911590397936081,0.8175642816214734,-0.9643364002332326,4.086977813407565,289.80689143855324,85493.03297437319,0.8467609346951073,0.6050468709200088,-0.2174958657203608,1.0312803964491335,5.798190556136252,1.0539657051848181,1.063539256100282,-2.1241545061618705,3.6740360499743816,327.6988937731907,96671.17366309126,0.8799410112369664,0.6423213532414271,1.6202659239802597,1.33583438893654,6.817924343535957,2.0999321843995498,1.7844535146654592,0.11196046757106422,6.929884811107021,1300.865977827734,383755.4634591817,post-void,27
87.42392684401993,84.92610036276221,89.92175332527765,0.8685172618574482,0.3848457118375309,0.8364072702015658,1.7591045070245968,7.054691640060742,1.947825913237701,3.0944486666342494,-2.518647069581952,4.53604457047879,1119.2376075426837,330175.0942250917,0.8494798516038863,0.6824119843865596,-0.5685302308143557,0.8570398899476893,3.3621062138626323,1.0284668182840768,0.7345173729615474,-1.7462302108403662,1.615876003022266,312.03447891185476,92050.17127899715,0.8847250163342179,0.5012157265955929,-0.6440145195740334,0.9561237370491518,3.5809653215570685,1.1527910920765343,0.9141726005488354,-1.8841305069728809,1.6968348145841876,392.0335540814475,115649.89845402702,0.8917449793517065,0.6067105334864962,2.351923490547163,0.805700304812598,4.516930107314132,2.48610077964725,0.6491529811751133,0.3296791442169634,4.8466092515310955,1823.305640535986,537875.1639581157,0.875304126088358,0.4423745682679794,-0.41606214793873664,1.936439693966087,10.11073425969364,1.9806328279908085,3.7497986883674725,-4.56800663977501,5.5427276199186295,1157.257387797886,341390.9294003763,0.7542807249713666,0.45375611928001347,1.4634527106307937,1.914106796670653,8.058090715037288,2.4094602435635677,3.6638048290607887,-1.2527570246215514,6.805333690415737,1712.622106267455,505223.52134889923,0.7562292379986848,0.30356766440252875,0.05048188705043606,2.234124541641976,10.42124966547676,2.2346948088021197,4.99131246756697,-5.361704270505048,5.059545394971711,1473.1889621037071,434590.7438205936,0.8168273726447269,0.5371244976071688,3.3256643188796597,1.9136934945926178,8.603731792388714,3.836960509715394,3.662222791246106,0.2986841185300374,8.902415910918752,4343.068456169048,1281205.1945698687,post-void,27
92.41957980653535,89.92175332527765,94.91740628779307,0.8947249272898324,0.6573991620666497,0.3774487665154186,0.560999099616425,2.1055700520055143,0.6761564620074636,0.3147199897704395,-0.8748866832223908,1.2306833687831236,134.87033052876293,39786.747505985055,0.9010062130870363,0.6541237685817092,-0.6986366187337233,0.24978023341629935,0.8600917120714742,0.74194561124195,0.06239016500550098,-1.0263291595878499,-0.16623744751637565,162.39257056215132,47905.80831583464,0.9133555719692626,0.5710315510635288,-0.6834693500996231,0.3108831878183894,1.0519660557641481,0.7508519887392755,0.09664835646812397,-1.082151987410405,-0.03018593164625694,166.31471915314893,49062.84215017895,0.8997211736882634,0.7334480218956446,1.187027477485562,0.40300785084614654,1.4921948913968786,1.2535747126315873,0.1624153278436299,0.30216815451922824,1.7943630459161068,463.5776202440632,136755.39797199864,0.8626922051232947,0.6098770070842379,0.30250108180295343,0.9219920649229739,4.0341686422393295,0.9703485313395834,0.8500693677809293,-1.3263724539050856,2.707796188334244,277.7650003205015,81940.67509454794,0.7768781234007077,0.33678817296237484,-0.49852307665580853,0.7369159829811042,3.1065297110947765,0.8897024356105698,0.543045165973007,-2.700762629995992,0.4057670810987846,233.51327505975712,68886.41614262834,0.8251705659751644,0.5697807273341006,0.1262023641035221,0.4946435406519778,2.1097938659005244,0.5104892447584404,0.24467223230872479,-0.4803474642116312,1.6294464016888934,76.87678435914262,22678.651385947076,0.8499237754473381,0.4499462603715134,1.0777582121663016,0.9122407584220332,3.6339769268061604,1.4120006958986633,0.8321832013264064,0.09334403421664396,3.727320961022804,588.1550597394013,173505.74262312334,post-void,27
97.41523276905077,94.91740628779307,99.91305925030849,0.8838617134015151,0.4633173527739475,0.2446938255213217,0.9513679365839954,4.655100114872665,0.9823319291402212,0.9051009507600892,-2.106915766537156,2.5481843483355093,284.6679256074628,83977.03805420152,0.8991639115462143,0.5975246041936142,0.06990256660882888,0.835033145765346,2.2578997583872287,0.837953890942259,0.6972803545267696,-0.9910343666239879,1.2668653917632409,207.13918338685505,61106.059099122205,0.906723764862652,0.46047872120138117,0.1070637562912026,0.8719795581097561,2.3094579457106326,0.8785277443953992,0.7603483497612856,-0.9646407386488198,1.3448172070618127,227.68424431337797,67166.85207244646,0.9020445473564179,0.6813540449723058,1.527852609053631,0.3234503749172336,2.0117399848592177,1.561714999616155,0.104620145034099,0.5662037666842933,2.577943751543511,719.4913533076957,212249.94922577034,0.8778510742649551,0.513494079690086,-0.4459747134900207,1.2377043039275901,6.428075248119118,1.3156007711435054,1.5319119439608802,-4.22503022906664,2.203045019052478,510.5875897648489,150623.3389806304,0.8277302728660472,0.4859947444043766,-0.5072937341459255,0.7575306558776175,3.402018326441111,0.9117015012042539,0.5738526945943733,-3.017407692923552,0.3846106335175591,245.20389005293657,72335.14756561628,0.8491527440707705,0.4159073794963503,-0.13331672611716863,0.8220506793233352,4.062967671544161,0.8327908914238656,0.6757673193759569,-1.8596814847137082,2.203286186830453,204.59449730737427,60355.37670567543,0.8734291606033613,0.5006155776935557,1.3378178646203247,1.2106977518244377,4.384222496717073,1.8043130784789079,1.4657890462727476,0.12662190137616539,4.510844398093239,960.3859771251598,283313.8632519222,post-void,27
102.41088573156621,99.91305925030849,104.90871221282391,0.9145640584803205,0.6926454713398478,0.7869795070617066,0.24763205659453838,1.3517317458578493,0.8250202300479227,0.06132163545324065,-0.03963415321512321,1.312097592642726,200.79422209655658,59234.29551848419,0.8765746980239018,0.4038042033482359,1.3401844448677824,0.2802626850317438,0.9192389451637952,1.3691754887109135,0.07854717262120242,0.7324340991091567,1.651673044272952,553.0192480715968,163140.6781811211,0.8785801181169388,0.44888317185824483,1.3222504563546404,0.2302559509191946,0.7979736215739335,1.3421490499433204,0.05301780293370255,0.8051063330608839,1.6030799546348173,531.4024013178085,156763.7083887535,0.9060512057576734,0.5487654347553287,2.0515796507279163,0.38429794152190627,1.5036307935909965,2.087262314884944,0.14768490785797447,1.1304639800153555,2.634094773606352,1285.215871485962,379138.6820883589,0.9010281040068213,0.607475119847168,-0.21138890127196366,0.5095517579513688,2.691602264502106,0.5516595522714153,0.25964299403133034,-1.567264211450114,1.1243380530519922,89.77683717562802,26484.166966810262,0.851932379527764,0.4392562771473801,-0.10905863859544293,0.25324914416306077,1.5602372815772698,0.27573341413694163,0.06413512901932272,-0.6866570573726001,0.8735802242046699,22.42853012312618,6616.416386322222,0.8247314003603871,0.5215090389226018,0.02040748675927253,0.31779644365478943,2.1298736396296727,0.31845100897227757,0.10099457959963175,-0.9420374110665528,1.18783622856312,29.916258309061178,8825.296201173049,0.8732216235555726,0.6562141069438872,0.5387973282904891,0.4375678935050024,1.7193426460569303,0.6940952545575961,0.19146566142640511,0.07009334178871703,1.7894359878456474,142.12162560781536,41925.87955430553,post-void,27
107.40653869408163,104.90871221282391,109.90436517533934,0.9163077473033973,0.8013150854780534,0.8020728431565312,0.1444683059001494,1.2657969431084652,0.8149797157836878,0.020871091409659138,0.4249384883199707,1.690735431428436,195.93662145596383,57801.303329509334,0.8975952035754305,0.6235490272879696,1.593252937546799,0.08836503487408182,0.5415596428289189,1.5957015079236472,0.007808379388297695,1.3416098771563862,1.8831695199853051,751.1476742049914,221588.56389047255,0.8983588301543007,0.7476497395782538,1.5261565792523242,0.07544480894706085,0.5306035915525291,1.5280202300991352,0.005691919197058512,1.3246275766052689,1.855231168157798,688.7795179597033,203189.95779811247,0.9108075496362452,0.7504111807164219,2.351345138465035,0.12836316815085239,1.0440118205264186,2.354846292886412,0.016477102937724003,1.9951630047973237,3.0391748253237423,1635.8638136206584,482579.82501809427,0.876426259586906,0.6328840792514907,-0.03173092311726674,0.48396015658517477,3.4339592898640268,0.4849992625188421,0.23421743316194688,-2.5273560536330426,0.9066032362309844,69.39116396992712,20470.3933711285,0.8554855353969818,0.70393838415503,-0.15639845413607303,0.0921203318828977,0.6846164315019134,0.18151207123045165,0.00848615554621522,-0.3787359673650162,0.30588046413689723,9.719256440698725,2867.180650006124,0.8500311411323156,0.7906311700776872,-0.09406906743811985,0.20247049664965683,1.6450444788895375,0.2232561118138454,0.04099430201355869,-0.9845946960000818,0.6604497828894558,14.703770981359689,4337.612439501108,0.8602531976435359,0.6693306232117544,0.41090171723491653,0.3862304841436292,2.490590758641861,0.5639274847960734,0.1491739868818222,0.05244267176429126,2.5430334304061524,93.81419139198553,27675.18646063572,post-void,27
112.40219165659705,109.90436517533934,114.90001813785477,0.9164909444805202,0.3748552345385884,-1.2331444281616715,1.705731168053559,5.087782622544773,2.1047954766141848,2.9095188176693583,-3.9029132105545075,1.1848694119902656,1306.8983795207826,385535.0219586308,0.8832338221916515,0.4070286288169061,1.5373272370627382,0.36251525724790895,1.5152834437395362,1.5794911666585763,0.1314173117375176,0.7477747595137993,2.2630582032533355,735.9637419379786,217109.3038717037,0.8961860410842762,0.48746681354675314,1.4481026161528838,0.28012788697320984,1.2113451951718006,1.4749484126466599,0.07847163306007542,0.802109817757823,2.0134550129296236,641.764481890826,189320.52215779366,0.9042059762226301,0.3954778804802575,2.8662803645637323,0.9406731821484581,3.2710738263308468,3.0166917581842703,0.8848660356133061,1.1723944449499564,4.443468271280803,2684.626603349587,791964.8479881288,0.8668384704002005,0.5253831403109863,-0.45829090312896037,0.7565789833691924,4.339474613139586,0.8845576917119191,0.5724117580759607,-2.8023128584469505,1.5371617546926353,230.820481440182,68092.04202485371,0.7963598223259897,0.4579697871531936,0.25339295246917115,0.6042912781951018,2.548313694301492,0.6552678362804888,0.3651679489026699,-0.7135897241902205,1.8347239701112719,126.66590149279548,37366.44094037467,0.8258827507389588,0.3751454449316631,-1.0805238802622563,1.5356609467932962,5.616160032436815,1.8777077513082503,2.358254543506083,-4.913584646568816,0.7025753858679986,1040.1069878003104,306831.56140109163,0.830019835347209,0.4102624462839099,1.6252563204667332,1.4478074938804724,4.886653411173656,2.1766039250524014,2.0961465393364542,0.07660891722450207,4.963262328398158,1397.593370733288,412290.04436632,post-void,27
117.39784461911248,114.90001813785477,119.8956711003702,0.9291379686264316,0.8631106938770611,-1.493164365361219,0.07040473303438012,0.39960149037905124,1.4948232833409487,0.004956826433642335,-1.6764781355321947,-1.2768766451531435,659.1765112833732,194457.0708285952,0.8714930187332081,0.7515327033155883,1.954385858998364,0.06710419703082687,0.3010772328324023,1.9555375371267933,0.0045029732591520336,1.8593169461847803,2.1603941790171826,1128.1174824380178,332794.6573192153,0.9035915614786637,0.8000432596811173,1.7853339459328632,0.05115636759004038,0.22317690724651018,1.7860667043661091,0.002616973945007334,1.7109728767030363,1.9341497839495465,941.0601103713382,277612.7325595446,0.9223209988469222,0.82570537285408,3.0402307788900105,0.07519834483014859,0.3792426209196025,3.041160630413223,0.005654791065193935,2.9215336920119923,3.300776312931595,2728.354104092729,804864.4607073554,0.9133590491085033,0.7190302868127593,-0.0006675344706157036,0.21079146626790252,1.084971649743142,0.21079252323942077,0.04443304225137228,-0.4252068964462817,0.6597647532968604,13.107878916824315,3866.824280463173,0.9142755305184183,0.7906811667233605,-0.1645966737307912,0.05662220522393369,0.3024313009809227,0.17406360655709105,0.0032060741244212643,-0.33618993857012663,-0.03375863758920395,8.937951042660227,2636.6955575847655,0.9093885070457535,0.8359121877465545,-0.009513035232469543,0.08844900874608179,0.5125855996728542,0.08895911975451792,0.007823227148164453,-0.2626443881842624,0.2499412114885918,2.334548871312105,688.6919170370709,0.935770832296933,0.7451853802606071,0.2602056278200956,0.12222267882660753,0.6384999761338401,0.28748104627749327,0.014938383219552057,0.10017135096551018,0.7386713270993503,24.38037883079665,7192.211755085014,post-void,27
122.3934975816279,119.8956711003702,124.89132406288562,0.9131928160122289,0.8424628045510661,-1.6251899610383373,0.11860069531028099,0.6412218445374736,1.6295117472383787,0.014066124928082105,-1.9458820802857892,-1.3046602357483157,783.3160176444228,231078.2252051049,0.8982882653339337,0.807420921122106,1.8097261543937608,0.1122945731975878,0.41449501451350934,1.8132067794563473,0.012610071169628406,1.6542291806508842,2.0687241951643935,969.8770533946054,286113.73075140856,0.896029008325183,0.819274592543455,1.6765024405490845,0.08626074238362222,0.3699803808202642,1.6787201520335693,0.007440915676573639,1.5203401574452529,1.890320538265517,831.3398979088649,245245.26988311508,0.8986629549454859,0.8349099216338168,2.9582098740047593,0.1006133670974591,0.5538834333333944,2.9599203888445955,0.010123049638688066,2.673544167773739,3.2274276011071334,2584.532968947893,762437.2258396286,0.8888030012258797,0.7475120200372896,0.01755868598141177,0.2720061921453283,1.5649887331084633,0.27257233171911466,0.07398736856540127,-0.9778963605203257,0.5870923725881375,21.91722442554455,6465.581205535644,0.8744386916129683,0.6653381180665217,-0.15396866685977095,0.10243207271489854,0.7032776175001576,0.1849288509001378,0.010492329520670264,-0.45077459335141484,0.2525030241487427,10.08861056909739,2976.14011788373,0.8913945355102665,0.7310315948559191,-0.0673369918163363,0.11295782846892907,0.8617305696625895,0.1315056709016358,0.012759471012416002,-0.6452803925068079,0.2164501771557816,5.101653736390356,1504.9878522351553,0.9025713025252694,0.8224237560533285,0.32003649564724357,0.15285528727251033,1.1495699797536747,0.3546661774025398,0.02336473884716166,0.08938084291448875,1.2389508226681634,37.107488731032305,10946.70917565453,post-void,27
127.38915054414333,124.89132406288562,129.88697702540105,0.8918791031808917,0.7805559118158399,-1.9736398189373796,0.6979095734143977,5.277294480081485,2.0934019937791786,0.4870777726634667,-4.268661852797465,1.0086326272840203,1292.7879127297986,381372.4342552906,0.8918670998854032,0.5682379484863652,1.1385081310626535,0.7323706887228766,3.2603841787045162,1.3537236018464762,0.5363668257004206,-1.0525914056588517,2.2077927730456643,540.607439107878,159479.19453682407,0.9055935583321059,0.4562488375657295,1.1026944892338777,0.6551247583234345,3.137152416841693,1.2826237115986518,0.42918844896833847,-1.1186056025005622,2.0185468143411307,485.31145773875494,143166.88003293265,0.882348366041363,0.7665521157019641,2.7544698620556156,0.5224163687493476,3.5022170209848626,2.8035732705442062,0.2729188623372543,0.8281885982598107,4.330405619244673,2318.7068095764316,684018.5088250472,0.8564899259708595,0.42351970168483344,0.8441255726778347,1.9669166407039516,12.932163861476432,2.140399274417463,3.8687610714781178,-4.116974040712722,8.81518982076371,1351.4861709084062,398688.4204179798,0.8435130571800367,0.5064337120369925,-0.3053680469427714,0.5788537658775988,3.4750292489888297,0.6544626241156332,0.335071682270678,-1.8766556566106518,1.5983735923781777,126.35479127747458,37274.663426855004,0.8370731842612241,0.5437014587380005,0.32016418709281896,1.2482763690846737,8.155525848714536,1.2886811088520007,1.5581938936152164,-1.9350668730141662,6.220458975700369,489.90620509204655,144522.33050215372,0.8634922204961786,0.5383546426005271,1.9319134212821332,1.714071151753365,9.020112326657927,2.582698081581187,2.9380399132731077,0.0964852652369188,9.116597591894845,1967.7471672779272,580485.4143469883,post-void,27
2.49763312335193,0.0,4.99526624670386,0.8514641922990027,0.6761429579439177,-0.46517825357681336,1.5355677315197227,8.008192719637155,1.6044809334128598,2.3579682580846275,-4.356636303881087,3.6515564157560676,759.4359243771935,224033.597691272,0.8487938211378453,0.7106720760758479,-1.4871086287047288,1.0786503983972937,4.227358643790023,1.837111525066102,1.1634866819626404,-3.2863546724937307,0.9410039712962923,995.6187328815563,293707.5262000591,0.8379737038102855,0.6299067766697829,-1.5308560475019761,1.1087727959509417,4.186246363484547,1.8902109277046943,1.2293771130408686,-3.3671355275883252,0.819110835896222,1054.004718608201,310931.3919894193,0.8505927950352397,0.6805589213346739,2.9735402989838073,0.8247989226166786,4.311101581260029,3.0858119146231746,0.6802932627496339,0.9636313511791796,5.274732932439209,2809.059375866951,828672.5158807505,0.8433848651633528,0.6164594559958609,0.7155130575208992,1.8838642485904873,9.843486147691284,2.0151683410078443,3.5489445071174015,-4.736656424977621,5.106829722713662,1197.9665155670907,353400.1220922917,0.744379415886398,0.5922374493282532,-0.8005027372353627,2.1240325713337094,13.054392276725492,2.2698720220329163,4.51151436408649,-6.594068396844062,6.460323879881431,1519.9341039403007,448380.5606623887,0.7881648160998261,0.6021661467783118,0.5545896952742064,2.1298299185826033,12.737694611042894,2.200851019990657,4.536175482089578,-4.419103803721242,8.318590807321652,1428.9048375972047,421526.9270911754,0.8177116520919503,0.6797746706454381,3.2556860707657744,1.8594289069022598,8.283498450914362,3.7492622809296794,3.457475859823733,0.42208004447965747,8.705578495394018,4146.805457104596,1223307.609845856,pre-void,28
7.49289937005579,4.99526624670386,9.99053249340772,0.8866655420730687,0.7527366984290959,0.4896948525438166,0.45181758359839397,2.1225053643149603,0.6662883590883171,0.20413912884869173,-0.4431049317320004,1.67940043258296,130.96235234969762,38633.8939431608,0.8546228650572393,0.78096302314888,-0.4392791328839524,0.6214447674860771,2.859669222141923,0.7610254631897028,0.3861935990358245,-2.48041114983763,0.37925807230429276,170.85212790881496,50401.377733100424,0.8270892287143824,0.7657108871910924,-0.43147437634052144,0.642635251660664,3.151635044065706,0.7740479339907878,0.412980066676965,-2.785458681632608,0.3661763624330981,176.74931021404507,52141.04651314329,0.8744383045645998,0.7325720594904043,0.9503826285846292,0.8479522371452776,3.7324836211359056,1.2736758367791667,0.719022996479681,0.06730096881065634,3.799784589946562,478.5637904725576,141176.31818940453,0.8297418773021183,0.7102362918884187,-0.3649549148791261,1.0021355070523899,5.067943676861303,1.066521291109362,1.0042755744951504,-3.118874233876173,1.9490694429851292,335.55296099492625,98988.12349350324,0.843122410973839,0.6832111011132289,0.019778728152425387,0.5850316012490218,4.954633132991116,0.5853658450467724,0.34226197445999446,-2.3320218271802946,2.622611305810822,101.08268590145998,29819.392340930695,0.8457249247965521,0.595617978157021,0.046302244522399776,0.7125294975047012,3.725954048386677,0.7140323400673907,0.5076982848143019,-1.3397566827789786,2.3861973656076985,150.4034438853236,44369.015946170475,0.87470831476223,0.7005423314162053,1.1857790690085428,0.7641276196423276,3.550107131302794,1.4106604905500886,0.5838910191002497,0.06511826209062455,3.615225393393419,587.0390907817099,173176.5317806044,pre-void,28
12.48816561675965,9.99053249340772,14.98579874011158,0.9059746817854744,0.8422191955579712,0.5005750498342578,0.15576584954664513,1.002248086769707,0.5242503031964386,0.024262999884988083,0.036693570859950696,1.0389416576296577,81.07732221845954,23917.81005444558,0.9250838899860103,0.8490091737993434,-0.11290600736547457,0.19992627197403381,1.4009056079654263,0.2296046182563581,0.03997051422543534,-0.7870198702226984,0.6138857377427278,15.55189281377114,4587.808380062486,0.9265137490987321,0.8441237560158426,-0.10488172697816442,0.1781861365715673,1.1197887050802877,0.20676188217421376,0.03175029926630123,-0.5281891880173161,0.5915995170629718,12.611390396465918,3720.3601669574455,0.8898899285764328,0.8847506110825459,0.5830541783071228,0.17422675513546987,0.9189039730450134,0.6085286657557137,0.030354962205034974,0.14670020708967155,1.065604180134685,109.2406054286966,32225.97860146549,0.878957684977959,0.6964386773273458,-0.03801358951579896,0.561686399874258,4.605086871111578,0.5629712646233204,0.31549161180370483,-3.1479480956844537,1.4571387754271246,93.49631021351627,27581.411512987295,0.8703630919296428,0.7735374634428819,0.04121280217337064,0.31594472792525663,2.2630081720605624,0.3186213523396475,0.09982107110376442,-1.2396722630114845,1.023335909049078,29.94827201919001,8834.740245661054,0.8900501783074406,0.8048989347918705,0.07391780757491698,0.21047184141670086,1.1593406306290142,0.22307451290100205,0.04429839602933688,-0.4654189711331133,0.6939216594959009,14.6798603002757,4330.558788581333,0.9372240601609568,0.7452353073794774,0.5553243439371635,0.39979159857994095,3.242908353609928,0.6842648969984838,0.15983332229510466,0.0589374701137217,3.3018458237236494,138.12444253298196,40746.71054722966,void,28
17.483431863463508,14.98579874011158,19.98106498681544,0.9198768434224462,0.836782145627625,0.31496320805255656,0.1523230390694861,0.8365526591891179,0.3498630169911107,0.023202308231364193,-0.08931775234200254,0.7472349068471154,36.10921854414606,10652.21947052309,0.9166146893723761,0.7918979893412229,-0.2504209642189181,0.15524571631976508,0.8966292367499062,0.29463857818685185,0.02410123243563697,-0.7206702198213855,0.17595901692852078,25.609508068011035,7554.804880063254,0.9152501808072461,0.7555112590117355,-0.23673765406399414,0.14404791610067041,0.7188726630048928,0.27711824007933716,0.02074980213294578,-0.6107464419757014,0.10812622102919148,22.6543831004774,6683.043014640832,0.9356772795107552,0.7710101329325056,0.5031632981436193,0.1812104765183193,0.9189355845537486,0.5347995338430662,0.03283723679999636,0.07494005663239439,0.993875641186143,84.37310971263449,24890.067365227183,0.8524047621580421,0.7438869602460491,0.02097940294185494,0.5520290291024782,3.4596746243883447,0.5524275376188459,0.3047360489718247,-1.763046743932905,1.6966278804554398,90.0269743742883,26557.957440415048,0.8650944949745256,0.7191853843744865,-0.011453326925226822,0.3353296085717648,2.0491579433903593,0.33552514821179813,0.112445946384893,-0.8623057638691918,1.1868521795211675,33.21025189935199,9797.024310308838,0.8581710863673393,0.7939160975040122,0.009451409133919477,0.19062499328320678,1.043302383875331,0.19085915539695592,0.03633788806422263,-0.665926956022132,0.377375427853199,10.746029073657613,3170.078576728996,0.8981370939805791,0.8104968503332146,0.5839267154826115,0.3364671121323733,1.7458447304795444,0.6739291703146629,0.11321011754669907,0.09471532576438964,1.840560056243934,133.98325534729793,39525.06032745289,void,28
22.478698110167368,19.98106498681544,24.9763312335193,0.9254763247150064,0.8438717583501196,0.22199630381393262,0.1021402775962355,0.6044875190486149,0.24436651819446117,0.010432636307436046,-0.1440907043583706,0.46039681469024424,17.615923588272757,5196.6974585404605,0.9299863323270808,0.8114042907805509,-0.47443814062370737,0.11373825378040109,0.7224575246392098,0.4878810712166395,0.012936390373014922,-0.8059293666604156,-0.08347184202120585,70.21824219719122,20714.381448171407,0.8910276758230345,0.8069908674948306,-0.4596106940837244,0.10374995236366058,0.5441751153766052,0.4711751720237227,0.01076405261546184,-0.7146129313993066,-0.17043781602270136,65.49178260581749,19320.075868716172,0.93904681050071,0.8163166858994577,0.7066519540239091,0.14280053736507897,0.7840832430859296,0.7209361813625145,0.020391993471755316,0.2723972861059393,1.0564805291918689,153.32594839128149,45231.15477542804,0.8446827540024092,0.7735271547857091,0.03037255835602803,0.41882734838018065,2.6775605665327102,0.41992718422634123,0.17541634775117323,-1.1791904216745002,1.4983701448582099,52.01995781541775,15345.887555548235,0.8808894534263632,0.7372708027271961,-0.0022151441002590845,0.2478182309203629,1.3912774743410554,0.24782813084854435,0.06141387557649831,-0.7100831510757456,0.6811943232653099,18.11854081976555,5344.969541830838,0.8966620084324975,0.8109471835131696,0.0742972319323654,0.1716244771983314,0.9761336793782603,0.18701614862469035,0.029454961173600573,-0.3835726621381951,0.5925610172400653,10.317636754691621,3043.7028426340275,0.9196674781550193,0.7958441686218526,0.455982525593119,0.25458318619319614,1.4805020963271736,0.5222381280015459,0.06481259869227958,0.046027877979110766,1.5265299743062843,80.45613538987492,23734.559940013092,void,28
27.473964356871228,24.9763312335193,29.97159748022316,0.9188485080893143,0.8768683231193928,0.24266634770284776,0.1306505242025484,0.8616265893467328,0.27560209683861275,0.01706955947440069,-0.28947670593853175,0.5721498834082009,22.40717215564283,6610.115785914633,0.9076822232337797,0.6396557823375773,0.13687432197851046,0.6257105768345923,2.1997994640419387,0.6405062887901689,0.3915137259626783,-0.8669608567075855,1.332838607334353,121.0232502640278,35701.858827888194,0.9081335432767264,0.5717292083890683,0.1470196937214243,0.6213323926280633,2.146672967177392,0.6384894145331268,0.38605394212891375,-0.8070602320884943,1.339612735088898,120.26227607890225,35477.37144327616,0.9162302185456556,0.5923024850932698,0.9016609336747512,0.28439605292132036,1.62979072422378,0.9454488638908244,0.08088111491722644,0.2132822728343102,1.8430729970580901,263.6926984985729,77789.34605707905,0.8298039449249555,0.6476902330540609,-0.3475678704328686,1.1474091532972746,7.726474751971563,1.1988958210068161,1.3165477650703683,-5.532203436098181,2.194271315873382,424.0186009401442,125085.48727734253,0.8631371653722828,0.7486701445949921,0.02859608698685246,0.34643362602696176,2.7080840100141192,0.3476118430565167,0.1200162572421888,-1.7734302623495197,0.9346537476645994,35.64602806277878,10515.57827851974,0.8909772295339412,0.7961312593486635,0.05735768118664988,0.20894628400696125,1.367835218347424,0.21667591742375772,0.04365854960031771,-0.6760155000494812,0.6918197182979429,13.849793691470987,4085.689138983941,0.863457767465358,0.6856139774282944,0.8934147797271029,0.8983004328270999,5.443383670600268,1.266938686855912,0.8069436676173551,0.09740272673415383,5.540786397334421,473.51442269439394,139686.75469484623,void,28
32.46923060357509,29.97159748022316,34.966863726927016,0.9153583586266207,0.852742206784417,0.39097769875473465,0.13733320621980327,0.8353123010548124,0.41439591027682576,0.018860409530611015,-0.08741742513228949,0.7478948759225229,50.65857128397691,14944.27852877319,0.9192439343805966,0.8419058441482367,1.5287975310411674,0.20608761758481445,1.085986554905448,1.5426256827368572,0.04247210612178472,0.8281367182457294,1.9141232731511775,702.0097291266096,207092.87009234985,0.9188417054252322,0.8506936885376167,1.502262035128191,0.18367729742241437,1.1727120922466094,1.5134492299961355,0.03373734958840207,0.6726992616986958,1.8454113539453052,675.7059286738893,199333.2489587974,0.9207566213969799,0.857985218585018,2.1838594751119063,0.26963740881665277,1.6017807727711504,2.2004423508170827,0.07270433223335875,1.070603710909647,2.6723844836807973,1428.3742290844757,421370.39757992025,0.9063779022419015,0.7257222343776633,-0.18083735799336792,0.4588626486720715,2.8349348355350603,0.49321098973195077,0.2105549303463489,-1.8310210528456996,1.0039137826893607,71.76083871574927,21169.447421146033,0.9004225905079558,0.7852173856597375,0.04309502369444692,0.22541646255012768,1.239631552686052,0.2294989382455572,0.05081258158861312,-0.6560332739698991,0.5835982787161529,15.53757998347223,4583.586095124308,0.9151908548571658,0.7925130398158285,0.09059449693592858,0.18164089820196416,1.0707067560820511,0.20297974966653765,0.03299341589961631,-0.4645784871633584,0.6061282689186926,12.154229738533633,3585.497772867421,0.9384066898689891,0.8502440936160307,0.5009965001120756,0.2934793496966179,1.7897592301166885,0.5806269213728371,0.08613012869834971,0.0848996137107004,1.8746588438273888,99.45264843775513,29338.531289137765,void,28
37.46449685027895,34.966863726927016,39.96212997363088,0.8596693542555759,0.6752196973011829,0.17198752468819195,0.5907084802095954,3.533480237888427,0.61523671642702,0.34893650859152997,-1.2823563234633368,2.25112391442509,111.66228408577092,32940.37380530242,0.9201188872893695,0.7915160541140879,1.1807341513216123,0.6885485277514368,2.8035513980825546,1.3668329126728838,0.47409907506867116,-0.19402612414406648,2.609525273938488,551.1285022939225,162582.90817670713,0.8946525496865141,0.7928681614304643,1.169489484541429,0.6478246669958516,2.616144557693575,1.3369302351361732,0.419676799168286,-0.18094407849719002,2.4352004791963853,527.2778238182726,155546.9580263904,0.9048380262237778,0.7318408567437,1.833714620313873,0.8195252121040282,3.143340552481467,2.0085145959208273,0.6716215732741524,0.43285759130957363,3.5761981437910406,1190.068610197966,351070.2400084001,0.8534132150390801,0.7198044087101836,0.1908617667386661,0.9640866070134806,5.615307369204535,0.9827976393059611,0.9294629858227653,-3.440990130309031,2.174317238895504,284.9379039484842,84056.68166480283,0.8628246808794671,0.5844832365194366,0.7322129840097675,1.479912660547133,10.633337073649251,1.6511442507546643,2.190141482847694,-2.3038312991692353,8.329505774480015,804.2518143560537,237254.28523503582,0.868156631715338,0.4849305677717728,-0.15429388941702404,1.0422992210087867,8.349770483955748,1.0536575679161404,1.0863876661155234,-3.907284553269801,4.4424859306859465,327.507309775952,96614.65638390588,0.8939459771406333,0.6253924232006834,1.6167334362974723,1.4793700696615013,8.520755626187489,2.191429398144624,2.188535803010275,0.07777878814207992,8.598534414329569,1416.6970280804899,417925.62328374456,post-void,28
42.459763096982805,39.96212997363088,44.957396220334736,0.8929057264100133,0.7678869156830019,-1.5997249700744574,0.9850627659002372,4.519456632535493,1.8786880083299489,0.9703486527630256,-5.320163575866749,-0.8007069433312557,1041.1932466296112,307152.00775573525,0.8986678234867245,0.8091445334757776,-0.06894540435270217,0.2209425355214906,1.2261471946145568,0.23144993580474965,0.04881560400266514,-0.8573893004356271,0.36875789417892973,15.802876471286705,4661.848559029579,0.9116888741994903,0.7576817855780843,-0.039254665092800435,0.20373883758200753,1.133702702298992,0.20748600596381334,0.04150951393926764,-0.6927741174403987,0.4409285848585933,12.699880587890597,3746.4647734277255,0.8929516408671794,0.7646960604425772,1.6311872995180263,0.982505034078033,4.516484159479968,1.9042290167145306,0.9653161419886769,0.815716250467924,5.332200409947892,1069.6960036887886,315560.3210881925,0.867752936781007,0.6769447197584385,-0.06407126333733892,0.5989631545320906,2.8381544240586036,0.6023802679974466,0.358756860487033,-1.4579138797748035,1.3802405442838,107.04428624543931,31578.0644424046,0.8368762385423056,0.7185835335262455,-0.03555118888451798,0.5949054506128473,4.204416114403694,0.5959667626638063,0.35391249516887485,-2.179512433136447,2.0249036812672467,104.7770327489934,30909.224660953052,0.8550471095582877,0.5085936765710727,-0.7054756232689366,1.3385368665590025,5.716597090443216,1.5130686693485815,1.791680943137593,-4.99956285384739,0.7170342365958257,675.3661554584648,199233.01586024713,0.8606694216310387,0.6202034811761041,1.2181772236679802,1.2342849830462628,5.468472161867223,1.734190060990127,1.5234594193735131,0.07769777425950805,5.546169936126731,887.1874744528975,261720.30496360475,post-void,28
2.4977718564157736,0.0,4.995543712831547,0.8394594925819033,0.751251990254612,0.16114968819291556,0.4465896742178575,2.0941290876019485,0.4747752722317012,0.1994423371180121,-1.0772771223104662,1.0168519652914823,66.49640994119237,19616.44093265175,0.8577907087170309,0.6629801447772008,-0.4588563162865564,1.107673941480382,4.2984409277561975,1.1989539939592149,1.226941560634685,-2.530225317580668,1.7682156101755293,424.0597504910722,125097.62639486631,0.8742540165780595,0.4822580914184557,-0.46938555901608053,1.2077365980264974,4.529979396586808,1.295743220404975,1.4586276902126174,-2.8221717529904136,1.7078076435963943,495.29039550150947,146110.6666729453,0.8892117459563417,0.6635880701596375,1.609138379640727,0.8674827993373185,3.417119917732494,1.828073502892839,0.7525264071461105,0.12231208922720593,3.5394320069597,985.846555933774,290824.73400046345,0.8687560442442976,0.5564141391161852,0.6889620441331654,1.74289522355844,9.382188936610543,1.8741271191034439,3.037683760302825,-1.6703171476656788,7.7118717889448645,1036.1439752748975,305662.47270609473,0.8067073303335567,0.39897602761458556,-0.5424759486522177,2.0753918778513274,10.682634226899928,2.145118085681388,4.307251446651258,-7.587299773611287,3.0953344532886407,1357.4518224476278,400448.28762205015,0.8130775142943321,0.5868838861686761,0.37298569400930554,1.1719768047047248,6.109427715404115,1.2298975399200942,1.3735296307658966,-2.5910550909785424,3.518372624425573,446.23114781694244,131638.188605998,0.8685317498923608,0.5422105775722112,2.3707152828076277,2.0015596585263715,8.133067975276747,3.102665308855897,4.0062410666402055,0.11484348260169047,8.247911457878438,2839.8269455394675,837748.9489341427,pre-void,29
7.493315569247321,4.995543712831547,9.991087425663094,0.908904579652076,0.7859049943294404,0.5716248195084469,0.11875139971733048,0.7484173420528373,0.5838294521629495,0.014101894934825197,0.22873393862301078,0.9771512806758481,100.55276461780247,29663.065562251715,0.8990389895151543,0.7721763335466623,-0.5687467884945018,0.35468895949690704,2.067777716249017,0.6702814091199367,0.12580425798899855,-1.9026807450832568,0.16509697116576016,132.53676438648338,39098.3454940126,0.8633732707603737,0.7569065250747924,-0.5797476383607553,0.364282346607072,2.001639039058182,0.6846962481527323,0.13270162804955493,-1.9690276248267629,0.032611414231418924,138.29864090915626,40798.09906820109,0.8727763163814792,0.7733670519700498,1.0396081433807878,0.42208749931202305,2.192707646517932,1.1220262692375458,0.17815785707547704,0.5194258323098727,2.7121334788278046,371.3881699134421,109559.51012446539,0.865305796923998,0.7542708341567401,-0.1898540919386607,0.7124130519500487,4.13546803996196,0.7372767003063615,0.5075323565887828,-2.529661115814883,1.6058069241470774,160.35519518031774,47304.78257819373,0.8516124696457628,0.5054534080157665,0.2534041889286773,0.8483593114785891,4.837418099362241,0.8853966367335188,0.7197135213724258,-1.5578702714359318,3.2795478279263084,231.25852528001283,68221.26495760381,0.8579342513456947,0.6939516373910569,0.19686987375850512,0.6614813694702496,3.4494968163986783,0.6901560326114136,0.43755760215623685,-0.6496203640245062,2.799876452374172,140.51302805822834,41451.343277177366,0.888412221538592,0.7971829518540737,0.9167936395110473,0.9814830151641328,4.595297533758048,1.3430634707650972,0.9633089090556773,0.08156637202966309,4.676863905787711,532.1267485185589,156977.3908129749,pre-void,29
12.488859282078868,9.991087425663094,14.986631138494642,0.9107614387793619,0.8590459078612587,0.575623020775771,0.12798767414003803,1.401554980566984,0.5896801732963388,0.01638084473177656,-0.21589737131048423,1.1856576092564999,102.57819849974607,30260.568557425097,0.9170185025344559,0.8633262598650233,-0.24452485518011596,0.7070880019128976,7.3552399974813065,0.7481750111103889,0.4999734424491738,-2.440246099731797,4.914993897749509,165.13092493875902,48713.622856933915,0.9292259540691671,0.8580748471577002,-0.23327871846167186,0.5269268208314074,4.228083466582678,0.5762558763245839,0.2776518745114941,-0.842810015619897,3.3852734509627815,97.96089632459115,28898.464415754388,0.943274500830721,0.8996003716338578,0.9663835839986766,0.5528672151659181,5.521990908282257,1.1133550148211688,0.3056621576053176,0.35152802233846914,5.873518930620726,365.67001976309626,107872.65583011339,0.9108294283947409,0.7509928828269082,-0.11278186114710188,0.9386986150222961,7.589742258124513,0.9454495428358836,0.8811550898447769,-3.9488284692296736,3.6409137888948395,263.69307722433143,77789.45778117774,0.8954785097634407,0.7654172731234321,-0.040784649039033755,0.4062012704602129,3.517435178795435,0.40824362789972374,0.16499947212349103,-2.149393450810457,1.3680417279849784,49.16554361761479,14503.835367196367,0.9066450387056214,0.7688648378890824,0.0764918535121802,0.33605077382377607,3.2615497597781014,0.34464637854079877,0.11293012258755872,-1.6256972175248374,1.635852542253264,35.04043224117983,10336.927511148051,0.9433559919290401,0.7497854312310781,0.7457142672555057,0.7894485769334068,4.403609222510182,1.0859644671952196,0.623229055622181,0.029213136398396473,4.432822358908578,347.8990530831261,102630.22065952217,void,29
17.484402994910415,14.986631138494642,19.98217485132619,0.9474188898973553,0.8910809829498094,0.6296179209505537,0.05393405034827401,0.48255231391826786,0.6319237360386678,0.002908881786970156,0.27398530035336693,0.7565376142716348,117.80164440987502,34751.48510091314,0.9371355655714761,0.8341166868498484,0.0949809330022371,0.20816161774773598,2.0795625596309972,0.2288069857703868,0.043331259103354544,-0.7560987450694278,1.3234638145615696,15.444027837512348,4555.988212066143,0.9424956695349962,0.8747102063013602,0.11786658962954152,0.158506313316459,1.4934290784097293,0.1975266673441189,0.025124251361175468,-0.46176687684870854,1.0316622015610206,11.509951372061892,3395.4356547582584,0.9528666299157414,0.8957199058798148,0.6860743161299238,0.14141803974503914,1.3960131051123272,0.7004977010800764,0.01999906196532947,0.3837794177785703,1.7797925228908975,144.75562361944927,42702.908967737545,0.9515146974448303,0.8173568933055149,0.14657086237268613,0.23663196970773004,1.7902442601950277,0.27834817546453033,0.05599468908776006,-0.49298675866319935,1.2972575015318284,22.855923501407723,6742.497432915279,0.9015791663116748,0.7944682999993835,0.014907394708493569,0.22982864383903226,1.766574802816003,0.2303116061901431,0.05282120552888874,-0.35204853347356124,1.4145262693424419,15.647813604035651,4616.105013190517,0.911201630140362,0.8204871962644148,0.09876925011013522,0.15350444205869695,0.999244115098979,0.18253486926905307,0.02356361373175185,-0.401258374646464,0.597985740452515,9.829098657225737,2899.5841038815925,0.9512184719549309,0.8923302823405382,0.32402460424439894,0.24258643217139633,1.4938900027131814,0.40477169025190834,0.05884817707364748,0.043666373316548816,1.5375563760297302,48.33283576266911,14258.186549987393,void,29
22.479946707741963,19.98217485132619,24.977718564157737,0.9285936023714192,0.8087747363802198,0.6018076749960264,0.07321301999031102,0.543312552172456,0.6062446898573418,0.005360146296101681,0.27551646513257505,0.818829017305031,108.42212407416625,31984.526601879053,0.9360233108841927,0.8278849174985943,-0.208074703921106,0.21246478439529973,1.0740278117612525,0.29738252642009266,0.0451412846081412,-0.7928998422828135,0.2811279694784389,26.08872827089915,7696.174839915248,0.9338378285652443,0.7374085363793267,-0.2010863830757804,0.20257242044993906,1.071262229866659,0.28543181144617774,0.04103558552694689,-0.7797220470798724,0.2915401827867865,24.03403910070668,7090.04153470847,0.9398865754855131,0.8261099270080813,0.7180038479380584,0.14802291826541464,0.7827599646029267,0.7331032055486241,0.02191078433180962,0.43798695136091526,1.220746915963842,158.5448914457721,46770.74297650277,0.8923606465777129,0.6000250625262642,0.1518301062398861,0.5216248190999184,3.4988300504747025,0.5432723378397226,0.27209245190102266,-1.321172659624164,2.1776573908505386,87.06772575324214,25684.97909720643,0.8766551429103009,0.5914445850403943,0.08815241229904676,0.3775255889390508,2.39773588528068,0.38768081987366654,0.14252557030377716,-0.7140465291409972,1.6836893561396826,44.3374433388859,13079.545784971338,0.8701658231128757,0.7425712733381465,0.06324235877476501,0.26600789583573675,1.9608774533838782,0.27342237763276117,0.07076020064695616,-0.6873182545979151,1.2735591987859631,22.054139994153918,6505.971298275406,0.9179161487721268,0.6155443408427588,0.550088603251623,0.46647998491123577,2.2529430867119267,0.7212496431542329,0.21760357632278673,0.08341116055169252,2.3363542472636194,153.45930908628193,45270.49618045317,void,29
27.47549042057351,24.977718564157737,29.973262276989285,0.8404169888667886,0.6995282756763568,0.06126889814314484,0.6473619982202204,2.6388724292056667,0.6502548997272929,0.4190775567396767,-1.898443012259508,0.7404294169461585,124.73527321270878,36796.90559774909,0.8816879314669906,0.7854757086607826,-0.7739403564638523,0.5096423695968887,2.674665945682279,0.926670934178755,0.2597353448883317,-1.5942367668217108,1.080429178860568,253.32211097425932,74730.02273740649,0.8824047144209055,0.6918014947292415,-0.7926625042260957,0.5308394363467424,2.5808131520134387,0.9539938955710945,0.2817905071809272,-1.6104854155729997,0.9703277364404389,268.48078407213916,79201.83130128107,0.8516859025717656,0.7332740657309836,1.437779825429638,0.3527661849518889,1.6999726010522895,1.4804238608108118,0.12444398124551027,0.6877727183391263,2.3877453193914158,646.5381682591071,190728.7596364366,0.8576418462227646,0.7415075366939495,-0.4077858472535551,0.7856869395081559,3.69806952958385,0.8852080343817449,0.6173039669136927,-2.465366040306041,1.232703489277809,231.16001291952776,68192.2038112607,0.7799426085775636,0.6152867036641335,0.2006000279563942,0.6876333854065216,3.4952771011660717,0.7162960588623534,0.4728396727256339,-1.6077482304538437,1.8875288707122277,151.3586129628133,44650.79082402993,0.7733034804120374,0.589058488578292,-0.8500467650474322,1.4815162977148144,6.856710464390642,1.708060316019963,2.194890540394611,-5.292708118856616,1.564002345534026,860.6536627328536,253892.83050619176,0.8151439223755848,0.6205280276544873,1.5726540166036183,1.319432717230573,5.756827699512345,2.0528378774852016,1.7409026952984532,0.1546257929745709,5.911453492486916,1243.1722886151947,366735.82514148246,void,29
32.471034133405055,29.973262276989285,34.96880598982083,0.8881444113056246,0.6962475847392388,-1.973242974043127,0.3045032312338524,1.1598068151947012,1.9965996224687668,0.09272221783185701,-2.6666044694294784,-1.5067976542347772,1175.9909654705145,346917.33481380175,0.8974249715282955,0.6579491803470592,1.506820855218456,0.5155905902909772,2.355064340132251,1.5925899492706457,0.2658336567965983,0.5089635405519745,2.864027880684225,748.2211102227741,220725.22751571838,0.863841502121073,0.5240364626156385,1.50768145026727,0.4599765637976515,1.9035411835914882,1.5762873452271047,0.21157843924309497,0.7098292215666013,2.6133704051580895,732.9811294433184,216229.433185779,0.8795653894494756,0.5387192350560683,2.9219314373118936,0.6853840305491992,2.62139692841076,3.001238843158507,0.4697512693318655,2.0413812543924617,4.662778182803222,2657.193205136607,783871.9955152991,0.855439891365257,0.5399487377321568,-0.18260020841455002,1.056735668396685,5.556852302383088,1.0723959665043628,1.116690272861789,-3.126257479117725,2.4305948232653627,339.2597671475737,100081.63130853424,0.7883428072119414,0.5418261817120678,0.006774368914924044,0.9686160359673028,4.99074890965284,0.968639725185379,0.9382170251330112,-2.3673574094434886,2.6233915002093515,276.78756057612594,81652.33036995717,0.791858982350016,0.4777032207545578,0.054063741555866476,1.4545975102678181,9.054145813123398,1.4556018703712754,2.1158539168773354,-3.941917060833164,5.1122287522902345,625.0391574833648,184386.55145759258,0.8397635290031706,0.4367442720508831,1.5477496944800637,1.3459359993875106,6.093872585493287,2.051115021448185,1.8115437144472568,0.030276957724455985,6.124149543217743,1241.0864852070645,366120.5131360842,post-void,29
2.497674448989091,0.0,4.995348897978182,0.9518704525696324,0.8619651938290135,-1.731245460146982,0.6239507278712959,2.361405447950659,1.840251437736337,0.38931451081111995,-2.7436845053225944,-0.38227905737193507,999.0249794567434,294712.3689397393,0.9397515202856251,0.8289909531677381,-1.0877678882376163,0.2013537579163448,1.0736865860101266,1.1062469500558894,0.04054333582703398,-1.6001900418798691,-0.5265034558697426,361.01578277984737,106499.65592005503,0.9093587139775253,0.7904990208824958,-1.0882456796950453,0.18927499231727707,0.9777034063926335,1.1045830353991664,0.03582502271670529,-1.594885462645916,-0.6171820562532824,359.93058621703267,106179.52293402462,0.9515702288780377,0.8451136296237005,2.385234493287794,0.37558988633930435,1.9201666348480102,2.4146244740518656,0.14106776272037155,1.2469199095098475,3.1670865443578577,1719.9713484536235,507391.5477938188,0.922952762637314,0.7185113913343671,0.23171995962892322,0.6678426601759901,4.046239307834715,0.7069002464572869,0.44601381875094304,-1.5679030640440887,2.478336243790626,147.413847740205,43487.08508336048,0.8409692313279934,0.5926802750046264,0.1996833240630251,1.1498141405210618,5.661717008631193,1.1670244160475165,1.322072557742188,-2.005274009998485,3.6564429986327083,401.7740663570589,118523.34957533235,0.933212863781254,0.670115418672596,0.28824121067989406,0.8221912989407066,4.167843569683512,0.8712528494002287,0.6759985320538064,-1.4506942408364214,2.7171493288470905,223.92905063846518,66059.06993834724,0.8930580182285177,0.7123811008265905,1.446871356304582,0.7261533942534296,4.044096847852929,1.6188685782608907,0.5272987519857768,0.20116912884968,4.245265976702609,773.116964735729,228069.50459704013,pre-void,30
7.493023346967274,4.995348897978182,9.990697795956365,0.928566718498053,0.8070384315270046,-0.9579328283500154,0.3377116229896338,2.101940998547806,1.0157186834615934,0.11404914030229256,-2.2086999637604783,-0.10675896521267214,304.34691096022095,89782.33873326512,0.9336841279663205,0.8126491721764162,-1.1442108344019213,0.20395906426018526,1.0479336050829757,1.1622468470409508,0.04159929989389038,-1.6769468225318296,-0.6290132174488537,398.4912313697063,117554.91325406336,0.9034570848029014,0.7894917151826331,-1.1604931720322345,0.18683107535920765,0.965064640509259,1.1754361969300227,0.03490585071987793,-1.6141511858529465,-0.6490865453436875,407.586824650728,120238.11327196474,0.9073747281287098,0.795160488788254,1.919284179988287,0.2837263944182631,1.504385213334194,1.9401423737558279,0.08050066688958778,1.097805314073764,2.602190527407958,1110.4249669806552,327575.36525929335,0.8970371964578818,0.7753460170057197,-0.08027936684919379,0.5602125780231884,3.473708676078025,0.5659354285756409,0.31383813257538684,-1.3873569839338067,2.086351692144218,94.48345824854283,27872.620183320134,0.8474479616677234,0.648266428843688,-0.11983354060915838,0.8405527921439412,4.789139414776443,0.8490518675769475,0.7065289963809755,-2.708825356570114,2.0803140582063286,212.6622767815912,62735.37165056942,0.8791274822172237,0.6388067579036405,0.05145611699395079,0.9673695381589651,4.470747315064825,0.9687370929896224,0.9358038233578894,-1.933931050436564,2.5368162646282606,276.8432088235254,81668.74660294,0.9011203570360361,0.7797212307746711,1.269124311295927,0.6074100929064483,3.3731177804607912,1.4069909518141832,0.3689470209646201,0.14576040480041197,3.518878185261203,583.9889438536594,172276.73843682947,pre-void,30
12.488372244945456,9.990697795956365,14.986046693934547,0.9456206399105778,0.8407070970857063,-0.5089023988431286,0.3670571264279083,1.7972689141775806,0.6274652066926134,0.13473093406151343,-1.532999439980645,0.2642694741969357,116.1452127548922,34262.83776269321,0.9539403584581004,0.8266984569273725,-1.1537357740046177,0.20142192208770332,1.208295839113707,1.1711861623651207,0.04057079069750483,-1.6958958004727975,-0.48759996135909056,404.644722940084,119370.1932673248,0.9492470408950794,0.7694293236345822,-1.1841175550176786,0.1820959609936049,1.1026940472174096,1.1980372795164722,0.03315893901018448,-1.653631638180714,-0.5509375909633042,423.4115303178128,124906.40144375485,0.9492470408950796,0.7980829214037876,1.7688406600405615,0.2681150033546102,1.452615351364855,1.789045258129758,0.07188565502384264,1.133195600175018,2.585810951539873,944.201466012789,278539.43247377273,0.9311553056962621,0.7050265610665478,0.16624664658081983,0.7187156180927917,4.141297940695966,0.7376924068945482,0.5165521396905036,-1.456660425339516,2.6846375153564503,160.5360757210121,47358.14233769858,0.8704754648410005,0.5942114999019938,-0.07374238336629561,0.9025065180600469,6.401520680698082,0.9055141932876654,0.8145180151408697,-3.1392940438493615,3.2622266368487214,241.88700650239636,71356.66691820693,0.8647265393794227,0.6470309184231944,0.08602969262154207,0.9701701440300345,6.123078527138475,0.9739770101905975,0.9412301083672581,-2.333255497988191,3.789823029150284,279.8462088320455,82554.63160545341,0.8738657756585265,0.6608007847799985,1.2537754879480152,0.8607114984916928,4.3136285961000915,1.5207817916503006,0.7408242836358153,0.07278556431044206,4.386414160410534,682.269291055454,201269.4408613589,void,30
17.48372114292364,14.986046693934547,19.98139559191273,0.9679277328239513,0.88193115384176,0.5330522837701352,0.39031228576381427,3.9084977265588874,0.6606727008517381,0.1523436804181734,-1.8484819188650368,2.0600158076938504,128.7640832069654,37985.40454605479,0.9529405597950056,0.8605698422571555,-0.7691909887298788,0.17904450322608692,1.8796787069391248,0.7897542094086772,0.03205693413547625,-1.882984601030026,-0.003305894090901268,183.9949548272238,54278.51167403102,0.9394883344810492,0.8077045855613422,-0.7904854766697176,0.14076386978447147,0.7829983491074212,0.8029207656191552,0.019814467036699642,-1.2523048039193925,-0.4693064548119713,190.18111797942285,56103.429803929735,0.9562001688600927,0.8672926312869335,1.281017264118966,0.25273831094842886,1.8989284674880245,1.3057112562859774,0.06387665382106472,0.6132649532352307,2.5121934207232552,502.9401560136121,148367.34602401571,0.9287037680786888,0.7676574433832906,-0.062348534675226386,0.8033461512380207,5.836860987788316,0.8057619862497167,0.6453650387089407,-3.8583018825219013,1.9785591052664144,191.52945165310115,56501.18823766483,0.8297833200453074,0.6008082448865618,-0.10512618817590527,1.6381936976871045,12.856622539260474,1.6415633117800068,2.6836785911417484,-6.411126814860355,6.4454957244001205,794.9453814417325,234508.8875253111,0.9167634020815674,0.7610814554346893,0.04298878704183421,1.0327278497919605,8.93490314744037,1.0336221976850413,1.0665268117359261,-2.7155270080007687,6.2193761394396,315.17058002644006,92975.3211077998,0.9253937900451323,0.6687165927446118,1.5045048487657418,1.465886248197608,8.9784523433748,2.1005611946845266,2.1488224926548596,0.030647728342231242,9.00910007171703,1301.6454131212736,383985.39687077585,void,30
22.47907004090182,19.98139559191273,24.976744489890912,0.9712293649798595,0.8691232454126294,-0.08567673803381125,0.2645362020206376,1.9448405584784747,0.2780645709536148,0.06997940217950357,-0.9932724236859816,0.9515681347924931,22.80937215778728,6728.764786547247,0.9473907110704852,0.8624280899952906,-0.3257189493101967,0.21920289484895486,1.592362980773357,0.3926101667683867,0.04804990911016196,-0.8481912164632484,0.7441717643101087,45.472109199720634,13414.27221391759,0.9276620288886628,0.8315368954107228,-0.3043970849018378,0.20216590920674005,1.2968072797817918,0.3654157086690781,0.04087105484538786,-0.7787184875882287,0.5180887921935632,39.390948841926736,11620.329908368389,0.958356120168459,0.8405528766164369,0.5597177171835015,0.227392536998321,1.1765988809397097,0.6041450892059315,0.051707365882532774,0.081671848435846,1.2582707293755557,107.67243019943464,31763.366908833235,0.9438361497745871,0.783160253467178,-0.15235278719579237,0.7129256398790832,7.433442955198693,0.729022866420064,0.5082629679970002,-3.670986692118452,3.7624562630802405,156.78493023018132,46251.55441790349,0.8889916880613207,0.6684129772635089,0.04341657615840763,1.0360922579161866,7.717728082237351,1.0370015265172856,1.0734871669138617,-2.3799740611854876,5.337754021051864,317.23478896975826,93584.26274607869,0.9069438227576732,0.6346081617565921,-0.23512934929055418,0.6456113966936763,4.318139705719192,0.6870952528132899,0.4168140755407594,-2.4181784755303335,1.8999612301888587,139.26946649937483,41084.49261731558,0.9291326496514836,0.7278251218808198,1.119476920375165,0.9086901655396091,6.319925365719436,1.4418551911343476,0.8257178169484023,0.13578690869577237,6.455712274415208,613.2891856993144,180920.30978129775,void,30
27.474418938880003,24.976744489890912,29.972093387869094,0.9693434788390343,0.888983210791125,-0.18073905351293854,0.39369647840253585,2.500425336314081,0.43320148034293604,0.15499691710655839,-1.5641918569642652,0.9362334793498157,55.36073915853681,16331.418051768356,0.9393146452295084,0.8093629170619803,0.3141632463958368,0.442500017706319,2.3680534687059653,0.5426829747247134,0.19580626567009266,-1.2546975544752705,1.1133559142306946,86.87891926153884,25629.28118215396,0.940232110797595,0.7158313183749471,0.35793058580854603,0.41596371561949336,2.272005629963057,0.5487623501746669,0.17302581271197473,-1.126911534642371,1.1450940953206858,88.83633450592099,26206.71867924669,0.964548558854015,0.8960939413182571,0.8298492259036457,0.30766656117251145,1.7240326908438157,0.88504714597393,0.09465871286371874,0.10926663559748134,1.8332993264412971,231.07599292599664,68167.41791316899,0.9296927761758252,0.6819673471883101,-0.306962877580694,1.2350512074668434,10.130300691369499,1.2726262975744012,1.525351485065308,-6.1698282095291175,3.960472481840381,477.7754195169888,140943.74875751173,0.862322007162948,0.7230635655979853,-0.0008906032886652856,0.6776198913160075,4.797050472808268,0.6776204765806121,0.4591687171071179,-2.7639411306598602,2.033109342148408,135.45500553299405,39959.226632233236,0.9063091982179824,0.7083318602111409,0.020690084508647535,0.7635911012338674,4.274559219558427,0.7638713566305031,0.5830713698835504,-2.1406241361512635,2.133935083407164,172.13233759675495,50779.03959104272,0.9325279994921934,0.7399651495603073,1.2524308815664387,1.0457836965350447,6.490478770019328,1.6316392533399622,1.0936635399385022,0.01578182627367539,6.506260596293004,785.3627626467378,231682.01498078767,void,30
32.46976783685819,29.972093387869094,34.96744228584728,0.96059125849363,0.8890835720222665,-0.23523882180300323,0.3754142336716231,2.651740418648195,0.44302725664062376,0.140935846843252,-1.5066087575040958,1.1451316611440991,57.90057928732254,17080.67088976015,0.9478765982463068,0.8379230734134164,0.7304303247616512,0.4095516219256096,3.3564806301514722,0.8374132733324141,0.16773253102189747,-1.05111327350799,2.3053673566434822,206.871992154226,61027.237685496686,0.9268511348952888,0.7997255974583697,0.7646816703642696,0.37352814774375775,2.4997684843727965,0.851035448232312,0.1395232771568825,-0.8199556635002555,1.679812820872541,213.6570935736518,63028.84260422724,0.9503760414148148,0.8378243746538085,1.187577389849552,0.459842818521636,3.1266544163691115,1.2734973398589404,0.21145541774592225,0.09401725880863533,3.220671675177747,478.42966501520027,141136.75117948418,0.8852175783465752,0.6793916135130685,0.018398134154161798,1.5991004650981229,11.059608200124808,1.5992062996428533,2.557122297477033,-7.072687392218468,3.98692080790634,754.4509327011292,222563.02514683316,0.852585551932456,0.6991374481923628,0.1040581728213562,1.1909765464919966,9.872427433783692,1.1955137965012874,1.4184251342940026,-5.13932994548012,4.733097488303573,421.6297050993519,124380.76300430883,0.9388609288593402,0.6384813412553975,-0.01655418989305887,1.262362145071178,7.466401441776066,1.2624706834266377,1.5935581853087057,-3.9087437379342216,3.5576577038418438,470.1805068209578,138703.24951218255,0.9142807041827051,0.6318585952732543,1.7516810157705156,1.5849794547385165,8.572556750402034,2.3623179830315033,2.5121598719432052,0.23081918680858454,8.80337593721062,1646.2611446214387,485647.03766332445,void,30
37.46511673483637,34.96744228584728,39.96279118382546,0.9780238478628211,0.7099969101827089,1.4133745937617088,0.7009977607980695,2.686276251850157,1.5776646040698838,0.49139786064390745,-0.3291453631824742,2.3571308886676827,734.26255286582,216607.4530954169,0.953957883165598,0.7823181421285007,1.364327563841395,0.2623215989258956,1.1553703104264799,1.3893172145771584,0.06881262126303844,0.7089292033432582,1.864299513769738,569.4096852025281,167975.8571347457,0.9617670839284347,0.7405469322479281,1.338352918524294,0.2250245773455178,1.0198237790631688,1.3571383845916467,0.05063606040952893,0.7450128655941181,1.764836644657287,543.3382555049473,160284.78537395943,0.9587419594294959,0.5642064376156206,2.431704594736987,0.5898010550367524,2.0279895053199817,2.5022095277149434,0.3478652845224663,1.1593122128876088,3.1873017182075905,1847.0104935732952,544868.0956041222,0.926789347649925,0.6333811299291199,-0.057152968159916,0.694300332812515,5.0453656627185195,0.6966487019388307,0.4820529521435692,-3.505115191591662,1.5402504711268572,143.16922710435202,42234.921995783836,0.8994479177083762,0.6176604778098996,0.014568315595212778,0.600539876208423,3.7905870806661435,0.6007165544045792,0.36064814291642805,-2.185857378842004,1.6047297018241393,106.45381172703438,31403.874459475133,0.8928147699547524,0.530555953044643,0.2595049602925592,1.4071210992181127,7.269273316282849,1.4308503109274682,1.9799897878647899,-2.1016998548450694,5.1675734614377795,603.9631206229635,178169.12058377423,0.9407551299444047,0.5271515666309079,1.207665377441434,1.1979385380975263,6.015935957814264,1.7010327465777957,1.4350567410592385,0.12534745188844662,6.1412834097027105,853.5861594543497,251807.91703903326,void,30
42.460465632814554,39.96279118382546,44.95814008180364,0.9735091001961411,0.9316270707606331,1.032516133456216,0.24726799494302298,1.134544006061982,1.0617113671664808,0.06114146132314284,0.5249157437984621,1.6594597498604442,332.5331530153028,98097.2801395143,0.9627431330861526,0.8541508139941975,1.1239826034301361,0.18996723576797667,1.249410998009599,1.1399229989253277,0.03608755066532603,0.7094449909556785,1.9588559889652777,383.3302108262792,113082.41219375239,0.9572497649592946,0.8553389094881096,1.1145739806733503,0.1599957100842022,0.7743715179243543,1.12599901671333,0.025598627245348074,0.7133422580245182,1.4877137759488726,374.02276676361885,110336.7161952675,0.9745612265688862,0.8834056231143087,1.8979238252376898,0.3039973846663011,1.510056618344054,1.9221158280105848,0.09241440988395105,1.3081081642455683,2.8181647825896223,1089.8861306052006,321516.40852853435,0.9503878423854734,0.6993736133300724,0.23730259673382523,0.4668876842053285,3.9031966310020785,0.52373335971583,0.21798410966261456,-1.2922394118093836,2.610957219192695,80.91750646337316,23870.664406695087,0.8854707093011863,0.5897803833344041,0.06539258088862634,0.5790045103199505,4.356379722993054,0.5826855177590405,0.33524622297084566,-2.5901035058057746,1.7662762171872801,100.15911171880575,29546.937957047696,0.9393721951277132,0.7297138557778743,-0.23173095266595456,0.4667013650876161,2.4328262496572552,0.5210656375142341,0.21781016417464436,-1.4320752717267036,1.0007509779305515,80.09527258644398,23628.105413000976,0.9508751279918475,0.7079204551421808,0.8072859391133205,0.48334031054050497,2.659926077874336,0.9409189355536786,0.23361785579339175,0.1550206258793637,2.8149467037536997,261.1718907686229,77045.70777674373,void,30
2.497606432920918,0.0,4.995212865841836,0.8956752105950737,0.8206468479488837,-0.6987247228576207,0.04454887407291807,0.22926758782436507,0.7001434428127022,0.0019846021811647115,-0.8094700419784822,-0.5802024541541171,144.60924795151897,42659.7281456981,0.8880746734587145,0.7995140775098744,-0.7738770399386686,0.10473453201149173,0.5270150381243819,0.7809321322239865,0.010969322195666186,-1.0222032400400562,-0.4951882019156743,179.90722356627106,53072.630952049985,0.9246297874062774,0.8100535405715972,-0.7714286805788191,0.11072808681064938,0.5220328537326344,0.7793349205754381,0.012260709208746707,-1.004253199314924,-0.4822203455822896,179.17206093635568,52855.75797622494,0.8959636557998897,0.8041713445535841,1.3002994290370156,0.1289967012285999,0.6217058913097773,1.3066823462807822,0.016640148927860667,0.9726461395929329,1.5943520309027102,503.6885324541457,148588.11707397288,0.928314932526349,0.7761658737122638,0.0073535284220904665,0.23166324702576233,1.4430018041367343,0.2317799266605585,0.05366786002251938,-0.9787768943810378,0.46422490975569647,15.847970648818292,4675.151341401395,0.9010713363287478,0.7152916637335429,0.03915374631080632,0.09179090809805437,0.4980753180973094,0.09979271847001886,0.008425570809465464,-0.1336080200130606,0.3644672980842488,2.937783064592751,866.6460040548616,0.9041831553201163,0.7752223331714235,-0.017279461708901923,0.06346803524007663,0.3301822157742408,0.06577819771158995,0.00402819149723561,-0.16729246932291808,0.16288974645132273,1.2763975317845802,376.5372718764512,0.9395051614527994,0.8235881312065492,0.2117787098214137,0.15217447362476003,0.958368746069597,0.26078207828874156,0.023157070422972784,0.028984949169168644,0.9873536952387656,20.062151245195622,5918.334617332708,pre-void,31
7.492819298762754,4.995212865841836,9.990425731683672,0.8974727592064073,0.8131492661079923,-0.16931402067790294,0.35341635514358216,1.1859101936070626,0.39188054006430567,0.12490312008297458,-0.6817748239115289,0.5041353696955337,45.30325551592211,13364.460377197021,0.9297298589917825,0.8295174627955387,-0.751409686979297,0.19466352983226398,1.0985961650549225,0.7762154388654492,0.03789388984675673,-1.1964242451910916,-0.09782808013616903,177.74057022225912,52433.468215566434,0.9300933439739921,0.7959567729562848,-0.8460036634850122,0.20133082208260145,1.5074564639634345,0.8696299779506902,0.04053409992045612,-1.4159759352098187,0.09148052875361577,223.0956080724028,65813.20438135884,0.9157037806432128,0.8080677341244441,1.194551252963427,0.2922060365704289,1.5370880325638379,1.2297711428410945,0.08538436780819882,0.23530481019155194,1.7723928427553899,446.1394338105841,131611.1329741223,0.9191504418699554,0.6909621400242205,0.017849690484125564,0.39983842848293055,2.966245707036424,0.40023665542036335,0.15987076889169957,-1.077485327135732,1.8887603799006916,47.25586720091321,13940.480824269394,0.8645414321348014,0.672767954809318,-0.02196742438812289,0.1425463997162829,1.2137906036999382,0.14422913646805974,0.0203194760720743,-0.8177790350886799,0.3960115686112583,6.136602922865049,1810.2978622451892,0.8835269510853808,0.7511908379111127,0.04457165170990445,0.15939216299260395,0.7794307416310738,0.1655067785911195,0.025405861623460826,-0.25244267026011,0.5269880713709638,8.080785659084906,2383.831769430047,0.9372727158500358,0.7525697116379731,0.3564084769625766,0.28523133673779116,1.8772512569287634,0.45649087384964304,0.0813569154572272,0.019491465460475487,1.8967427223892388,61.47325578286316,18134.610455944636,pre-void,31
12.48803216460459,9.990425731683672,14.985638597525508,0.9042837605330317,0.7736248954034309,0.19205577145608996,0.22025485739604922,1.4116577252220908,0.29222871446205945,0.04851220220655398,-0.6861084076992218,0.7255493175228689,25.19229835906362,7431.728015923769,0.908086664760997,0.8456543126062074,-0.6312784596619,0.39131637384137596,3.728710398872316,0.7427253853676099,0.1531285044363635,-2.570540779435671,1.1581696194366453,162.73409443049206,48006.55785699515,0.9004362768532223,0.8522074116351348,-0.7633544797767419,0.32650230838358485,2.5981721966756544,0.8302492512342482,0.10660375737980952,-1.9712300663531166,0.6269421303225379,203.34757665663378,59987.53511370695,0.9098910712295587,0.8546825788844569,1.0850147329565543,0.38612882315084857,3.05880831663246,1.1516737553667888,0.14909546806785928,0.19181542625463138,3.250623742887091,391.2739694461895,115425.8209866259,0.9115176188823162,0.8159309407694024,-0.13803525329452432,0.7725496199365871,5.669041759674588,0.7847844585720648,0.5968329152641653,-2.3365656172491565,3.332476142425431,181.68656069279342,53597.535404374044,0.8732539354804947,0.6276610899782448,0.03174765072072156,0.40814636771301926,2.4747736413496897,0.40937925057776936,0.16658345747733114,-1.0929921709143264,1.381781470435363,49.439454387066746,14584.639044184689,0.8617255381800404,0.6957266372685665,-0.011948153614900111,0.3023993269088353,1.893762939488022,0.302635277668883,0.09144535291491665,-0.8721053742072984,1.0216575652807236,27.018492830467963,7970.45538498805,0.9343968824010775,0.7589976011292615,0.7223610248082056,0.5943573658562882,3.4132340419365836,0.935449693200862,0.3532606783476256,0.05366884187844603,3.4669028838150298,258.1445079103281,76152.62983354679,pre-void,31
17.483245030446426,14.985638597525508,19.980851463367344,0.8705567835341038,0.7735542900665995,0.7863830210123802,0.35431932125425575,1.5997087545137363,0.8625198184103564,0.1255421814140765,-0.050477856525106585,1.5492308979886298,219.4624289594371,64741.416543033934,0.8962291361656614,0.7433212718209458,0.3764066847383773,0.5827033205108547,2.78236600980292,0.6937039368852623,0.3395431597343759,-0.8333733990151556,1.9489926107877644,141.96141985478303,41878.618857161,0.9098904230977433,0.7820815323645691,0.35065497498417536,0.5467973132301079,2.2410823307081835,0.6495738705003592,0.2989873017556648,-0.5764096483227149,1.6646726823854687,124.47413290486114,36719.86920693404,0.8935011690561555,0.793776537016509,1.1400929359777743,0.5893215588888142,2.660979049937396,1.2833985360898474,0.3472998997711422,0.08448174687486112,2.7454607968122575,485.89798171908126,143339.90460712905,0.870070197819368,0.7088140435711376,0.010424998738816539,0.9320510079036785,6.239429432367769,0.9321093079317293,0.8687190813342629,-2.2103089222109427,4.029120510156826,256.3041897702254,75609.73598221649,0.8671396401592407,0.6898738257514234,-0.007538367454516118,0.425508500609013,2.7371193447008912,0.42557527075055684,0.18105748409053044,-1.9149041455862503,0.822215199114641,53.428721766950886,15761.472921250508,0.8391190887936684,0.666826933781403,-0.012085149416403668,0.39706827447250403,2.341202029390577,0.3972521433913083,0.1576632145925718,-0.9556662340015301,1.3855357953890468,46.55373330155164,13733.351323957731,0.9036166256271837,0.7135358915724308,0.8972689496752448,0.6345547812325179,3.988763828322031,1.0989774057897486,0.4026597703850485,0.0790523974464285,4.06781622576846,356.2866448387279,105104.56022742469,pre-void,31
22.478457896288262,19.980851463367344,24.97606432920918,0.8690718990308566,0.7952903158656867,0.44980841155507606,0.077966959432264,0.40183214724361427,0.4565155570939647,0.006078846763112301,0.2575312588618899,0.6593634061055041,61.47990389129981,18136.571647933433,0.9199086410473949,0.8500840642264219,-0.2635494645409404,0.09319498033935865,0.47760012634948157,0.27954181193565636,0.008685304360453444,-0.49463718668527507,-0.017037060335793514,23.052369262979614,6800.448932578987,0.9384969730518621,0.7872971137464564,-0.33398670869115965,0.08690190751617125,0.41818402018129286,0.3451073211514104,0.00755194152994918,-0.5610875468113855,-0.14290352663009262,35.134223618129305,10364.595967348143,0.9070501793801269,0.7967606501163105,0.6313810025214915,0.08370884813651326,0.43860510147653786,0.6369059126757934,0.00700717125634184,0.4293318027857319,0.8679369042622698,119.66649677240872,35301.61654786057,0.9280743699241433,0.655348511073299,1.645229252513457e-05,0.17628173866697552,0.8737669325657582,0.17628173943471792,0.031075251387451857,-0.3420067586354873,0.531760173930271,9.167199239148287,2704.3237755487444,0.879511951458633,0.6049321764891761,0.01069111341535082,0.10298684839297882,0.72882242720216,0.10354028611114757,0.010606290941918405,-0.48361077274441416,0.24521165445774573,3.162574300153598,932.9594185453116,0.9095304443104179,0.717992590255922,-0.037336968524999285,0.07262105209114611,0.4111872027682305,0.08165700475441005,0.005273817206824957,-0.2143127040762735,0.19687449869195697,1.9670205955112148,580.2710756758084,0.9461907329676189,0.778094750630518,0.1975002485270094,0.09724896278798731,0.538284546729573,0.2201447454098549,0.009457360763339341,0.040742617993772816,0.5790271647233458,14.2967941348131,4217.554269769863,void,31
27.473670762130098,24.97606432920918,29.971277195051016,0.9316819123941457,0.8190784972729807,0.6144765902514936,0.039464160371043853,0.2005900282183723,0.6157425597771307,0.0015574199537914679,0.4978782249627503,0.6984682531811226,111.84597547666354,32994.562765615774,0.8936043746593746,0.7419454157616533,0.19216088804910667,0.20483479957944611,0.7838623583780691,0.280861357282509,0.04195729511875186,-0.2669408726207377,0.5169214857573313,23.270515094299085,6864.80195281823,0.9547654358819965,0.8109612962173507,0.18918805368553138,0.22966194566611497,0.7878284437660896,0.297551220707402,0.05274460928714554,-0.2671447707628614,0.5206836730032282,26.118335038617186,7704.908836392071,0.9180131406271644,0.8121933652990898,0.7319098486586351,0.10424348572656952,0.4203041885659937,0.7392961050079538,0.010866704316425503,0.5471943001691171,0.9674984887351108,161.2348256095798,47564.27355482604,0.9487241032615019,0.7002382144366582,-0.15739921254229516,0.2363659720352325,1.3674653049421166,0.2839777893517289,0.055868872736160306,-0.8490451919112825,0.5184201130308341,23.789798529303,7017.990566144383,0.9326489909227481,0.7315349315481927,0.021222104419151063,0.055632533378774135,0.2612204471478048,0.059542896185168635,0.003094978770140418,-0.10369268917373928,0.1575277579740655,1.045880163404742,308.5346482043989,0.9423681329092055,0.7478145496268619,-0.029075284040344228,0.034195166584080526,0.18941063392770258,0.04488520424081541,0.0011693094177130173,-0.12656627442501395,0.06284435950268863,0.5943310601232155,175.32766273634851,0.9515618418882889,0.7055734534498378,0.24049358394231354,0.16842285763379555,0.8396978536981833,0.2936041942666221,0.02836625897353377,0.012553054156964383,0.8522509078551477,25.430009752830955,7501.852877085132,void,31
32.468883627971934,29.971277195051016,34.96649006089285,0.8760552610592938,0.7231334494620998,0.3566261841969671,0.24520946444218722,1.0246338965055664,0.43279315695481296,0.060127681452024274,-0.25708158634015377,0.7675523101654126,55.25642542853945,16300.645501419134,0.897456136847986,0.6864455210103365,0.23233243484210067,0.25269950202531966,2.4980746302712236,0.34327161054113325,0.06385703832384453,-0.8510998687300275,1.6469747615411958,34.761442588033525,10254.62556346989,0.9206316537419942,0.7482022754789609,0.3042342534383647,0.1329793972315056,1.0495439797432307,0.33202710891319354,0.017683520088054554,-0.3061740883967686,0.7433698913464621,32.52139031070983,9593.810141659396,0.9244153272993535,0.7634713089842184,0.5994845388001279,0.23665503185706538,1.658988837549648,0.6445054820276322,0.05600560410326862,0.08524500689122946,1.7442338444408774,122.53925832728281,36149.08120654841,0.9082623092831357,0.7004225025887614,0.020948787864696835,0.38003397012014495,2.986393672428356,0.3806109170245637,0.1444258184452792,-1.8755340600629502,1.1108596123654058,42.735077696692386,12606.847920524253,0.8292254543212068,0.5385498029469825,-0.06520506960449628,0.3231918516463736,1.9696290301437784,0.3297039188010036,0.10445297297061155,-1.4397122664445312,0.5299167636992472,32.067878851457934,9460.02426118009,0.8270356739052361,0.6117164871743352,-0.1005695423060469,0.29758124272380715,1.8000762534501002,0.3141159481158083,0.08855459602104541,-1.3472124577178997,0.4528637957322007,29.10730451390448,8586.654831601822,0.9340802460791844,0.6168662399728173,0.47422197678896993,0.35686368521057565,1.8488837945197383,0.5934965653579733,0.12735168982207284,0.04022903120781295,1.8891128257275511,103.91026106205479,30653.52701330617,void,31
37.46409649381377,34.96649006089285,39.96170292673469,0.8792676706302851,0.7138154747484982,-0.5078888185544379,0.35643215301198483,2.408159601558897,0.620479598144356,0.12704387970075895,-1.5198973605302324,0.8882622410286645,113.57350485544757,33504.18393235703,0.8611084739379983,0.7756597573620754,-0.15683656128397133,0.37272059540626984,3.393592696958598,0.40437402141505724,0.13892064224000428,-2.105138001504054,1.288454695454544,48.23791301263862,14230.184338728399,0.8927511681585463,0.7894684725278173,-0.005943445308660852,0.19410303979388266,1.6243320038808309,0.19419401277939194,0.03767599005722559,-0.8474473137444948,0.7768846901363361,11.124837806811978,3281.8271530095335,0.9050195919979992,0.7850297964934272,0.7092571194569363,0.2884075831315442,2.443970945007829,0.7656530516546834,0.08317893400777857,0.19625123737077174,2.6402221823786007,172.93625567489818,51016.19542409497,0.8883621344895759,0.7225798493995172,-0.046246062120065955,0.49101295340581697,3.7394326962255278,0.49318598791319695,0.241093720412303,-2.4374676926690317,1.3019650035564958,71.75356350880523,21167.30123509754,0.7967689197363879,0.4924426700396842,0.10268711379506087,0.7134848492868173,4.248759601056169,0.7208365095508081,0.5090606301618325,-1.356452081548191,2.8923075195079777,153.28355568291073,45218.64892645867,0.8578980165001256,0.5761562937621353,-0.16530954373998982,0.3871077838119664,2.346249920181699,0.42092716892514287,0.1498524362878121,-1.5886168383938537,0.7576330817878455,52.26800605410404,15419.061785960694,0.9014512217014189,0.7390713794246738,0.6827175758726828,0.6884141815136958,2.9894043923607074,0.9695449312510711,0.47391408530917173,0.018778774586660853,3.008183166947368,277.30512524582,81805.0119475169,post-void,31
42.459309359655606,39.96170292673469,44.956915792576524,0.8341738862788393,0.7108838479490269,-0.6878421554627122,0.28841395817841886,1.465130196925428,0.7458615435211366,0.08318261127214274,-1.5211696066236828,-0.056039409698254904,164.11128542060106,48412.8291990773,0.8502743774643584,0.7902906643360748,-0.26047592247766305,0.2639272371621045,1.4713301729879125,0.3708170609702462,0.06965758651602173,-0.9533138978347684,0.5180162751531442,40.56406134845033,11966.398097792848,0.9096233507880004,0.7541967434524836,-0.10071731743339253,0.17696591148787155,0.9199456391519429,0.20361952720628723,0.03131693382873319,-0.5911401925264445,0.32880544662549854,12.230968998615023,3608.1358545914322,0.8687599984683657,0.7604890702420708,0.800361858788215,0.3077280319813732,1.692529390505213,0.8574821553070685,0.09469654166712904,0.09889399692910937,1.7914233874343224,216.9063157676664,63987.3631514616,0.9129567921571504,0.6499192110387708,0.014420025879135526,0.5748678398247232,3.333426301891835,0.5750486678630762,0.3304730332647436,-2.1064879681502435,1.2269383337415913,97.55088627127407,28777.51145002585,0.7798084573225335,0.580589474594664,-0.022754804208661782,0.6546058476691365,4.381272023561111,0.6550012190196315,0.42850881580262873,-2.8874071532678434,1.4938648702932675,126.56284609057494,37336.039596719624,0.7917478217365596,0.5114958549520678,-0.10273816029878921,0.4805154024343599,2.74338706803733,0.49137580481565696,0.23089505197665489,-1.9133052146625826,0.8300818533747474,71.2278035596792,21012.202050105363,0.8690178829752188,0.6747485170629919,0.7730716349568122,0.6352306637055062,3.3355923881403156,1.0005787069923766,0.40351799611173783,0.023103698099614805,3.3586960862399304,295.34153592152825,87125.75309685084,post-void,31
47.45452222549744,44.956915792576524,49.95212865841836,0.8982197014566247,0.7786747907425889,-0.46228355069298227,2.5532049864195856,9.040560651324768,2.594718054802708,6.518855702677836,-4.973758044876033,4.066802606448735,1986.1057262561485,585901.1892455639,0.8966704717136749,0.7970909309416241,2.175685999752541,1.6434520191954913,6.3975530639413245,2.7266360426204574,2.7009345393977378,-0.9562370810970842,5.44131598284424,2193.1905121305003,646991.2010784977,0.8906444548713218,0.7374699238957589,2.1605356139743392,1.6419193494548614,5.597933935029503,2.7136347007962867,2.6958991501142755,-0.4026702025162769,5.195263732513226,2172.3249203628966,640835.8515070546,0.9129341143120319,0.746721155916152,4.104012842772894,2.165178461133631,7.810773749446801,4.640142151077039,4.687997768556999,0.372725920555826,8.183499670002627,6351.621158749545,1873728.2418311157,0.8885860101454186,0.7348182705335699,0.16535099430463235,2.6899438960029194,12.074040099799834,2.6950211715236843,7.235798163643364,-5.815434962948667,6.258605136851167,2142.626038913463,632074.6814794717,0.8036192730288187,0.5326930294773856,-0.2808841594786888,2.8573210353986425,16.260904880089832,2.871093765514742,8.164283499331571,-11.040116604735456,5.220788275354378,2431.737926061398,717362.6881881125,0.8077005127479082,0.5259932588208163,-0.008568542638653202,2.9637847858731248,14.753126735560208,2.963797172023746,8.784020256973003,-8.984569512877536,5.768557222682672,2591.3076346843063,764435.7522318703,0.8149803287509937,0.5829540032576177,4.213661894157467,2.5564556800304143,14.083155604160831,4.928530430283907,6.5354656439597685,0.24848642125175216,14.331642025412583,7165.671599659168,2113873.121899455,post-void,31
2.497916691288262,0.0,4.995833382576524,0.9426590505633494,0.8089338129680119,-0.13896263054279337,0.352977879182497,2.5125686140896786,0.37934680159393247,0.12459338319217347,-1.8775266411403786,0.6350419729492999,42.45167878446618,12523.245241417524,0.9357517780493885,0.8752667775948556,-0.11848388734454413,0.32103522510300003,2.2208348607338517,0.342201764047482,0.1030636157569339,-1.1741356824387277,1.046699178295124,34.54510395857652,10190.80566778007,0.9622532265500302,0.8765742134285204,-0.12955148779752274,0.25459098242751194,1.5502982144844406,0.2856574107632382,0.0648165683334057,-0.9681491517007357,0.582149062783705,24.07204611556743,7101.2536040923915,0.9609168592408482,0.8053594691683369,0.4865476078990909,0.32538842138033247,2.2244563556696573,0.5853257208774549,0.10587762476838479,0.01260478073760577,2.237061136407263,101.06882885861012,29815.304513289993,0.9368630009741963,0.8451693972819778,0.04328805771749752,0.42837481540315,2.367831863774623,0.4305564288367278,0.18350498247168284,-1.257714210062033,1.1101176537125899,54.68675733172769,16132.59341285967,0.8748835038242603,0.617046628321727,0.07840883645697977,0.8274158046106369,5.418047152310323,0.8311226500066071,0.6846169137194678,-3.0844486408896223,2.3335985114207007,203.77563350943151,60113.811885282295,0.8934483344235417,0.6296617456548907,0.017361579563674987,0.6000458803283363,4.861459099543925,0.6002969956146323,0.3600550584990081,-2.2993153846344425,2.5621437149094826,106.30516246846639,31360.02292819758,0.8980112444439238,0.7284652816706997,0.8678935164502329,0.695169781286733,3.818701674019904,1.1119802969075465,0.48326102481424427,0.08670596586765256,3.905407639887556,364.76755330962555,107606.42822633951,pre-void,32
7.493750073864787,4.995833382576524,9.991666765153049,0.9038968994247273,0.8550075650335289,0.5039697254698691,1.053542643844567,7.669250916503119,1.1678773850833724,1.1099521023990002,-2.856334879131749,4.8129160373713695,402.3615880438068,118696.66847292299,0.9315327941354649,0.7801217282546213,0.29674922745515286,1.7049725302029828,15.184975383138877,1.7306043547680074,2.906931328746761,-5.633932887440062,9.551042495698814,883.5224726588874,260639.12943437175,0.9532015938955645,0.8036096143260322,0.37690689017437873,1.45623635562124,10.745846410519974,1.5042217679896643,2.120624323433031,-2.5478251634242426,8.198021247095731,667.4915225517157,196909.99915275612,0.9603924123899429,0.7970726993176134,1.7073229619624957,1.9252689293137017,12.923475121985986,2.5732493362721613,3.706660450180727,0.13914196906451873,13.062617091050504,1953.3755832544098,576245.7970600509,0.9366572366972897,0.641725659092358,-0.3575524948361482,2.0324647840594667,15.162909855446001,2.0636755764909966,4.130913098441895,-8.643077910456274,6.519831944989727,1256.3332810766071,370618.3179175991,0.8686044764185981,0.6588369910770104,0.11846573213322671,1.69713282270452,11.697881080666956,1.7012624569980006,2.8802598179010115,-5.669497197095331,6.028383883571626,853.8167145393077,251875.93078909567,0.8607314920300312,0.7537937406622575,0.17836151329465494,1.4919505867668028,11.29618460140637,1.502574252001733,2.2259165533538074,-5.983651451262211,5.31253315014416,666.0301679196773,196478.89953630476,0.9009851251448714,0.7320110692641955,2.194620704696581,2.1434598615070843,9.341988042615357,3.067699498871245,4.594420177891969,0.10893335404841525,9.450921396663773,2776.180163535592,818973.1482429997,pre-void,32
12.489583456441311,9.991666765153049,14.987500147729573,0.9218433147347074,0.8189181917632482,-1.4016574181260246,1.2341040785592723,7.129894251075211,1.8675268122584865,1.5230128767166307,-3.906295532785222,3.2235987182899892,1028.8586363787815,303513.2977317405,0.9063365713194991,0.84484698832951,0.4281123981492566,1.1924925422665695,6.111708906133743,1.2670117161299235,1.4220384633613863,-1.1243422720578218,4.987366634075921,473.5690131990957,139702.85889373327,0.9423241389971169,0.7412203848571894,0.4495567544505994,1.3239643218847714,4.5896008981239795,1.398206995081901,1.7528815256238026,-1.0478990271408009,3.5417018709831787,576.7199263233078,170132.37826537582,0.9039954373477429,0.7984296039898588,2.4806914349402147,0.9455833591096322,5.720069740489398,2.654799029005924,0.8941278890250557,0.34352605818633086,6.063595798675729,2079.147575901185,613348.534890849,0.9604918814592849,0.7406799992683983,0.4072323412448731,0.6517034700891423,4.094467308117017,0.7684761497157933,0.42471741292622955,-1.8841844113825,2.210282896734517,174.21389984119304,51393.10045315196,0.8580531425554585,0.5955438097351635,0.02160992800098458,1.2235181829669974,8.526208123431747,1.2237090066838077,1.4969967440508631,-4.974847194941225,3.5513609284905225,441.75180124652593,130316.78136772514,0.8707529772658067,0.5355569130792757,-0.17425753016323556,1.5254106172455966,9.27994167319449,1.535331637798226,2.326877551205592,-5.8078063244004206,3.472135348794069,695.386755217134,205139.09278905453,0.8799265757965226,0.632605538553566,1.5846998641141765,1.3906792960354928,6.8959136086916395,2.1083791318795737,1.933988904421774,0.07333005709078548,6.969243665782425,1311.352456304853,386848.97460993176,pre-void,32
17.485416839017837,14.987500147729573,19.983333530306098,0.9327648911450579,0.8725393575202016,0.086188025086658,0.3674266404313349,1.8940561587135094,0.37739993609829325,0.13500233609865747,-0.8813200085242967,1.0127361501892127,42.01705997126377,12395.03269152281,0.9357751090362467,0.8042640392459299,0.2226016937827245,0.6664610245215372,3.9505007322170265,0.7026534076493437,0.444170297206297,-1.3089893715259313,2.641511360691095,145.64793432796426,42966.14062674946,0.9577195396049906,0.7969459612346982,0.2798174544725701,0.7454982409724588,4.028332098384844,0.7962822584489366,0.5557676272930302,-1.3829511483127785,2.6453809500720658,187.04930336055904,55179.54449136491,0.9501256565709525,0.8225661254955597,0.984388409832809,0.5488145558889661,3.641620918434167,1.1270394661096699,0.3011974167556031,0.14581101942669092,3.787431937860858,374.7142976597871,110540.7178096372,0.9337304892507211,0.7000964321479505,-0.06153070758635403,0.7611760479261735,4.60131718658466,0.7636589578552626,0.5793889759365085,-2.9870044260992317,1.6143127604854282,172.03662615421283,50750.80471549278,0.9184911320798067,0.70096770831837,0.047971111921045334,0.38861394502708435,2.845521911205479,0.39156356552730387,0.15102079826951376,-0.9855573396736389,1.8599645715318398,45.22999762529428,13342.849299461814,0.8889609139872613,0.6245485080013073,0.09348211572808683,0.4759894588786387,2.3148088960209137,0.48508233417078667,0.22656596496357928,-0.8540335144149281,1.4607753816059854,69.41493692275073,20477.406392211466,0.9311690596110189,0.803796921905956,0.8684899430749056,0.4663980268647874,3.059154948715394,0.9858001322203299,0.21752711946336695,0.06120875794863429,3.1203637066640284,286.68156070225785,84571.06040716605,void,32
22.48125022159436,19.983333530306098,24.979166912882622,0.9286576776694574,0.8980979822438234,0.3543992518433202,0.1989187875323315,1.3167150531060101,0.40640806308492206,0.03956868403333284,-0.4011985263912078,0.9155165267148024,48.7244165534292,14373.702883261614,0.9448691026156794,0.8762348986067855,-0.4218598360526239,0.2436739508453954,1.364036765073265,0.48717832012000584,0.059376994320604164,-1.231746180761056,0.13229058431220905,70.01610110051051,20654.7498246506,0.9754533764818665,0.8943935752041147,-0.4974565872795279,0.25036941941005936,1.2222402153510168,0.5569092407237688,0.0626848461757302,-1.1787412237844312,0.04349899156658561,91.49363120903979,26990.621206666754,0.950563904870691,0.9106217515934207,0.7788133357724544,0.32574210621578537,1.6845469233042085,0.8441908147681504,0.106107919761896,0.04267069761747371,1.7272176209216823,210.23414886297954,62019.07391457896,0.9529350768553561,0.8373735669496745,0.1131743255109881,0.28297478964133305,1.7966923981699243,0.30476738593134234,0.08007473157255668,-0.7130192139029389,1.0836731842669853,27.40053206059001,8083.156957874053,0.9248526464196892,0.7160714330858146,0.00902098056805044,0.26227660564108085,1.5605062382635975,0.26243169769868924,0.06878901786660706,-0.7291314085394023,0.8313748297241951,20.31676680731978,5993.446208159336,0.9297798311385627,0.7418638605812798,0.08787136515445898,0.22397868689844078,1.3885213301279102,0.24059889650382446,0.05016645218474977,-0.6790715944271298,0.7094497357007803,17.07690955466312,5037.688318625621,0.9528199213854736,0.8269419081461106,0.424317977841355,0.19898652759400925,1.0226823434082137,0.46865913464190373,0.03959563816392141,0.06569734847028998,1.0883796918785038,64.79420842257292,19114.291484659014,void,32
27.477083604170886,24.979166912882622,29.975000295459147,0.9326968086472225,0.6103029990090664,0.5960630462689708,0.5815692666257226,2.241975044685122,0.8327748597376279,0.3382228118835808,-0.8766119600284185,1.3653630846567033,204.58662026825263,60353.052979134525,0.9467470167888719,0.8460998710923704,-0.407119595989979,0.6183745695827103,2.759792185610679,0.7403603674871082,0.3823871083066022,-1.7400245526824085,1.0197676329282706,161.69937475496553,47701.31555271484,0.9661647534811236,0.738107606186608,-0.47927302402047306,0.7234833209548555,2.620451382534041,0.8678310591662384,0.5234281156998664,-1.5123350794547752,1.108116303079266,222.1735704398106,65541.20327974414,0.9559128719351793,0.8726624758575015,1.3711228357981513,0.33882201398832223,1.967352988883014,1.4123661664066678,0.11480035716310281,0.4698897641408701,2.437242753023884,588.4595654630289,173595.57181159346,0.9548740286517362,0.7523117175202261,-0.14461152205085656,0.5147311896918194,3.250070483639222,0.5346594149095489,0.26494819764155575,-2.2551593472494975,0.9949111363897246,84.32890353566926,24877.026543022417,0.8897100682840643,0.5503714443062543,-0.2754765890802867,0.7848616798970349,6.383807934075938,0.8318023850062615,0.6160078565707957,-4.643202188661446,1.7406057454144925,204.10908627212095,60212.18045027568,0.9085480316043321,0.5083508398294241,-0.2028190435776403,0.828826158723068,4.812660868509678,0.8532809419068171,0.6869528013836363,-4.148537757772111,0.6641231107375662,214.7860679173086,63361.89003560603,0.9230263756446601,0.5620409559836727,0.7908313874195472,1.039437338249394,6.021986224220237,1.3060797309027161,1.0804299801469852,0.061512594802043095,6.08349881902228,503.2240577250988,148451.09702890413,post-void,32
2.4977575919039197,0.0,4.995515183807839,0.7799205699376651,0.33743121201690196,-0.6648853294616193,1.90034655197993,7.46529926502083,2.0133031363794416,3.6113170176220093,-4.680742639127834,2.7845566258929964,1195.7499080918121,352746.2228870846,0.8423872698281651,0.6978539387310987,-1.2117387288773882,0.7520407809047371,4.336193639116765,1.4261402747293814,0.5655653361438069,-3.9205576057332046,0.41563603338355987,599.9934445455326,176998.06614093212,0.8038153677649464,0.6990794249679129,-1.4221558037035782,0.5506871085542467,2.7769722410865616,1.5250519406025511,0.3032562915278367,-2.778319910606923,-0.0013476695203613058,686.1061093530042,202401.3022591361,0.8426474660326271,0.6492352153900632,2.764061699843105,0.8792109776137603,4.100518626523302,2.900525646102116,0.7730119431565441,0.7836756337765106,4.884194260299813,2481.8494619903486,732145.591287153,0.7480334748530818,0.5364165407559219,0.27164024311417706,1.652579694956852,10.183899478944246,1.674756122503456,2.7310196481836826,-6.749842698695915,3.4340567802483313,827.4183806095293,244088.42227981112,0.6893912075456267,0.5228796340280625,-1.1800916366375571,2.449889491381652,15.070776473252876,2.7192967456392396,6.001958519982249,-7.795511710022148,7.2752647632307275,2181.399563299027,643512.8711732128,0.6887739632689643,0.4000121216681945,-0.15848849140489127,2.017795809333409,8.665192755462973,2.0240105064132616,4.071499928163468,-5.100317736553022,3.5648750189099516,1208.5024663710237,356508.227579452,0.7364060721127871,0.5341482240698913,3.2774578076536556,1.8852776214203388,8.637830746302262,3.781005341278723,3.5542717098283307,0.4861566304130874,9.12398737671535,4217.320410279579,1244109.521032476,pre-void,33
7.493272775711759,4.995515183807839,9.991030367615679,0.8075192918956583,0.7242944828668272,0.09978412642074018,0.7040252948779568,4.4310108428288935,0.7110615217500834,0.49565161582799405,-1.5306179068849266,2.900392935943967,149.1545038754956,44000.578643271205,0.8191647582050268,0.69614951983275,1.8304278689570164,1.4442421967033747,6.55514742620779,2.3315878079525794,2.0858355227385896,-0.838195391091596,5.7169520351161935,1603.7090033269683,473094.1559814558,0.8331328583276403,0.6354858258896227,1.8619529019296297,1.3443540219372214,5.994053710128605,2.2965531444543044,1.8072877362987834,-0.8964145617356507,5.097639148392954,1555.8761218643708,458983.4559499894,0.8659280719224691,0.6857262699922675,2.798069612930866,1.8403458860775397,7.2691545855632524,3.349039644317399,3.386872980402525,0.2388768526209979,7.508031438184251,3308.739629066835,976078.1905747168,0.8348692038906731,0.5459777926315998,-0.2630724057611082,1.8506254121408228,9.827446979458038,1.8692301909434075,3.4248144160613903,-6.47042340009535,3.3570235793626875,1030.7363444866266,304067.2216235549,0.7742652204434254,0.649373382336951,0.15884395118579323,0.9247400473386531,6.023465718083622,0.9382833026225125,0.8551441551518945,-2.9347572828806894,3.0887084352029324,259.7107890141617,76614.6827591777,0.7611061834182051,0.6887007317019437,0.02819386946939097,0.6955143337041366,3.4776743020930443,0.696085542633638,0.48374018838790916,-1.6899789761001787,1.7876953259928654,142.93784938575203,42166.66556879685,0.8123010733964889,0.662745480016381,1.8578241512669762,1.186347996309364,6.402561306480398,2.2042985608528856,1.4074215683472429,0.1389142047794537,6.5414755112598515,1433.3849828865402,422848.56995152927,pre-void,33
12.488787959519598,9.991030367615679,14.986545551423518,0.8546622210658468,0.7600483743434916,-0.05644560903052909,0.24232320540598987,1.2867765248864302,0.24881045528084408,0.05872053587823356,-0.7057329822701083,0.581043542616322,18.26245958383297,5387.425577230726,0.9120257246075416,0.8381867245563259,0.5210218028550327,0.28746440786864774,2.007537161086074,0.5950626058168844,0.08263578579127226,-0.23671119984458125,1.7708259612414925,104.45935392826632,30815.509408838567,0.8909014127016238,0.7680059890401241,0.6223946996302838,0.21581344631592353,1.1771019921988615,0.6587492738050095,0.046575443610756,0.028353855070010592,1.2054558472688721,128.01542869289506,37764.55146440405,0.8923578627761101,0.8229345897579808,0.8652227920450728,0.31834929458536215,2.008174841793181,0.9219309915808607,0.10134627336299769,0.1400315646794947,2.1482064064726756,250.73724220499435,73967.48645047331,0.8849965368909857,0.7148701518748859,0.006833294865615607,0.46140712057215666,4.6707569656943875,0.46145771727581836,0.21289653091468871,-3.7429011800567835,0.9278557856376044,62.8182513258557,18531.38414112743,0.7581144301461669,0.5932332805534468,0.1650357993135354,0.3518757219080812,1.926152656147575,0.3886558100985894,0.12381652366833328,-0.7091497549771585,1.2170029011704167,44.560734923400275,13145.416802403082,0.8158660881622448,0.6804119963007628,0.0060205548151875754,0.24313142519501524,1.2314050773297875,0.24320595592551175,0.05911288991735929,-0.6754095138188743,0.5559955635109133,17.448995414304378,5147.453647219793,0.8736501257801857,0.7151995807699806,0.5147846557095042,0.3976712949164035,3.7442391657063014,0.6504965031070051,0.15814245880048916,0.06861470945301514,3.8128538751593166,124.82798166356037,36824.25459075031,void,33
17.484303143327438,14.986545551423518,19.982060735231357,0.8516127474058192,0.7748352503654903,0.03615319741059613,0.1509642179724759,0.9116735476693489,0.15523288566231946,0.022790195108041214,-0.4226646567465704,0.4890088909227785,7.108688393359971,2097.063076041191,0.8867378672685923,0.8048023556701888,-0.284414251489504,0.18813742942538367,1.3417510813697358,0.3410090303806133,0.03539569235079122,-0.8710304662327586,0.4707206151369772,34.30471184633218,10119.889994667996,0.892320241810721,0.8028052167331692,-0.24825835441775934,0.17130739727437344,1.1093793083754486,0.3016263166554501,0.029346224360920006,-0.6882231523195907,0.42115615605585793,26.83863829524448,7917.398297097123,0.913423659552875,0.8198567213683505,0.44527795700109957,0.18190762353523715,0.9711667251071291,0.4810019152678195,0.03309038350023757,0.04142348917952697,1.012590214286656,68.25203853493663,20134.351367806303,0.8833491378226426,0.6514991666762621,0.027833994716479477,0.37878114353857417,2.9348989829486634,0.37980243016898524,0.14347515470038993,-2.0164058629450126,0.918493120003651,42.55371635886874,12553.346325866278,0.8059958844498984,0.5550119282308524,0.14081079831947407,0.21822218301863458,1.454952679571321,0.2597086869644257,0.047620921161418445,-0.5316296965817556,0.9233229829895653,19.897337615011885,5869.714596428506,0.817168026043977,0.5906891462532958,0.06455782140117804,0.20691532122785677,1.2595677951815651,0.21675253738513317,0.042813950158827156,-0.42679879316433034,0.8327690020172348,13.859590426553599,4088.5791758333116,0.881727824691219,0.6838206408551923,0.409603906245852,0.30150421306855035,2.075647739859193,0.5086060857971978,0.0909047904980858,0.03212719512652928,2.107774934985722,76.31064440043423,22511.640098128097,void,33
22.479818327135277,19.982060735231357,24.977575919039197,0.8128819341225137,0.46852728454764025,0.5940809406510698,2.0887550858339363,9.213773244788186,2.1715961808407185,4.362897808597134,-3.701831363239794,5.511941881548391,1391.1698419293882,410395.1033691695,0.8278650435800713,0.7585199646877567,0.3440653872723243,0.8450449112562486,4.237833778446162,0.9124044567837969,0.7141009020400811,-1.4085377855395291,2.829295992906633,245.58215836388598,72446.73671734634,0.8651313923870745,0.7623672704030711,0.24674171836147976,0.7931635489833528,3.2427646463470055,0.8306563013761127,0.6291084154358675,-0.8635217010293598,2.3792429453176456,203.5470178496738,60046.37026565378,0.842354153364066,0.5220902647438269,2.015895181623383,1.4746078709692283,5.477907078012036,2.49765925546636,2.1744683731244003,0.07439337096453735,5.552300448976573,1840.2990181429482,542888.2103521697,0.8334402913482466,0.5073096930753667,-0.013163851914876979,1.5086089719847724,7.3020783462712995,1.5086664035996125,2.275901030352952,-4.610495628831058,2.691582717440242,671.4419236183056,198075.36746740015,0.7761375324070378,0.5991288636252086,0.12044416821984043,0.8747409175570732,4.295600996271856,0.8829940376394168,0.7651716728485903,-1.5467871167538327,2.748813879518024,230.0051487994941,67851.51889585074,0.7289077741840853,0.41655930691741305,-0.009725382982172471,2.172486091060538,11.344017649110341,2.172507859347267,4.7196958158514954,-7.794671876835561,3.5493457722747817,1392.3381676830654,410739.7594665042,0.8139349581953048,0.4684304747242873,2.1935737742495243,1.7215624541988856,8.946300757755878,2.788466099270815,2.96377728370729,0.15974464719921153,9.10604540495509,2293.785240100865,676666.6458297551,void,33
27.475333510943116,24.977575919039197,29.973091102847036,0.8789542138514534,0.7776128283828874,-0.0002414059855558919,0.16123377024677918,0.7980739966455517,0.1612339509682779,0.025996328667991175,-0.458565019892456,0.33950897675309566,7.6689341487281055,2262.3355738747914,0.8745467710565745,0.8234749702285672,-0.5115983171024509,0.2191065537432445,1.3761114083527273,0.5565433675422798,0.04800768189324129,-1.1799916747158181,0.19611973363690918,91.37345338681386,26955.168749110082,0.8762286907898384,0.7013209823838037,-0.5110825362136598,0.20001560929027273,1.0484099957817108,0.5488274799810465,0.04000624395975903,-0.9767144777962075,0.07169551798550332,88.85742282079207,26212.93973213366,0.8735630559451953,0.7912874303440506,0.7566023453270859,0.25397125964967227,1.4170705007680637,0.798090539777592,0.06450140072804124,0.0876716491316233,1.5047421498996871,187.899810356334,55430.44405511854,0.9118547477066251,0.5891208260944818,-0.029331313343590452,0.42349595432038484,2.617885353540013,0.42451048192970847,0.17934882332573346,-1.3922181085177143,1.2256672450222987,53.161699034117035,15682.701215064524,0.8180998193083227,0.5504208251028689,0.12134817130943618,0.18697556356362405,1.2107951440820308,0.22290186192600342,0.034959861369934814,-0.3212608089409336,0.8895343351410971,14.657145814773331,4323.858015358132,0.8375200773753451,0.6497437580747284,-0.03562200546915286,0.14060282587248815,0.9929632563704566,0.14504510304375526,0.01976915464332922,-0.39104012691318646,0.6019231294572701,6.206234165507206,1830.8390788246259,0.9191654914957936,0.7014115161649617,0.4273631152408297,0.26132975140021725,1.3879559804510773,0.5009316033504435,0.06829323896689936,0.0429191183786128,1.43087509882969,74.02507901439758,21837.398309247284,void,33
32.470848694750956,29.973091102847036,34.968606286654875,0.9274796675609197,0.8126505268831429,-0.1555049067529595,0.13865240457042122,0.6926418391458167,0.20834170326030838,0.01922448929315976,-0.4840242218985769,0.20861761724723976,12.804848268634885,3777.430239247291,0.9508075320000668,0.8112048566549149,-0.25959718501781026,0.1584161055712021,0.7946306191400321,0.30411570326689386,0.025095662504346247,-0.7197621922355121,0.07486842690452003,27.283476487187645,8048.625563720359,0.9498004463689235,0.6502064531009826,-0.2087323220085283,0.14085360952569267,0.7260704785600243,0.251811281652527,0.019839739316416305,-0.6712510842200805,0.0548193943399438,18.705631862409035,5518.161399410664,0.9415174971088033,0.7512607084800187,0.40078156939691056,0.19666133704966365,0.9577239611553506,0.4464320193023929,0.03867568149016141,0.016761923544051302,0.9744858846994019,58.79395661823156,17344.21720237831,0.9155766865601299,0.5888582044933303,-0.05152520188643201,0.257288542839614,1.39921024770539,0.26239710498778274,0.0661973942765319,-0.7691376430198699,0.6300726046855203,20.311411008260997,5991.866247436994,0.870674819383903,0.6286802838085387,0.11099905755824079,0.13320206153019964,0.631835628305669,0.1733885231920289,0.017742789195895094,-0.30842330996277,0.323412318342899,8.868756092540261,2616.2830472993764,0.8819075844110631,0.6907830271963106,0.06294913098779863,0.07588761810477544,0.4571973590124839,0.0985977873673404,0.005758930581616241,-0.18631992426903082,0.27087743474345305,2.867849483751905,846.0155977068121,0.9017797481618424,0.6212422864772174,0.2907327545822027,0.1552797790037782,0.7408123115244746,0.32960179664925593,0.024111809767462196,0.03219395431768311,0.7730062658421577,32.04801658455315,9454.16489244318,post-void,33
37.466363878558795,34.968606286654875,39.964121470462715,0.9260751962910078,0.8507857066076081,0.10771067703351979,0.05645052016532883,0.328124733632811,0.12160695364145674,0.003186661226936197,-0.07376269067207995,0.25436204296073106,4.362534096316845,1286.9475584134696,0.9459637270077849,0.8072608559724374,-0.022505308001497765,0.14024155972597208,0.7208904386494548,0.14203585449672795,0.019667695074373395,-0.42212510961027416,0.29876532903918057,5.9513842689716245,1755.658359346629,0.9162910438273942,0.7086092589297348,0.0261473879168334,0.12244774593846389,0.5735651267045544,0.1252083718458313,0.014993450485410599,-0.29175506928424383,0.28181005742031057,4.6247552321837695,1364.302793494212,0.9533491391760148,0.815086596065684,0.20678339776790894,0.08877047890156842,0.4915713651147399,0.22503237881881585,0.007880197924413804,0.03786610052892706,0.529437465643667,14.938673597472238,4406.908711254308,0.9321750764912748,0.5499555334626198,-0.06409254976965448,0.21563550873944287,1.2084808904762807,0.22495894639976863,0.04649867262931834,-0.7419171528485071,0.4665637376277736,14.928925631761722,4404.033061369708,0.8684683591695983,0.6060586698236695,0.126095830191803,0.10834747480249249,0.5144884188899408,0.166250815600516,0.011739175296076746,-0.21858532583711,0.29590309305283075,8.153603437911848,2405.3130141839956,0.922849355006924,0.6552662141379998,0.008315630525670895,0.06027278128506919,0.32696580002083203,0.060843716806891865,0.003632808163837786,-0.17009631295072358,0.15686948707010845,1.0920775730887904,322.16288406119315,0.9137131406829274,0.621351457277219,0.25396180470210633,0.1321030691560843,0.7552841564677207,0.28626529501147707,0.017451220880457193,0.008587881034352218,0.763872037502073,24.174606642762363,7131.5089596148955,post-void,33
42.461879062366634,39.964121470462715,44.959636654270554,0.9371589928806335,0.847945450576316,0.04049088455603792,0.06562641664359153,0.45414238627128134,0.07711250413265451,0.004306826561478268,-0.18380676297893186,0.2703356232923495,1.7541697966145544,517.4800900012935,0.9275616621565661,0.8196313107309603,-0.17686992591597137,0.2949870817076418,1.6325252655174576,0.34394817788136656,0.08701737837439096,-0.9913183117116902,0.6412069538057675,34.89860297503409,10295.087877635055,0.9117705172978605,0.8160413251831439,-0.14055469903490847,0.31310108443443474,1.4471830210148675,0.34320243660966737,0.09803228907401905,-0.9323447590894369,0.5148382619254307,34.747434185969766,10250.49308486108,0.9427558675212705,0.8563082724494073,0.3524399595182167,0.3432501635704364,1.3271170987327279,0.49197012089793984,0.11782067479113137,0.03468615056374843,1.3618032492964762,71.4002069576184,21063.06105249742,0.9226392356900771,0.6991507404902682,0.11199113232582392,0.27051242990958546,2.0137665750558282,0.29277805323351785,0.0731769747355884,-0.6930898515813294,1.3206767234744987,25.287101594286536,7459.694970314527,0.8985154481483446,0.7056083150895405,0.1648171965850286,0.08866941867689085,0.6130078834959478,0.18715494676509548,0.007862265808497759,-0.18225893038145946,0.4307489531144883,10.332957359100487,3048.222420934644,0.8636082670786528,0.7228419103665762,0.012584180974238158,0.0800808418404262,0.5526277678594175,0.08106357283431156,0.0064129412298713565,-0.2671474356388409,0.28548033222057656,1.938534337995802,571.8676297087613,0.9343286240914062,0.5875859034233509,0.2793329978103688,0.22201428271350143,1.349515683208661,0.3568154500501878,0.049290341728790536,0.03232265992176532,1.3818383431304264,37.55859329138282,11079.785020957932,post-void,33
2.4977370855522096,0.0,4.995474171104419,0.8240331033195057,0.4714471110526842,1.1476392783142224,2.1899719273666896,11.591013215849367,2.472458888593249,4.795977042654173,-5.424215353228485,6.166797862620882,1803.35062195621,531988.4334770819,0.8416459229336702,0.7024022595959828,1.3183081075014769,1.3254610419025665,6.366716136645059,1.8694339356889729,1.7568469736014372,-0.6709655236154165,5.6957506130296425,1030.961055772141,304133.5114527816,0.8501370837070216,0.6072351688303999,1.2848558717382126,1.2647334759945568,5.467479326386796,1.8028880654220982,1.5995507653012742,-0.4462391134809486,5.021240212905847,958.8695860502236,282866.52788481594,0.8495208788810703,0.5887868114677208,2.9254969843809397,2.0735739597392686,7.69847183920745,3.585839033215345,4.299708966508789,0.10465163640225608,7.803123475609706,3793.1812637785747,1118988.4728146796,0.8589253330842728,0.5449020082297643,0.7255158118187179,1.990060262442825,10.29110663417277,2.1181862621953194,3.960339848154005,-4.576547920107302,5.7145587140654674,1323.5803471991287,390456.20242374303,0.7563941868838903,0.5218940261916881,-0.009366530123344782,1.9007905614618634,10.135457398014204,1.900813639058037,3.6130047585425062,-4.5866990755299755,5.548758322484229,1065.862284676572,314429.37397958874,0.7723886623108955,0.49372535171819815,-0.14767551334611778,2.494793951148396,12.320606918419564,2.49916084234862,6.223996858686625,-7.534241147497441,4.786365770922123,1842.5124501989562,543541.172808692,0.8081883907967283,0.558392692430291,3.1719287071600073,2.0698982401086643,8.957600191642413,3.787559959619214,4.284478724404946,0.12191844850129145,9.079518640143705,4231.955082074657,1248426.7492120238,pre-void,34
7.493211256656629,4.995474171104419,9.990948342208839,0.8011253085631557,0.6997865491507802,0.08676320168407227,0.4841722272314442,2.6607387202445536,0.49188474136603205,0.23442274562225726,-1.353639137528892,1.3070995827156615,71.37542664267484,21055.750859589083,0.8611235011382831,0.7432521247043751,-0.18842062754723662,0.2509140399288942,1.358357424365738,0.3137836648373098,0.06295785543343872,-0.7654339417090477,0.5929234826566903,29.045755554026286,8568.497888437756,0.8488335831798176,0.5944690367401736,-0.16044154340746763,0.2525720251796697,1.3903933405099838,0.2992225204665084,0.0637926279033597,-0.7439943547605351,0.6463989857494485,26.412564442527355,7791.70651054557,0.8497728662635077,0.7515368743654992,0.5764089684834653,0.3125661608581757,1.3682425580129407,0.6557018406728713,0.09769760491361895,0.05009635366971848,1.4183389116826592,126.83374663922848,37415.95525857241,0.8604739727779888,0.5473059316958147,0.09602067116018911,0.5030467492022659,2.592394017911643,0.5121288911719594,0.2530560318829674,-1.0754742057138063,1.5169198121978367,77.37142034604108,22824.569002082113,0.7546906852397454,0.6087430057478355,-0.07489992188748495,0.8394428698750922,5.45422065492351,0.8427777465517717,0.704664331784131,-2.052938513330153,3.4012821415933576,209.53092737445027,61811.623575462836,0.8099143364497425,0.662863910922744,-0.04883308360360967,0.5063553077329241,3.896065926552297,0.5087045977023811,0.25639569766930426,-2.089965803242773,1.8061001233095244,76.3402084784447,22520.36150114119,0.8305630972824404,0.6658071704548941,0.9268297112136843,0.6101781587298933,3.5715066572053864,1.1096534138997836,0.3723173853910029,0.0884826398858401,3.6599892970912267,363.2425561989361,107156.55407868614,pre-void,34
12.488685427761048,9.990948342208839,14.986422513313258,0.8622220443749716,0.7802073562536435,-0.1687096306130873,0.1865635764490035,1.2286695865775417,0.25153311416003965,0.034805968057443175,-0.6889712733411448,0.5396983132363968,18.664327718119026,5505.976676845111,0.8254489824170332,0.7220150988297167,-0.31031176905084495,0.22439423591371777,1.7384050796955186,0.38294407832314914,0.05035277311130123,-1.2152451897310468,0.5231598899644718,43.260619301216025,12761.88269385872,0.8422120943867497,0.6956333032778992,-0.29983870377423516,0.18454462316353604,1.1568613476743477,0.35207948849597165,0.034056717938571526,-1.057778052673386,0.0990832950009618,36.56819003477759,10787.61606025939,0.8489817333356849,0.7597234451325199,0.5235475801350239,0.24448511651255886,1.4670964963074824,0.577819211225621,0.05977297219615948,0.07916044416525167,1.546256940472734,98.49313705411262,29055.475430963226,0.8880631192314943,0.6608544160892745,-0.09545458994023712,0.40955172631665704,2.698570286592834,0.4205284714137828,0.16773261652895394,-1.5734670489390927,1.1251032376537413,52.16903760453575,15389.866093338049,0.8317384519817638,0.7616136432776615,-0.13936869259488893,0.29143855945222136,1.8507427485944865,0.3230480868403257,0.08493643393558595,-1.1446044886549631,0.7061382599395234,30.78621959130241,9081.93477943421,0.8413038548124082,0.7186638879078608,-0.04950879947257311,0.21917824911188627,1.7514048362962291,0.22470030286799245,0.04803910488375207,-0.6176703828171167,1.1337344534791123,14.89461670214542,4393.911927132899,0.8626464923679089,0.7813761240022083,0.4811834873855105,0.31647581148848186,1.7570112961188058,0.5759292385265528,0.10015693925729312,0.028994982050696106,1.7860062781695019,97.8498738979836,28865.71279990516,pre-void,34
17.484159598865467,14.986422513313258,19.981896684417677,0.8003554668340338,0.6787818156926457,-0.31523583179152054,0.35377168915891954,2.48342169254635,0.4738438959147275,0.1251544080503552,-1.6596943009882643,0.8237273915580855,66.23577112021589,19539.552480463684,0.8861122345169795,0.7714981566511872,-0.41699997815299006,0.21632741993896337,1.296483762010661,0.46977285404442304,0.046797552617448605,-0.9464658765382108,0.3500178854724502,65.10252764712763,19205.245655902643,0.8863587438344307,0.7459746447641364,-0.4236873166000395,0.20715828452476273,1.0914417792813969,0.47162007706944015,0.042914554847242554,-0.7827522367838532,0.30868954249754366,65.61552164302047,19356.578884691044,0.875991514594419,0.8091601114119139,0.7649409188580948,0.2872376365384731,1.5760017064780374,0.8170924483726885,0.082505459844208,0.15577976646899372,1.731781472947031,196.95382041036396,58101.37702105738,0.9131878591470964,0.6915112398755053,0.02787639348696297,0.34230958887920115,2.1849196286965498,0.34344278701479186,0.11717585463864771,-0.9210724436912419,1.2638471850053077,34.79611964598387,10264.855295565243,0.752063430383736,0.6750832246377226,-0.13689746541507364,0.5941635370987771,3.3890537916689523,0.6097304526221411,0.35303030881772984,-2.146431907983923,1.2426218836850293,109.67251133216631,32353.39084298906,0.8463188650037585,0.737094475581977,-0.027714816137822514,0.2640442647208248,1.971711955379047,0.2654947923510258,0.069719373731961,-0.8883700973631969,1.08334185801585,20.793808005826726,6134.173361718884,0.8460132532508434,0.718037958273788,0.58862078455247,0.4623172390963132,2.4057990143038057,0.7484728836589895,0.21373722956563765,0.034983343536252626,2.4407823578400585,165.26243898397692,48752.4195002732,pre-void,34
22.479633769969887,19.981896684417677,24.977370855522096,0.9205266943648356,0.8046825800491748,-0.23155583023029966,0.10451151980755628,0.4649055266742385,0.2540487360451309,0.010922657772485229,-0.4642783527886724,0.0006271738855661227,19.039524284407932,5616.65966390034,0.9071132420483133,0.7901316938355393,-0.3890778768860039,0.13261877486705745,1.2239153868477657,0.4110587959518196,0.01758773944723927,-0.8847576415971329,0.3391577452506328,49.845953450161105,14704.556267797525,0.9044628613620654,0.785504441038447,-0.4021457220548583,0.10408921722182843,0.6259394848129141,0.4153982991164942,0.010834565141852985,-0.8059603510792959,-0.1800208662663818,50.90394533811853,15016.663874744962,0.9059987134346151,0.800439052131973,0.6179808539330485,0.1554525815049237,0.9564172937629862,0.6372329565585608,0.024165505096544946,0.2823906841205332,1.2388079778835195,119.78942307268758,35337.879806442834,0.8908689901149743,0.6602267899547977,-0.025218652042921192,0.22337954037250166,1.6534574169068244,0.22479857532442687,0.049898419057030095,-0.5952924578255352,1.0581649590812892,14.907647843028148,4397.756113693304,0.8219301709960534,0.7452444457775704,-0.13859541542946932,0.20304960461291313,1.569750946683106,0.2458410688056972,0.041229141933460355,-0.7992688235970686,0.7704821230860376,17.829160177900626,5259.602252480683,0.8816778291315173,0.6109329292565436,-0.027050736198048216,0.13255991315032975,0.8376234643794525,0.1352918064898217,0.017572130574422966,-0.3688962902726638,0.4687271741067886,5.399642506467412,1592.8945394078864,0.8886653259846735,0.7096059559323526,0.3041546907305702,0.19174469377088404,1.2242494151229963,0.35954986230382413,0.0367660275892901,0.01894205839663387,1.24319147351963,38.13645052739618,11250.25290558187,pre-void,34
27.475107941074306,24.977370855522096,29.972845026626516,0.8945622006135109,0.8030159855136066,-0.33293283478619495,0.125529502340018,1.0016569603029821,0.35581164741546106,0.015757655957732583,-0.6891813099803039,0.3124756503226782,37.34756888876879,11017.532822186791,0.9342895743860817,0.829244914309895,-0.430905840044293,0.16182511489086068,1.5520695957164445,0.4602903548780032,0.026187367809440264,-0.8541024752836223,0.6979671204328222,62.500827184146836,18437.74401932331,0.91072605363929,0.7976016626270903,-0.4509911200909885,0.1516784321736292,1.4265675432503655,0.47581439363219635,0.023006346786650235,-0.9305769263450727,0.49599061690529284,66.78780447033454,19702.402318748682,0.9256963300474377,0.8582935639189839,0.7303288177072991,0.1774494137608123,1.13150783024714,0.7515773256410794,0.03148829444405596,0.2803598478997749,1.4118676781469148,166.63620054325014,49157.67916025881,0.8990270982062735,0.7596614364267245,-0.019481154720219367,0.3733761490061836,3.3361508744602384,0.37388402484717226,0.13940974864668781,-1.312390722497099,2.0237601519631396,41.23783289059667,12165.160702726018,0.8149697150587383,0.7128621288516677,-0.12204572472358419,0.2995483685592177,2.527002141652879,0.3234569276268384,0.0897292251064889,-1.4457391565522786,1.0812629851006004,30.864193288789167,9104.937020192805,0.8718285803904035,0.7083446597395686,-0.007657509941181401,0.13743898352593345,1.1088985494375152,0.13765214001656892,0.018889474192641805,-0.5812498892122012,0.527648660225314,5.589692937086623,1648.959416440554,0.9141469203199641,0.7420676664521998,0.38688895560924286,0.3371627140483436,2.1978386139031625,0.5131878405777517,0.11367869574444511,0.012875103168587455,2.21071371707175,77.69171911647247,22919.057139359375,void,34
32.470582112178725,29.972845026626516,34.968319197730935,0.848435858842841,0.7653945480779751,-0.24449270448323737,0.0843863349498986,0.5140715143863045,0.2586459666644816,0.007121053526276478,-0.5210392840120872,-0.006967769625782695,19.734832141182213,5821.775481648753,0.9050258262174312,0.8630024732384937,-0.40150495891636473,0.12661720105594962,0.7335363782432855,0.42099661238265856,0.01603191560324277,-0.7088756812340872,0.024660697009198422,52.28525355311396,15424.149798168617,0.9063708000980449,0.7650487262449259,-0.4171583782503034,0.12246878774444071,0.5190376415086984,0.4347639779420739,0.014998603971592873,-0.6665679742703279,-0.14753033276162955,55.760816372224745,16449.440829806303,0.9033576384279464,0.8225077176558067,0.6378384060656251,0.1622275191610761,0.7715390866551051,0.6581455767727188,0.026317767973157314,0.17849215141804678,0.9500312380731518,127.78090206652092,37695.36610962369,0.8910020941671472,0.7263637193363599,0.01829089072162423,0.24189609933207248,1.1382663259825605,0.24258664339872935,0.05851372287207188,-0.6883393589854229,0.4499269669971377,17.360242468861372,5121.271528314104,0.8162754660675174,0.6838712926177785,-0.07032910181439203,0.1649936016790914,1.0512601873400584,0.17935738389332567,0.02722288859503868,-0.6481586954958392,0.40310149184421934,9.48987599133205,2799.513417442955,0.8752775052652914,0.7333652504695061,0.0025402329214379827,0.09340628795296069,0.6066325873270013,0.09344082305099077,0.00872473462915141,-0.3465248687546258,0.2601077185723756,2.5757002866717373,759.8315845681625,0.9097749626336002,0.7998870752404604,0.280559736650703,0.1450336936558358,0.8585466453022833,0.31582991961650286,0.02103477229545482,0.048460670729083236,0.9070073160313665,29.42581874686516,8680.616530325224,post-void,34
2.497920947464456,0.0,4.995841894928912,0.8149573886800249,0.5681984360957245,0.3445591536257315,0.5906328949056755,3.3205077206361278,0.6837896071833347,0.34884721654465867,-1.486571525085258,1.83393619555087,137.93262693312204,40690.12494527099,0.8852669074527431,0.7533848649936202,-0.2831664082040666,0.5133975203288185,2.6922630875332154,0.5863106929051964,0.26357701387977955,-1.9064170253800026,0.7858460621532128,101.4092674414166,29915.733895217905,0.8685317498923608,0.6792746267507899,-0.2805407718795756,0.5109759947866016,2.484553220603747,0.5829233156556232,0.26109646724815716,-1.4432116868371736,1.0413415337665732,100.24087962080885,29571.059488138606,0.8597005230779737,0.7192972044043527,0.9992251360762113,0.3907392671274963,2.4795578605403215,1.072906355392611,0.1526771748753329,0.09124642523615342,2.570804285776475,339.5827739953475,100176.91832862751,0.8592356844553216,0.6613493869705015,0.03441336370798458,0.7805744600548041,4.320285559197934,0.7813326866908532,0.609296487689849,-2.022247922170541,2.298037637027394,180.09182635100638,53127.088773546886,0.7923781707843113,0.5139556529636403,0.032674355674849234,1.3134892212537943,8.002713336212611,1.3138955620096544,1.7252539343498992,-5.050947959390643,2.9517653768219687,509.2648566212564,150233.13270327065,0.808871886101037,0.4405950951703253,-0.166606397800675,1.2190942702650698,8.44776325093127,1.2304261585244518,1.4861908397931232,-3.2196730868138888,5.228090164117381,446.6148168164657,131751.37096085737,0.8595743020234217,0.5882231270748947,1.5770182240139465,1.1678032230942637,5.756959874029332,1.9623330111735502,1.3637643678693505,0.14667593555961503,5.9036358095889465,1135.9714997887286,335111.5924376749,pre-void,35
7.493762842393368,4.995841894928912,9.991683789857824,0.8169359467185481,0.7336726732508889,-0.015303096071753036,0.4143249186809423,1.7882789034271895,0.41460743238556486,0.17166513823996946,-0.7520251692995884,1.036253734127601,50.710300281858466,14959.538583148249,0.8525027078015905,0.6890168346998247,-0.1965969551129384,0.48526501930497723,3.110621633558897,0.5235766435974188,0.2354821389610599,-1.8494529411491716,1.2611686924097256,80.86908800761789,23856.380962247273,0.8724386691089229,0.5869748161109085,-0.17269950981445428,0.47742787880275184,2.4608030214622616,0.507703161451894,0.2279373794580951,-1.1844824702985977,1.2763205511636637,76.03993754373315,22431.781575401274,0.8482282781478376,0.6727585760836335,0.7417184615943788,0.3919796532836944,2.0162910178945364,0.8389245048622298,0.15364804858840528,0.11653104586638477,2.132822063760921,207.61932583320953,61247.701120796795,0.8528379357864072,0.6662191711079652,-0.2988476755191704,0.7895447368229347,4.0497333574991075,0.8442101779817679,0.6233808914447971,-3.086193704785134,0.9635396527139738,210.24379325936243,62021.91901151192,0.781673222466355,0.44472867983614267,0.22635904493940937,1.0363924182115247,5.797226431040691,1.0608240484416884,1.0741092445263318,-1.8652038580096892,3.932022573031002,331.977560216903,97933.38026398639,0.8030118719376061,0.4888097902343825,0.08938459840327867,0.7864660678466358,4.65086109323337,0.7915292049607926,0.6185288758741491,-2.2411441189363694,2.409716974297001,184.82295228023,54522.770922667856,0.850948826448038,0.5498643288551653,1.1250165398079786,1.0949405252453528,4.52964634782646,1.5698907505511606,1.1988947538245691,0.08203348097129613,4.611679828797755,727.0443057564954,214478.0701981662,void,35
12.48960473732228,9.991683789857824,14.987525684786736,0.8635547460169285,0.4400869811624644,0.764262329323768,0.48768036441098694,2.095438005609111,0.9066030255053338,0.237832137832033,-0.25768497095420767,1.8377530346549036,242.46906852735032,71528.37521556835,0.8264322387499934,0.5114968566139338,1.0819394918452048,0.4547894745903107,1.9817056165946734,1.1736381598313812,0.2068334661981309,-0.07103256765699693,1.9106730489376764,406.3408264126552,119870.54379173325,0.8528083264654152,0.33792820952849134,1.200075265168296,0.49062185966658506,2.1455905811739178,1.2964915932050831,0.2407098091826983,-0.07859254622742526,2.0669980349464927,495.8626831191791,146279.4915201579,0.8282104565777967,0.44882249781211553,1.888415884316135,0.5604743305288659,2.4200897537996244,1.969834010093051,0.3141314751817804,0.544428449489071,2.9645182032886956,1144.6725780591846,337678.4105274596,0.8390063724797502,0.35114080372428946,0.09643020015854827,1.3899346500749716,7.455774746414018,1.39327567802702,1.9319183314790338,-3.8873924564102063,3.5683822900038114,572.6590489195873,168934.41943127822,0.7891247127048425,0.4960461577352791,-0.11612045995389819,0.7982469208703395,3.6394258677899307,0.8066486892686822,0.6371981466789781,-2.170410346927966,1.4690155208619646,191.95122183017048,56625.610439900294,0.7215278032190784,0.3664659657210655,0.008664871996006214,1.154875160912433,6.569528624686997,1.1549076661357933,1.3337366372925181,-2.12448742122092,4.445041203466077,393.4744566032714,116074.96469796507,0.8364300859679178,0.4609077461954575,1.717448934955184,0.9879676593902573,4.45684982351197,1.981340692606842,0.9760800960010635,0.3735190980707576,4.8303689215827275,1158.0847273530292,341634.99456914363,void,35
17.48544663225119,14.987525684786736,19.983367579715647,0.8780634679773203,0.7169429799531539,0.36256330623465555,0.32559513690276337,2.4814439730786035,0.4873031337910047,0.10601219317472922,-0.936513522259537,1.5449304508190667,70.05198153974749,20665.334554225516,0.8225209639236754,0.7248856770787583,-0.2923155406055733,0.31021839951439,1.7261254124477698,0.42624386291980587,0.0962354553972697,-0.9355861152981297,0.79053929714964,53.596730049655484,15811.035364648369,0.9197892580323824,0.7796548423105217,-0.3118969546762233,0.27184303148184735,1.6795351147640938,0.41373704704986564,0.07389863376524064,-0.820627319877803,0.8589077948862909,50.49761150995511,14896.795395436755,0.8785251148088101,0.7346782467615338,0.717360123336917,0.2751744399956472,1.4359501641132557,0.7683270911407946,0.07572097242691807,0.13788887573366032,1.573839039846916,174.14632309935809,51373.16531431063,0.8522011805520647,0.7023909739208949,-0.045855080814439765,1.3386775989451796,8.976368088971782,1.3394627289902954,1.792057713917631,-5.248031233074296,3.7283368558974868,529.2773186944682,156136.8090148681,0.7551076892345904,0.6399045633995429,-0.1915614531622517,0.9389615450155937,4.622272473236959,0.9583029653276172,0.8816487830180707,-2.7045088603443777,1.917763612892581,270.91164913993276,79918.93649628015,0.7570699094557322,0.622689496921684,-0.25554193265900904,1.0418397617509376,6.430714039037407,1.0727216640454096,1.0854300891652506,-4.266052093425877,2.16466194561153,339.46587171114396,100142.43215478747,0.8285007842606671,0.6412718580342033,1.3832111122062118,1.3964110294936234,6.694599563871727,1.9655118275457377,1.9499637632914408,0.08827792713564732,6.782877491007374,1139.6548395455447,336198.17766593583,void,35
22.4812885271801,19.983367579715647,24.97920947464456,0.8391855688507006,0.6317598337253505,-0.5791092318161717,1.0777283518095624,4.612959821817498,1.223464712473912,1.1614984002941557,-2.943074788300603,1.6698850335168942,441.5754412873173,130264.75517975859,0.810643831295313,0.692895751505961,0.883618264389612,0.7771699341434054,2.9826685889092412,1.1767643535132153,0.6039931065364651,-0.5612999177406423,2.421368671168599,408.5084313913158,120509.98726043823,0.8628635498130268,0.6459495470333508,0.9872452373831451,0.7980555330043211,2.9994421733188283,1.2694667354816798,0.636892633758811,-0.40043242908923926,2.599009744229589,475.4060087858814,140244.77259183495,0.8390082167771039,0.6640590682449252,1.7332073820640057,1.220318896691187,3.991280880673188,2.1197136690748497,1.489178209621596,0.11424286705755667,4.105523747730745,1325.4898814645144,391019.51503203175,0.8365448504123651,0.6663391265886833,0.19883464841921264,1.2649617380409142,7.321525354012529,1.2804934268161952,1.6001281987074902,-5.067146732786153,2.254378621226376,483.7007077552473,142691.70878779795,0.7621939377038224,0.5405669211805886,0.2026096887208941,1.1479455965749292,8.212049054554996,1.1656885427331556,1.3177790926957702,-2.723948180569121,5.488100873985874,400.8547847045076,118252.16148782973,0.7844184562864802,0.5475277432436018,0.08837357217372355,1.5340614012894551,10.124185646806778,1.5366047869198218,2.3533443829261667,-3.15329636637007,6.970889280436707,696.5405099995488,205479.45044986685,0.8237995156647723,0.5975983026419903,1.7536925735649953,1.5113602559901875,8.771317824207602,2.315091243550401,2.284209823386725,0.2255293881617624,8.996847212369364,1581.0960024593037,466423.32072549453,void,35
27.477130422109013,24.97920947464456,29.97505136957347,0.9028077053944612,0.8412326523606062,-0.39417891942544386,0.27169461884695895,3.34444762693948,0.47874313199230845,0.0738179659103943,-1.3685202189943997,1.9759274079450804,67.61252099679243,19945.693694053767,0.8239091850118184,0.7573253158091944,-0.30408300293504625,0.17192788061915648,0.887010138160687,0.34932172679092016,0.02955919613419492,-0.8059062541289888,0.08110388403169824,35.99757229841613,10619.283828032765,0.9009368648316111,0.7798220871641753,-0.28847602183275284,0.1755831583159378,0.9481579733823892,0.33770972840096064,0.030829445484199674,-0.786125225929588,0.1620327474528012,33.644118893711926,9925.01507364502,0.8921585871561191,0.8013490689808036,0.6441704657087792,0.2243054323978362,1.9296654933135933,0.6821059418408886,0.05031292700318027,0.29976696717862406,2.2294324604922173,137.25421218892046,40489.99259573155,0.8609612667586767,0.6803896703703245,-0.053020708449686954,0.47596235947825377,3.253795244096888,0.47890642422566565,0.22654016764010648,-2.490243122124506,0.7635521219723819,67.6586521335609,19959.30237940046,0.8616634711907889,0.7786065936986105,0.06310940062424586,0.5578420024724043,4.792824179868161,0.5614004775288077,0.31118769972242194,-0.34107194021241594,4.451752239655745,92.97529637002415,27427.712429157127,0.868458946151317,0.8006939475406366,0.026417379581678054,0.33731621031172715,2.860659915186003,0.338349085535971,0.11378222573906534,-0.38396440180632585,2.4766955133796773,33.7716305864932,9962.631023015492,0.9129323003496461,0.6908979335789652,0.43173645769882896,0.687463158366237,5.507679667482922,0.8117893587730838,0.47260559411088177,0.016162237419328002,5.52384190490225,194.4055790900783,57349.645831573085,void,35
32.47297231703793,29.97505136957347,34.97089326450238,0.8021797512856609,0.6817931533790654,2.0288986035744823,1.3527447530178756,7.0685958777453415,2.438513463240233,1.8299183668173933,-1.7679215464712974,5.300674331274044,1754.1726335691437,517480.9269028975,0.853299460039414,0.6709147023800754,2.112720955538696,1.4541880294534202,6.031622389750524,2.564810453226118,2.114662825005621,-0.8037561346856147,5.227866255064909,1940.5845349884994,572472.4378216073,0.8295018148984029,0.6199560036819135,2.0259612583467446,1.2545551990557473,4.829737093020616,2.3829451877455616,1.5739087474778055,-0.2858260936593986,4.543910999361217,1675.1361915009202,494165.1764927717,0.8128499069367708,0.670269377053104,3.7884458168169024,1.9623217453374158,7.377792219931561,4.266500713603781,3.8507066322240817,0.3179512237144803,7.695743443646042,5369.893360058563,1584118.5412172754,0.8401514824573316,0.508716685977765,-0.04790339888469588,1.8313548991578281,9.877172507834194,1.8319813051158806,3.3538607666693787,-4.936891883152111,4.940280624682083,990.0658731767551,292069.4325871427,0.7596395579781826,0.6221485028056055,-0.3806136744031943,2.141128132247625,12.153682961317221,2.174694564265268,4.584429678702204,-7.887875715150518,4.265807246166704,1395.1424521142467,411567.0233737028,0.7326397090880019,0.5819870597554616,0.3077994113551117,2.1432625547884885,9.08656875501314,2.165251684305783,4.593574378758478,-3.800905331550581,5.28566342346256,1383.0528826347645,408000.60037725547,0.8074880686657667,0.6521136586095551,3.2302456763225273,1.5294703910594798,7.628893547059839,3.574040683390163,2.339279677127638,0.6387124635041044,8.267606010563943,3768.2612079257665,1111637.056338101,void,35
37.46881421196684,34.97089326450238,39.966735159431295,0.8454724285363613,0.6827702574921838,0.1436355641989787,0.5802710309522271,3.2805430264040885,0.5977839448037386,0.33671446936236044,-0.6401035774191575,2.6404394489849308,105.4169651762102,31098.004726982006,0.8562111463882557,0.7496619370760312,-0.06829843752537398,0.30324015505377894,1.997560877651201,0.31083640103026433,0.0919545916370399,-0.9438681324810806,1.0536927451701203,28.50268412060696,8408.291815579052,0.9183563535768695,0.6478209944388181,-0.025329143279372014,0.2984539020121149,1.9377038331017853,0.29952678866092103,0.08907473162625708,-0.8482198109162863,1.0894840221854991,26.46630765202959,7807.56075734873,0.9080974780618085,0.7170760852726462,0.5721247652040309,0.46513918673481297,2.582540924770953,0.7373474147212361,0.2163544630363232,0.06287169137378672,2.6454126161447395,160.38595694884674,47313.857299909796,0.8266880455151165,0.6113503310624732,0.13555531383813413,0.754828124457314,4.372828290645895,0.7669033450060714,0.5697654974717462,-2.117396079024667,2.2554322116212284,173.50151847154288,51182.94794910513,0.7287235767204502,0.6026236318211875,0.07730325714675393,0.8142495594278781,5.2947067043877105,0.817910837802013,0.6630023450284936,-3.085185103896056,2.2095216004916542,197.3485508852273,58217.82251114206,0.8212757800511787,0.6467290781562418,-0.3010160174980717,0.5804715024459888,3.6814655379244554,0.6538790468751104,0.33694716515190354,-2.3638873190230174,1.317578218901438,126.12955334297936,37208.21823617891,0.8403992614336481,0.6423066480069061,1.0806335773350393,0.7189629744666066,3.6006999904214867,1.297950957131199,0.5169077586538705,0.03668502063933908,3.6373850110608257,496.9796226997496,146608.9886964261,void,35
42.464656106895745,39.966735159431295,44.9625770543602,0.8426268572919412,0.6771920670993268,-0.6859209495401455,0.34111970210527504,2.1708868028567174,0.766061485902043,0.11636265116439158,-1.931102198730845,0.23978460412587244,173.12080905382163,51070.638670877415,0.8835535437913632,0.7831037319856686,-0.24366305369418526,0.24428008710626622,1.7199061518472276,0.3450281795625111,0.05967276095664501,-1.2750124973445727,0.44489365450265494,35.11811118420502,10359.842799340478,0.8963987162429283,0.7496060275048605,-0.21299817369813132,0.23974678107864233,1.2788571659521315,0.32069727319749664,0.05747851903757046,-1.0320853334563305,0.24677183249580104,30.33978860571139,8950.237638684863,0.8763626795670665,0.7383070024675054,0.8175880287516156,0.3745546704461499,2.028427576027765,0.8993004981156058,0.14029120115302393,0.25435063823830284,2.2827782142660675,238.57870884373807,70380.71910890278,0.8581931358819129,0.5998846637204015,0.031029220461814045,0.7626674836973545,5.349231854929807,0.7632984365316899,0.5816616906892544,-3.2648679975628774,2.084363857366929,171.87422844745808,50702.89739200014,0.8068081009163529,0.6551991980946708,0.01660889267847981,0.38307058602891275,3.394689272531333,0.38343047504931055,0.14674307388053465,-1.6340290362049466,1.7606602363263866,43.37058411297928,12794.322313328885,0.8370302111608973,0.6566755562081724,-0.09665014948996335,0.336810911181112,2.131175212980571,0.3504038260166164,0.11344158989065091,-1.4321326841227986,0.6990425288577727,36.22093817968953,10685.17676300841,0.8770604384640737,0.7030805955447753,0.7301876304757345,0.5650241570017849,3.2844532592717552,0.923269339735348,0.3192522979955777,0.016399036405400934,3.300852295677156,251.46575074012688,74182.39646833742,void,35
47.46049800182466,44.9625770543602,49.95841894928912,0.9028654120696895,0.8271619866579688,-1.0422732465001747,0.0799536770075397,0.43524684269325664,1.0453354059042677,0.006392590467025984,-1.2516533898403115,-0.8164065471470549,322.3542026969268,95094.48979559346,0.8464952532994755,0.7590979857704184,-0.639715113546969,0.2660254630525337,1.366626591063223,0.6928239123274589,0.07076954699231497,-1.3077566716368798,0.05886991942634304,141.6014671803543,41772.43281820451,0.8978779016963166,0.7580033222971102,-0.6826100275145296,0.29181073592468565,1.0855159321713743,0.7423678032244484,0.08515350560090663,-1.2442062879228837,-0.1586903557515093,162.57743680296656,47960.34385687514,0.8893661021049465,0.8044529869083801,1.4344545800580508,0.25725687035440076,1.0903992719951745,1.457340399355641,0.06618109734454095,0.979014161373466,2.0694134333686405,626.5331066802477,184827.26647067303,0.846487925261883,0.6533873620832152,0.06697892076561875,0.7106492293205746,5.250321365311537,0.7137986431486498,0.5050223271339266,-3.412593567069798,1.8377277982417388,150.3050083734518,44339.97747016828,0.8680700194019011,0.6775617785335737,-0.017818350733426226,0.15838340968544581,0.9927271696968282,0.15938255264126988,0.02508530446358777,-0.42755753564277865,0.5651696340540495,7.493825435501913,2210.678503473064,0.8503892604238678,0.7553811611713207,0.005796706050825587,0.16464886593278072,1.0160205858394962,0.16475087512359524,0.0271092490529508,-0.4808423448432389,0.5351782409962572,8.00714100192719,2362.1065955685217,0.8557386465873689,0.6879915900012138,0.590913312203292,0.4613844485483077,3.3841635636749223,0.7497027090129069,0.212875609362226,0.04075000459669213,3.4249135682716143,165.80597481088094,48912.762569209866,void,35
52.45633989675357,49.95841894928912,54.95426084421803,0.9011448214633629,0.7208607390604802,-0.9296968496832307,0.17927807014159772,1.1438472797188566,0.9468246187888331,0.032140626433695633,-1.5185561125247293,-0.37470883280587286,264.46067332966265,78015.89863225051,0.8994778284513256,0.8291480812694799,-0.9142002339260478,0.14142192629631298,0.7990331821110649,0.9250741748356184,0.02000016123735978,-1.2269345101789808,-0.4279013280679159,252.44985753960106,74472.7079741823,0.9038913379425683,0.8416080707968179,-1.0106624055913347,0.14997738727794022,0.7110445228633491,1.021729766019558,0.022493216694717266,-1.3462065260169134,-0.6351620031535643,307.95985585726226,90848.15747789241,0.9041757837789376,0.7961483490444263,1.6604491907353942,0.197684818458511,0.9864072226086156,1.6721754699979305,0.039079287448974445,1.0971970332145096,2.083604255823125,824.870386726526,243336.76408432506,0.8724714720753782,0.6330046597948729,0.017204651596113424,0.36792622941478015,2.341216966698435,0.36832826436199684,0.13536971029137743,-1.4123908654451625,0.9288261012532724,40.02138454673671,11806.308441287332,0.8462005070963131,0.5223977670714752,-0.07453404778331188,0.3756157110050253,2.82603664387302,0.382939272774125,0.14108716235381066,-1.5287981621726026,1.2972384817004177,43.259533556668835,12761.562399217304,0.8323906479682271,0.5975585494903813,0.04690165544257745,0.36850043200371924,3.2708963129288984,0.37147319374375043,0.13579256838692771,-1.6377755110244518,1.6331208019044463,40.70773843270368,12008.782837647588,0.891970326935212,0.5660267275777294,0.4713899580994435,0.4450753172597687,2.1561385850682266,0.6483058927935783,0.19809203803388373,0.047871773922198,2.2040103589904247,123.98865653610922,36576.653678152215,void,35
57.452181791682484,54.95426084421803,59.95010273914694,0.9063354515248372,0.6533370412408975,-0.3418021412274308,0.2949913871004255,1.1947193659025852,0.4514959824971753,0.08701991846343307,-0.8486967972566626,0.3460225686459227,60.135343552271436,17739.926347920074,0.8795956199297499,0.828785629361084,-0.8299108918606494,0.20771047281759641,1.038984516114369,0.8555090466775019,0.043143640518109455,-1.2292681262827791,-0.19028361016841014,215.9092400393792,63693.225811616845,0.8915374568603865,0.676510155563218,-0.9088929582902814,0.24146785039982463,1.1454880834208643,0.9404217843108331,0.05830672277671208,-1.5324869902129667,-0.38699890679210247,260.8959740598795,76964.31234766443,0.8902256009105327,0.7283734895824566,1.3000495998476178,0.3605669445478301,1.648987790217343,1.3491247101600758,0.130008521500558,0.43138904209975454,2.0803768323170977,536.9405576515301,158397.46450720137,0.8844238086153324,0.6851802445065805,-0.08907221384208179,0.35787606078776724,2.3222149433294508,0.36879416232323853,0.12807527488496967,-1.1225698386227978,1.199645104706653,40.12269457829127,11836.194900595923,0.803994014567347,0.4679150547670981,0.05599588650208826,0.7857544777991791,4.681894194396103,0.787747192115983,0.6174100993814606,-2.8366084228069712,1.8452857715891322,183.06096341255153,54002.98420670269,0.8494430617504529,0.5433788897285401,0.17846313270472972,0.31759715597612564,1.4251199076873449,0.3643035042638342,0.10086795348412349,-0.47055628766397184,0.954563620023373,39.15152774957829,11549.700686125596,0.8794158963748214,0.5657016343962263,0.74853818060626,0.5735524459401199,2.806347502154611,0.9430120975200815,0.32896240824389417,0.040607603479732475,2.8469551056343434,262.335185740421,77388.87979342425,post-void,35
2.497884825034994,0.0,4.995769650069988,0.8683860371172446,0.3474509186785756,-0.40511147644637213,1.3328092191235401,4.796566402031251,1.3930167705125667,1.776380414580701,-2.291268388432527,2.5052980135987237,586.0297083246367,176980.97191404027,0.9017992727142182,0.7932452087582077,0.9856445614127751,1.2811329029726084,5.769637585154382,1.6164147724274254,1.641301515079023,-2.104990981064404,3.6646466040899783,789.0646083895248,238297.51173363638,0.9270029893197055,0.7653104173437459,1.3911342693085382,1.0884024249086197,3.966036987781757,1.7663166176514233,1.1846198385469637,-0.5110957489034246,3.4549412388783325,942.2020669250525,284545.02421136585,0.9488480513904188,0.6838866766460717,2.3718835193569374,1.4308512864184655,5.142740623771895,2.770048164426465,2.0473354038453775,0.16543768366343228,5.308178307435328,2317.2963836392137,699823.5078590427,0.9226873330905394,0.6559113050338895,0.9138123116054766,1.895951874978058,11.77915291793426,2.1046820313469103,3.5946335122328135,-4.992790998300582,6.786361919633678,1337.7653088285165,404005.123266212,0.8372196834763926,0.46627149389453304,-0.07446227973687759,3.0040295688805583,14.300615238497054,3.004952292768111,9.024193650708714,-7.43078230559327,6.869832932903784,2726.9809611073224,823548.2502544117,0.8358264448187898,0.28634832103818264,0.7528933570432803,2.907109662337599,13.782104198788314,3.003020978271136,8.45128658885663,-5.822180288382154,7.95992391040616,2723.4767687728317,822489.9841693954,0.8880034696543548,0.511144599032522,3.8659845071674863,2.744398571848555,11.464357595678463,4.741050488111619,7.531723521164388,0.1391424872618533,11.603500082940316,6788.223038708673,2050043.357690018,pre-void,36
7.493654475104982,4.995769650069988,9.991539300139976,0.8902534305667,0.7923777600583967,0.45064998986084676,0.11160901703185139,0.7711955970027062,0.46426499549761163,0.012456572682816094,0.061808531284543104,0.8330041282872493,65.093679785408,19658.29129519321,0.9300951599227673,0.825695120945608,-0.3239955704070053,0.39097639982812266,2.3477049964593215,0.5077752208073183,0.15286254522256001,-1.6654110573389742,0.6822939391203471,77.86637380950808,23515.644890471427,0.9397578383528171,0.8446570121679213,-0.2433954370618603,0.28274636922503626,1.3839668376485315,0.37307753630106766,0.07994550930994053,-0.9992474815312601,0.38471935611727137,42.03442812392729,12694.397293426044,0.9389242310831237,0.8708668823701221,0.731789811488139,0.27757554071810153,1.7966070087704304,0.7826650043299448,0.07704818080494645,0.2124429434723468,2.009049952242777,184.99448171884336,55868.333479090696,0.9185283782657012,0.7426854612128488,0.07015233022536295,0.9826557767317383,6.248036070925746,0.9851567007234456,0.965612375544256,-3.7045765935020496,2.5434594774236965,293.101184944052,88516.55785310369,0.855009748861968,0.6082268036177049,-0.18465127286325003,0.8525362679036796,4.736288699829874,0.8723039496993885,0.7268180880911347,-2.7084318876924325,2.0278568121374416,229.79608255966826,69398.41693301979,0.919367237311388,0.5806565572479876,-0.019400909002263773,0.3335977591238364,2.000080103808513,0.33416142829859835,0.11128746489244518,-1.1675237362799342,0.8325563675285786,33.722485769092906,10184.190702266058,0.947717678926063,0.8275112030588989,1.189755936973205,0.6539056325197299,3.9556717873702323,1.3576125241776524,0.42759257624102803,0.017397550602790794,3.973069337973023,556.6197532728131,168099.16548838944,pre-void,36
12.48942412517497,9.991539300139976,14.987308950209965,0.9378978126649108,0.8138638693307532,0.46385893394884514,0.07626627151409202,0.37470765499198305,0.47008685875572,0.005816544170661204,0.278391069948237,0.65309872494022,66.7364597419957,20154.410842082714,0.945062706331654,0.8367162547948178,-0.31543541423845245,0.3342822447486488,1.8725523931996686,0.45961301081451084,0.11174461915419555,-1.3108745178558725,0.5616778753437962,63.795724152413854,19266.308694028983,0.9494433129416914,0.8851011803110885,-0.23354304298738912,0.19661231938892648,0.9910758993687636,0.30528471475542746,0.03865640413549323,-0.7476164904555728,0.24345940891319087,28.14602463311742,8500.099439201462,0.9564754762947099,0.8714079740420011,0.6901788515215972,0.2215348380287662,1.2704091311251604,0.7248617327105236,0.049077684460431675,0.32667079365640894,1.5970799247815692,158.67820852752698,47920.81897531316,0.9304171905624311,0.7382286748011431,0.00861553427557861,0.7573073753426475,4.867343618506167,0.7573563812230166,0.5735144607483695,-2.724400566579463,2.1429430519267045,173.22378383012543,52313.58271669787,0.9228299798016076,0.8208093182553245,0.08887172802345039,0.41890490189157703,2.3781094839983483,0.42822832796379307,0.17548131682879178,-1.177092201916849,1.201017282081499,55.38060926294111,16724.943997408212,0.942475982977076,0.7663101873643341,0.04606005007248509,0.1419583000496519,0.7856612402388362,0.14924371734068687,0.020152158952987,-0.28333279836149217,0.502328441877344,6.726653524031385,2031.4493642574785,0.9816854414504081,0.8453794301840495,0.7506583205409034,0.46449323140199394,2.785708946727928,0.8827467792156231,0.21575396201826627,0.06419488568448245,2.8499038324124104,235.3310466170979,71069.97607836356,pre-void,36
17.48519377524496,14.987308950209965,19.983078600279953,0.9642241635273068,0.8597905227175853,0.44492389312575553,0.05812863686785218,0.3918182619432963,0.4487050357398424,0.003378938424114624,0.2506823442441949,0.6425006061874912,60.80353514768456,18362.66761460073,0.9348612325578917,0.7677195860678951,-0.28896612378938413,0.297501356706865,2.193555256175376,0.41473904800523304,0.08850705724242533,-1.3503108504415033,0.8432444057338725,51.946560337966666,15687.86122206593,0.9514661083143224,0.8358603076420514,-0.16091571232306326,0.1621716972646939,1.07213629130128,0.22845902447955604,0.02629965939371153,-0.7790555296872002,0.2930807616140798,15.762444811577417,4760.25833309638,0.9445905910676018,0.869911360985457,0.6240223844505524,0.19009018020239146,1.263995235985567,0.652332900369689,0.03613427660937766,0.34047178512506093,1.604467021110628,128.51254029722864,38810.78716976308,0.9316610093484219,0.7493411512251184,0.023805643449233072,0.7412905354902822,4.521386354005982,0.741672681624112,0.5495116580074694,-2.478470386992361,2.0429159670136214,166.12366673358545,50169.347353542806,0.912832392923304,0.8337393648422755,0.07505650460565771,0.38089633626230945,2.383412081463166,0.38822093949408426,0.14508201897805031,-1.0934282767420205,1.2899838047211456,45.516080354224165,13745.856266975698,0.96249679609194,0.8693934780980777,0.04448279809670258,0.12946758715004894,0.8457706671222992,0.13689622145613634,0.016761856122455517,-0.3118021097291369,0.5339685573931623,5.659653785588192,1709.215443247634,0.9835551941177377,0.7894355911098718,0.6781788072079123,0.5095173651919939,2.6338660108709933,0.8482537591889224,0.2596079454321917,0.06329619229672322,2.6971622031677165,217.29940087339781,65624.41906376614,void,36
22.480963425314947,19.983078600279953,24.97884825034994,0.9552067570652822,0.8071609746866142,0.47876357463633873,0.06023106419613363,0.35664061079089976,0.4825373990612166,0.003627781094198771,0.32031139574245243,0.6769520065333522,70.31838713081467,21236.152913506026,0.941896816840379,0.6945218018344618,-0.3974706396590697,0.3296540325100197,2.1508336099177514,0.5163861835304147,0.10867178115011712,-1.3538706915380179,0.7969629183797335,80.52971654341434,24319.974396111138,0.9426446214499777,0.7873808377279234,-0.37902617120121124,0.1605305003083779,0.9703871072633689,0.41161982457688795,0.025770041529258117,-0.8160353717441681,0.1543517355192008,51.16812575538182,15452.773978125315,0.957091199637916,0.7846267255557392,0.7886015360016092,0.2168767609369008,1.2018846732136579,0.8178801330381971,0.047035529434481624,0.4088933840447989,1.6107780572584567,202.01622942961083,61008.901287742454,0.9049297088311675,0.7106093660452266,0.05700538271306115,0.8712275058467697,5.9470954016908735,0.8730904767561296,0.759037366943983,-3.0647233072575544,2.8823720944333187,230.21066814187822,69523.62177884721,0.9268018395040561,0.7999304035278647,-0.012749010555143287,0.3144214911486607,2.1268669929883193,0.31467985535506154,0.09886087409614731,-1.2557201370969249,0.8711468558913944,29.905070232617305,9031.331210250426,0.9462799869834457,0.8424905877472417,0.03154038828122171,0.12514521739096082,0.7253133790407297,0.12905859726791186,0.015661325435830844,-0.3008113493761594,0.4245020296645703,5.030148701685842,1519.1049079091244,0.9860618143772352,0.8274863852126062,0.72870310022163,0.5890316674209242,3.0248782578356583,0.9369986731566321,0.3469583052246742,0.05036003221536026,3.0752382900510185,265.14588707618134,80074.05789700677,void,36
27.476733075384935,24.97884825034994,29.97461790041993,0.9627795529838964,0.8388960498366403,0.4846218112243679,0.0574754122950056,0.3845358694788119,0.4880181584048567,0.003303423018480881,0.3328387055835895,0.7173745750624014,71.92484032572608,21721.301778369278,0.9366458576271952,0.7608487748652065,-0.44146108009461227,0.32700325830651317,2.169225845112464,0.5493805749945821,0.10693113094307616,-1.467027915299907,0.7021979298125569,91.14934288677607,27527.101551806383,0.9281079744258746,0.8006431640910503,-0.49112737639109955,0.14949383457016374,0.9479375550962383,0.513375599746712,0.022348406574491483,-0.9409743139752947,0.006963241120943616,79.59346093741948,24037.225203100683,0.9331815254085353,0.814634438282963,0.8679307216185559,0.2241238675380976,1.2389561702599268,0.8964012748370799,0.050231508000234716,0.5032574192024193,1.742213589462346,242.66764414992167,73285.62853327635,0.9081026486424123,0.7579434883043865,-0.00022323064574880058,0.7024472675698759,3.9495135364470855,0.7024473030400971,0.4934321637163848,-1.9588507074648438,1.9906628289822415,149.01652849158842,45002.99160445969,0.9024547508528558,0.8017541430965593,0.11286823047294993,0.3417811719563868,1.9545129797686984,0.3599355594463767,0.11681436950388123,-0.8772895030429388,1.0772234767257596,39.1251893001008,11815.807168630443,0.9590295672023899,0.5267163878990943,0.0334392615294909,0.18690363422988698,1.1773500408364175,0.18987141096009447,0.034932968488339385,-0.4059481664728353,0.7714018743635821,10.887448115393077,3288.0093308487094,0.9721044792066603,0.9086064904820036,0.6902742167897516,0.4272686260861593,2.009854882041051,0.8118109220762303,0.1825584788375542,0.06431873153405215,2.074173613575103,199.02916590708227,60106.80810393884,void,36
32.47250272545492,29.97461790041993,34.97038755048992,0.9525924117797782,0.8493507491715677,0.42002216453044317,0.04939579115135974,0.3251779775047513,0.42291673279773107,0.0024399441834687488,0.27993096476765933,0.6051089422724106,54.01528598985284,16312.616368935553,0.930047611863171,0.8159116951470604,-0.48753328156828507,0.2713370916450838,1.8815151620624349,0.5579538672140856,0.07362381730241259,-1.4000939025531995,0.4814212595092353,94.01638041762433,28392.946886122547,0.9479037467842967,0.8537760221071814,-0.582196302421623,0.1403032158969694,0.9117698703319942,0.5988635294826706,0.019684992391031608,-1.0579948506662744,-0.1462249803342802,108.30853313722133,32709.17700744082,0.9329539154471466,0.8345193652324998,0.8970506958085379,0.2100206106869521,1.2536873241790363,0.9213080960047526,0.044108656913320304,0.5321386006626877,1.785825924841724,256.3401995446985,77414.74026249889,0.9234463320907258,0.8007462813298424,-0.010249138490133815,0.5995096423638739,3.6471099302343077,0.5995972449295026,0.3594118112872601,-2.1868623628858503,1.4602475673484572,108.57409055036909,32789.37534621147,0.9035285988251007,0.8272339041664508,0.04899889542099061,0.27337626644148333,1.6050181875367036,0.27773273988847996,0.07473458305348489,-0.6850655012310018,0.9199526863057017,23.29491339140054,7035.063844202961,0.9515319802725397,0.6207220462647339,0.021193890784639947,0.12391048389221597,0.7508158839167317,0.12570994004053285,0.015353808018403114,-0.3612711818407687,0.38954470207596303,4.772502685548297,1441.2958110355858,0.9848331344807185,0.872080024680484,0.5709480564565581,0.3556313214362387,2.1731459423273805,0.6726479911201746,0.12647363678648532,0.028806906857308263,2.2019528491846887,136.64150662731794,41265.73500145001,void,36
37.46827237552491,34.97038755048992,39.966157200559906,0.9465260390715234,0.8366950999657233,0.43648055772725275,0.050428450607347956,0.35357882665011353,0.4393840073381727,0.0025430286306577328,0.28155999848598046,0.635138825136094,58.30360838317451,17607.689731718696,0.9253140464482298,0.7645679606025438,-0.5078741698110009,0.26653504711896964,1.7269804653385659,0.5735652567092299,0.07104093134271137,-1.3637848076971286,0.36319565764143724,99.35108531858529,30004.02776621274,0.9316686855007374,0.7963716112110155,-0.6232230411811223,0.13196561698472425,0.7668043555600133,0.6370415081650533,0.017414924066158945,-0.9741729846665578,-0.20736862910654455,122.55820870381213,37012.57902855125,0.9321012301818232,0.7743837962708209,0.9404775301710666,0.20822897967625023,1.145701937519238,0.963253493496744,0.043359307977012235,0.5771070502582197,1.7228089877774577,280.2129024055719,84624.29652648268,0.9387498949197014,0.7851648941647223,0.028531662833772523,0.5894038200252727,4.015265251970615,0.5900939915339286,0.3473968630603841,-2.2671157064744523,1.7481495454961633,105.15969749102216,31758.22864228869,0.9003781790047904,0.8675673017734729,-0.012482729752233766,0.22207229490092162,1.323361518561001,0.22242284663367928,0.0493161041625619,-0.7330511674259983,0.5903103511350027,14.940520656798022,4512.037238353002,0.9558713203195729,0.8045796119574442,0.02118535724899781,0.10062525476018232,0.5673098461849574,0.10283122705345521,0.010125441895551595,-0.23573681546797323,0.33157303071698413,3.1934268997104165,964.4149237125457,0.9815672356818889,0.8645036144055515,0.514404129678279,0.37900592894613805,2.2348484095054237,0.6389500002397627,0.14364549417632505,0.03974259831979945,2.274591007825223,123.29364504753059,37234.68080435423,void,36
42.4640420255949,39.966157200559906,44.961926850629894,0.9297651748773984,0.8457679609933186,0.4060979141351192,0.046708297301933446,0.32977212664604527,0.40877522050846044,0.0021816650368458035,0.22298432352879283,0.5527564501748381,50.46334863232562,15239.931286962352,0.9363374206590662,0.8331517645230353,-0.5612198099707558,0.24324399846501368,1.737672463171548,0.6116660182590323,0.059167642789247576,-1.3936245390883157,0.3440479240832324,112.98886600364338,34122.637533100315,0.9015822343068847,0.8371124621238778,-0.7415436857415834,0.13006812502623485,0.7176697096281708,0.7528643669420492,0.016917717147840263,-1.0555160828089125,-0.33784637318074173,171.17503601333783,51694.86087602802,0.9172404079218327,0.8310202920891688,1.033230862162364,0.2011746487032338,1.2604688219860107,1.052633485029643,0.04047123928086952,0.533277702111289,1.7937465240972996,334.6272506493068,101057.42969609068,0.9191149965259667,0.8274135457835048,-0.03138885055319139,0.5047011847602132,2.978753573250705,0.5056763251699782,0.2547232858983629,-1.6278543841394326,1.350899189111272,77.22398084289887,23321.64221455546,0.9121543522324094,0.8550659188563261,0.06842129114329303,0.23424510356364636,1.8191967526459774,0.24403327974941993,0.054870768543543405,-0.7854927742545841,1.0337039783913933,17.984776970828115,5431.402645190092,0.9520504148500987,0.8369469064710333,0.033392148591706486,0.09925896572751519,0.728853513263745,0.10472524941420115,0.009852342277296035,-0.24823690327034412,0.4806166099934009,3.312148115189725,1000.2687307872967,0.9694709062239771,0.8974635209218302,0.4864108436631598,0.2993871348178341,1.6042647293709018,0.5711638690669594,0.08963265649443197,0.029506484437626695,1.6337712138085285,98.5209059289167,29753.313590532838,post-void,36
47.45981167566489,44.961926850629894,49.95769650069988,0.9133438351620876,0.8276552881182642,0.25032422413658373,0.18289068381928153,0.7209185301922044,0.31001809530649493,0.033449002227884404,-0.19510842870392742,0.525810101488277,29.02558826407503,8765.72765575066,0.9263727619951005,0.8570533560385099,-0.5589694320097082,0.2544935893815533,1.560394876676914,0.6141773465030783,0.06476698703630665,-1.2136272698308759,0.3467676068460382,113.9185715131838,34403.40859698149,0.9240274424773615,0.8398091845251969,-0.7532125814517387,0.2426554714217881,1.0236942467828394,0.7913348663291176,0.05888167781093022,-1.2619630353275393,-0.23826878854469982,189.11568294177297,57112.93624841544,0.9243350919254971,0.8464381369619525,1.0000388127733866,0.3153700619747338,1.5013610265368207,1.0485875752855132,0.09945827598994743,0.24937534797072347,1.7507363745075442,332.05984271903185,100282.07250114763,0.9150325067005212,0.8561933795686846,-0.11814632423371815,0.6116594156471744,4.364807524525242,0.6229653238180932,0.3741272407498429,-2.42918807383093,1.935619450694312,117.2019099932941,35394.97681797482,0.8851212687847562,0.5818141561751509,0.0640599596780899,0.5031899044792029,3.1497196505527896,0.5072511788096188,0.25320007996978927,-2.0472045739302924,1.1025150766224971,77.70573503793183,23467.131981455408,0.8781907006353578,0.5428226538233168,-0.07454874179014925,0.3677125191125487,1.7972105184912883,0.3751932990001165,0.1352124967120965,-1.189786153676746,0.6074243648145423,42.51254350760643,12838.788139297143,0.9325713931649663,0.7588056422707481,0.7632186325924897,0.45128359549375435,2.492125593861581,0.8866563960735412,0.2036568835617705,0.060001300340645186,2.552126894202226,237.42018853883235,71700.89693872735,post-void,36
52.455581325734876,49.95769650069988,54.95346615076987,0.9350802943393964,0.4945079071702401,-1.7054221276831028,0.9985246446940491,2.8018136137100775,1.9762378651499768,0.9970514660613771,-2.634849239903532,0.16696437380654516,1179.4658620950665,356198.6903527104,0.9257841408687905,0.8131398315342336,1.3319384307174946,1.1407327100527744,4.01352698199292,1.7536621963783474,1.301271115784347,-1.0442046360469948,2.9693223459459244,928.7499918999719,280482.49755379156,0.9489881020586665,0.67682568894981,1.2996205662538785,1.018021206954384,3.2947533655948673,1.6508727370814844,1.0363671778088606,-0.7339154060614657,2.5608379595334014,823.0649997997515,248565.62993952504,0.9035942176125341,0.7383940659475983,2.7447382098355684,1.4739878398978135,4.452542586062149,3.1154819840111383,2.172640152166622,0.21742666156892965,4.669969247631079,2931.2808537947894,885246.8178460266,0.9212795712238777,0.6406388258968062,-0.913358721274572,1.261040163591799,7.264260450776083,1.5570634052343382,1.590222294191631,-5.04940619724991,2.214854253526173,732.1828272718258,221119.2138360914,0.8669204823224046,0.6175949122311176,-0.2018778475054817,0.8731668549137844,4.9490266647311545,0.8962003246113429,0.7624203565200299,-3.5172749206633984,1.4317517440677558,242.5588565937099,73252.77469130038,0.825666392040831,0.34541451570031534,-0.8688353719729657,1.219955378524792,4.646792257702091,1.497720277349202,1.4882911255915687,-4.041946474357278,0.6048457833448129,677.436140813257,204585.71452560357,0.9145022535751273,0.4376464979276922,1.6674415507303697,1.6402518629266354,6.414465053593486,2.338971461761857,2.690426173834298,0.04665983540959814,6.461124889003084,1652.1778246787926,498957.7030529955,post-void,36
2.497870667694407,0.0,4.995741335388814,0.8750675494961931,0.3823117367415277,-0.14231440853025648,1.492926302202579,6.4517558074887065,1.4996940803655865,2.228828943808266,-3.247213286710921,3.2045425207777853,679.2228650744419,205125.30525248143,0.8902134419120288,0.7965717043086552,0.7667038172697873,1.6773937404284323,10.686156749790168,1.8443113901520398,2.8136497604284867,-4.5041465425641,6.182010207226068,1027.2483201610542,310228.99268863833,0.9351669592162808,0.72783052215247,1.0998871301428046,1.2980395550180737,6.214044373244997,1.7013695616900206,1.6849066863915185,-1.6555078310894322,4.558536542155565,874.1868324044785,264004.4233861525,0.9325713931649662,0.8281889086612101,2.499973810802817,1.515043289570786,7.8219222419391174,2.9232217199476036,2.295356169273468,0.1915720858584967,8.013494327797615,2580.658017639975,779358.7213272721,0.9029237697143798,0.6832655370430093,0.7253354987838398,1.7016418855502538,8.842749023051761,1.8497828771115339,2.8955851066590226,-4.384395800610046,4.458353222441715,1033.3524011214172,312072.425138668,0.8164020095386036,0.33567386910317454,-0.14637993555526657,3.3722197304061394,16.930933104879763,3.3753952354759313,11.371865910140457,-9.734783460359493,7.196149644520269,3440.774484693433,1039113.8943774172,0.796151464103523,0.2613474651895943,0.5608915483797837,3.2423302114101684,14.814255625299705,3.290486974425971,10.512705199823108,-9.24727558749213,5.566980037807575,3269.845967717828,987493.4822507838,0.8483101521548535,0.4965600986397642,4.200466171987016,2.828140405812336,12.872230173808688,5.0638220957094875,7.998378154988365,0.400423777732391,13.272653951541079,7743.972853532678,2338679.8017668687,pre-void,37
7.493612003083221,4.995741335388814,9.991482670777629,0.9148118488597285,0.7290999821308858,0.19969041767200046,0.17563921391144757,0.9675316791734234,0.2659424681645435,0.030849133463431235,-0.20877647705846653,0.7587552021149568,21.359069704781668,6450.439050844064,0.9245396155808813,0.7560212080061344,-0.04692050837829357,0.9499133057891115,5.279800153880037,0.9510714077405942,0.9023352885151981,-2.874845647358644,2.4049545065213938,273.170120431746,82497.3763703873,0.9300540223773778,0.8453620400279195,0.1120721687955167,0.5095800710192184,2.8837444391971694,0.5217585838282706,0.25967184877995164,-1.3489160256959754,1.5348284135011943,82.2140699791417,24828.649133700797,0.9822150817834808,0.905362396650593,0.9369998035380407,0.6078861792829972,2.983170965353511,1.1169128161112698,0.36952560696328013,0.10087091719272218,3.084041882546233,376.7432601156694,113776.46455493217,0.9115971649074482,0.7858161397504179,-0.18353354398292185,1.0127179365716845,6.401905318962152,1.0292143512509633,1.0255976190540104,-3.851538847828217,2.5503664711339344,319.9032186079243,96610.77201959313,0.927333936786112,0.7372987180110222,0.19242070552082527,0.42278731475054737,2.8440429060684047,0.46451570632984046,0.1787491135139784,-1.445494844946785,1.3985480611216197,65.1640021109874,19679.528637518193,0.9684742213228793,0.6874545268114785,0.061702334079781464,0.21912025303344296,1.3434989990828203,0.2276419630040407,0.04801368528944007,-0.6783265485792377,0.6651724505035828,15.649900722740576,4726.270018267654,0.9653726828447102,0.8512881443872256,0.9194738583770556,0.6938628894310428,3.784223614134485,1.1519018558750502,0.48144570932959546,0.0856511613456192,3.869874775480104,400.71712144165224,121016.57067537903,void,37
12.489353338472036,9.991482670777629,14.987224006166443,0.940005779397138,0.8289406890107707,0.23501554778674535,0.11167902510195674,0.6583177522671944,0.26020090766411147,0.012472204647723481,-0.06477795966683086,0.5935397926003635,20.4467627294667,6174.922344298946,0.9266090751799336,0.7020955079727992,0.007864952539766035,0.676409115311463,3.968875537628561,0.676454838666181,0.45752929127643605,-1.8874491212590565,2.081426416369504,138.19252692397643,41734.14313104088,0.9490169475259711,0.8143002156487663,0.23254000309852932,0.40282335911233746,1.963410726516226,0.4651252645122722,0.16226665864654718,-0.6654378631868191,1.297972863329407,65.33513652965858,19731.2112319569,0.99001905366715,0.8410629177709334,0.7412202882292528,0.4384400268099057,2.2461767733155305,0.8611835883200094,0.19222965710907083,0.12956190341938892,2.3757386767349193,223.97442618310168,67640.27670729671,0.912205694825505,0.7427373078366024,0.06355815264018315,1.1017252895339356,7.782475460077109,1.1035570906689274,1.2137986135986343,-4.083653529819318,3.6988219302577905,367.7871522144315,111071.71996875829,0.898646310153843,0.8064877756984041,0.0012031421759478688,0.25356261453946777,1.6378554171982873,0.25356546894872395,0.06429399949209072,-0.8101319061082533,0.8277235110900341,19.417225007042255,5864.0019521267595,0.9593121263099821,0.8640707177385282,0.04155164312529531,0.1586556339987132,1.1527511044938294,0.16400655244820414,0.02517161019953364,-0.557310063701724,0.5954410407921054,8.123241072275551,2453.218803827217,0.9672241780666865,0.7879857700096399,0.8196836526798745,0.7982171121845096,4.051914804439374,1.1441292971752794,0.637150558184178,0.05358715732213101,4.1055019617615045,395.3276182937493,119388.94072471226,void,37
17.48509467386085,14.987224006166443,19.982965341555257,0.931809930042468,0.8386906646266966,0.3358210756329041,0.10335231729131443,0.6260009177955453,0.3513651894094308,0.010681701489484533,0.07950673556530605,0.7055076533608514,37.28416389127501,11259.817495165053,0.9052605546123226,0.742904603946076,-0.10346384602474916,0.625428454785972,4.065505068794587,0.6339286391150044,0.39116075205596856,-1.890252221665839,2.1752528471287476,121.36338688604087,36651.742839584345,0.9299222708986594,0.806378836446949,0.03557954726293019,0.40511950163592975,1.9840929009426982,0.4066788841201116,0.1641218106057441,-0.8483217959438932,1.135771104998805,49.947089866332114,15084.021139632296,0.9877467261214972,0.8576748006017374,0.7333383287924611,0.3910570625010961,2.3664861290532704,0.8310900857356596,0.1529256261319862,0.1423781661794126,2.508864295232683,208.594640643648,62995.58147438167,0.8944039802774647,0.778740040333408,0.06114110558598174,1.0110000180745167,8.46667404260375,1.0128471115321154,1.022121036546673,-4.7537731886571475,3.712900853946602,309.8094999443627,93562.46898319751,0.8801730175146519,0.8099883686484787,-0.03077607188222869,0.2645339943614065,1.7639474272601843,0.2663182321458686,0.06997823417280065,-0.9382458671616574,0.8257015600985269,21.41947103353683,6468.680252128123,0.9542633072886196,0.8505836378135087,0.032064723269815666,0.16813269816484475,1.238040831551376,0.17116293603044044,0.028268604192190787,-0.5483533223050426,0.6896875092463335,8.847618702509315,2671.980848157813,0.9473308998567109,0.8353818484697592,0.7872580202168336,0.7115519885342759,4.767207995348468,1.0611698369171687,0.5063062323870823,0.01805320632176601,4.785261201670234,340.0765896804088,102703.13008348341,void,37
22.480836009249664,19.982965341555257,24.97870667694407,0.9368591113436557,0.8448216532200508,0.3760203293369562,0.09332037591798087,0.5763188015936889,0.3874273875659106,0.008708692561473262,0.12095046305892385,0.6972692646526127,45.33019415211619,13689.718633939086,0.9343491497524533,0.7799324727479852,-0.08877131055514874,0.5602283320612106,3.868923703190383,0.5672178854917788,0.313855784044086,-2.003610046991011,1.8653136561993717,97.16431114577293,29343.62196602342,0.9346480194852312,0.8341453745767904,0.0560869125751981,0.41567348110356334,2.344625852024438,0.41944032311518686,0.17278444289275444,-0.9649182598560829,1.3797075921683548,53.13091576580165,16045.5365612721,0.9773636991321462,0.860844542380539,0.7277517949265074,0.3437202640144015,2.15745924478518,0.8048392975699455,0.11814361989412984,0.21634791485679572,2.3738071596419754,195.62542106369077,59078.8771612346,0.9148860591886498,0.7872397148600638,-0.027558127761656538,0.9420133012948936,6.551372231876757,0.9424163147050414,0.8873890598165038,-3.7504686853143667,2.8009035465623904,268.22085008711394,81002.69672630841,0.8791008839342588,0.8032283761711733,0.049090654755014854,0.2429412104896886,1.480964192297194,0.24785141544576914,0.059020431754195184,-0.5956152012682423,0.8853489910289516,18.551957889818315,5602.691282725131,0.9465992314270336,0.8310894592524026,0.03479362279963812,0.15561718668787475,0.9331017009149448,0.1594594148370436,0.024216708792648863,-0.4040538365975379,0.5290478643174069,7.679046104012053,2319.0719234116395,0.9742057365320339,0.810998565893074,0.7404752663011077,0.6532247081496374,3.7441698704207265,0.9874239916777772,0.4267025193371789,0.034344390088769806,3.778514260509496,294.45185408094426,88924.45993244517,void,37
27.47657734463848,24.97870667694407,29.974448012332886,0.9203023061351638,0.8315422448196327,0.41694268225787734,0.09015422254605372,0.5665716730247269,0.42657822744635787,0.00812778384288338,0.16508121903567277,0.7316528920603996,54.95463320764554,16596.299228708944,0.9031607785447213,0.7933438400216128,-0.2111512329861023,0.5433854699570967,3.849352403081518,0.582968791747934,0.29526776896049484,-1.8657477943871894,1.9836046086943286,102.6354888699179,30995.917638715207,0.9321345373791179,0.8403539992426152,-0.12441727117422516,0.35793621619045457,2.078764373472928,0.37894325726575545,0.12811833486073984,-0.9898474848490305,1.0889168886238976,43.36659365260852,13096.71128308777,0.9676956548484591,0.8892212552137307,0.7379109773616833,0.34771680718600356,2.1102666420737153,0.8157325471688028,0.12090697799962839,0.2428516558438975,2.3531182979176126,200.95671573017196,60688.92815051195,0.8966088821704804,0.7747607743324864,0.001972386905873545,0.8684989249645677,5.517045189089194,0.8685011646363615,0.7542903826646099,-3.1427640392159737,2.3742811498732195,227.79687043836435,68794.65487238602,0.8800231389998991,0.8069556873884016,0.005076702968033031,0.21335751036908873,1.4469353854216496,0.2134179002425088,0.045521427230895806,-0.7920343087252097,0.6549010766964397,13.755254443464278,4154.0868419262115,0.9514551343770503,0.8369454431574836,0.027176451063865573,0.14736312449314187,1.057696519435515,0.1498480895867809,0.02171589046038123,-0.5530972448343634,0.5045992746011517,6.781243885747989,2047.9356534958924,0.9470669611072678,0.8586984158076726,0.7211696862361621,0.549736488442855,3.10953308376676,0.9068053391282198,0.30221020672548127,0.06410564426822864,3.1736387280349887,248.33336876757662,74996.6773678081,void,37
32.47231868002729,29.974448012332886,34.9701893477217,0.9339016427369561,0.8604549153959615,0.4520194712915089,0.08012532140267753,0.5343043824068823,0.45906608408434796,0.006420067129882374,0.20176609323034295,0.7360704756372252,63.64398420607437,19220.48323023446,0.9278291569651004,0.8005748844802313,-0.27883676574183075,0.4869530979029899,3.058393730976063,0.5611356890153072,0.23712331955731888,-1.7301935336033678,1.3282001973726951,95.09172496897841,28717.700940631476,0.9428678351867281,0.8631970780591964,-0.2889348455659611,0.38776116195935445,2.0533402073098186,0.48357219079088337,0.1503587187240687,-1.2842837768511495,0.7690564304586692,70.62030323930094,21327.331578268888,0.9700809265368933,0.8853457605630651,0.8076364795753868,0.3273840429962819,1.600002716445068,0.8714682981896219,0.10718031160859133,0.2764077747509363,1.8764104911960044,229.35601241435373,69265.51574913482,0.8815882982681502,0.758604127372442,0.049793847318403445,0.776133840992623,4.951489050997204,0.7777294943389575,0.602383739133962,-2.7704645573963016,2.1810244936009027,182.66867624214865,55165.940225128885,0.9015714554625364,0.7985597045791074,0.0062222150180377715,0.2308438328540124,1.7512481534913693,0.23092767509863754,0.05328887516673121,-1.005243005484373,0.7460051480069962,16.104932520191493,4863.689621097832,0.9407502907500981,0.8352227447529864,0.029494897524447387,0.13898504862789068,0.9731406674813039,0.14208023339674944,0.01931684374209714,-0.397927969725439,0.5752126977558649,6.096411402066589,1841.1162434241096,0.9419751782842823,0.838846650685698,0.6745608688793417,0.4725941010952368,2.7708582037092104,0.8236367829409196,0.22334518439001488,0.056336455355581266,2.8271946590647916,204.87002016440675,61870.746089650835,void,37
37.46806001541611,34.9701893477217,39.965930683110514,0.9297785100759581,0.8615728652669291,0.4641448826479414,0.08789207682297019,0.5879343446293231,0.4723933628413149,0.007725017168254894,0.20638615145241676,0.7943204960817399,67.3929577554709,20352.673242152207,0.9027422304160658,0.7560019279950378,-0.3303322193115395,0.45554985178743845,3.216722536694126,0.5627122200368889,0.20752566746355716,-1.8042605042730133,1.4124620324211126,95.62680285881093,28879.2944633609,0.9285685510812137,0.8151819408007334,-0.351646496822952,0.3145585046719219,1.8435077203931816,0.47180749420636586,0.09894705286143554,-1.1385144859973255,0.704993234395856,67.22589809996556,20302.22122618959,0.966486629347333,0.8843446095050392,0.8139518489062362,0.3160462483352396,1.902842208955893,0.8731568263632028,0.09988523108677995,0.2777660764475638,2.1806082854034567,230.24565871424744,69534.1889317028,0.8898828087241994,0.7468082865449965,-0.0401045791573157,0.7689058323322817,4.777761637401396,0.7699510090025108,0.591216178994599,-2.620453148641899,2.1573084887594964,179.0330159917233,54067.97082950042,0.9060587552199829,0.8003301811842171,0.033503471226275935,0.20788130494786305,1.378099928071182,0.2105638134415226,0.04321463694682644,-0.7251224490919005,0.6529774789792816,13.389810098372973,4043.7226497086385,0.9274997370209783,0.7575284312662823,0.031716835926182366,0.15727070386533185,0.8998898340846762,0.160437003136637,0.024734074294296905,-0.44607234642543064,0.45381748765924557,7.773489656590513,2347.5938762903347,0.9458519823746173,0.8402500475217268,0.6618444928395291,0.47419782271587085,2.5831916011609524,0.8141877595312312,0.2248635750684725,0.05685626327622991,2.6400478644371823,200.19631574668676,60459.287355499364,post-void,37
42.46380135080492,39.965930683110514,44.96167201849933,0.9445925392887221,0.8028513760804095,0.45688576735888853,0.07546703880603428,0.5382417190218894,0.46307653618086936,0.005695273946151485,0.1743216634360735,0.7125633824579629,64.76084326510414,19557.774666061454,0.9040817135370801,0.8440628103923227,-0.4230428401665913,0.3825389279665035,2.647410001397598,0.5703518878955148,0.14633603140976179,-1.6137147997806875,1.0336952016169103,98.24098535984533,29668.777578673282,0.919655463976824,0.8622836384786455,-0.5587151504045212,0.30723139545206524,1.7686366904012651,0.6376156754997245,0.09439113035142328,-1.250414182008307,0.5182225083929581,122.77923239217694,37079.328182437435,0.9194671742481574,0.8637089574876368,0.9216334553077692,0.31126624951587994,1.7557524043682478,0.9727769035242457,0.09688667808768205,0.3146936254221482,2.070446029790396,285.7810610171264,86305.88042717217,0.8996335964944328,0.8107279547965708,0.015964528840208693,0.6244704493550419,4.696142019743407,0.6246744818693796,0.38996334211768796,-2.624067281398296,2.072074738345111,117.8458989062309,35589.46146968173,0.8832171549791248,0.7796130719057726,-0.018108857784551707,0.2049101726137787,1.6260776803393586,0.20570879799092137,0.041988178840608584,-0.8020885083372294,0.8239891720021292,12.779465090402649,3859.3984573015996,0.9176622464112995,0.8358804446317791,0.017094292560607932,0.13451510409318035,0.8320141611422107,0.13559693236702222,0.018094313229199143,-0.4413764371788658,0.3906377239633449,5.552731476338733,1676.9249058542969,0.9540274115009557,0.8526920045301032,0.5538207306482384,0.37974128593194306,2.6227368580894255,0.6715064005182634,0.14420344424124573,0.054155380550610914,2.6768922386400362,136.1780954729723,41125.78483283763,post-void,37
47.459542686193736,44.96167201849933,49.95741335388814,0.9277943625075542,0.8224684718413064,0.43113543941218113,0.1229226028443331,0.8580431909121183,0.44831655491088,0.015109966290025648,0.02509713839773166,0.88314032930985,60.69829548896235,18330.885237666633,0.9076823229458029,0.836959879412267,-0.5241741745940303,0.4195615716607221,3.0972969010528213,0.6714093220426331,0.17603191241441526,-2.1152998531959564,0.9819970478568649,136.13872427317597,41113.89473049914,0.9248568400096603,0.8314334630670873,-0.7604430122218606,0.3116106994899115,1.5104379952067983,0.8218119023679622,0.09710122803659194,-1.4839933188382037,0.02644467636859456,203.96319046784203,61596.88352128832,0.9201463016630068,0.8532578732698243,1.0943719054739074,0.3598654561304356,2.2525270228774,1.1520212732439266,0.12950314651596645,0.35615016223299417,2.6086771851103943,400.80021022998034,121041.66348945406,0.9001670872340359,0.7984510431528591,0.007725722446784257,0.761966995660324,4.562224820153379,0.7620061609087848,0.5805937024756201,-2.535816127037291,2.026408693116087,175.35732355740936,52957.911714337635,0.8996726164919849,0.7886004020780004,0.011197438922258232,0.24469716836026728,1.7703829357293372,0.2449532339895734,0.05987670420353299,-0.7680802445628744,1.002302691166463,18.120630226269107,5472.430328333272,0.9265456289409189,0.6479104842455174,0.018481168566497067,0.2141981305474813,1.219795224475614,0.21499393647640186,0.045880839130035836,-0.7135283840635621,0.506266840412052,13.959162601928973,4215.66710578255,0.9452791698142549,0.8334799292549046,0.707749796843682,0.4312401812148788,2.4953256307928386,0.8287809534650967,0.1859680938942415,0.07189720863658033,2.567222839429419,207.43711638560748,62646.00914845345,post-void,37
52.45528402158255,49.95741335388814,54.95315468927696,0.9208798979537561,0.8282149999315284,0.33040203059086015,0.12018257792720755,0.8920352536257489,0.35158121942986803,0.014443852037229313,-0.21739637048255842,0.6746388831431904,37.330024864449484,11273.667509063745,0.8737900509564605,0.8174037527199975,-0.6801071167665955,0.4429699147774298,3.05745978406719,0.811645264678169,0.19622234539792344,-1.9262419135462894,1.1312178705209006,198.9479467736975,60082.27992565666,0.9143801481760867,0.845403036731364,-1.0823514316410152,0.301615644821893,1.8053408886202515,1.1235909481553692,0.0909719972013263,-1.7436336364227993,0.06170725219745225,381.26189887055784,115141.09345890844,0.8931155978755546,0.83212968566784,1.3827843324795364,0.3643370666787731,2.0717304050643564,1.4299769257952977,0.13274149815609274,0.4697611223701648,2.541491527434521,617.5398705087049,186497.04089362884,0.8740321221848386,0.7835765203355368,0.06668170879884502,0.6023770398388405,3.848576307613973,0.6060565554577708,0.3628580981250041,-2.0462113556701182,1.8023649519438545,110.92597362082807,33499.64403349008,0.8652198173332064,0.6572745371026005,0.0395711660351553,0.3341792015614603,1.9299584322061327,0.3365139164100601,0.11167573875625511,-0.9209138728285452,1.0090445593775874,34.19896801316636,10328.088339976239,0.9006663981879772,0.562799352107928,0.009196849516743225,0.2955326317398726,1.6484896054068043,0.2956756981290968,0.08733953642309514,-0.7761669818810844,0.87232262352572,26.402083776166887,7973.4293004024,0.9280898113578739,0.8615388370407799,0.6558740455070772,0.37121357632134655,1.9943151913159816,0.7536380316936664,0.13779951924528416,0.11069362899498586,2.1050088203109674,171.52702541016134,51801.16167386869,post-void,37
57.451025356971364,54.95315468927696,59.94889602466577,0.9080691440147134,0.8357222177842604,-0.008875493922788648,0.7183235260141433,3.0493942427094107,0.7183783560337582,0.5159886880253917,-2.509154176572518,0.5402400661368927,155.85237365016508,47067.41684234985,0.9390704436747668,0.8328367958786039,-0.5555880687322418,0.6784010738711045,3.9331293173812414,0.8768729207513993,0.4602280170294678,-1.727954715165306,2.2051746022159353,232.20964798242113,70127.31369069117,0.9255358361939499,0.8808956821391616,-0.9813267361132629,0.8599732425157552,4.114740816652117,1.3048203481145486,0.739553977843062,-1.9128212898495587,2.201919526802558,514.171954537839,155279.93027042743,0.9135791279717498,0.8549883488363873,1.6561896066358133,0.49453585238093434,3.478281667036166,1.7284471997774844,0.2445657092901373,0.2654713268869425,3.7437529939231085,902.2339761704253,272474.6608034685,0.900981629268634,0.7986436973164369,-0.5225504478540747,1.2139369818753527,6.6075423108923275,1.3216285281867726,1.4736429959646402,-5.333872217520867,1.273670093371461,527.5039938881747,159306.20615422874,0.8607407435992316,0.754425963900831,0.18894219122149686,0.6454290758157586,4.07280860529728,0.6725160544789729,0.41657869190838426,-1.5932029651199633,2.4796056401773168,136.5879087466534,41249.54844148933,0.9079240595739876,0.7790092117159515,-0.4196462820106624,0.8875065579590461,3.946655228469102,0.9817183366045915,0.7876678904203137,-3.470051835774219,0.4766033926948831,291.0588095125572,87899.76047279226,0.9208960710573576,0.8561242935478157,1.1605233158023998,1.3475668205895355,5.942840244749319,1.7784124106839745,1.815936335953789,0.04752750165854102,5.99036774640786,955.1507121473852,288455.5150685103,post-void,37
62.44676669236018,59.94889602466577,64.94463736005459,0.9370128801895444,0.7760583784227117,-2.4306732267024724,0.20604938126818878,1.0209073201658352,2.439391047480746,0.042456347521003426,-2.982962385089675,-1.9620550649238397,1797.089862123822,542721.1383613945,0.9283265981394547,0.878869182250463,1.698928464884294,0.42506936011142793,3.132220008423822,1.7512972019904682,0.18068396090553882,0.04929911531935265,3.1815191237431746,926.2466506892922,279726.4885081664,0.9343002459211586,0.8830819606862871,1.8572267867706962,0.2674801489982115,1.9668864840667615,1.8763893432885166,0.07154563010810543,0.8678418428629705,2.834728326929732,1063.2927642172265,321114.4147936025,0.9391289274672294,0.8592452507118408,3.5183173666247707,0.39993805463109705,2.856669372310748,3.5409755068110207,0.15995044754210638,2.2988999086195387,5.155569280930287,3786.6292770303407,1143562.041663163,0.9242388766952029,0.8224512621511524,0.00036059770598822046,0.5731378358865219,3.461400352818597,0.5731379493240621,0.3284869789246857,-2.240186150627791,1.2212142021908055,99.20310690452814,29959.338285167498,0.8788865382081882,0.6839737272284427,-0.09482261227138288,0.46837781912880194,3.1348839115383433,0.4778798062795933,0.2193777814518527,-1.9912921122124372,1.1435917993259062,68.96747099344614,20828.176240020737,0.8826593481174623,0.5413969292019029,-0.07244801072097264,0.5053099480462009,2.572815536524132,0.5104770884690911,0.2553381435944542,-1.5218945873471024,1.05092094917703,78.69723107126785,23766.5637835229,0.9248534338288068,0.8171186820595358,0.7790544305959166,0.45882161046093434,2.4112951595546845,0.9041255864408955,0.2105172702259654,0.04754975737052175,2.4588449169252065,246.86780896924216,74554.07830871112,post-void,37
2.497917694571998,0.0,4.995835389143996,0.8831266634595939,0.7122226610711472,-1.5024169211828544,0.7627477491786335,2.1619663237477,1.6849453207548422,0.5817841288770716,-2.633349744898295,-0.4713834211505951,857.3903016479587,258931.87109768347,0.9301551822303202,0.795464538325453,1.9038464393702605,0.6370664322940486,2.5026124513253367,2.0076067602642422,0.40585363915586753,0.4368718388084307,2.9394842901337674,1217.2064409653233,367596.3451715276,0.9527230182055019,0.7829675287247747,1.9046824784651968,0.553042352106597,1.9026467935789664,1.9833484784565523,0.30585584322359727,0.8629175840234016,2.765564377602368,1187.9686984727682,358766.54693877575,0.9111789991504651,0.721007198640498,3.1009242624830353,1.0897089258752963,3.419017154025898,3.286821690446296,1.187465543132292,1.3255942297035672,4.744611383729465,3262.5654410860507,985294.7632079873,0.9236477989366902,0.6959967222060899,0.805141704210088,0.659852235594825,3.957257556684347,1.0409890185193182,0.4354049728194885,-1.1995375508400372,2.75772000584431,327.2647572766996,98833.95669756326,0.8520233174171704,0.5495584449362528,-0.9585192452407785,1.3681537943758888,6.043815111604489,1.670510086339527,1.8718448050651417,-4.922641286337654,1.121173825266835,842.7623924657523,254514.2425246573,0.880963330889941,0.5320228009579036,0.8462079566576778,0.907899810808184,3.7811642775540126,1.2411083644776142,0.8242820664655364,-0.49106622934446925,3.2900980482095434,465.18569165764217,140486.07888060797,0.9159448312367123,0.5470756449262668,1.8150906189631466,1.4560419302232288,5.532192345267507,2.3269318979325986,2.1200581025681857,0.1183147109049836,5.650507056172491,1635.2128414000942,493834.27810282854,pre-void,38
7.493753083715993,4.995835389143996,9.991670778287991,0.9439649337189936,0.7755381846725037,0.2351099104299962,0.3388800964232626,1.6105523728029119,0.4124516816964632,0.11483971975183976,-1.0171319706918267,0.5934204021110852,51.37514969974066,15515.295209321675,0.9578303761203057,0.8498286017751396,-0.4544916131385896,0.35514052410448876,2.3042412962970134,0.57679061909373,0.12612479186121095,-0.9560159517593425,1.3482253445376708,100.47160031890755,30342.423296310073,0.9460058887476153,0.8564282290328599,-0.4438562376345318,0.3580044535618638,1.8958741193922206,0.5702416579461822,0.12816718877012867,-0.8975538975103992,0.9983202218818215,98.20301563407762,29657.310721491434,0.9504284191316584,0.8621224603253179,0.8839511335176347,0.21589291331321778,1.576496066737861,0.9099337099294539,0.046609750018868565,0.11381245517809162,1.6903085219159526,250.0497656527258,75515.02922712323,0.961798019793279,0.6330665437616149,0.6629492781472264,1.5832793389435753,7.584105717912446,1.71647173309715,2.506773465125605,-0.7386769621531096,6.845428755759336,889.7751135775032,268712.084300406,0.8720680969127639,0.6072617042147489,-0.4965268905769009,1.8320273437635706,7.968411570592915,1.8981209501407883,3.3563241882974038,-6.898040896943619,1.070370673649296,1088.0646686917376,328595.52994490473,0.8999584014420923,0.5495729449704914,0.3162147772419612,0.566285285682086,2.583127270804077,0.6485914046040271,0.32067902478004173,-0.3767258813300566,2.2064013894740206,127.04258465811989,38366.860566752206,0.9342174653946695,0.7325826225156827,1.5016601158002783,2.1713650219679383,9.6500213954793,2.6400396137200537,4.714826058625825,0.08784690752551473,9.737868303004815,2104.882366927361,635674.4748120632,pre-void,38
12.489588472859989,9.991670778287991,14.987506167431986,0.9602044581124035,0.886204675275536,0.3573157120366243,0.06866298379904275,0.3462654273932487,0.36385316188323474,0.004714605344187606,0.15820051412733457,0.5044659415205833,39.98151527055308,12074.417611707022,0.9301367359619865,0.8702951564422106,-0.6260872219108056,0.10767541048473274,0.6606075143120698,0.6352788391431324,0.011593994023055693,-0.9972015377047088,-0.33659402339263894,121.88091944583988,36808.037672643615,0.9440192245444582,0.7920014296471558,-0.6247587133991006,0.10677249050552619,0.5683328845726029,0.6338168621114874,0.011400364728752681,-0.9338021116994769,-0.365469227126874,121.32059203844936,36638.81879561171,0.9531301136224606,0.8551286286896358,0.9590165132967507,0.13408754154084823,0.8134985233878197,0.9683450529497869,0.0179794687964687,0.6003738024125448,1.4138723258003645,283.18302675484233,85521.27407996237,0.9560848577586868,0.6720362124585031,-0.11510088613379078,0.5281658434252651,2.5508379815165294,0.5405620890794188,0.27895915816112166,-1.1632059642027237,1.3876320173138057,88.24662638927147,26650.48116955998,0.9264165850820874,0.7648831719867755,0.28185640160985725,0.17922483570849512,1.0796583602937941,0.33401283338098586,0.032121541734737066,-0.2780283421945748,0.8016300180992193,33.69250100468466,10175.135303414769,0.9240586846173243,0.7241321252298257,-0.004709342987016723,0.2036473050151382,1.0611436633010225,0.20370174950475534,0.04147222483992873,-0.6623274525240568,0.39881621077696566,12.531309630892023,3784.4555085293914,0.9529401740401368,0.8051104200985719,0.623164096879236,0.23860606891922073,1.4291978212251966,0.6672828094327007,0.05693285612508392,0.08691451521683304,1.5161123364420297,134.47043702484817,40610.071981504145,void,38
17.485423862003984,14.987506167431986,19.983341556575983,0.950031172583005,0.8984324049256843,0.5072668591838664,0.05445595734045889,0.28921898632672727,0.5101814556764391,0.0029654512898658783,0.3553613046998657,0.644580291026593,78.6061055502714,23739.043876181986,0.9425040806061639,0.8698206571968253,-0.504107557067841,0.11888791800741931,0.6893885483008132,0.5179370291271377,0.014134337048138856,-0.9174809541765501,-0.2280924058757369,81.01414737459572,24466.2725071279,0.9422533084982012,0.790215585355729,-0.5045028242799369,0.12017830671982205,0.6132785893582754,0.5186192486906714,0.014442825406043625,-0.8193287077766979,-0.20605011841842244,81.22770938396789,24530.768233958304,0.9582163278639567,0.8645980864725762,0.88337105038966,0.13101677870838205,0.7694820654970533,0.8930340469263489,0.017165396303121153,0.5576469200982661,1.3271289855953194,240.84796230883504,72736.08461726816,0.9408390054580793,0.6649257583484611,-0.05991077519585409,0.5694494942312152,3.035535317771507,0.5725923746128261,0.3242727264801868,-1.2275844102085642,1.8079509075629432,99.01433229435601,29902.328352895507,0.915635957611209,0.653556202545877,0.25859229936401895,0.20498298008073007,1.1453516824379717,0.32998181679169447,0.042018022122776985,-0.34918984136826914,0.7961618410697027,32.884175822770516,9931.021098476696,0.9125717424517775,0.7479561133095024,0.006705756022348587,0.16709742726405588,0.888229489647118,0.16723192686235996,0.027921550198266445,-0.4104096413051304,0.4778198483419876,8.445888243353508,2550.6582494927593,0.9252563619531938,0.8058033062136627,0.6210746041084149,0.28103893034876126,1.6887836788483988,0.6817012133185624,0.07898288037157587,0.11948096827356258,1.8082646471219614,140.34439636048003,42384.00770086496,void,38
22.481259251147982,19.983341556575983,24.979176945719978,0.9462123207487135,0.8872966220480298,0.5609508214162383,0.05802933789501631,0.30773662072745944,0.5639443484104495,0.003367404056533976,0.41428792524384894,0.7220245459713084,96.04603488743412,29005.902536005073,0.9395742099623235,0.7988821332991504,-0.4489890330581522,0.13138106424502496,0.6219284527541966,0.46781634841960135,0.017260984042155376,-0.8057313881075379,-0.18380293535334125,66.09334502629225,19960.19019794027,0.9424921734002836,0.6716230960585045,-0.4484986086508281,0.1324174625142214,0.541438434977833,0.46763809333760853,0.017534384378705227,-0.7645167285609819,-0.22307829358314896,66.04298667481103,19944.981975792933,0.9501046559303263,0.7631248825555053,0.8596239687230574,0.1289084275367219,0.5996453889704335,0.8692357276902337,0.016617382689990284,0.617039207418231,1.2166845963886646,228.1823665885374,68911.07470973828,0.9495908163637884,0.657711333150828,-0.21155021123476328,0.5235154732287347,2.821806268626652,0.5646431993598958,0.27406845070990604,-1.4344925821518995,1.3873136864747528,96.28422666018047,29077.836451374504,0.9148446041932382,0.7274794975553088,0.28112140664811797,0.17017789870645045,0.9723347479414968,0.3286179582493316,0.02896051720814291,-0.22405956403629432,0.7482751839052024,32.61290827015575,9849.098297587041,0.9242337400446857,0.7701346994242627,0.010223754832756463,0.15577379644394956,0.8504546100684094,0.15610893895431274,0.024265475658561034,-0.4083016127823666,0.44215299728604285,7.359740248075286,2222.641554918736,0.9610113132003928,0.7398408406189633,0.6125223581293174,0.27567746857601544,1.452082846879348,0.6717006073309595,0.07599806668047997,0.023134620636535735,1.4752174675158838,136.25687517841152,41149.57630388029,void,38
27.477094640291977,24.979176945719978,29.975012334863973,0.9639992936919388,0.83916410392235,0.6195902292255902,0.05749787311044284,0.3244012517258745,0.6222524066357991,0.0033060054122245855,0.41415242424754045,0.7385536759734149,116.93381338434124,35314.01164207104,0.9297651748773982,0.8540514817068847,-0.4632065709045783,0.10898244631939587,0.714899813965143,0.4758544955497828,0.01187717360576,-0.9257976607789409,-0.2108978468137978,68.38412528235135,20652.005835270116,0.9414909421327338,0.8284468869812582,-0.4716104056997594,0.10562379226069046,0.5970343209616782,0.48329365840637833,0.011156385491529495,-0.8495963179249352,-0.252561996963257,70.53897359725798,21302.770026371923,0.9423906752513447,0.8713365529231704,0.914696070872595,0.10266166122287304,0.659773903673788,0.9204391988365137,0.010539416685039953,0.7099389962777947,1.3697128999515826,255.85691226395056,77268.78750371301,0.9636524413563481,0.7891565896414404,-0.0170934495137047,0.4577875727422396,2.520663918286994,0.4581065899695276,0.2095694617572313,-1.0510741833246124,1.4695897349623814,63.37821762759968,19140.2217235351,0.9402521765086989,0.8021827398755276,0.26766320258815496,0.15867032846879536,1.069599880670494,0.31115890338562235,0.025176273136395415,-0.13491446671025947,0.9346854139602346,29.23959867315521,8830.358799292875,0.941324449640675,0.802179164833658,-0.0026024588771249445,0.13238989751591543,0.7954622001805958,0.13241547400693665,0.01752708496427459,-0.42105333801145167,0.37440886216914415,5.295225042457478,1599.1579628221582,0.9483671020076901,0.8651311501628749,0.5089617474003284,0.2552906350991709,1.5136369652884292,0.5693991295094625,0.06517330836933802,0.08518244514280002,1.5988194104312292,97.91304134321237,29569.73848565014,void,38
32.47293002943597,29.975012334863973,34.97084772400797,0.9344362014209692,0.8202408712606063,0.6728367485355996,0.06387635765601557,0.4542163952488409,0.6758620267830979,0.004080189067399219,0.45251683714527985,0.9067332323941207,137.95042273270178,41661.02766527594,0.9322120795438431,0.8655299137216532,-0.56939013980862,0.12727975291621738,0.7549674482358859,0.5834425994163377,0.016200135502413348,-0.9874723543181462,-0.23250490608226024,102.80239057773532,31046.321954476065,0.9481433906337965,0.7791753236720579,-0.5931252691407525,0.12980925875630342,0.6784086234066424,0.607163922307766,0.016850443658860934,-0.9877841971598724,-0.30937557375323005,111.33170462274957,33622.174796070365,0.9347903129054266,0.8300957079681296,1.0718012627195797,0.13070894325146679,0.6660619388653551,1.0797419944659006,0.017084827845915168,0.8424758842511956,1.5085378231165507,352.08451793318665,106329.52441582235,0.9534755168483787,0.6537862990058917,-0.08914449245210106,0.4699634003956296,3.085222027934819,0.47834332674969504,0.22086559771142286,-1.0379067850280035,2.0473152429068153,69.1013261502816,20868.600497385047,0.9145742714463511,0.6509924422719341,0.26424547593700426,0.24163848508234434,1.8917861757150576,0.3580709832226904,0.05838915747289035,-0.6693413437383151,1.2224448319767425,38.72087836587139,11693.705266493158,0.9077766369382192,0.6212250689143699,-0.010703160555965478,0.20653998802214033,1.2545168768370993,0.20681712767097568,0.04265876665218587,-0.5271552869170322,0.7273615899200672,12.91754393801794,3901.0982692814173,0.9555092003085892,0.6806258359675091,0.543670882191111,0.3228350405820928,2.0597728702079854,0.6322977870988499,0.10422246342764148,0.09476425627298386,2.154537126480969,120.73974845417095,36463.404033159604,void,38
37.46876541857997,34.97084772400797,39.966683113151966,0.9129930262202811,0.5096426174044386,-0.5705654742702327,1.339268499229764,3.6945131173359145,1.4557421040343514,1.7936401130291448,-2.8234321130583937,0.8710810042775209,639.9938921844249,193278.15543969633,0.9361499163556175,0.6922905508570762,0.40491227169318617,1.0770004647297364,2.937945128491032,1.1506015595312762,1.1599300010280682,-0.8461054449465243,2.091839683544508,399.81295253633306,120743.51166597262,0.9122259394620071,0.4910467004316681,0.4134754572074614,1.0898229749812385,2.9202380993864185,1.165622610672029,1.1877141167969574,-0.8782000078945285,2.04203809149189,410.32017329398275,123916.69233478274,0.9086168752971365,0.4190047910404238,1.8098052438357095,1.2354554108298732,3.9211351300076616,2.1912884549424434,1.5263500721488108,0.06662416681048709,3.987759296818149,1450.1270180147405,437938.3594404517,0.9531750961433328,0.41965899980714233,-0.9204614105066399,1.4420123340120692,6.421911497707178,1.710745094885503,2.0793995714429356,-5.082255486863568,1.3396560108436104,883.8479314617921,266922.0753014613,0.8489264699051142,0.5250954208247451,0.13434074067031934,1.027888276202074,6.6771549472755485,1.036629993275094,1.0565543083536713,-3.979257488966266,2.6978974583092823,324.52972637317146,98007.97736469778,0.8762622512874411,0.31474598394538195,-0.9745037182617292,2.183311188608676,10.1789396107901,2.390921421379165,4.766847746303831,-7.731743787842114,2.447195822947986,1726.3845834493493,521368.1442017037,0.9148118488597285,0.2917970593363821,2.0836419053600026,2.3186617209221865,9.374853997006042,3.117331513625411,5.376192176069835,0.16370429981275275,9.538558296818795,2934.762241284313,886298.1968678627,post-void,38
2.497939292438737,0.0,4.995878584877474,0.9135678015617501,0.5324429027377381,-1.349606003840414,1.692689809757426,4.4724001018865085,2.1648637734644467,2.8651987920566304,-3.1898843616558272,1.282515740230681,1415.3638176129343,427439.8729191062,0.9073456695533146,0.6469717036999236,1.558541362950806,1.5083028549680644,5.2164400563470865,2.1688772861398524,2.2749775023048135,-1.6156230046389037,3.600817051708183,1420.6166620646777,429026.23194353265,0.9234028127920678,0.4620412152983062,1.6013863243450437,1.4905056193578095,4.581217676574321,2.187703170253345,2.2216070013372073,-1.2472531504682385,3.3339645261060826,1445.3856386632342,436506.4628762967,0.8960188105160909,0.47382929925981426,3.206119235740216,1.974210841664386,5.403087437430584,3.765197073345382,3.8975084473452033,0.2585014722340117,5.661588909664596,4281.366118340846,1292972.5677389356,0.9131245107601772,0.423180101481231,0.7415126810409315,1.745822929134266,8.025617609435066,1.8967706123924046,3.047897699890948,-1.8619147230871351,6.163702886347931,1086.5171043227083,328128.165505458,0.8551842692920973,0.44190781531253864,-0.7552358174356611,1.7840496240588322,7.98593143258603,1.9373213984886895,3.1828330611044606,-6.101430465842538,1.8845009667434929,1133.4706887147358,342308.14799185016,0.8844876902715418,0.4114804488744843,0.8248730319688666,1.509098522579101,7.049537657534998,1.7198237903110705,2.2773783508504253,-1.0440444536346578,6.00549320390034,893.2537486554208,269762.632093937,0.9048717560132267,0.3525479766850239,2.1340312095940988,2.3988867466547714,9.574886926764577,3.210723723212193,5.754657623275913,0.06496814865437935,9.639855075418957,3113.2415416928657,940198.945591245,pre-void,39
7.493817877316211,4.995878584877474,9.991757169754948,0.907820602687266,0.7915699040595181,0.28538408715812136,0.422855508375748,2.2187460551525935,0.5101478787241858,0.17880678096371228,-0.7091150935369412,1.5096309616156522,78.59575916636952,23735.919268243593,0.9248534338288068,0.7526975806167345,-0.3483887612198666,0.3578234720608043,2.202445579884264,0.49941202038193117,0.12803763715764918,-1.6256142943554885,0.5768312855287756,75.32253456279265,22747.40543796338,0.9347854963897737,0.8217174745072093,-0.3737844190606253,0.2773659447634836,1.7086311330043744,0.46545317621327814,0.07693186731453981,-1.2732732392218022,0.4353578937825721,65.42729109260274,19759.04190996604,0.940476258267604,0.805650718853098,0.7821558955324439,0.33844059833243806,1.9216968985533265,0.8522381612646655,0.11454203859961866,0.14943772090947569,2.071134619462802,219.34558482176493,66242.36661617302,0.928840097518207,0.6346086075763507,-0.1574714583269682,0.6883342454460137,4.001114945128452,0.7061170537817049,0.473804033453733,-2.1357302942273284,1.8653846509011236,150.57759067968925,45474.43238526615,0.8731718563587814,0.6049960113028106,0.40778917485066346,0.9618612014484904,6.1650766116089315,1.0447339287959008,0.9251769708519334,-1.8891104032405586,4.275966208368373,329.62363255715013,99546.33703225933,0.8949460791415399,0.6295118450352787,0.14767938685793555,1.0116809734203247,5.238819533494375,1.0224028527363522,1.0234983919806957,-2.7419882717490114,2.4968312617453643,315.6828931715962,95336.23373782208,0.9016234928082296,0.6055755683209348,1.390992999100987,0.8369685450207469,4.869956884591063,1.623384695290092,0.700516345354146,0.15877420388643354,5.028731088477496,795.8841164084357,240357.00315534772,void,39
12.489696462193685,9.991757169754948,14.987635754632421,0.9204599592046937,0.7645223394441119,0.48570756978092167,0.1295923591382682,0.5755434842302343,0.502698739693577,0.016794179547021885,0.1912751861934925,0.7668186704237268,76.31721891263226,23047.80011161493,0.9352988376779156,0.8537480053246483,-0.23500423879086996,0.2898754004688398,2.1554177222973125,0.3731685142755837,0.08402774779697024,-1.6602029041824151,0.4952148181148976,42.05493149408724,12700.589311214348,0.937790319907076,0.814823257960962,-0.18366032017985237,0.25882924524401546,1.7841881015659862,0.3173699598294593,0.06699257819358671,-1.3768093621668585,0.4073787393991276,30.418554803450085,9186.403550641924,0.933097756252209,0.849455114765031,0.6616960132994277,0.2341854827310038,1.98514406970992,0.7019148483529251,0.05484284032195329,0.23333394255335993,2.21847801226328,148.79070521016956,44934.7929734712,0.929015402149939,0.6917524057267852,0.015900624464305513,0.6890960492250306,3.707704417992657,0.6892794751883308,0.47485336505754583,-1.8849363022299144,1.8227681157627424,143.482070864602,43331.58540110981,0.9010836641490116,0.8135517855044851,0.05119575749578069,0.22057886769071597,1.3492214386810968,0.2264421393144067,0.048655036871718384,-0.6063030182877348,0.7429184203933621,15.485364822100124,4676.580176274236,0.9337713772263385,0.7015207715104068,0.014265066407190411,0.3253757524590996,1.7915495514889208,0.3256883056051089,0.10586938028832528,-0.8647367971767543,0.9268127543121665,32.0340074671939,9674.270255092557,0.9338099441140018,0.739096141946069,0.6938927574175383,0.3885459444963982,2.1345417608286263,0.7952704632897619,0.15096795098459811,0.0697087829892273,2.2042505438178535,191.00144315389602,57682.43583247662,void,39
17.48557504707116,14.987635754632421,19.983514339509895,0.9470617989175222,0.8274733306323163,0.6309663249531263,0.09547376696637913,0.5835798277794124,0.6381486844016876,0.009115240178750468,0.3394374466706834,0.9230172744500958,122.9845905078886,37141.34633338235,0.9140803978254337,0.8043527314732938,-0.23238790786282063,0.3398069927421733,2.3175215605191837,0.41167090258765954,0.11546879231647943,-1.6487708452289378,0.6687507152902458,51.18082547527616,15456.609293533396,0.9312937038190516,0.8010663023425924,-0.17199567032370042,0.3022921862818817,2.256636668525704,0.3477974647653127,0.09138056588707986,-1.6446435657435454,0.6119931027821587,36.53084910214803,11032.316428848702,0.9367094798697131,0.8264343761244685,0.7939149538378371,0.25955499997261994,2.0419103507893044,0.8352662760689682,0.06736879801078674,0.37883914659332313,2.4207494973826273,210.69626508531277,63630.272055764435,0.9145591835325362,0.6791115253097223,-0.07142127314133591,0.6551250294102476,3.910651327523418,0.6590066785829315,0.4291888041597779,-2.0821927971671075,1.8284585303563106,131.15552032990598,39608.967139631604,0.9153251721769138,0.8190632066596669,0.006746949240759246,0.24205511261472357,1.4105321073911883,0.24214912526578306,0.05859067754292651,-0.6243604185524879,0.7861716888387005,17.708132057829136,5347.855881464398,0.9392403677971792,0.817299763711979,0.027615452484097577,0.24047234622858607,1.9391025346492474,0.2420528093548646,0.057826949300680976,-0.8640064501816871,1.0750960844675603,17.694047880007894,5343.602459762385,0.9690432648132414,0.8436666012210351,0.6513944616626732,0.35665223834383786,2.0126060357838154,0.7426409386779547,0.12720081911566972,0.10723480774248652,2.119840843526302,166.55770026774303,50300.42548085841,void,39
22.481453631948632,19.983514339509895,24.97939292438737,0.8973948431427654,0.8520173449036063,0.5826121844684518,0.23442020818727777,1.2708807890420006,0.628004611048094,0.054952834006566656,-0.22939712826298506,1.0414836607790157,119.1057170322957,35969.9265437533,0.9300738983635422,0.8097442587056197,-0.3454593951064374,0.3917851195721723,2.4202294265489845,0.5223387536699599,0.15349557991818139,-1.6473646154432375,0.7728648111057469,82.39700762281707,24883.89630209076,0.9310462306269726,0.8272046987959837,-0.3515285543985227,0.35581727194904583,2.3330241849272273,0.5001782238110496,0.12660593101726123,-1.667805036815174,0.6652191481120534,75.55383318358248,22817.257621441902,0.9387706628656741,0.8520970783418295,0.8959287958077966,0.33869959182190146,2.1539739841190677,0.9578130405553743,0.11471741350032265,0.20686786184135228,2.36084184596042,277.0565578386952,83671.08046728604,0.9376391638039875,0.7618360494308636,0.1956347499625858,0.6211436472730055,3.4817920766001125,0.6512237602702587,0.3858194305476119,-1.4945331223456828,1.9872589542544294,128.0759005540417,38678.92196732059,0.9059299581760857,0.6864275912743737,-0.4124781062098019,0.7105710976914936,3.4875780319783836,0.8216139440010247,0.5049112848744942,-2.6117670023360904,0.8758110296422931,203.86494083902952,61567.212133386915,0.9116454850555656,0.6517881411483744,-0.492037502985933,0.6212361850861504,2.9667352600895542,0.7924867834891797,0.3859343976603938,-2.404082736871348,0.5626525232182058,189.6666612055178,57279.331684066376,0.9458971979348593,0.858747564998614,1.0880715297150767,0.7370736103985633,3.2910585236758645,1.3142211232979328,0.5432775071459731,0.07749206527825052,3.368550588954115,521.607502598589,157525.46578477384,void,39
27.477332216826106,24.97939292438737,29.975271509264843,0.8585544201352333,0.5815920126803181,0.16623828690322714,0.20056122543506516,0.9847491792914453,0.2604994686761083,0.040224805148015026,-0.3373968927784729,0.6473522865129725,20.493711900521483,6189.100993957489,0.898550762904617,0.7743364372299166,-0.5672473023063831,0.44087212934286635,2.7009502854314165,0.718427265911576,0.1943682344313131,-2.194422287797492,0.5065279976339244,155.87359639436508,47073.826111098264,0.9147244818373899,0.8074912807687302,-0.7346475483215118,0.3527703861439873,2.3071754505437276,0.8149564194452278,0.12444694534017792,-2.0878638724326994,0.21931157811102828,200.5744976096858,60573.49827812514,0.8955973821539096,0.7872552144934888,1.0166572625927381,0.46320587819904,2.79196693948533,1.117207086972108,0.21455968559814392,0.04639606040788817,2.838362999893218,376.94180590457233,113836.42538318089,0.9438666616755619,0.753929649237339,-0.04167070199152572,0.6552701647863619,3.412922603120651,0.6565938137567338,0.4293789888591458,-1.4163050785512157,1.9966175245694355,130.19686175161092,39319.452248986505,0.8572132426738346,0.6398711536127003,0.17164777467591513,0.4276857596858768,2.153589215939715,0.46084494961893563,0.18291510903808558,-0.76899428244697,1.3845949334927454,64.13817641196235,19369.729276412625,0.8870921179124333,0.5539885170381558,0.10305347091816518,0.4618218863671561,2.754800518489634,0.47318016927593193,0.21327945472771845,-1.039912481261875,1.7148880372277588,67.61764072399187,20420.52749864554,0.9426192234240405,0.7586558607663274,0.842202664399086,0.3976023749023285,2.0719307603822807,0.9313393454852487,0.1580876485279718,0.09444314012383029,2.166373900506111,261.9526788875652,79109.70902404466,void,39
32.47321080170358,29.975271509264843,34.97115009414232,0.8595670331123804,0.617874034242486,-0.08971114607525327,0.2828987764272803,1.5596492385197847,0.2967824244024362,0.0800317177040523,-0.9561874428866708,0.6034617956331138,26.600101845124698,8033.230757227657,0.8704349088701975,0.6103482921788622,-0.3206302345126605,0.6638660098889705,3.7233352776879935,0.7372393277420477,0.4407180790859027,-2.378988497465962,1.3443467802220317,164.14359156360302,49571.36465220811,0.8750091888106701,0.6115137107901842,-0.35757182948595106,0.5072095813283105,2.8373287188010687,0.6205797069137615,0.25726155939124007,-1.7372583411153593,1.1000703776857093,116.30599013521736,35124.409020835636,0.9490567173249369,0.7894950821912708,0.8936553092088886,0.46701284217853173,2.761847354141619,1.0083257442101259,0.21810099475967018,0.0936916677215466,2.8555390218631658,307.0496835439451,92729.00443027138,0.9219118820488658,0.7238563600610339,-0.26099439194435603,0.8133701798775458,5.701511136071678,0.8542184276521054,0.6615710495140312,-3.3686586853606126,2.3328524507110653,220.36611488641148,66550.56669569627,0.827897143327403,0.6380433183062922,0.3566340191684541,0.5488823794977706,3.4824572237788507,0.6545683235166364,0.3012718665231347,-1.4617982098364166,2.020659013942434,129.39482642571676,39077.23758056646,0.8707933651447893,0.7337851471673941,0.00709504724406713,0.5914007585682283,2.856671916864002,0.5914433167518857,0.3497548572350758,-1.5138513740972321,1.34282054276677,105.64116947300236,31903.633180846715,0.9403277025008515,0.836507749417909,1.0968473267551682,0.5521593529157395,3.556369964226184,1.2279877887105746,0.3048799510123281,0.10611092195559073,3.6624808861817746,455.4021107851306,137531.43745710945,post-void,39
2.4979411633357316,0.0,4.995882326671463,0.8083123234532887,0.42439054803714016,-0.4541493811729231,0.786528643088712,3.265164219309856,0.9082284772119401,0.6186273063989705,-2.1545150326430647,1.1106491866667911,249.1134479792533,75232.26128973448,0.8464373391261301,0.4806524962363397,0.47213356466718875,1.3537729325874512,4.362547817662904,1.433740302806535,1.8327011530064277,-1.1238083693908585,3.2387394482720455,620.7945992793158,187479.96898235337,0.8414272033884578,0.394439036032715,0.5015465689133712,1.3906172836832111,4.572222024918393,1.4782981399119892,1.9338164296784726,-1.2036123267656627,3.36860969815273,659.9803479211088,199314.06507217488,0.8461535492737994,0.3641122786091864,1.8061335050934093,1.3430329016657545,4.216306839970118,2.250745568290148,1.8037373749567363,0.389369419478635,4.605676259448753,1529.8883951796777,462026.29534426273,0.8459693222761551,0.4078181577477912,0.7017435267270229,1.4026965971096201,6.304481736984174,1.5684392627214445,1.9675577435429081,-1.4392778756313709,4.8652038613528035,742.9205196955488,224361.99694805575,0.7101552047865576,0.42121883603874277,0.3748476793009565,1.0061147543910536,5.346224580608163,1.073674849142273,1.0122668990033699,-1.3159777854997528,4.03024679510841,348.1388598675661,105137.935680005,0.7638149160361853,0.37195725640748084,0.13760818969672592,1.1661081709729442,5.118224180133618,1.1741994210020186,1.3598082664098652,-1.6967296824827272,3.4214944976508903,416.3807726450056,125746.99333879171,0.8512800066974199,0.38836991535289433,1.7163630568899868,1.4302522643756261,6.1874602570525274,2.234171811389703,2.0456215397516058,0.09391999154016521,6.281380248592693,1507.4401522081207,455246.9259668523,pre-void,40
7.493823490007195,4.995882326671463,9.991764653342926,0.8480984442710353,0.43171505084748146,0.23281760351430245,0.3337792881070621,1.7758492631041574,0.40695534113143184,0.11140861316925715,-0.3453808716866991,1.4304683914174583,50.01502020197081,15104.536100995188,0.8700909246592153,0.7356099474223347,-0.604023330082094,0.1826763455389752,1.2443817687326844,0.6310426534735487,0.03337064721947506,-1.2769845769726766,-0.03260280823999232,120.26087881188704,36318.785401189896,0.8798542986054718,0.6585630837317648,-0.6888040119085458,0.25417302407189335,1.0776508064029784,0.7342035773456564,0.06460392616585127,-1.1578364552505696,-0.08018564884759123,162.7945776821221,49163.96246000084,0.8821885377884827,0.5651652239467299,0.990510624511294,0.34895712615698643,1.7311622348879685,1.0501820666748678,0.12177107589574296,0.13236957648203032,1.8635318113699988,333.07047669598,100587.28396218597,0.8339577742864936,0.6833412283013357,0.04556849835360087,0.6180522793889978,4.325511802427315,0.6197298670389687,0.38198862005793577,-1.2364739514815501,3.089037850945765,115.98766264624162,35028.27411916497,0.6853510529702324,0.36596031329602147,-0.04553427847580294,0.561628760349024,3.0792103627467466,0.5634715919791284,0.31542686445118145,-2.01257146749139,1.0666388952553567,95.88507096018301,28957.291429975274,0.7468453584844236,0.3057635585169641,-0.028513354403796074,0.6594351589975711,3.147593352060739,0.6600513164152529,0.43485472892215193,-2.0317781085040396,1.1158152435566993,131.57165757105554,39734.64058645877,0.862292078775729,0.5432716009107054,0.8767521730543703,0.6070738920539899,3.0872246476496352,1.0664113105969666,0.3685387104135794,0.03944642182801785,3.126671069477653,343.4443911774802,103720.206135599,pre-void,40
12.489705816678658,9.991764653342926,14.98764698001439,0.8947114804890405,0.7367278385491312,0.0870635843501356,0.14312422366631944,1.103705303446414,0.16752495670788817,0.02048454340008663,-0.4304635533089991,0.6732417501374149,8.475512558233902,2559.6047925866383,0.8655714023589539,0.769771801882507,-0.4633710313116104,0.10066536986825891,0.6646260653904451,0.47417953282432884,0.01013351669071337,-0.7240406949125378,-0.059414629522092595,67.90356126354862,20506.875501591687,0.8794475773433492,0.813909819269634,-0.40962292780035076,0.11721884776410267,0.6566612672225635,0.42606478527434677,0.013740258271143878,-0.8054562167550477,-0.1487949495324843,54.822422777764324,16556.37167888482,0.8840328743208455,0.8093462677666469,0.6432403301875801,0.14381905068705872,0.9026369126335396,0.6591221751089503,0.020683919340526765,0.18277877039803397,1.0854156830315735,131.20149659954686,39622.85197306316,0.8855687093678433,0.6698246483557956,0.031222021591725744,0.3787419109986254,1.850429775110871,0.38002664351222126,0.1434454351468907,-1.079260936997553,0.7711688381133179,43.6149154333078,13171.704460858953,0.7861578190583239,0.6301160259144942,0.04469318354603901,0.304748671864963,1.6524504758538,0.30800849608239517,0.09287175300345889,-0.8487875934724111,0.8036628823813888,28.650508564999527,8652.453586629857,0.8322126085894037,0.7124237325612176,0.022414658505812094,0.2688686825814552,1.3893527371218795,0.26980138136973925,0.0722903684730873,-0.6868433897580875,0.702509347363792,21.98342118748388,6638.993198620132,0.8868666395330679,0.7275366938390129,0.46708546477593155,0.30645299382152436,1.2118001487232692,0.5586432393103161,0.09391343742217524,0.04510867648905542,1.2569088252123246,94.2488451857912,28463.151246108948,pre-void,40
17.48558814335012,14.98764698001439,19.983529306685853,0.9069027117010592,0.6301029784592763,0.0675028254662366,0.11512559195831873,0.40943235317683924,0.13345611027479595,0.013253901923753303,-0.1339187220733467,0.27551363110349253,5.378781077642907,1624.3918854481576,0.9083048530626546,0.8262784437509697,-0.5740189446139949,0.12335473946458575,0.4089081148560545,0.5871236160504364,0.01521639174837583,-0.7929536823412617,-0.38404556748520724,104.10367043829035,31439.30847236371,0.899084519796729,0.6689676308525625,-0.6154094409157128,0.22612480960280243,0.6510114918287287,0.6556380171146985,0.051132429517903644,-0.9648330466239464,-0.31382155479521767,129.81808526480032,39205.0617499697,0.906091684790969,0.7566315887280703,0.8530461097060165,0.25435844412038583,0.7422057742099879,0.8901605941513658,0.06469821809534343,0.500353768235974,1.242559542445962,239.30053678073364,72268.76210778157,0.8628771374955495,0.5862559554339837,0.1286153459395827,0.19850935705277623,1.0939301321348365,0.2365330252811753,0.0394059648375066,-0.18004259796424504,0.9138875341705914,16.896257358696868,5102.669722326453,0.8445584430888702,0.48876506720336926,0.08815611083812461,0.06166341288135299,0.3646114389824041,0.10758195186126679,0.00380237648817621,0.005981612708511752,0.3705930516909159,3.4953106626165367,1055.5838201101938,0.8708924109548186,0.44341604172103855,0.09496059025657398,0.09425241781923539,0.46184436885967106,0.13379473818745136,0.008883518264771722,-0.004522019560203889,0.4573223492994672,5.406111653927894,1632.645719486224,0.9007406425999017,0.4646997272415757,0.22391664238937706,0.1878406708960057,0.9458474885638314,0.292271757755678,0.035284117642661525,0.03513531766354764,0.980982806227379,25.797679675241298,7790.899261922869,pre-void,40
22.481470470021584,19.983529306685853,24.979411633357316,0.8872960561757588,0.74509363412708,0.186272674261134,0.05066716048536036,0.3083921645367036,0.19304059243600505,0.002567161151649262,0.005159765280694656,0.31355192981739827,11.25393043906923,3398.6869925989076,0.9052605546123226,0.8265661297023086,-0.6670613827329491,0.05587482503994977,0.2885892557030598,0.6693974039439046,0.003121996073244998,-0.79602583112398,-0.5074365754209201,135.32405109086537,40867.86342944136,0.8761639997735687,0.7970204849423488,-0.7820200986868843,0.09465830292683294,0.34644664006033676,0.7877281441355465,0.008960194312988069,-0.9511291672395766,-0.6046825271792399,187.39571997709612,56593.50743308304,0.8927944096927574,0.8056884853528392,1.0463592154922552,0.10490746375996017,0.3966331963060453,1.0516050512422024,0.011005575952547355,0.8332643140535106,1.229897510359556,333.97370150703074,100860.05785512328,0.869181946019317,0.7120181321441856,-0.030372432374839987,0.1690774311014174,1.0137271541928063,0.17178376627673167,0.028587177707854544,-0.4852895832696735,0.5284375709231328,8.91191803157807,2691.399245536577,0.8306158594290566,0.6061784269054636,0.04302345144500112,0.08376781322424998,0.4411622730194933,0.09417039825026331,0.007017046532372829,-0.1529751159292064,0.28818715709028686,2.6781552997971856,808.8029005387502,0.8645878788789347,0.6668016183542822,0.018449746529497477,0.07148830464574155,0.3913717073398205,0.07383069042156559,0.005110577701122352,-0.20995512869812744,0.1814165786416931,1.6461931961337672,497.15034523239774,0.9132699027246856,0.7992406421454835,0.18382360289581304,0.10018772444446204,0.5877886642731838,0.2093530441884164,0.010037580129359456,0.01662813503555619,0.6044167993087399,13.236266527509024,3997.352491307725,pre-void,40
27.477352796693047,24.979411633357316,29.97529396002878,0.8817964527341557,0.7896526625150341,0.13566978045851347,0.0795278436046079,0.35916266332087604,0.15726082550355705,0.006324677908398974,-0.09483145007891015,0.2643312132419659,7.468752105894186,2255.5631359800436,0.9302499581047315,0.8789824195170473,-0.6470045506604655,0.03586984632971756,0.18780995169144488,0.6479980975674761,0.0012866458757175526,-0.7326280449222584,-0.5448180932308135,126.81026340422261,38296.69954807524,0.8880947052123516,0.818213300121044,-0.7398468191256148,0.060886505637395553,0.3224726852502442,0.7423479523370577,0.0037071665687326005,-0.8843579410747048,-0.5618852558244606,166.4263056663848,50260.744311248265,0.8995410274099024,0.8417736856338075,0.9955047374007523,0.06843465380061586,0.3463395621500971,0.9978541897632895,0.004683301840810147,0.8074953658329735,1.1538349279830706,300.7053211765016,90813.00699530338,0.8737941588192821,0.7834708924021324,-0.0021551634116671616,0.13372140461854135,0.7091501081188079,0.1337387706780896,0.01788141405315565,-0.3551850449510027,0.3539650631678051,5.401589752310965,1631.280105197911,0.8358534096725138,0.7291384570796507,0.05353314354810079,0.03375765309178683,0.1625131990810267,0.06328804468781596,0.0011395791422654249,-0.010355400272872553,0.15215779880815417,1.209623733322911,365.3063674635192,0.8680855751780268,0.6505795137355904,0.059254742435152385,0.06531744089916405,0.3726952610785014,0.08819009347240789,0.004266368085615789,-0.17832266406040526,0.19437259701809617,2.348802761174956,709.3384338748365,0.8948869975704137,0.7690935022408608,0.156831744194509,0.07122311410261253,0.3514201561264512,0.17224670670165415,0.005072731982473763,0.021996777880944108,0.37341693400739534,8.96001624680883,2705.924906536267,pre-void,40
32.47323512336451,29.97529396002878,34.97117628670024,0.9241084658544487,0.8667856906507159,0.201070840913249,0.018566369677850914,0.10521811881123347,0.20192620718612955,0.0003447100830146218,0.14450903975259088,0.24972715856382435,12.313806330869866,3718.7695119226987,0.8962091355238897,0.8708830207509889,-0.5948754123981205,0.022888364375514354,0.14734466760726717,0.5953155747161502,0.0005238772237863146,-0.6839648153869953,-0.5366201477797281,107.0289913168853,32322.755377699355,0.8903360786431013,0.8133960129564123,-0.6391471032578325,0.029783942719870123,0.15121004460050425,0.63984068552009,0.0008870832439405044,-0.7139836035167406,-0.5627735589162364,123.63762305973927,37338.56216404124,0.8765418935429733,0.8495261325899164,0.8963587377929197,0.03334580449319487,0.16486031208062646,0.8969787787317014,0.0011119426772983748,0.8192227714499928,0.9840830835306192,242.98042070749443,73380.08705366333,0.8769326890397592,0.796338361848532,0.029299200127723794,0.10414064807100018,0.7123733848882705,0.10818372201386087,0.010845274580647914,-0.3723423757811005,0.34003100910716993,3.534522748049242,1067.425869910871,0.871713004461543,0.7603414241977237,0.061740079356707125,0.02138308026851919,0.13755382637121058,0.06533814751538665,0.00045723612176993466,-0.0065073457798849755,0.1310464805913256,1.289260203264213,389.3565813857928,0.9021157719112541,0.7274875583948716,0.04524830976212205,0.024710385440886353,0.14834378136457987,0.0515559180401835,0.0006106031486371683,-0.049616914849522145,0.09872686651505774,0.8027198308597678,242.4213889196498,0.897492006121263,0.901918015440768,0.12296091466729232,0.059257213726800616,0.3514440792975081,0.13649470288066445,0.0035114173786637277,0.033412077420501105,0.3848561567180092,5.6265027821732225,1699.2038402163134,pre-void,40
37.469117450035974,34.97117628670024,39.967058613371705,0.8930185419185069,0.7647712080075794,0.10674780543866612,0.07059500554750218,0.4410486542663687,0.1279794857554256,0.0049836548082518636,-0.09844496870807269,0.342603685558296,4.946382129815401,1493.8074032042518,0.9265929648912514,0.842447589173373,-0.6114010256271818,0.030997089633242866,0.24373729799229843,0.6121862736975576,0.0009608195657312923,-0.7395097643060183,-0.4957724663137199,113.1811541785177,34180.70856191237,0.9091168894715383,0.7954297219754062,-0.670176364945846,0.04034583885261399,0.21269917980336595,0.6713897130912484,0.0016277867127210965,-0.7799930682599372,-0.5672938884565712,136.13077234711415,41111.493248828476,0.9087207008797912,0.8201133482092744,0.9162440881316833,0.04910906521623995,0.3047983338562712,0.9175592238774961,0.0024117002864129087,0.7623459608892904,1.0671442947455616,254.25830865544722,76786.00921394504,0.8964539148257833,0.668479709786469,-0.003935556218611828,0.14579549040986783,0.9640026478863907,0.14584859830181338,0.021256325023853863,-0.5092135551283773,0.4547890927580134,6.424087715234323,1940.0744900007653,0.8149950967482423,0.5157852360357998,0.07023138059575103,0.08261982130802535,0.6168519207579299,0.10843653301980505,0.006826034872970039,-0.23685633276040421,0.37999558799752575,3.551061471393292,1072.420564360774,0.8476556689841986,0.5605594113164684,0.04512362437130839,0.07688166821360735,0.46545893562326346,0.0891455685029275,0.005910790907307204,-0.20774251550321313,0.2577164201200503,2.3999735798804624,724.7920211238998,0.9099940918538346,0.6508898272651478,0.17661283103787803,0.09891984440169264,0.5408331613227677,0.20242832732517732,0.009785135616455084,0.02979745024525748,0.5706306115680252,12.375122766508078,3737.2870754854403,void,40
42.46499977670744,39.967058613371705,44.96294094004317,0.937263206564069,0.824085451937941,0.15840437818817546,0.018146309953774017,0.10477031859315264,0.15944038257016618,0.000329288564938438,0.09791858329447928,0.20268890188763192,7.677213149424528,2318.518371126206,0.9631676687247247,0.9171917948164083,-0.5723003339672565,0.019181480432876923,0.12378529329352894,0.5726216913902497,0.0003679291915968403,-0.6417630705215279,-0.517977777227999,99.02447163809035,29905.39043470328,0.9484455092309448,0.8377903789848075,-0.5986867091782058,0.02393615950610887,0.15206905185967468,0.5991650152324745,0.000572939731901886,-0.6881690516700112,-0.5360999998103365,108.41761207451648,32742.11884650399,0.9548404326271548,0.8829397628415514,0.8435035165202815,0.028589685923453532,0.18396476324839872,0.843987886478996,0.0008173701412017171,0.7713272749752591,0.9552920382236578,215.11929686203135,64966.0276523335,0.9122589115406659,0.7605435597340517,0.008040433694199963,0.059553986840048916,0.32533866504550346,0.060094308570242706,0.0035466773485447194,-0.16512416144134134,0.1602145036041621,1.0906204286057348,329.367369438932,0.8906824877276909,0.5458526806491327,0.06934452837704048,0.0371404321033203,0.178640149073743,0.07866432045505459,0.001379411696821345,0.008577175424303281,0.1872173244980463,1.8687987444219667,564.3772208154342,0.9142581020878301,0.5501743658270665,0.055950247040039224,0.036036593195432676,0.19224879119078722,0.06655122983818197,0.0012986360491331046,-0.01196823379937357,0.18028055739141366,1.3375779902783058,403.94855306404827,0.9276548101905864,0.6157069827877348,0.10859557132188986,0.0493504743385301,0.2489607445281581,0.1192831397481035,0.0024354693174379175,0.015802881822998688,0.2647636263511568,4.296997163306008,1297.6931433184138,void,40
47.4608821033789,44.96294094004317,49.95882326671463,0.9258608553682814,0.7570220687366794,0.1977494281503006,0.06667725801357062,0.32289443329366124,0.20868802809452003,0.004445856736208268,-0.019176156854625395,0.3037182764390359,13.152309307133711,3971.9974107543803,0.9218022135110953,0.7737499563505666,-0.6033122377484526,0.056504351200884914,0.2709013580048527,0.6059524716689242,0.0031927417046329442,-0.7560323606654774,-0.4851310026606247,110.88787617234686,33488.13860404876,0.9108892351367383,0.5938617514227874,-0.6587990059239195,0.1020554347220142,0.4553482455790725,0.666656914733991,0.010415311756299303,-0.9086613884330899,-0.45331314285401736,134.2182954727184,40533.92523276093,0.9131229342398562,0.6626211135298914,0.9186242022366776,0.10625491997704851,0.4847224242911513,0.9247489026510392,0.011290108019328985,0.7088595016245994,1.1935819259157507,258.25848095219897,77994.06124756412,0.8653436488205973,0.6318725291455083,0.012721224613124856,0.27776347333721474,1.7075856110770418,0.2780546289418883,0.07715254712035362,-0.7205623666894602,0.9870232443875816,23.348941756155384,7051.380410358926,0.8410649633673428,0.4649797616908225,0.09247758779867021,0.07252616800864134,0.4019178176679329,0.11752510068525117,0.005260045046017671,-0.11742507520942827,0.2844927424585046,4.171269085905685,1259.723263943517,0.8810070194157811,0.6337631763675035,0.052275628100856474,0.06856944731406804,0.3523023739178959,0.0862236069663976,0.004701769104956753,-0.1276877755747161,0.2246145983431798,2.245222140285334,678.0570863661709,0.8869166256416716,0.6117477052348081,0.2661122087030071,0.16656929112112048,0.9677450480902483,0.3139443204859509,0.027745328744592585,0.024158700051481047,0.9919037481417293,29.765432982346404,8989.16076066861,void,40
52.45676443005036,49.95882326671463,54.954705593386095,0.8946749712986509,0.7750586955346104,0.05996785937080072,0.060942398139806786,0.2895096665525651,0.08549924004660425,0.0037139758910307253,-0.09451884018767162,0.19499082636489348,2.207656254661151,666.712188907668,0.9122597886915271,0.7866122600187592,-0.5224111134009809,0.05335760107401538,0.2978228246475203,0.5251289413060627,0.0028470335923737678,-0.6676159541017371,-0.36979312945421683,83.27964230916231,25150.451977366996,0.8932338911610256,0.5537196732493979,-0.5095223978623293,0.08700451722554695,0.36657181891786605,0.5168973398471193,0.007569786017650496,-0.6892671955856113,-0.3226953766677453,80.68922370219056,24368.145558061555,0.890168831948269,0.677915634316107,0.7354786297089408,0.09656381427978164,0.44486062007905947,0.7417906611617602,0.00932457022826016,0.4994725586647444,0.9443331787438038,166.176522266014,50185.3097243363,0.8754675961816113,0.5261063020865696,-0.040440598848700146,0.2767202790689052,1.3589786297386681,0.2796597126566754,0.07657411284797276,-0.5766773735321257,0.7823012562065425,23.619285574730704,7133.0242435686705,0.7963388045782391,0.53771333395142,0.027194226828167835,0.14166180139739595,0.7619021576535836,0.14424836896109813,0.020068065975155255,-0.4756093583195322,0.2862927993340514,6.283892768277004,1897.7356160196548,0.8203947585440425,0.5655751269230429,0.021786680743085308,0.12300824312265596,0.6390000955633384,0.12492272545027011,0.015131027876122439,-0.4367985495275775,0.2022015460357609,4.712917574844916,1423.3011076031646,0.8886730931464628,0.7148513136653658,0.29805071943108413,0.16058830222556092,0.8518238361220603,0.33855994176079796,0.025788602811688092,0.049233461598917165,0.9010572977209774,34.61609591785262,10454.060967191494,void,40
57.452646756721826,54.954705593386095,59.95058792005756,0.8233986586314378,0.6970365318893884,0.5828714043401947,0.8824961976082792,3.214877044981354,1.057609858497254,0.7787995387930711,-0.060027001052176565,3.154850043929178,337.7986610627556,102015.19564095222,0.8911248001809124,0.8137064017716115,-0.36584425531885023,0.21172547417803658,1.4106178501607731,0.4226933824484581,0.04482767641591444,-0.745871809923354,0.6647460402374192,53.95824806084698,16295.3909143758,0.8956644330343556,0.7597500826263188,-0.404525236827612,0.14795198023316014,0.740653218801036,0.4307324641646471,0.02188978845491341,-0.8682619786708704,-0.12760875986983444,56.0301976169754,16921.119680326574,0.8726601241642618,0.7596635332829473,0.9729739901401014,0.7321614429567422,2.76727717540224,1.2176776108813243,0.5360603785524989,0.4279008841823414,3.195178059584581,447.7871067405782,135231.70623565448,0.9121477374010181,0.6292021893052229,0.05662808706737839,0.34198820473263725,1.7882890597911043,0.3466448794099846,0.11695593217625219,-0.7710549933182419,1.0172340664728625,36.28912707119116,10959.31637549973,0.8273295010431223,0.652781696160514,0.10731136300573692,0.12391326296255031,0.6595910432697282,0.16392139997015392,0.015354496738026144,-0.0778474004567231,0.5817436428130051,8.114808061188905,2450.67203447905,0.8374280097083139,0.4523346234390331,0.49196093503470606,0.5932833561365178,1.8368376274823204,0.7707208977761227,0.3519851406686103,-0.04776662195676703,1.7890710055255534,179.39123208518743,54176.152089726595,0.9156766593350268,0.5652526711167692,0.6087197361536849,0.6086903012823178,1.8171378141025187,0.8608388932071847,0.37050388287515884,0.02663294494411484,1.8437707590466337,223.79516721756752,67586.14049970543,post-void,40
62.44852908339329,59.95058792005756,64.94647024672902,0.8630751309561665,0.23378971336575322,1.981625966053287,1.297516235646715,3.147523150302323,2.3686261526681336,1.6835483817668215,0.6195367178213267,3.7670598681236496,1694.3377350332403,511689.9959800384,0.9211468153738182,0.3442449104835222,-0.0039398303893310805,0.775528603104077,1.9680789003948096,0.7755386105772283,0.601444614232561,-0.8258126209053119,1.1422662794894978,181.64096122180945,54855.57028898647,0.9196039980072239,0.30395090374612826,-0.45442227700916554,0.5445701196469831,1.4997409872936787,0.7092645635124627,0.29655661521232946,-1.1420877346750837,0.357653252618595,151.92297875846631,45880.739585056814,0.880818585063439,0.2848376141254174,2.3597917514995785,1.0706489145413536,2.699942740898221,2.591313606774376,1.1462890982085785,1.2146679209930615,3.9146106618912824,2027.9016750135156,612426.3058540819,0.9082475452973863,0.49431070314603276,0.0873745142178127,0.3573067169790416,1.8969287178114924,0.3678347397040412,0.12766808999834095,-0.783415351059559,1.1135133667519335,40.8613235114082,12340.119700445277,0.8612781225349172,0.639777185215338,0.06570398263224103,0.05229822692334961,0.3112721887168063,0.08397688892227431,0.0027351045393261696,-0.0830085341896421,0.2282636545271642,2.1297395976653277,643.1813584949294,0.7808377870569353,0.21610183570112967,-0.29325033660927763,0.7497743609871075,3.459335189809795,0.8050822022098614,0.5621615923936254,-2.1386936110867527,1.320641578723042,195.7435203991542,59114.543160544556,0.807883339702031,0.2600702145042832,0.6089567310686484,0.6478298894057527,2.2943724260861833,0.889107342181631,0.4196835656074697,0.029333245392999033,2.3237056714791824,238.73458350822773,72097.84421948476,post-void,40
67.44441141006476,64.94647024672902,69.94235257340048,0.8785306953659898,0.6899186493028806,0.3416422026816293,0.16754112166547963,0.6713438658087438,0.38051205250567627,0.028070027448927046,0.05124432088479429,0.7225881866935381,43.72640547482893,13205.374453398337,0.8909932990445055,0.7537436498194026,-0.6136488662999392,0.07318977884068036,0.39407941741118896,0.6179981187980659,0.005356743726747702,-0.8334579107548066,-0.4393784933436176,115.34034580106041,34832.78443192026,0.8656067219533924,0.6802246396595439,-0.6930658244651052,0.1510414339485916,0.7623535956086924,0.7093333150295021,0.02281351476924676,-1.2120437170997418,-0.4496901214910494,151.95243304684436,45889.63478014698,0.8667079534426865,0.7322031482841858,0.9975508790276814,0.18643254142416743,0.8649347445469281,1.0148225700834475,0.0347570925018739,0.7444541062895257,1.6093888508364538,311.0191843227337,93927.79366546564,0.8723488642816837,0.6961242428676,-0.15429975116177705,0.37607863379628764,1.6612929951255682,0.4065016014810625,0.14143513879808223,-1.0255375725837774,0.6357554225417907,49.9035527060139,15070.872917216195,0.7870601245059159,0.625643036756263,0.09859993787765,0.08738278528512843,0.4906138695228164,0.13174862015847946,0.007635751164186857,-0.10897138891150357,0.38164248061131284,5.242025071926316,1583.0915717217472,0.8531885071762243,0.5660198734640989,0.006342026962042093,0.07569548452920365,0.3709200204567582,0.07596069828600957,0.0057298063781109085,-0.19233379700146414,0.17858622345529407,1.7425483605976497,526.2496049004901,0.8823379882896002,0.7449355158982099,0.37126225699491877,0.22480127921226095,1.0277417424811275,0.43401760172190024,0.05053561513546891,0.018380028856535058,1.0461217713376625,56.88812613853787,17180.21409383844,post-void,40
72.44029373673622,69.94235257340048,74.93823490007195,0.884272661988173,0.4771488079824748,0.12337341595034658,0.4861661918052579,2.0222508177407947,0.5015760817838945,0.23635756605442682,-0.8255645083239322,1.1966863094168625,75.97672687694057,22944.971516836056,0.9103567127753555,0.6488559072229773,-0.28224738732047683,0.4351599265342315,2.075274794409982,0.5186788498777573,0.18936416166127779,-1.0697998178655146,1.0054749765444675,81.24638029177494,24536.40684811603,0.8952554650502536,0.5312476149044391,-0.19520041834035967,0.5730397889198328,2.1658336277668955,0.6053741016970728,0.3283745996852865,-1.0293021070007806,1.136531520766115,110.67629650767243,33424.241545317076,0.9169367274512763,0.7201814780456968,0.9060712777178247,0.2571360687039516,1.3140255490302093,0.9418514310302527,0.06611895782852334,0.20591005631216922,1.5199356053423785,267.8994036763879,80905.61991026915,0.8801970461631907,0.59931861769584,-0.037007863455502915,1.1218826431042166,5.427424099940507,1.1224928716281648,1.258620664898503,-3.2624391753821524,2.1649849245583543,380.51705455052524,114916.15047425861,0.8312436487760096,0.41680725743547886,0.11901634389822824,0.6752134444288463,2.881288808470821,0.6856224074899887,0.4559131955374668,-1.108737191150677,1.772551617320144,141.96358186701517,42873.00172383858,0.853897708491207,0.27106528689551457,0.03620016788098954,0.5435630969696637,2.3802497536016665,0.5447671911393562,0.295460840387252,-1.1288753946066166,1.25137435899505,89.6249303476429,27066.728964988164,0.8795365672241038,0.5748853459702146,1.2484965885668495,0.684175338189864,3.2093151218199556,1.423671178696217,0.4680958933872147,0.061920074223700376,3.271235196043656,612.1055667651834,184855.8811630854,post-void,40
77.43617606340769,74.93823490007195,79.93411722674341,0.8601817120408182,0.41710397832373197,-0.1944742085064134,0.6806076760431747,2.634635686174096,0.7078467535159619,0.46322680868889105,-1.7104773536602405,0.9241583325138556,151.31620199185227,45697.493001539384,0.8850361590918896,0.6484650436296161,-0.32947881119075334,0.36568114599028734,1.6828682517802127,0.49221843479947186,0.13372270053276986,-0.8926354336212613,0.7902328181589513,73.16825424204546,22096.81278109773,0.8721194937195064,0.4146027780992965,-0.2999288386938953,0.4974332937750335,2.0501029778758415,0.5808590104630792,0.24743988175587878,-1.1038212966158425,0.946281681259999,101.89395139091654,30771.973320056793,0.8815250608492897,0.4278610473404725,0.9700928142008197,0.3736885546703435,1.5353834738435732,1.0395783780243202,0.13964313589161031,0.3174269049798176,1.852810378823391,326.37840762481426,98566.2791026939,0.865255331596969,0.42821556994858906,-0.16564700775611113,1.2459248989167062,6.102943066101966,1.2568881354039259,1.5523288537406044,-2.8311075451876992,3.2718355209142667,477.08987104558554,144081.14105576678,0.768492679656855,0.437784877324944,0.10531245094485578,0.5073458409040807,2.1189505389021055,0.5181607034566413,0.2573998022826688,-0.925582236068366,1.1933683028337396,81.0841354112178,24487.408894187778,0.7726855447177244,0.3209924667299821,-0.01220261629252633,0.9715925882157835,3.7089302841710077,0.9716692139407462,0.9439921574758451,-1.3011340795086102,2.4077962046623975,285.1306005187088,86109.44135665006,0.8368752436866811,0.49734914484169507,1.4130321851252026,0.892042266177092,3.8500333410035275,1.6710473843808458,0.795739404646362,0.14027415081413286,3.9903074918176604,843.3046069755121,254677.99130660458,post-void,40
82.43205839007915,79.93411722674341,84.92999955341487,0.8276789153978731,0.5755966049816149,0.011977582122764636,0.5638804525928209,2.325928815987172,0.5640076482546953,0.3179611648162846,-0.8729562662903888,1.452972549696783,96.06759744151722,29012.414427338197,0.8948115465079083,0.7455082086097684,-0.4447104284518493,0.2385519741656617,1.1581950996846573,0.5046527613638531,0.056907044378334534,-0.9528131011593198,0.20538199852533745,76.91167168475292,23227.32484879539,0.8777669437467402,0.5736096209374844,-0.4414115106899039,0.36099952412381714,1.6315088930228345,0.5702322142664036,0.13032065641762244,-1.145915151238379,0.4855937417844557,98.199763012524,29656.328429782243,0.8637020643005004,0.7724145851752044,0.8963899075010507,0.3072929363968156,1.2935617134237964,0.9475989737378991,0.09442894875937737,0.231648957890257,1.5252106713140534,271.1790321387941,81896.06770591578,0.8702113661576817,0.5237168936507268,0.20340196332166685,0.8192082644411651,4.5077723657285125,0.8440820690026619,0.6711021805287058,-1.9552147397864836,2.5525576259420286,215.16731084196797,64980.527874274325,0.7608209983321532,0.3039241072270007,-0.14520932645064585,0.6955920738275464,2.4784882437420017,0.7105871386817784,0.4838483331717067,-1.443099490629778,1.0353887531122237,152.490092661307,46052.007983714706,0.7725572275285038,0.3034252897041832,0.04069043996694568,0.7152959063848027,3.1489625765955855,0.7164523330938074,0.5116482336908564,-1.8646664704064027,1.2842961061891827,155.01779156985913,46815.37305409745,0.8601202521443754,0.5269494907203316,1.1761914112096086,0.5893100462948863,2.790002951866544,1.3155654930361056,0.347286330664081,0.14800009129259759,2.9380030431591417,522.6751950731341,157847.90891208648,post-void,40
87.42794071675061,84.92999955341487,89.92588188008634,0.8816702527169265,0.28500733204393247,-0.9480142613246977,1.0992496241646186,4.384717901746292,1.4515787184651985,1.2083497362260553,-3.0322367755011763,1.3524811262451153,636.3383943221224,192174.19508528092,0.8844790033687246,0.4032487532555598,0.15127695674417585,0.629292969047187,2.2173097988017156,0.6472204868002891,0.3960096408922239,-0.9325904248766954,1.28471937392502,126.50609627726897,38204.84107573522,0.8939331338562562,0.35024504600176504,0.18411004717718085,0.6492255262439088,2.221889982787728,0.6748261208624515,0.4214937839266803,-0.9358689192693831,1.2860210635183449,137.52786860627575,41533.41631909527,0.8803498073693575,0.3457667650665149,1.5048476537941966,0.8466398093070253,3.017389956864155,1.726663090424225,0.7167989667034362,0.4844614167258473,3.5018513735900023,900.3723592056672,271912.45248011145,0.8955446507197677,0.4321021688384299,-0.24960167964840937,1.1861681663189956,6.277674420592977,1.2121451716984544,1.4069949187885684,-4.806413037705207,1.4712613828877696,443.72736701610637,134005.66483886412,0.770859911560555,0.29629506998366245,0.03059588244289302,0.7807177435338929,4.187972533059423,0.7813170311026841,0.6095201950686534,-2.4069745113878733,1.7809980216715497,184.357803533516,55676.056667121826,0.771419935635008,0.24329982623480534,-0.016556793526955126,1.3636766409282628,6.100209683865371,1.3637771476400695,1.85961398101339,-4.6127274353782175,1.487482248487154,561.6862087444358,169629.23504081956,0.8488201427860136,0.3136431129645186,1.3477563809137478,1.4571180688244,6.570470903058776,1.984852722190811,2.123193066494549,0.01834186383781491,6.588812766896591,1189.7713792940583,359310.9565468056,post-void,40
92.42382304342208,89.92588188008634,94.9217642067578,0.8609555332347868,0.42436199749185405,0.8801135347362647,0.8475255671764199,2.62723929546109,1.2218426335022339,0.7182995870177123,-0.6876557355580795,1.9395835599030107,450.8556251551896,136158.3987968673,0.8797665388685539,0.5988353804440244,1.313055895015368,1.3589080740803194,3.864904021399424,1.8896420129842826,1.846631153800683,-0.877785705843709,2.987118315555715,1078.365575045058,325666.4036636075,0.8386624044647211,0.43648808295537944,1.3915300168508502,1.2749029992859744,3.4949095612373733,1.8872555326148341,1.6253776575883732,-0.595105114776003,2.89980444646137,1075.6435005063609,324844.33715292095,0.8656762435633221,0.35982980338194,2.4257978550508237,1.6555617083319754,4.375428028422906,2.936899692475769,2.740884570095089,0.11478498686884672,4.4902130152917525,2604.8647007066083,786669.1396133953,0.8800231389998991,0.6701104830009634,-0.5493368293566924,1.1185705597185642,4.904375900808392,1.246182590616947,1.251200097069102,-3.869375531849878,1.0350003689585143,468.99725684534314,141637.17156729364,0.7644703128971679,0.5119629861390024,0.4347463497752424,0.5965607698807245,2.3475644723509776,0.7381660658710749,0.3558847521606827,-0.5312122750962353,1.8163521972547423,164.55652052268118,49696.06919784972,0.7983675688608568,0.48631688072192325,0.4139359295317117,0.4678306323170103,1.7820178733739995,0.6246666745484474,0.21886550053413364,-0.46308537155864415,1.3189325018153553,117.8429531960076,35588.57186519429,0.8330614497657185,0.6220421520989441,1.2158691187146493,1.0048536860696802,4.165040862016125,1.5773612916043558,1.0097309304078235,0.08213385050215577,4.24717471251828,751.3967305640319,226921.8126303377,post-void,40
97.41970537009354,94.9217642067578,99.91764653342926,0.8755171107699345,0.784680547919412,0.3387180171941898,0.24701029075411615,1.274781078981031,0.4192182950568791,0.061014083738433,0.07959641296409771,1.3543774919451288,53.07468163093974,16028.5538525438,0.8888014839173046,0.5316708296291105,1.648388995804654,0.22791924745415992,1.225627936579606,1.6640713520909933,0.051947183360070585,1.2614178548297794,2.4870457914093853,836.2783063846839,252556.04852817446,0.8969714036680715,0.4786614299139279,1.9615149395766316,0.18326650491231875,0.9752885511117837,1.9700577326578765,0.033586611822776946,1.5845044712783833,2.559793022390167,1172.1004959415382,353974.34977434436,0.8742326247426019,0.4759620993292609,2.593507998770071,0.31578659579073165,1.712822440182297,2.6126624186383967,0.09972117408109894,2.078940724544015,3.7917631647263117,2061.453483957162,622558.952155063,0.9296893303519393,0.46986551510255564,0.26034267446374315,0.5994040061310519,2.3248004566293092,0.6535009339801197,0.3592851625659541,-0.5706687441378815,1.754131712491428,128.9731681552924,38949.89678289829,0.7927551146701906,0.3830406812209548,-0.20296567962640263,0.38136453102959067,1.4923213815879004,0.43201154224583765,0.14543890552741962,-1.2665946533745378,0.2257267282133626,56.3634597353554,17021.764840077325,0.8399843663635778,0.6548316853442498,0.10008605673000892,0.13108162593518793,0.807504541506411,0.16492304693272888,0.01718239265781253,-0.3074535911235646,0.5000509503828464,8.214282645691679,2480.7133589988866,0.898429857116968,0.5022470563569964,0.5607796279278903,0.5713346336930293,2.067479365862947,0.800560462898394,0.32642326365714797,0.0111295421359882,2.078608907998935,193.55091053633944,58452.37498197453,post-void,40
102.415587696765,99.91764653342926,104.91352886010073,0.7754384133012351,0.6401502540225769,0.15737683659815227,0.5486086155653421,2.7847895962107962,0.570735386821391,0.3009714130725214,-1.4056317871053845,1.3791578091054117,98.37314229458919,29708.688972965945,0.8609748992941154,0.5785283324971663,0.9512480720265271,0.5985604244647953,2.5107245433065053,1.1238983389389186,0.3582745817354759,-0.9160854957625707,1.5946390475439347,381.4705378334374,115204.10242569819,0.8609961066362359,0.4199218397524295,1.2556990270795296,0.7068224639704421,2.4881788978702404,1.4409642751233371,0.4995979955732469,-0.554497831950459,1.9336810659197814,627.0661687388808,189373.98295914204,0.8404874582637775,0.46616311383577536,1.8493697490391063,0.4950716428564469,2.2514768959168716,1.9144880256145629,0.24509593156058132,0.2826822593026426,2.5341591552195144,1106.9098488669074,334286.77435780596,0.8304475676074916,0.4307489204245998,0.20071437790717292,0.7165429608341659,3.8422115619129125,0.744123696853995,0.513433814720993,-1.473724741417704,2.3684868204952085,167.22346301833622,50501.485831537546,0.7027019559713779,0.4575146023593854,0.7058947210117728,1.3025181344457344,6.04773341515009,1.4814995267337363,1.6965534905599964,-0.5934058205329176,5.4543275946171725,662.8419360091101,200178.26467475115,0.738417259662555,0.48276089895348867,0.23993729819881027,1.11900133925542,4.779459811505332,1.144436063885776,1.2521639972554233,-1.2073127500445089,3.5721470614608237,395.53963910535515,119452.9710098172,0.8123753519469049,0.5604064728051936,1.2865089204261686,1.5502224440118921,6.3463906772082055,2.0145209922595266,2.4031896259182037,0.05109291306027844,6.397483590268484,1225.605038132801,370132.7215161061,post-void,40
107.41147002343646,104.91352886010073,109.90941118677219,0.852982852978356,0.52433805042549,2.1366891977959104,1.0623194576883752,4.220047277694324,2.3862027068463934,1.1285226301833238,-0.048041502995842034,4.172005774698482,1719.5769341646387,519312.2341177211,0.8294674876377438,0.6209100607632965,2.0907598995239587,1.7256396832585472,5.693314302903369,2.7109240627310265,2.9778323164366594,-0.5455829880357561,5.147731314867613,2219.431000716016,670268.1622162368,0.837041598475355,0.6053371534658438,1.749235843179583,1.1979517774612387,4.566780908256513,2.1201213399677687,1.4350884611225412,-0.5658712657694736,4.00090964248704,1357.4641778483917,409954.1817102141,0.8307209693722392,0.497778940469571,3.6158589403631107,2.1127118240872416,7.396787954660331,4.1878380016712535,4.46355125163804,0.21180584425678703,7.608593798917118,5296.472112729047,1599534.5780441714,0.857783247559331,0.5593061227756337,-0.2760427606042021,1.7039140919655302,8.099968141673262,1.7261294385070625,2.9033232327987175,-2.9331806156010973,5.166787526072165,899.8158972211735,271744.40096079436,0.7757384282378381,0.4189242268527458,0.2142145225743024,0.6749384375552936,3.3410696914812554,0.7081170497674216,0.4555418944895809,-1.8227269255195417,1.5183427659617135,151.43178636373779,45732.39948184882,0.7526544640596949,0.35704824878647634,-0.004933239003476952,1.2522755576979692,5.415064712603179,1.2522852747097306,1.5681940724077599,-3.3282702099032853,2.0867945026998935,473.6019595949573,143027.79179767714,0.8638945953531587,0.5440255011619535,1.9254372928210115,1.1583877741589572,5.708515552038976,2.247036048644269,1.3418622353209435,0.15865381433833423,5.8671693663773095,1524.8496431798685,460504.5922403204,post-void,40
112.40735235010793,109.90941118677219,114.90529351344365,0.8140349791032868,0.4384215238998058,0.14597173235397023,0.852212160534875,2.884623890156104,0.8646232203740186,0.7262655665635196,-1.5429294681318482,1.341694422024256,225.76714058940152,68181.67645799925,0.8801269681995538,0.7494414427583508,-0.21944103649023083,0.26377922116169245,1.2820741230300143,0.343123659942849,0.06957947751666904,-0.8472646007261033,0.4348095223039111,35.55562149579791,10737.797691730968,0.8527891810235788,0.6228178727670208,-0.112764569223275,0.262082761719703,1.1127631483827012,0.28531249895989025,0.06868737399062663,-0.6098669395813553,0.5028962088013459,24.58377306294669,7424.299465009901,0.8426931547861203,0.6171304207998447,0.9174671653787408,0.32398207008590774,1.5384567028133782,0.9729904322680938,0.10496438173715002,0.04906462715245334,1.5875213299658315,285.90653514814613,86343.77361474012,0.8378082136096088,0.5233848252043221,-0.09041573145429217,0.8166905143062932,4.672894032519185,0.8216802301700415,0.6669833961578777,-2.339549501536664,2.3333445309825214,203.8978369969923,61577.14677309168,0.7290873223378975,0.44900124004423336,-0.8225216586821064,0.974020941381698,4.263183615838332,1.2748563343574257,0.9487167942500891,-3.126668788575646,1.1365148272626862,490.8281193218783,148230.0920352072,0.7461127264060922,0.515770804541246,-0.5196965791413671,0.6764868303604928,3.1244771018477606,0.8530644559600554,0.45763443165118617,-2.6923593056359443,0.4321177962118165,219.77112773877244,66370.88057710929,0.8235800720805047,0.46458167700817576,1.3678365301822262,1.0757133756837918,3.838290332532944,1.7401540276440963,1.1571592666250186,0.06560580838828228,3.9038961409212263,914.4970840576431,276178.11938540806,post-void,40
117.40323467677939,114.90529351344365,119.90117584011512,0.8479604499427977,0.558930086796215,-0.6750843843009964,0.6115698588716477,2.5781323677369117,0.9109097750092171,0.37401769228028714,-1.4237905590966757,1.154341808640236,250.58649869861742,75677.12260698252,0.8214142890937908,0.6163034309236355,0.6763690402039936,0.6971337617152226,2.9917187114025863,0.9713241272972106,0.4859954817232167,-1.568315532697813,1.423403178704773,284.92810920144575,86048.28897883662,0.827638715392486,0.5463579797923348,0.9259961326394448,0.8109426780926517,2.7888751575980715,1.2308927105216318,0.6576280271520821,-1.0462253743108176,1.742649783287254,457.5592531742176,138182.89445861374,0.8341038471413763,0.4587084334352534,1.7369368813575248,0.5209359974817606,2.1354101429591648,1.8133736634495166,0.2713743134723169,0.4090752374777489,2.5444853804369134,993.0738610742808,299908.3060444331,0.8463788646931718,0.5840218330238198,0.0641817983364468,1.1153773011759287,5.276514097027402,1.1172223714266551,1.2440665239784985,-2.3672127173842394,2.909301379643163,376.9521198192921,113839.54018542622,0.698763177041508,0.2956239527283036,0.6834868725008718,1.2780809429142372,5.548771451349989,1.4493602731969608,1.6334908966405457,-1.5817969277652424,3.9669745235847462,634.3948508595138,191587.24495957312,0.7511846049073049,0.5162241521188885,0.17848458396349778,0.8923793776481115,4.561529810464213,0.9100536799355595,0.7963409536516307,-1.2177056377310433,3.3438241727331697,250.11570551000466,75534.9430640214,0.8311218980861116,0.29911455666059,1.6301656328424106,1.2327160007891211,5.123286627798319,2.043778052798792,1.5195887386015243,0.1496042393858452,5.272890867184165,1261.4626761888107,380961.7282090209,post-void,40
122.39911700345085,119.90117584011512,124.89705816678658,0.8331874464173257,0.5241810985979848,0.28616351134322526,0.34816393762459663,1.8822060776339664,0.4506746971891679,0.12121812746226403,-0.6679984053768233,1.214207672257143,61.338520171337564,18524.233091743947,0.8706610151033041,0.7604072163983936,-0.6533170424369947,0.18311277439924678,1.2394032087708973,0.6784935121921296,0.03353028814818945,-1.0728375102049386,0.16656569856595882,139.0267407182171,41986.07569690157,0.8543211864087641,0.7195894941612229,-0.8015807167054272,0.23495658539265335,1.4873149880004823,0.8353060770839402,0.05520459701937521,-1.2968704595546792,0.19044452844580306,210.71634520883515,63636.336253068264,0.8684315204630704,0.6655904500431797,1.1329888566861215,0.27844859815017314,1.7212076625699824,1.1667036346847992,0.07753362181179661,0.1158871126995581,1.8370947752695406,411.08160609838984,124146.64504171375,0.8376292292753889,0.5681859919713753,-0.12549112626929054,0.7439277441426712,4.9242635794061895,0.7544378776794936,0.5534284885052037,-3.329780508441728,1.594483070964462,171.89130640581664,51911.17453455664,0.7376434373900745,0.4165720021968455,-0.24488385239366628,0.9517268649240814,5.525271940509489,0.9827268830053361,0.9057840254182208,-3.51951276743244,2.005759173077049,291.6571422275778,88080.45695272852,0.7571109815869302,0.31433802997459653,-0.2241529829506116,1.0268781734967418,7.0235717049750495,1.0510582015139132,1.0544787832040048,-5.151107008401857,1.8724646965731926,333.6264495768379,100755.18777220501,0.8011318464295084,0.6043442779921374,1.1098044700793366,1.1865858666866493,7.02200662325387,1.6247005819007343,1.407986019020507,0.04409873076521301,7.066105354019083,797.1748982102324,240746.81925949018,post-void,40
127.39499933012232,124.89705816678658,129.89294049345804,0.8303207238173064,0.5915274592889164,-1.744885098162725,0.47356597521509536,3.173650070379519,1.8080068414338943,0.22426473288142432,-3.3064217577091437,-0.13277168732962488,987.2043990788736,298135.7285218196,0.8095739948114707,0.47049078553210993,1.9704372151799534,0.45637530597468273,2.6191472958290767,2.022597646312686,0.2082784199034853,0.048588397664273746,2.6677356934933503,1235.4521741386243,373106.5565898647,0.8159537102670664,0.3928881893162177,2.0216840414378314,0.44956456838850756,2.5389001159596285,2.071066069577392,0.2021083011503451,0.2003833792937115,2.73928349525334,1295.3730286955338,391202.65466605127,0.8336781351529283,0.39303241132981626,3.3661492875518464,0.5640422111955159,4.010930544452076,3.413078469958775,0.318143616010327,0.24523998866641777,4.256170533118494,3518.029601913032,1062444.9397777352,0.8177853352800687,0.4643854263104139,-0.19459057550798656,1.5381463856276623,9.808210141569354,1.5504063324483588,2.365894303619441,-6.687500552414362,3.120709589154992,725.9354583001832,219232.50840665534,0.7688328631598761,0.4751594453739948,0.046518969207891794,0.7733462617075043,4.974216523542987,0.7747441222707899,0.5980644404969718,-3.5709070988311478,1.4033094247118392,181.26899340792727,54743.23600919402,0.7278626338093038,0.4932363477739117,-0.09612263424490396,0.9824220805965987,6.910992621497587,0.9871133193600061,0.9651531444437499,-5.34299384403144,1.5679987774661468,294.26659698789473,88868.51229034421,0.8315038122115027,0.6183200093637425,1.3690791199715222,1.4505182933024454,7.626619880710725,1.994587916324331,2.1040033192050394,0.05856586588515979,7.685185746595884,1201.471048696005,362844.25670619356,post-void,40
132.39088165679377,129.89294049345804,134.88882282012952,0.8373250605181034,0.46805369934289853,-0.011869781929015506,0.45675072746238965,2.5344446078764937,0.45690493405134563,0.20862122703742214,-1.7619320361493553,0.7725125717271384,63.046159865660286,19039.940279429404,0.8418486053141451,0.7647899400322936,-0.6042815518694743,0.3067283692458939,1.9218633495835127,0.6776713705255857,0.09408229250024543,-1.1289046442275195,0.7929587053559932,138.69002290186774,41884.38691636403,0.8355221349147823,0.5960509796488482,-0.7239410663836737,0.3838531664042854,2.2193288075773117,0.8194107156703083,0.14734325335859602,-1.286108721558992,0.9332200860183196,202.77304412850873,61237.45932680969,0.8508478392792325,0.6498119367427404,1.124874493756557,0.272198272297505,1.8813178993735535,1.1573394170016922,0.07409189944174668,0.2597178546998759,2.1410357540734295,404.5092268960367,122161.78652260317,0.8357418534593329,0.6406065388595432,0.36934542516030855,1.018231371468729,5.844885491093368,1.0831487289056558,1.0367951258430887,-1.3225446315143639,4.522340859579004,354.3097730168413,107001.55145108607,0.7002338791136019,0.36627038462158557,0.22661783222706616,0.7489810489770337,3.0605423560523963,0.7825140596884074,0.5609726117267376,-1.2458773741663691,1.814664981886027,184.92313259022978,55846.78604224938,0.7258686082637087,0.31916112710593664,0.29709277211483515,1.0024001863702947,4.5368823589704235,1.0454999994634522,1.0048061336352014,-1.5374036755151037,2.99947868345532,330.10721516117974,99692.37897867631,0.8406370201656334,0.5554494901506272,1.214540418357284,1.1846945781907512,5.173126975703643,1.696646595911491,1.403501243594562,0.0622364692908035,5.235363444994446,869.3401207682509,262540.7164720117,post-void,40
137.38676398346524,134.88882282012952,139.88470514680097,0.8519476370034766,0.3977732937427002,-0.05751394438195605,0.8148448736111275,3.7623957918646207,0.8168720963827232,0.6639721680503343,-2.0812312949646654,1.6811644968999553,201.5185665983089,60858.60711268929,0.86471840528293,0.5813436519471102,-0.4117202627448036,0.4148180350801256,2.192906604237917,0.5844549400786911,0.17207400222773633,-1.4274876881169243,0.7654189161209924,103.15944824868072,31154.153371101584,0.8401236776629988,0.40980100456930507,-0.428428820831417,0.5102398415933954,1.8470421515533144,0.6662551691868901,0.2603446959492532,-1.010744549277895,0.8362976022754195,134.05657704141197,40485.08626650642,0.860744056623593,0.6683718485678118,1.151813882073884,0.3550891864887358,1.8363580826072632,1.2053064130333595,0.12608833036123218,0.27679985042493377,2.113157933032197,438.7345918884016,132497.8467502973,0.8259056115630856,0.4968885743932476,-0.22704978775357432,1.0949665866803393,6.9591049546388,1.118259107749781,1.1989518259463932,-4.363417850403854,2.595687104234946,377.6520364837316,114050.91501808693,0.6934516002144169,0.2599370156611201,0.5886100208263072,1.7501246285097911,8.750940628466829,1.8464555158285507,3.0629362153165345,-2.930880212459307,5.8200604160075216,1029.6381875239713,310950.7326322394,0.714232815857979,0.22888426296062683,0.36276978681936095,1.7295433723640974,8.206446086751587,1.7671791632761913,2.991320276888575,-3.669864620820287,4.536581465931299,943.122502925497,284822.9958835,0.7421577948392513,0.41514278583864234,2.17371231420476,1.748656162369018,7.242852637838047,2.7897712449440286,3.0577983741911416,0.2533550708046571,7.496207708642705,2350.4127269332,709824.6435338263,post-void,40
142.3826463101367,139.88470514680097,144.88058747347245,0.8667079534426865,0.6553043360474813,-0.5399848232835949,0.6660023211743596,2.660970471360777,0.8574046309568487,0.44355909180963493,-1.344895134004775,1.3160753373560021,222.01309575824752,67047.95491899073,0.8517511978753328,0.7516337138232293,-0.35606780174754543,0.13268280067533966,0.7268332261151278,0.3799855326672072,0.017604725595051912,-0.7024755521523186,0.024357673962809245,43.60547952098712,13168.854815338103,0.8604124342700253,0.7171381626586993,-0.3326330377939353,0.10925799272692875,0.5559164946675349,0.350117190104598,0.011937308974717615,-0.5953218528467572,-0.03940535817922226,37.01977813563525,11179.972996961851,0.8747680718789165,0.7343120058191465,0.9598009340906334,0.2844220806268702,1.3324575266937,1.0010563186101822,0.08089591994811786,0.18332078889939335,1.5157783155930933,302.63835341486987,91396.78273129075,0.8512747564719833,0.5209186136408803,-0.04397593208914713,0.44084116904004067,2.3272462788823796,0.4430291400390035,0.1943409363205897,-1.239110686768296,1.0881355921140836,59.274995314957096,17901.048585117045,0.7144268894335422,0.45360187806392543,-0.20254697067059282,0.6292265012286677,3.6502097900979527,0.6610228930803416,0.39592598984847066,-2.0898250101017677,1.5603847799961847,131.959282083244,39851.70318913969,0.7383269493171081,0.41236496053499955,-0.36962426891284816,0.7851353676552577,4.509750065296535,0.8677900931172897,0.6164375455431568,-2.8351199121093993,1.674630153187136,227.42401300517935,68682.05192756417,0.7603852078575737,0.5576392037356173,0.9216320297933271,0.7327210461502723,3.495251391985696,1.1774063571310112,0.5368801314715496,0.04970940937693121,3.544960801362627,418.6582904033805,126434.80370182093,post-void,40
147.37852863680817,144.88058747347245,149.8764698001439,0.7981356553054154,0.26258783826769205,-0.6188182544830564,0.7577698594346653,2.7151373954971785,0.9783410407159097,0.5742151598676325,-1.4037671712867243,1.3113702242104541,289.05965996862494,87296.01731052474,0.852548863961875,0.7731338185425235,-0.3529450144256015,0.0903553153283426,0.5154895092110744,0.36432714175033987,0.008164083008084223,-0.6387098506768557,-0.12322034146578133,40.085748397223625,12105.896015961549,0.8750464819111181,0.7385326770419396,-0.3588523351777913,0.09054827985309287,0.49495052609837853,0.3700999722330547,0.008198990984354025,-0.5779227762183299,-0.08297225011995138,41.366144812966176,12492.575733515787,0.817921156170466,0.5122489097053905,1.0776488226018592,0.2559930912286423,1.164602840708799,1.1076368753395534,0.06553246275679597,0.41505629876812355,1.5796591394769224,370.5115531788148,111894.48906000204,0.862497509686758,0.5443783021263695,0.003385153795645787,0.36201946158945447,2.1264435702242137,0.3620352881084089,0.1310580905695185,-1.1872728253807279,0.939170744843486,39.58300405039307,11954.067223218708,0.7037750905607241,0.2603843254408973,-0.012947281741893784,0.7493083371410915,3.109500158030938,0.7494201866867823,0.5614629841091476,-1.6027313682776558,1.506768789753282,169.61244609652283,51222.95872114989,0.7129778765481225,0.2652333701173563,0.15079086903120628,1.2203267686455805,5.293380444124621,1.2296077864327921,1.4891974222729643,-2.9148868557093937,2.3784935884152274,456.60446315375754,137894.54787243478,0.760369594127726,0.40494644304546806,1.1793756458501206,0.9020579584933288,3.2158536369798663,1.4848014932998757,0.8137085604811521,0.14340734931717658,3.3592609862970426,665.7999133006733,201071.57381680337,post-void,40
152.37441096347962,149.8764698001439,154.87235212681537,0.8377681730135503,0.45390546141922766,-1.4440663750156049,1.600424970150846,5.275028654746894,2.1556177259739364,2.5613600850823364,-3.7970633281231625,1.4779653266237311,1403.2997097209798,423796.51233573584,0.8272326180163402,0.5992273158542806,1.5804081692773522,1.867703733185635,5.980428700364943,2.4466318105661404,3.488317234955558,-1.387740394398009,4.5926883059669334,1807.7741793751932,545947.802171308,0.8096814742612904,0.5518121418553507,1.2718068743784383,1.457754119632779,4.731269773092677,1.9345644985429127,2.1250470733063387,-0.9172689013062486,3.8140008717864284,1130.2470193048225,341334.5998300565,0.8375509098383572,0.4867755473242238,3.1132439174595596,2.164011808292839,6.523853551887795,3.7914686858827924,4.682947106430841,0.39167650749730154,6.915530059385096,4341.320908400996,1311078.914337099,0.7880232139065757,0.43920829304360237,0.13137593292107302,2.639628628513077,14.37719071328332,2.6428959366983613,6.967639296465826,-6.810465260747702,7.566725452535616,2109.439477529446,637050.7222138927,0.7196170862563879,0.38049373338826314,-0.6400747769401,1.6330319813195435,9.275225528646507,1.753992352345743,2.666793452012434,-6.795775475713921,2.4794500529325867,929.0997299703805,280588.1184510549,0.687967758210643,0.37429103772885775,-0.3638493951964507,2.0567647012127166,10.439923670222841,2.0886999350168653,4.2302810361546355,-5.764955275039113,4.674968395183728,1317.5255603989162,397892.7192404727,0.7193592997104784,0.36826809605274885,3.0361220061586986,2.2816701528841534,9.456259928991214,3.7979014630244845,5.2060186865623965,0.09212167712042539,9.54838160611164,4356.0647678987425,1315531.5599054203,post-void,40
157.3702932901511,154.87235212681537,159.86823445348682,0.8334487885362972,0.45617577644187685,-0.49910981918627034,0.8750144173685761,3.088428490407508,1.0073533849702496,0.7656502306028686,-1.587355720484744,1.5010727699227642,306.45777434772805,92550.24785301389,0.832988368112302,0.7038354233609817,-0.2840380634601212,0.34466621369807937,3.3645192143115725,0.4466233540234389,0.11879479886497013,-2.6686650136323067,0.6958542006792658,60.2406709484621,18192.682626435555,0.8204814007827699,0.5693579717733545,-0.257526146797635,0.3721025194992082,2.2133673703995402,0.4525262437716687,0.1384602850176586,-1.1736997570696361,1.039667613329904,61.843560393232906,18676.75523875634,0.8734701984697488,0.6549874434922107,1.0722187633148597,0.5189992172131039,2.7693023077475223,1.1912234315493722,0.26936018746781465,0.12005046765272127,2.8893527754002437,428.54200568942304,129419.68571820576,0.8145246112528014,0.7479127400309012,-0.17624471895522825,0.9253996389710027,7.972467341981972,0.9420332758280195,0.8563644918076623,-6.242608436325884,1.729858905656088,268.00286121571537,80936.86408714604,0.6993957714082568,0.3298314451682592,0.8029008013925777,1.569113163554573,6.70562810832556,1.7626020018475765,2.46211612004024,-0.986102738709785,5.719525369615775,938.2432767089595,283349.46956610586,0.7230784473488224,0.25550442764323666,0.6895155118296779,1.2962610276354498,5.377421593481682,1.4682384999788878,1.6802926517665122,-0.9632330521018151,4.4141885413798665,651.0287364317169,196610.6784023785,0.7853872281409402,0.34586236911761825,1.649753787700427,1.851547796432137,7.301758164641951,2.479902579236654,3.4282292424727023,0.0400054880044032,7.341763652646354,1857.2748743563916,560897.01205563,post-void,40
162.36617561682255,159.86823445348682,164.8641167801583,0.8570665498221895,0.6981374402351821,0.4282542723487793,0.15754479433990007,1.1204834538395563,0.4563135807847316,0.024820362223601407,-0.1405818216528561,0.9799016321867002,62.88306937059231,18990.686949918887,0.8552145417581856,0.7427987851440705,-0.028333752269546607,0.14674508753319362,1.1685061699140558,0.14945541888067054,0.02153412071512466,-0.6069715808181732,0.5615345890958826,6.745750514304602,2037.21665531999,0.8509650312710332,0.7348818723431783,0.21967172343255462,0.13117378285640088,0.7476890765108691,0.2558558722888473,0.017206561308858212,-0.15765530431996597,0.5900337721909031,19.769592670175463,5970.416986392992,0.899775871989627,0.718192873075029,0.5268154087435453,0.13596602052144813,0.9079038266507776,0.5440783340899245,0.018486758736438857,0.18102638732155327,1.088930213972331,89.39841255507238,26998.320591631884,0.8389778542373791,0.6734134657799011,0.02620987870247893,0.5011431287757766,4.012478548768662,0.5018280514885286,0.25114443551917465,-2.823242391097552,1.1892361576711103,76.05308076475353,22968.030390955566,0.761081945117298,0.5332504989289913,0.06976373939437094,0.27651655032711964,1.6090577194069358,0.2851813141478526,0.07646140260481048,-0.5867369336292668,1.022320785777669,24.561171345607047,7417.473746373329,0.7586646601934456,0.6011331680136894,0.06346160877851995,0.24429367600687182,1.8180751669888673,0.2524020125230946,0.059679400136950465,-0.9619812654223856,0.8560939015664817,19.239446329563936,5810.312791528307,0.895005674601409,0.6964825880772848,0.4975587159655669,0.3863960083803587,2.937409377305933,0.6299734527149361,0.14930187529227423,0.03733190373113271,2.9747412810370655,119.85369843992451,36195.81692885722,post-void,40
167.36205794349402,164.8641167801583,169.85999910682975,0.8820844248323279,0.7809033499229477,0.47091397061530865,0.29989377603306044,1.430827806471728,0.5582976308601383,0.08993627690336743,-0.272480762497186,1.1583470439745418,94.13226587646108,28427.94429469126,0.8684861368026566,0.7694224702983992,0.19191173840194456,0.28918193081048016,1.440096693800541,0.3470681553293729,0.08362618910727734,-0.605563880005052,0.834532813795489,36.37780394200759,10986.096790486292,0.8624702511045707,0.7781007639034195,0.47603477804251215,0.31993614172993207,1.2586861689678008,0.573557533897881,0.1023591347850352,-0.1876469531664682,1.0710392158013327,99.34840989668771,30003.21978879968,0.8851772548775537,0.772287504247717,0.7951618073655473,0.3589407943741584,1.4065849783330058,0.8724223711934466,0.12883849386595186,0.26312415949436396,1.6697091378273698,229.85847971515634,69417.26087397721,0.8406370201656334,0.6943716941227676,-0.0884217678977564,0.4596794001879683,2.9198753447767047,0.46810635543147144,0.21130515095717034,-1.8532089878692966,1.0666663569074082,66.17531511859119,19984.945165814537,0.7759997476768322,0.6619132987746105,0.018009167173726456,0.25003658241478094,1.548473905505888,0.25068430873900893,0.06251829254566353,-0.9744487205898937,0.5740251849159943,18.978472039682334,5731.498555984066,0.795580149127099,0.7035780270582017,0.07123470051778913,0.39087852192679967,2.2435756832142038,0.39731650036405325,0.15278601890367963,-0.9703124561588684,1.2732632270553352,47.67384124138469,14397.500054898177,0.884985961105472,0.7875453691933936,0.5654225861898595,0.34658892528642543,2.0479273968112843,0.6631942280394398,0.12012388313119937,0.09336935603298754,2.141296752844272,132.8276283996582,40113.94377669682,post-void,40
172.35794027016547,169.85999910682975,174.85588143350122,0.8420292537980197,0.47034741041768513,-0.18096283307114816,0.4865692347213748,2.88759153769401,0.51913116563204,0.23674962017734433,-1.8494701999387069,1.0381213377553031,81.38814447340513,24579.21963096835,0.8354846873636665,0.6816294891755056,0.24488452606261935,0.6160068308580681,2.5284125179379484,0.6628973123860997,0.3794644156638005,-0.8521722833263983,1.6762402346115501,132.7087197241517,40078.033356693806,0.8502275831174061,0.4824969912944232,0.4892344418392473,0.6997670884975494,2.643340497273582,0.853829208463904,0.48967397814433716,-0.8632265529692659,1.7801139443043164,220.16534380228126,66489.93382828895,0.8460780548690523,0.6176179660443853,1.000358550038907,0.6612390660641186,2.5187782063377333,1.1991473350365633,0.43723710248934783,0.08740761924708265,2.606185825584816,434.2622079998381,131147.18681595122,0.8644359064624799,0.5736708998696225,-0.22600237366538087,1.006442829225037,4.889307506833747,1.0315058125870564,1.0129271684984968,-3.3338525804490082,1.5554549263847386,321.3292809030668,97041.44283272617,0.7265154396273583,0.4510090011312944,0.21165269374120052,0.6453334760484402,3.1590329413855196,0.6791554741564475,0.41645529530876263,-1.0255941652714642,2.133438776114055,139.29815173915404,42068.041825224514,0.7543273606118048,0.39053619826357583,-0.07631400490361963,0.7017647715376283,3.8551481785348214,0.7059019917210103,0.49247379457125967,-1.8563312862550752,1.998816892279746,150.4858818185382,45446.73630919853,0.7905667329726377,0.6072218908270941,1.1865713608231236,0.784603356523283,3.4708554873487136,1.4225167912517735,0.6156024270676018,0.11843940782000685,3.5892948951687207,611.1133144607589,184556.2209671491,post-void,40
177.35382259683695,174.85588143350122,179.85176376017267,0.8174275685136491,0.7320339831612306,-0.9373720486067478,0.8678789430400344,4.020282201687889,1.2774506711734503,0.7532138597722874,-2.742673017591456,1.2776091840964334,492.8278256190126,148834.00333694177,0.8246745387669576,0.6419089263911067,0.35957778986972205,0.6906586651084953,3.0315828022326334,0.7786562647645253,0.4770093916894486,-1.1384832280345902,1.8930995741980434,183.10428475442686,55297.4939958369,0.8264238679297143,0.5770040330874462,0.49651001347503426,0.7194858864564684,2.7564582906667336,0.8741751164904139,0.5176599408100502,-0.8633996356678837,1.8930586549988497,230.7830045558907,69696.46737587899,0.8705150102003917,0.5765047444535485,1.4671349541795176,0.9218909677690933,3.359123310062981,1.732734235314109,0.8498829564542355,0.13526682260124803,3.494390132664229,906.7151149293302,273827.96470865764,0.8461721365202709,0.42837788017231904,0.17047733373478186,1.7857977687803863,8.864706950272787,1.7939164396086922,3.1890736709810064,-5.266592444885593,3.5981145053871932,971.8771300740946,293506.8932823766,0.7252275020994704,0.40927957360090317,-0.8433324174131288,1.428838511001779,6.9670169075487465,1.6591531143272016,2.0415794905217806,-5.343768016710952,1.6232488908377953,831.342295148059,251065.3731347139,0.762832526820249,0.5188320289496982,-0.38375147955637284,1.371956496207485,5.84779026344203,1.4246156764361482,1.8822646274859192,-3.991970573928055,1.8558196895139747,612.9180073153825,185101.2382092455,0.8653222115380521,0.4833098120662957,2.4403096310452144,1.4301552290767505,6.684542024750173,2.828507570190966,2.045343979255573,0.14861898436832652,6.833161009118499,2416.137432537536,729673.5046263358,post-void,40
182.3497049235084,179.85176376017267,184.84764608684415,0.8250411823793562,0.5071885328136967,-0.8199031112937719,1.3560344298709854,5.054013752672759,1.5846357584330653,1.8388293749955287,-3.4389795166180814,1.6150342360546777,758.3432870452303,229019.67268765962,0.81341660752798,0.6674636547657846,-0.030673236696264858,0.8607548060266542,3.890963203993882,0.8613011572890218,0.7408988360979831,-2.1393465541558108,1.7516166498380712,224.0355844313173,67658.74649825782,0.8140938758328702,0.5299236939776476,-0.14487237640896528,0.8270227861371641,2.846128630705299,0.8396158015642978,0.6839666887900775,-1.3353891107646896,1.5107395199406093,212.8963176594104,64294.68793314195,0.8100567736036172,0.47885016056898566,1.7632483214849746,0.9213143988178099,3.536549980152647,1.9894383289482995,0.8488202214690224,0.23712885036676415,3.7736788305194113,1195.275189135958,360973.1071190594,0.8381435580903346,0.6349095767689401,0.012567501413329026,1.6840147509792274,10.212136556073105,1.6840616448359018,2.835905681515629,-3.953878204271217,6.258258351801889,856.4912143294356,258660.3467274895,0.6836143488522655,0.2817314153010021,-0.8224942688418478,1.965566888661902,8.369651912777249,2.1307158459263675,3.86345319380403,-5.85619136747434,2.5134605453029093,1371.0649048566784,414061.60126671667,0.6423183449541634,0.31000813874568967,-0.20112416090022142,1.9295220516512563,8.335193962939716,1.9399758441553574,3.7230553478084736,-4.045982884133389,4.289211078806326,1136.5788953237,343246.8263877574,0.7454281740060081,0.393084635021917,2.7370761378386392,1.9099565783728507,6.940030653230059,3.337591933654474,3.6479341312697278,0.2968295237361902,7.236860176966249,3364.1350145098136,1015968.7743819645,post-void,40
187.34558725017988,184.84764608684415,189.8435284135156,0.7491819034499887,0.48950863211753054,0.1377426719475904,0.6900741858740791,3.1627032794622707,0.7036870225356118,0.47620238200977305,-1.3931267235720766,1.7695765558901944,149.54297855688043,45161.97952417791,0.7927839860156679,0.7098010986525195,-0.6253374008684043,0.4274811202187467,2.8703959716049914,0.7574872758458229,0.18274010814347455,-2.369916485475691,0.5004794861293004,173.28366586663438,52331.66709172359,0.7964449776646408,0.6851529118975346,-0.7254890478109319,0.24725432447049758,1.3661213678805328,0.7664653021911525,0.0611347009693621,-1.412247540237812,-0.04612617235727919,177.4156559578184,53579.52809926116,0.7966332282637371,0.7205863410571567,1.2232323127692741,0.4001676738736749,2.3930561916489026,1.2870242648125696,0.16013416721346782,0.3272831330068198,2.7203393246557224,500.2423003813333,151073.1747151627,0.8678263059095094,0.7670953908492023,0.3259597118603564,0.6837191879073877,3.802622574611152,0.7574441640601797,0.46747192791273773,-1.5192109237314078,2.283411650879744,173.26394182398496,52325.71043084344,0.646521326147721,0.30841409921790125,-1.4910235826761735,2.1567800106655026,7.767800693161526,2.6219937716369155,4.651700014406286,-5.432605171032884,2.335195522128641,2076.205104227839,627013.9414768073,0.6839330062085467,0.286549403384633,-0.9203473035402591,1.8317501120151598,7.805670344494393,2.0499628367366505,3.3553084728675504,-4.597702791623738,3.2079675528706555,1269.1089848644153,383270.9134290535,0.7302893521774027,0.3429013917881694,2.79319819618651,1.9618777915541539,7.059307267427276,3.4133444936268855,3.848964468993404,0.10280964471799851,7.162116912145275,3518.578030916239,1062610.5653367038,post-void,40
2.4980429775083586,0.0,4.996085955016717,0.9384779401542171,0.8505486292031492,-2.208567642637448,0.15486225596792144,0.7588542989838878,2.2139903681878583,0.023982318323474017,-2.6222878181513645,-1.8634335191674767,1480.3295118294398,447059.5125724906,0.9571607126685523,0.8935585116288032,2.0951878682179452,0.2813759520691127,1.4198969558297012,2.113997310672475,0.0791724264027996,1.5294163783716446,2.949313334201346,1349.633358118198,407589.27415169583,0.9618339968114414,0.906018836800009,2.029185607663263,0.25118980837148797,1.1659191628581485,2.0446737026179584,0.06309631982970484,1.5352790159759575,2.701198178834106,1262.5685461535845,381295.7009383824,0.9641539572571413,0.883598234297012,3.6651263255258595,0.3439150303109851,1.576402677048263,3.6812264980759464,0.11827754807380579,3.0547702513840593,4.631172928432322,4092.531416101222,1235944.4876625682,0.9504807778415961,0.8127649709754977,0.13922524259540234,0.5031107422479055,2.922907134900049,0.5220192402019174,0.25312041896523846,-1.4811067459708647,1.4418003889291842,82.29623431657811,24853.462763606592,0.9093682781626701,0.7575796191549085,0.16694674609239424,0.38455680522062174,2.793259339987947,0.4192316215081224,0.14788393644149123,-1.0544263889628214,1.7388329510251255,53.07805604664353,16029.572926086346,0.9267583950887724,0.6866165083243536,-0.006040811200990567,0.31098832667246257,1.406505962277934,0.31104699118702994,0.09671373932653828,-0.5611293119270341,0.8453766503508998,29.218569679404293,8824.008043180098,0.9677420382048063,0.8316529161657005,0.6616552781945811,0.3274473441289034,1.7236736275325446,0.7382475671072821,0.1072217631770725,0.11095781643426696,1.8346314439668117,164.59286004262594,49707.04373287307,pre-void,41
7.494128932525076,4.996085955016717,9.992171910033434,0.9280776721035203,0.5140906280407016,-0.055788114530171025,1.1346563968702974,3.883921255698665,1.136027047513182,1.2874451389586856,-2.628289003394309,1.2556322523043562,389.7483507098182,117704.00191436507,0.9342185424512034,0.8435992231519405,0.2879760393032084,0.7120026763713349,2.8088556291974074,0.7680351621981295,0.5069478111599438,-0.8427444953238288,1.9661111338735786,178.1431591325575,53799.23405803237,0.9388766040493198,0.8186939948044694,0.3060051823152385,0.6947530493215137,2.630887186944076,0.7591580672991127,0.4826817995415417,-0.7253902431304035,1.9054969438136728,174.04893328588787,52562.77785233816,0.9384215567123667,0.645892851977362,1.2479935687211892,0.9482976782793991,3.1952129955263304,1.5674043620583515,0.8992684866300987,0.35369637597593706,3.5489093715022677,741.9404431282635,224066.01382473568,0.9374135263110384,0.66736370040065,0.8266047992335375,1.6617658050006747,8.666604443217826,1.8560013698231628,2.7614655906695402,-2.9849691207414324,5.681635322476394,1040.3118076052078,314174.16589677276,0.8848778222679331,0.4598020420076076,-0.9121710876285039,2.112069536214434,10.512777730078913,2.300629005057187,4.460837725805055,-7.953601443951366,2.559176286127547,1598.4539333109474,482733.08785990614,0.9098786721420535,0.30646543778987734,0.9579141542290371,2.1434335013897194,8.715378282545753,2.347745024859413,4.594307174879793,-1.1065435025368375,7.608834780008915,1664.5958239291417,502707.9388266008,0.93244709986562,0.38912644459230417,2.412616649769665,2.9032434459931538,11.127140738737857,3.7748565013054476,8.428822506702202,0.09882390184760635,11.225964640585463,4303.361564845297,1299615.1925832792,void,41
12.490214887541793,9.992171910033434,14.988257865050151,0.9351012915675578,0.8939741424152653,0.5024945335111771,0.08695064070886695,0.6158168026528097,0.5099619300774305,0.00756041391968247,0.178308836803738,0.7941256394565477,78.53847337874603,23718.6189603813,0.9578521587572864,0.8921803721896847,-0.1225188467376395,0.18106060112000083,1.34246512876194,0.21861795233662135,0.032782941277936045,-0.8454851217093079,0.4969800070526322,14.43373034332489,4358.986563684117,0.9576488299015141,0.8925525498011132,-0.08801456753583142,0.13535759401502054,0.9333438275102426,0.16145662685704343,0.018321678257535123,-0.5696526429235954,0.36369118458664723,7.8726091915284755,2377.527975841599,0.9595109929511974,0.9261092212660568,0.5669362401473456,0.11183255865713353,0.8328754749141631,0.5778609015742542,0.01250652117580121,0.2496378425144305,1.0825133174285937,100.84481291359938,30455.13349990702,0.9524107999688417,0.9044326894307224,-0.08391899513751383,0.7183725185717207,6.084841834037672,0.7232575427770991,0.5160590754390771,-4.08517342887937,1.9996684051583016,157.9766449015581,47708.94676027054,0.9266825298282184,0.9016411166554115,0.006623692124679809,0.35812712262541563,2.773286456832324,0.35818837119220104,0.12825503595995946,-1.7131041679028896,1.0601822889294346,38.74627059571124,11701.373719904797,0.9414018045564272,0.9060317384293881,-0.1259251579712683,0.2239650235117777,1.5998077461420792,0.25693866421136385,0.050160331756631135,-0.8430073813198589,0.7568003648222204,19.93727810434944,6021.057987513531,0.9703644846995954,0.8583329788758867,0.6760984702633646,0.5102045845693153,4.135898592946681,0.8470052299767747,0.26030871811554757,0.03619760750488302,4.1720962004515645,216.66019360161874,65431.37846768889,void,41
17.48630084255851,14.988257865050151,19.98434382006687,0.9338697919651358,0.7852686645162543,0.4952508128160784,0.1260303905481367,0.9114767794046219,0.5110352501899474,0.015883659341715865,-0.0018895048273643367,0.9095872745772575,78.86942213488406,23818.56548473499,0.934090880918821,0.8947762569420435,-1.0989352580449374,0.2710730337214955,1.7766767213537364,1.1318742381489508,0.07348058961097503,-1.6569292659891377,0.1197474553645988,386.9040658775509,116845.02789502036,0.9524076257304439,0.8688816623115223,-1.1483498041425468,0.2751077193830146,1.6696899308767927,1.1808435670902175,0.0756842572641235,-1.5671135413068267,0.10257638956996615,421.1062420413814,127174.08509649715,0.9436953423120172,0.885615048045662,1.6782473556226265,0.3466607292526514,1.9227181500138046,1.7136767045917147,0.1201736612059801,0.3871069378722366,2.309825087886041,886.8797300538163,267837.6784762523,0.9383918623649063,0.7590635990627568,0.2096585880604915,1.1988146524388499,7.880074685329008,1.2170099812448538,1.4371565709020806,-2.081809801484455,5.798264883844553,447.29621492377896,135083.45690698124,0.9121752462830708,0.6773638261213233,-0.04033297882398239,0.6361929443246865,3.442679257133915,0.6374701652542882,0.4047414624085137,-2.3891645355629483,1.053514721570967,122.72319989997752,37062.406369793214,0.905211988326951,0.4520429685281879,-0.04323214474980576,0.4425180502364801,2.5787587533657867,0.44462483412958853,0.19582222478509595,-1.0524541051104237,1.526304648255363,59.70275542367876,18030.232137950985,0.9568412099225038,0.8411473517334901,1.1067693770271727,0.9274881644735834,5.780210123510556,1.444012724723606,0.8602342952385769,0.107134330095924,5.88734445360648,629.7221702474353,190176.09541472554,void,41
22.482386797575227,19.98434382006687,24.980429775083586,0.9273738022504875,0.8910848085820902,0.6023767664917614,0.14110397886611237,0.695834902712432,0.6186825532216973,0.019910332851848286,0.22639788173909056,0.9222327844515226,115.59596670159732,34909.98194388238,0.9286893889914637,0.9040617700458773,-1.1448801949597385,0.2446531686461348,1.1365211197037266,1.1707287618144704,0.059855172928594075,-1.6613434978359138,-0.5248223781321872,413.92296178937215,125004.73446039042,0.9558125700802573,0.8724396980290017,-1.204422819079438,0.25494408094654547,1.154442236134487,1.2311095855076994,0.06499648440967874,-1.677632007576083,-0.5231897714415961,457.7205050817397,138231.5925346854,0.9408232988496539,0.889298377525138,1.7825260164904377,0.30266441393766774,1.4079188007779107,1.8080389229575509,0.09160574746423188,0.959304865789294,2.3672236665672046,987.2394335727092,298146.3089389583,0.9372947030375111,0.799175582702796,-0.25025162162354814,0.7696803808924144,4.00706787297559,0.8093415613051809,0.5924078887306922,-2.233259729921978,1.773808143053612,197.82019638248414,59741.6993075102,0.8936753770982128,0.7701730763110246,0.2099956934305753,0.44175104852199937,2.849518742427171,0.48912389036896775,0.19514398887028586,-1.3047607321480617,1.5447580102791096,72.25113839916153,21819.843796546775,0.9403091227763891,0.824048968813965,-0.09461506889717333,0.27598655232556085,1.4244036678302718,0.2917543287201861,0.07616857706454953,-0.8921296766110042,0.5322739912192678,25.70641767474385,7763.338137772642,0.9393387444088971,0.8513619089874411,0.8564619822062176,0.495852200103967,2.3800698959141116,0.9896446490092028,0.24586940434794455,0.10846514426007844,2.48853504017419,295.7777524563895,89324.88124182963,void,41
27.478472752591944,24.980429775083586,29.976515730100303,0.8962902775743302,0.8349084312209638,0.7171962768932636,0.15616293545999776,0.8818655117712368,0.734000927793039,0.024386862411483426,0.24484818083657942,1.1267136926078163,162.70472332431473,49136.82644394308,0.9401321059150383,0.8568245322379641,-0.44732913938318225,0.21988590282508935,1.1929348586201942,0.49845076908607855,0.04834981026120464,-1.0334366577534362,0.159498200866758,75.03285709915596,22659.922843945104,0.9612613183940811,0.7856470926803403,-0.4554666924261454,0.21419908806134677,1.075638677022373,0.5033201339465028,0.04588124932631259,-0.9621216319885479,0.11351704503382505,76.5060094852495,23104.814864545348,0.9480680436932111,0.8605139607075564,1.0047024869167795,0.17639331399661828,1.0397218519892892,1.0200694527528362,0.031114601222709575,0.450125542409477,1.4898473943987662,314.2435899087202,94901.56415243354,0.933752291495118,0.710276707405671,-0.22887597875589855,0.7878870670412027,4.0796729050551335,0.8204573383560289,0.6207660304107887,-1.9535334645847833,2.1261394404703498,203.2913737068023,61393.99485945429,0.8905105805754414,0.7132846229906262,0.3353518743178876,0.4883488597441395,2.5360879914361893,0.5924065229400513,0.23848460881340125,-0.7932598470302886,1.7428281444059006,105.98553750342029,32007.632326032923,0.9200661515132712,0.7824264109663185,-0.057108029404555234,0.33530753103995387,2.3290298975868815,0.34013595428090393,0.11243114037210963,-1.54582677291383,0.7832031246730518,34.939125153163516,10551.615796255377,0.9302139131747763,0.7280076638996363,0.9590154992399258,0.4691241542452892,2.1552677960834146,1.0676086361016202,0.2200774720963579,0.18074124010900863,2.336009036192423,344.2160363633861,103953.24298174266,void,41
32.47455870760866,29.976515730100303,34.97260168511702,0.9015252570472732,0.6328236734098578,0.45228888666786143,0.4115784653759571,1.7012950446777353,0.6115243823139692,0.16939683316122792,-0.6517185472224234,1.049576497455312,112.93654518967344,34106.83664728138,0.9463347116030718,0.8941132499827691,-0.00859419807076618,0.23883081582230964,1.3675016856094393,0.23898539458893622,0.05704015858634998,-0.5807355861679836,0.7867660994414556,17.248433685702523,5209.026973082161,0.9445798306001392,0.8533844054204233,0.02501470194770002,0.21673637334115137,1.183527337187789,0.21817513800295218,0.046974655529074955,-0.5034210261346589,0.68010631105313,14.375318034467382,4341.3460464091495,0.932880570863109,0.8813216690786284,0.6382327678470106,0.26708690323612316,1.1684126693604293,0.6918644952835188,0.07133541388026222,0.057035465334312085,1.2254481346947415,144.56029690984332,43657.20966677267,0.9439340341498069,0.5525998014012685,-0.37258092030282763,0.8618550775797125,5.174069423520059,0.9389412744808028,0.7427941747499323,-2.7830676304123667,2.391001793107692,266.24643651093754,80406.42382630314,0.8566922532411786,0.5888793769037719,0.04598324570702603,1.1156410973886488,6.932883400792091,1.1165883382286872,1.2446550581825486,-2.4130713921216462,4.519812008670445,376.524394154627,113710.36703469732,0.8628551070386253,0.32641972487417603,-0.45706915371904155,1.3386059634973684,6.344221810855169,1.4144886485200785,1.7918659255107177,-2.885626254787364,3.458595556067805,604.2349973112318,182478.96918799204,0.8957117381974574,0.7145553343225812,1.7844153159994134,0.9721215720324323,4.574556478797879,2.032033063408195,0.9450203508108075,0.1678894356330754,4.742445914430954,1247.0058279767964,376595.7600489925,post-void,41
37.470644662625375,34.97260168511702,39.96868764013374,0.9137301740482907,0.873724704592912,-0.4003981315240519,0.15670674920971625,0.7583366426919723,0.42997170718063404,0.024557005247876906,-0.7994932482712646,-0.041156605579292266,55.83245203070033,16861.400513271503,0.9665549849239502,0.9014737691763255,0.33420240152020725,0.13434450206030943,0.7653750663180441,0.36019396221439687,0.018048445233832488,-0.09220162073163203,0.673173445586412,39.181386505543315,11832.77872467408,0.9497258150469052,0.8880319175914838,0.4121749077020207,0.11429856322790093,0.6249580281384399,0.4277292555988329,0.013064161555962467,0.08862087648314487,0.7135789046215848,55.25159946072978,16685.983037140388,0.9470261183492326,0.894249700871381,0.6911520403213854,0.1409841574300206,0.7241808763567494,0.7053847712324579,0.01987653264625283,0.36182639443457276,1.0860072707913222,150.26543799697342,45380.16227508594,0.9517014878818644,0.8156649255495819,-0.16842952483679818,0.46496406036980786,3.1064575515332056,0.4945301631572416,0.21619157743557832,-1.7922097764553029,1.3142477750779027,73.85714484624305,22304.8577435654,0.886388406333283,0.6064532091514706,0.1609903518158005,0.5640372464679756,4.0405677097545825,0.5865627918483672,0.3181380154031759,-1.354310685987804,2.686257023766778,103.90488445184721,31379.27510445786,0.9123210158014845,0.7346202232885701,-0.0876006425867679,0.3440868206641304,1.7965991136589348,0.3550628292800643,0.11839574015474941,-0.9657688866339382,0.8308302270249966,38.07302304638195,11498.05296000735,0.9520885527491537,0.6847841603250957,0.7202505386213035,0.4426338954546582,2.7186443853485796,0.8453907994470031,0.1959247654053653,0.09592832281994276,2.814572708168522,215.83505234447222,65182.18580803063,post-void,41
