acc_x_permutation_entropy,acc_x_spectral_entropy,acc_x_mean,acc_x_std,acc_x_range,acc_x_rms,acc_x_var,acc_x_min,acc_x_max,acc_x_time_energy,acc_x_spectral_energy,acc_x_spectral_centroid,acc_x_spectral_spread,acc_x_spectral_flatness,acc_x_peak_frequency_ratio,acc_x_hjorth_frequency,acc_x_spectral_skewness,acc_x_spectral_kurtosis,acc_x_snr,acc_y_permutation_entropy,acc_y_spectral_entropy,acc_y_mean,acc_y_std,acc_y_range,acc_y_rms,acc_y_var,acc_y_min,acc_y_max,acc_y_time_energy,acc_y_spectral_energy,acc_y_spectral_centroid,acc_y_spectral_spread,acc_y_spectral_flatness,acc_y_peak_frequency_ratio,acc_y_hjorth_frequency,acc_y_spectral_skewness,acc_y_spectral_kurtosis,acc_y_snr,acc_z_permutation_entropy,acc_z_spectral_entropy,acc_z_mean,acc_z_std,acc_z_range,acc_z_rms,acc_z_var,acc_z_min,acc_z_max,acc_z_time_energy,acc_z_spectral_energy,acc_z_spectral_centroid,acc_z_spectral_spread,acc_z_spectral_flatness,acc_z_peak_frequency_ratio,acc_z_hjorth_frequency,acc_z_spectral_skewness,acc_z_spectral_kurtosis,acc_z_snr,acc_mag_permutation_entropy,acc_mag_spectral_entropy,acc_mag_mean,acc_mag_std,acc_mag_range,acc_mag_rms,acc_mag_var,acc_mag_min,acc_mag_max,acc_mag_time_energy,acc_mag_spectral_energy,acc_mag_spectral_centroid,acc_mag_spectral_spread,acc_mag_spectral_flatness,acc_mag_peak_frequency_ratio,acc_mag_hjorth_frequency,acc_mag_spectral_skewness,acc_mag_spectral_kurtosis,acc_mag_snr,gyr_x_permutation_entropy,gyr_x_spectral_entropy,gyr_x_mean,gyr_x_std,gyr_x_range,gyr_x_rms,gyr_x_var,gyr_x_min,gyr_x_max,gyr_x_time_energy,gyr_x_spectral_energy,gyr_x_spectral_centroid,gyr_x_spectral_spread,gyr_x_spectral_flatness,gyr_x_peak_frequency_ratio,gyr_x_hjorth_frequency,gyr_x_spectral_skewness,gyr_x_spectral_kurtosis,gyr_x_snr,gyr_y_permutation_entropy,gyr_y_spectral_entropy,gyr_y_mean,gyr_y_std,gyr_y_range,gyr_y_rms,gyr_y_var,gyr_y_min,gyr_y_max,gyr_y_time_energy,gyr_y_spectral_energy,gyr_y_spectral_centroid,gyr_y_spectral_spread,gyr_y_spectral_flatness,gyr_y_peak_frequency_ratio,gyr_y_hjorth_frequency,gyr_y_spectral_skewness,gyr_y_spectral_kurtosis,gyr_y_snr,gyr_z_permutation_entropy,gyr_z_spectral_entropy,gyr_z_mean,gyr_z_std,gyr_z_range,gyr_z_rms,gyr_z_var,gyr_z_min,gyr_z_max,gyr_z_time_energy,gyr_z_spectral_energy,gyr_z_spectral_centroid,gyr_z_spectral_spread,gyr_z_spectral_flatness,gyr_z_peak_frequency_ratio,gyr_z_hjorth_frequency,gyr_z_spectral_skewness,gyr_z_spectral_kurtosis,gyr_z_snr,gyr_mag_permutation_entropy,gyr_mag_spectral_entropy,gyr_mag_mean,gyr_mag_std,gyr_mag_range,gyr_mag_rms,gyr_mag_var,gyr_mag_min,gyr_mag_max,gyr_mag_time_energy,gyr_mag_spectral_energy,gyr_mag_spectral_centroid,gyr_mag_spectral_spread,gyr_mag_spectral_flatness,gyr_mag_peak_frequency_ratio,gyr_mag_hjorth_frequency,gyr_mag_spectral_skewness,gyr_mag_spectral_kurtosis,gyr_mag_snr,label,experiment_id
0.8881173275789896,0.7370731617251405,0.833686050871048,0.6886221292964791,5.3495321023065205,1.0813107177743964,0.4742004369568168,-1.100002294223319,4.249529808083201,344.9236961702652,101752.4903702282,4.348543472773754,3.2330541533443125,0.0842942977435664,0.074594497419911,8.550789552227258,1.8965566818119524,10.317072978676071,-10.936252848715572,0.8848403443986056,0.7960846484354416,0.3136932475967283,0.829881995579217,5.993984538782314,0.8871908363899652,0.6887041265865436,-2.8937743537919487,3.100210184990365,232.19673615142617,68498.0371646707,7.553601295252255,3.6175308094961385,0.1613326506587462,0.0823562403655659,10.185825416756648,1.2764900117319615,8.225152989659739,-10.469776027626397,0.8862351495477436,0.7367951064499443,0.6328816344788052,0.615381455851803,3.2596091844786828,0.8827420344964029,0.3786943362062845,-1.1928839444189303,2.0667252400597524,229.87388234272032,67812.79529110249,3.83761829495464,3.761334362602499,0.0935915996039322,0.1439960246152497,10.004145432925442,1.9363420976902188,8.889160712490769,-7.741252785063549,0.9429641564723132,0.7771257240794059,1.4909040183175533,0.7160859977541295,4.338768741246303,1.6539570574881788,0.5127791561795272,0.1075881335121065,4.4463568747584095,806.9943146644116,238063.3228260014,4.180474009840272,4.484472938887545,0.147762801792807,0.1719787693607347,12.060143188292848,1.9001179071607155,7.647363939390454,-6.82566635231742,0.8998113993746976,0.7205964480301639,-0.1213475708722081,0.9762029277346084,7.933419857823176,0.9837161120334496,0.9529721561176208,-2.9388417714209947,4.994578086402181,285.47072977689083,84213.8652841828,3.962897249815084,3.807911996485545,0.070846317993227,0.1245283328006973,9.530899841016533,1.52715138302014,5.377348039886733,-8.469739216419356,0.8433082892942547,0.6519938876662925,-0.0765530782215714,1.3239994125474863,10.458141196599462,1.3262106990260965,1.7529744444260895,-5.291242703119687,5.166898493479775,518.8562713723298,153062.60005483727,2.784995460607155,2.017524933991653,0.0148155568516708,0.1446011385908021,6.308568701057683,1.9260110791185072,11.1808013048268,-7.719969551629663,0.8460868986612553,0.5662502775744594,-0.0295365438476854,1.243871474122806,9.788901364735768,1.2442221070045767,1.5472162441364423,-3.967806398113944,5.821094966621824,456.686152209878,134722.41490191402,2.272327152094185,2.005291491389771,0.0146326229803343,0.1631184928672961,8.148524464329801,3.5203202189231138,18.88385866493069,-7.101607710378816,0.8980522773056434,0.7071805546298157,1.4669233605378358,1.4569683294954576,7.673339570296244,2.0675156248126405,2.1227567131527847,0.0765647168707873,7.749904287167031,1261.0131533590986,371998.8802409341,1.6170719632062889,2.3503945610232546,0.024553036818048,0.4042838834876935,8.245248531082316,3.1272758416454054,19.8808947647837,-1.6835292083992628,non-void,1
0.9116084689771984,0.7530199459521177,0.597886734258027,0.6999624574984108,5.457410208882575,0.9205520022839248,0.4899474419072145,-2.4929071589597163,2.964503049922858,249.9877167281382,73746.37643480077,4.955064052060481,3.274788497139567,0.088993151767887,0.1201553188016617,9.351450138902882,1.701607763431104,9.460809541326098,-8.646630128107011,0.8948107525940981,0.841953569283409,0.0585170568529735,1.0124626842977669,5.4046238832093545,1.0141523224043685,1.0250806870954394,-2.599037669548431,2.8055862136609235,303.40895524626126,89505.64179764704,6.771813234039967,4.760714768797655,0.1963411501469602,0.10810644945622,10.522326253569997,0.9038062840203692,4.760761593186839,-9.164614193354788,0.8877503584179229,0.7740509028638365,0.2968574975009633,0.8647620909866645,3.806186345447665,0.9142963676129106,0.7478134740076281,-1.5584804389641982,2.2477059064834664,246.601665109898,72747.4912074199,2.2592919748795017,3.6230551280846295,0.0439759394892109,0.4894828893555341,9.51946235792702,2.1731679752429307,7.942400796437737,-0.1827278761659133,0.9419474802881612,0.8535847936809456,1.500251259238453,0.6790470741640194,3.302792066892468,1.646772227655446,0.4611049289307153,0.1393729882255077,3.442165055117976,799.9983370842974,235999.50943986775,6.76889216475004,5.644345392066795,0.2973401877066545,0.0601974339834172,12.520465682030622,1.5619475162804508,5.364562588101643,-11.93458647013218,0.872812726200912,0.6879054997271726,0.2992471025348929,1.3946943389025148,8.27138981374921,1.4264365136038306,1.9451722989667228,-3.467863832662004,4.803525981087205,600.2427325659642,177071.60610695943,2.717191516396266,3.3819160280703646,0.0426476885991197,0.1944200399848973,9.293148480825948,2.0870707451216224,7.629687409063947,-6.173676258215595,0.7982359615265092,0.6704126795585076,-0.200723300112528,1.0076472313335183,5.214706141165024,1.027444784901928,1.0153529428141053,-3.3314467407084924,1.883259400456532,311.41462187654,91867.31345357928,2.8066086726668256,2.563381392801013,0.0371547107850582,0.2015113296598703,7.777702215230724,2.4149127742488163,13.501664953456295,-5.97969289632394,0.8342664618667021,0.677236652719063,-0.0772036033436543,1.1397591785316254,7.613276719054438,1.1423709473793222,1.2990509850470855,-3.1873839500352634,4.425892769019175,384.97835751781736,113568.61546775611,3.394750697727594,3.652275787719528,0.0816231094831232,0.2014049239678199,9.168999733616422,2.0379486765569665,8.928823934034922,-5.98256544006512,0.894342665991675,0.7512694975692487,1.8204087343362687,1.0399458325956097,6.103604189474068,2.0965150356677027,1.081487334732976,0.1300828716673416,6.23368706114141,1296.6357119603213,382507.5350282948,4.69057066126382,4.341614806243149,0.1484836635480401,0.1080908044432081,10.561184857256412,1.6067234711106309,6.54660942159946,-9.165318923659374,non-void,1
0.8976628704172107,0.8013440393504445,0.5055587548063909,0.4783341365356836,3.601409622047339,0.6959836210261895,0.228803546175338,-0.9686661488828462,2.6327434731644925,142.8959942173343,42154.31829411362,5.150330367537046,4.153787992118757,0.1484555525141456,0.1089098074496481,10.199765904200268,1.795625949942784,7.862085375903893,-9.128546730726312,0.9101199545529536,0.7915722371917768,-0.3020878196699071,0.8809256965320812,6.344658819862133,0.9312825208299844,0.7760300828105323,-3.248262748856444,3.096396071005689,255.8497044130179,75475.66280184028,6.852952271049796,3.508705183727665,0.1347948935312694,0.0936031384979898,9.94584774723257,1.3576727171013765,7.909858450508821,-9.860279821475771,0.8714462881157763,0.7829543806900989,-0.4837919971385183,0.450177234135843,3.016677509592327,0.6608435810609601,0.2026595421341976,-2.013755819694868,1.002921689897459,128.83070039569475,38005.05661672996,4.008423370753613,3.409441627975396,0.0651409591460337,0.0602403526270535,9.458118616229008,1.6330990546408215,6.902444746464469,-11.931292868494758,0.9473709668780012,0.855803174551869,1.197520636887135,0.5952637207146771,3.361818659081182,1.3373087051872692,0.3543388971990811,0.2867770106458536,3.648595669727036,527.5763990260469,155635.0377126839,6.304312424404168,6.113345930843457,0.3143623147767292,0.0965612521382838,13.15867408128163,1.2321609814203855,3.9631412314969423,-9.710958242275822,0.8670790460036357,0.7582233801331172,0.0444707988200162,0.981413022330232,8.093963716577598,0.982420059010936,0.9631715203993604,-4.063461991303614,4.030501725273984,284.71900584238006,83992.1067235021,3.244980692735789,2.9533116737024048,0.035495594473339,0.1077123282297668,8.516918486217481,1.8955613252410812,7.522134673986358,-9.18239479186856,0.7813549325973865,0.7068359729438285,0.1080688741505159,0.782998017796612,4.999973332749988,0.7904206332286524,0.6130858958734237,-1.994082172932828,3.0058911598171605,184.30560934290725,54370.15475615763,2.7641435893116126,2.391528139720842,0.0244211296714204,0.1437436688288063,7.900844980838218,2.4102561949097145,10.58274249786441,-7.750150702765436,0.8551442478361327,0.7152244447622745,0.1005988306372215,0.725047464340352,4.17853478383155,0.7319931353994725,0.525693825546374,-1.7836163980637678,2.394918385767782,158.06511533022538,46629.209022416486,4.2766868551417545,3.574798500347276,0.0638880138472488,0.2200977928587218,9.484470958877004,1.4370037253036032,5.198619061549603,-5.494244618291127,0.913979207497798,0.7581064064370562,1.2517768799819982,0.7475175869470359,4.635002492163837,1.4579876199929085,0.5587825427951193,0.138521195963834,4.773523688127671,627.0897305155127,184991.4705020762,2.973004022090665,3.4507770323258926,0.0868045608546143,0.1818683139921036,11.10153903246438,2.7346566847299405,12.68683129276725,-6.5306617232801925,non-void,1
0.9247541245939886,0.6811299983846151,0.3196187738106922,0.9151906572906336,5.412670748571806,0.9693967710717384,0.837573939192062,-1.5145221561933555,3.89814859237845,277.2203794304722,81780.01193198928,7.763610318300162,5.502405690295412,0.2883180215358532,0.066598323223393,11.434661259229912,0.9950134042298248,4.332289646570058,-11.46605278484203,0.8737489614000161,0.8166924472477884,-0.5632216006971116,0.6897202332502507,4.053215283603069,0.8904676140357923,0.4757140001547802,-2.551375078850662,1.5018402047524064,233.9151086357461,69004.95704754507,7.3206132185735,4.360538980991032,0.162665135635436,0.149693188386154,10.760581080905958,0.7277394972503598,5.929383907919386,-7.543736192372923,0.8772537646632672,0.7097962933021829,-0.9445469833458112,0.5105666293203628,2.5296270210964087,1.0737072630485596,0.2606782829755568,-2.328111489311323,0.2015155317850856,340.08994958335245,100326.53512708897,1.988488793483628,3.4184711617283625,0.0381739783727484,0.4728889200618105,10.460800587537308,2.381396208974352,9.708237144909674,-0.4714300665404637,0.9113868235577702,0.7745789083658347,1.4595061173553416,0.8691098040733827,3.961841588348165,1.6986788861153652,0.7553518515364736,0.1216636014559776,4.083505189804143,851.2254376495707,251111.5041066233,4.233954259449533,5.442861019442632,0.1428844518703335,0.2917187156203987,12.118829356838368,1.7229585684794186,6.4484894377362005,-3.852414732662988,0.8656979782625732,0.7204706148998284,0.1505545291500767,0.8397896155181497,4.046550727392609,0.8531783310537856,0.7052465983321217,-1.8800644768340968,2.166486250558512,214.7344130510183,63346.6518500504,3.851199919443076,3.887970887546252,0.0493106513091175,0.1653693948116885,9.584379343977153,1.0752612565033843,3.85280343503313,-7.030391687029662,0.8314799596147255,0.6088763368018902,-0.1221576467157453,1.0785428591878297,9.591798346289035,1.085438708429079,1.1632546991050587,-5.121450483234908,4.470347863054129,347.56227097807533,102530.8699385322,3.2937020520421543,3.478216796070881,0.0478062464325652,0.2078220738263352,6.789251945064375,1.3967101656059662,5.780172072444291,-5.811310621912228,0.8733770930114033,0.5446826531241034,0.2769991618187662,1.4349977290858755,9.770521479055123,1.4614879466249175,2.0592184824816195,-2.529623887363489,7.240897591691636,630.1043703483258,185880.78925275616,5.681829702660581,4.788369604480383,0.0916834505959134,0.0983933786851499,8.69088767621935,0.5107445608387756,2.928096228580497,-9.620512178578243,0.8809983359569258,0.5825806605425752,1.377422367219653,1.4644948257842485,7.530652715889268,2.010481900556637,2.144745094748836,0.0805347637351562,7.611187479624424,1192.4010543774195,351758.3110413388,3.82118623970156,4.318340597975113,0.1063021018087605,0.2952325250913502,9.701799594051828,1.6452022975617562,6.218947702896437,-3.778816519955316,void,1
0.944870301810438,0.8448993676633161,0.9844242950623782,0.3903048789644223,2.7991391417075158,1.0589754913370246,0.1523378985434323,-0.551851567757573,2.2472875739499423,330.8215819194853,97592.36666624813,7.0640337719574,6.127409919507306,0.2938400168005733,0.1336154903625782,11.610334600746516,1.2183001078583084,4.621526045905034,-8.118538669068826,0.9110154334233418,0.8318838147837664,-0.7930831816205421,0.6409920149890594,3.2634019479587444,1.0197311882300628,0.4108707632797346,-2.393916447442527,0.8694855005162175,306.75625039348336,90493.0938660776,7.184895001875871,4.626728258746384,0.1953695648464338,0.1162084024832949,11.1075985216134,1.1218363738770718,6.628017469425321,-8.811123370512227,0.8955375270638941,0.748734845125202,-1.4720195629576989,0.4565540522172095,2.17548008418952,1.5411953790243889,0.2084416025959545,-2.4372110965279634,-0.2617310123384433,700.7085429162082,206709.02016028136,2.4440408543491863,3.777212848499543,0.0642758641066383,0.4504572425877161,10.968883989434993,2.3581061719735104,10.45767912513328,-0.8634791433782603,0.9153816774128548,0.8012952751368654,2.041216746031205,0.6082747566268861,2.8094467335008013,2.129921121503733,0.3699981795494975,0.7912940241759164,3.600740757676718,1338.2863752291769,394794.48069260747,4.964642452665871,4.7591382087555285,0.1337118272098403,0.2129914778746713,11.547917841750836,1.3067502527345924,5.870950224290121,-5.6761720794455,0.8622118274768593,0.7860215734972755,-0.1256391588223492,0.673627606297835,4.117135579379661,0.6852440077783524,0.453774151966551,-2.1320379253553834,1.9850976540242773,138.52000830786088,40863.40245081896,3.7493798114259858,4.1533875010255965,0.0704137622756908,0.2545257718642802,9.812693379697162,1.2025222679185028,4.005566788009944,-4.667008707674306,0.8539641060936984,0.7880829480470053,0.0797421747439971,0.4950412726368176,3.887617501893297,0.5014226521077625,0.24506586161388,-1.117631999558163,2.7699855023351345,74.17027943380074,21880.23243297122,4.033729445764511,4.194658321629703,0.082699082374775,0.1487815352225105,8.890190071720163,1.2196485084457174,4.558837571175378,-7.574919995240937,0.8860104957428018,0.7692689647531363,-0.1855905387770014,0.5151159083425727,3.30055810695315,0.547529220326305,0.2653443990275937,-2.423597332312461,0.8769607746406887,88.43753289778377,26089.07220484621,5.280156768757074,4.682396925877567,0.0883139873222949,0.1975495063908713,9.919069698881742,0.4919808227707417,2.581064374901504,-6.087422993346578,0.9256524429139892,0.7940135746472081,0.8612197547513388,0.5282734210426414,2.821758868065978,1.0103327537767208,0.2790728073800959,0.0841640563010404,2.905922924367019,301.12782063944536,88832.7070886364,4.889427540365189,4.922858411014139,0.1831704324996321,0.1457113562276881,11.683897995491664,1.875271861765713,7.3336404271460225,-7.681112323172154,void,1
0.9206316537419942,0.8498406835644068,-0.4593909749750271,0.2633133670949173,1.7158326440748222,0.5295035384011789,0.0693339292908626,-1.2096505193616305,0.506182124713192,82.71032916791378,24399.54710453457,5.931576710140904,5.0474042491264095,0.1774810973997745,0.13838821094207,11.562173469765913,1.107958822636444,4.910692249830619,-7.942125362198618,0.891255702311709,0.8099993800358777,0.0262078023874058,0.756359487433458,3.533264305269853,0.7568134004737103,0.5720796742306034,-1.8781563491844449,1.6551079560854085,168.96612432529125,49845.00667596092,6.298391382138981,4.974043757775835,0.1677708487945824,0.1194254762273072,10.747584257956175,0.8625729635952393,4.359491193427215,-8.67669134583057,0.9160483038674564,0.6457198622380916,-0.0342215660551161,0.7672804394323024,2.9596824245094826,0.7680432203455037,0.5887192727354271,-1.6462858024477771,1.3133966220617057,174.01766455401412,51335.21104343417,2.134928396847054,3.460264111582912,0.0635131557840042,0.3047565171444925,10.92420759386678,2.8703285400941705,13.454910995150136,-3.581839246675428,0.9393542910842054,0.8570852923698731,1.0803689193137265,0.5251989211865649,2.457349184297436,1.2012622147702146,0.2758339068155315,0.0670524927267015,2.5244016770241378,425.6941180472192,125579.76482392958,4.659243927392124,6.250868559996542,0.2280434785244693,0.4105236103853134,13.483365484293731,1.5965366032154549,4.906201231908001,-1.571282751150079,0.8630746586477255,0.7110720427930783,-0.2318932148759625,0.7325862655690634,3.601868845675709,0.7684120636780344,0.5366826365004262,-2.3149758574539643,1.2868929882217448,174.184844383751,51384.52909320654,2.710460379842771,3.8418698850934727,0.0511625225889901,0.3060257061466364,9.906362078574563,1.820808504275722,6.003634155450217,-3.555854748511188,0.8595449578955717,0.7553246329476813,-0.1359908983421234,0.5141233734628017,3.498264333618792,0.5318048209377846,0.2643228431407714,-1.8252254225123048,1.6730389111064867,83.43082843393739,24612.094388011534,3.306842589435244,3.216178473744821,0.053416932328634,0.148118433421052,8.273639528292454,1.549389160112591,6.658204663743419,-7.597701104469541,0.8863322924120006,0.7102830268560482,-0.101329445838493,0.6662321025940292,4.400453986678512,0.6738938129414731,0.443865214526861,-2.955379201786626,1.4450747848918866,133.96919698063516,39520.91310928738,3.654593583093863,4.392760648998839,0.0639402944151618,0.2277436641934048,9.832842084773228,1.1306724333933167,3.5689884228386566,-5.303151760726848,0.9196719924028882,0.6643035404790676,0.9670666494574712,0.6262494980489025,3.2909612031373063,1.1521312157473218,0.3921884338065023,0.1109561300417164,3.4019173331790227,391.5848697983236,115517.53659050548,2.9364477351821967,4.617633069977073,0.1143903535323578,0.2606936036309751,11.463911132009546,2.3457443025687224,8.69864685919034,-4.526940880417665,void,1
0.9143441657325646,0.8480350152247165,-0.6414668206241625,0.2429311611315327,1.315140060691211,0.6859265492823458,0.0590155490487147,-1.328682464907859,-0.013542404216648,138.79609314806396,40944.84747867884,5.135543083684242,5.5128855520468125,0.1811102121803369,0.2760243183778633,11.584896682431898,1.4039207657254749,5.363894020747644,-4.187766317038748,0.916613251105104,0.8286764127291176,0.3794178932167596,0.7424416683584248,4.238636973625162,0.8337730917988933,0.5512196309148413,-2.107398991917574,2.131237981707588,205.07738273932625,60497.82790810125,5.611004653248461,4.998512422907788,0.1467834941029187,0.1452274972506965,10.434430188785305,0.9087615383757848,4.503541826090407,-7.698016896265458,0.902020674621751,0.7514797236764366,0.645493259660328,0.4793099621824991,2.782902433092173,0.8039897935386396,0.2297380398473887,-0.7705171263075935,2.01238530678458,190.68787849371975,56252.92415564733,1.3255744275386478,2.966300482874788,0.0434521746017737,0.4455524804348403,11.431886413520584,4.0443066930278855,22.801579623276947,-0.9496157905338988,0.932365343626408,0.8653923846091959,1.2413966146337747,0.5205831661784499,2.5421102137326,1.3461323812064607,0.2710068329083796,0.3632059094874816,2.9053161232200817,534.5613543811099,157695.59954242752,3.2363267453665565,4.789338637737156,0.1155667267584383,0.3428948130885679,12.83888462010964,1.9253862801825927,7.079987019351084,-2.8247397959249136,0.8887016564535838,0.776900713892879,-0.0758247539896768,0.7060012191153205,3.987823476750195,0.7100613457370524,0.4984377213923188,-1.9374993824243032,2.050324094325892,148.73519883942458,43876.88365763024,3.0479191091018856,3.976879238835601,0.0518168356217987,0.2409473621017897,10.107410605161904,1.47986885048368,4.8642091028136685,-4.983497178086077,0.8184265449092814,0.7491493792568732,-0.0336860222367174,0.4128717334850217,2.31159735362148,0.4142436679118457,0.1704630683109268,-1.1389440343944603,1.172653319227019,50.62135583949255,14933.299972650304,4.289350791887937,3.563296691316348,0.0521878874444711,0.118317638265216,8.77226533294047,0.7728814916159124,4.111743330610334,-8.722626600862926,0.893244729316367,0.7644184338786422,-0.0023964952838725,0.4630022565642522,2.3068981674342006,0.4630084586411302,0.2143710895835896,-0.9642979400066906,1.34260022742751,63.2411656681044,18656.1438720908,3.626158296070472,4.543251460379646,0.0611743946290307,0.2736265456028029,10.069282230939548,1.2300421678882008,3.903856523073643,-4.240017364188526,0.91728027111125,0.7984553011092709,0.8347108386840152,0.4397949291108715,1.9898142001478365,0.943483843999572,0.1934195796716365,0.1213107610709966,2.111124961218833,262.59772034702155,77466.32750237136,4.6817317528272735,4.778885436490063,0.1491084827088942,0.169400984840744,11.603196310637104,1.575053895396522,6.3675402983628935,-6.904754806158032,void,1
0.9236676217744968,0.850125495845825,-0.64794672259538,0.3415119846790223,3.4322632511988247,0.7324379775800127,0.1166304356794047,-2.8133814394734697,0.6188818117253551,158.25729034544224,46685.90065190546,4.969849427040552,5.343133207008019,0.1729396243675036,0.1805228776178001,10.820093143152974,1.3536858033305792,5.089855197990616,-6.570045849750072,0.8915026610874391,0.8239432650106097,0.5422967133148207,0.8625502132104457,6.7143237136025,1.0188614211861406,0.7439928703093852,-2.434392620388819,4.279931093213682,306.2331856965254,90338.789780475,5.049840190614986,4.92541907257115,0.1230202815838939,0.2202619788429872,10.428397754054991,0.9371000038673944,4.347746762516632,-5.490091748643458,0.9220426549923236,0.7332711864855648,0.8209184925567931,0.5798731505833802,3.181855751459862,1.0050671829232178,0.3362528707674955,-0.7821223639400732,2.399733387519789,297.99721244581787,87909.17767151627,1.0708639510386726,2.537358884195181,0.02584806371255,0.4742653631547049,11.39755011759534,4.773459395533686,31.09075025561275,-0.4474518227935984,0.9358707054573684,0.8512183526493634,1.4518135580245308,0.6906094565731827,4.6941261148997695,1.6077014737730866,0.4769414215083067,0.311956881770631,5.006082996670401,762.4876884877856,224933.86810389668,3.5827271301603894,5.173083893682735,0.1344887720576294,0.3634353579606646,11.81125060331195,1.94123799820241,6.681429639947015,-2.434153352521609,0.8982197014566249,0.7600819095808153,-0.0438959593176972,0.8970416568884292,7.469882977052481,0.8981150201603129,0.8046837341931382,-5.590405781199195,1.879477195853286,237.95012388407997,70195.28654580357,2.321004144628759,3.636845345428365,0.0309097231722559,0.2928049247129879,9.443669838194362,1.9422730912609087,6.185629447425529,-3.8296085076954745,0.8326537086327301,0.7776036512600099,-0.0499300075321912,0.5730382435536595,3.9554361652993686,0.5752093829443569,0.3283728285750631,-1.6718735361965875,2.283562629102781,97.6054210970322,28793.5992236245,3.803435115955331,3.6093378972566392,0.0673583070345779,0.1376569144452484,8.08341334589709,1.2662298517294135,5.674415318820275,-7.968820542412846,0.8804602162564353,0.7853435631871736,0.0885784335409723,0.5407311455454004,4.691855227860351,0.5479382361648193,0.2923901717628409,-1.22065584342919,3.4711993844311606,88.56971164216694,26128.064934439248,3.3442893272508414,4.3561172593206665,0.0529952196385348,0.2670731015969386,9.733048794853168,1.303341966528221,4.004351718405907,-4.384305103852222,0.9218744666968638,0.7608579516545675,0.9848822120173676,0.6839004041291227,6.189917724853699,1.199046593888745,0.4677197627679773,0.0407416474432666,6.230659372296966,424.1252566232791,125116.95070386732,3.712142472343461,4.713300770915129,0.1280039644040286,0.2296319138340594,10.801482160673558,1.815001766831707,6.127560859278667,-5.256660374656153,void,1
0.8712609566830537,0.7371429262357235,-0.3100290138705625,0.9306562128474736,7.501363658753079,0.980937804324594,0.8661209865116019,-5.249359320704468,2.2520043380486108,283.86049790618085,83738.84688232333,4.799913561276746,4.35934540650033,0.1478699020687863,0.1900820383487301,10.274067234641036,1.4285151792256603,6.87710282545901,-6.294999495860917,0.8867804239716811,0.8841888581441466,0.4781244064925692,1.3957001504692317,19.614507560617824,1.4753243230231474,1.947978910019836,-10.563156901773311,9.051350658844513,642.0916481405939,189417.0362014752,3.21194075036032,4.0843972356209655,0.0919277081178718,0.2573051594200571,12.564679180956372,1.848206481465108,7.666027505286426,-4.603619122320913,0.9176255972028188,0.8494033828576097,0.700619442677901,1.0050260369260111,8.186573461104658,1.2251305801250314,1.0100773348992038,-3.0310375438999357,5.155535917204723,442.7787568154614,130619.73326056112,1.0053462201511871,2.061243967556024,0.0196325240637284,0.432880535632212,12.752101731142169,5.456838980772052,42.82829478016915,-1.1730649483432405,0.9332687389888412,0.8875915186057026,1.7273653865416152,1.2868467639125862,11.490033365166036,2.1540115534542426,1.6559745937922956,0.1745400355554754,11.664573400721512,1368.730902862236,403775.6163443596,2.1688361899855444,4.04315844775923,0.0876099841780681,0.3744201463148821,15.741407947184126,3.139932539856596,14.404209689349104,-2.229235454841662,0.8551776136010877,0.7062693780432797,0.2320581503506632,1.3261105293821622,9.605480898459092,1.3462615352458116,1.7585691361382387,-4.813048403552281,4.792432494906811,534.6639357783108,157725.86105460173,1.369477329350088,2.031740538441404,0.0199073984027774,0.2309357348555234,12.304502751578964,4.866422509886322,33.85316001305053,-5.224714915716632,0.8357298790790739,0.8087527872971196,0.3706434969009384,1.6610279509874073,14.478441907583198,1.7018785079306868,2.759013853961425,-3.8466231327296607,10.631818774853537,854.4351844481324,252058.37941219905,2.955401989611006,3.358312100922192,0.0941826617749898,0.1317606291900055,13.62838842527738,3.062533632460897,16.35199794670532,-8.188538150574766,0.8520078226537081,0.6115670164824293,0.2084299767357038,1.1965787267515398,10.676761625894382,1.2145961075667835,1.431800649314336,-6.082046809538744,4.59471481635564,435.1968928323327,128383.08338553814,3.0772534484326908,3.48323210701731,0.0632563319951699,0.209628472867202,13.48423522930625,2.254170780607019,10.482684637577348,-5.763810158805346,0.9033913885237728,0.8611194895498753,1.9202073712543877,1.5801449088407962,13.133672852516968,2.4867758808455527,2.496857932935488,0.0265816583078795,13.160254510824847,1824.296013058776,538167.323852339,2.275143612687861,3.111706970366045,0.0741947422128763,0.2109648501491246,15.94999897549322,3.8626237735251614,22.701700213502093,-5.728862490290747,non-void,1
0.8903818098441889,0.7318947020286521,0.3535657802391147,0.25831988211371,2.3866096382412483,0.4378788901640897,0.066729161495241,-1.042074733489887,1.3445349047513615,56.56268712314382,16685.99270132743,4.589626335145034,3.403972384103291,0.1061445564108735,0.0957505110313984,8.60010874202181,1.8711055332027544,10.982090238902405,-9.751471677849391,0.9137565505459502,0.7850009030642124,-0.2735455884123662,0.0566453665801343,0.470014917983819,0.2793490406191965,0.0032086975549977,-0.5360332986476998,-0.0660183806638807,23.02058651598532,6791.073022215663,8.441058272650524,4.7501630388700375,0.2532304732904903,0.0686996983690364,11.066380208031482,1.2006000707138993,4.980062332065597,-11.321348298012213,0.9147621133378402,0.8222569910016023,-0.2607292235983792,0.0379468737180451,0.2960188858810519,0.2634761720975673,0.0014399652249732,-0.4296097695580742,-0.1335908836770223,20.47880951264014,6041.248806228843,6.6967502052055465,5.259033046195058,0.1915557382468591,0.1350999423028053,10.903246128370863,0.7321310367099202,3.4224792450310475,-8.063106542114182,0.9218744666968638,0.8090970961295129,0.5554758210186914,0.1750431788816638,1.058493786887755,0.5824032127395825,0.0306401144729981,0.3185862683061701,1.3770800551939253,100.06208315176929,29518.31452977196,3.233498864872522,4.306281845194798,0.104243736708808,0.342564802901507,10.756994032167864,1.8085722719085104,6.695067369354927,-2.8311021008511355,0.9036303887238996,0.8620889244187613,0.1291773601139412,0.1035373426770476,0.6781814474996245,0.1655499069605031,0.0107199813286243,-0.1650564396598584,0.5131250078397661,8.084997649916215,2385.074306725284,6.62882147567411,5.590081190138545,0.2224473387558727,0.1939633513203361,11.399312323871012,0.7105339550325127,3.151398942038873,-6.186351014528915,0.8379442338900105,0.6736915409743724,0.0001217005260815,0.3378485658294841,2.5192540649466726,0.3378485877490941,0.1141416534330392,-1.2854348097314732,1.2338192552151994,33.67179213199691,9933.178678939086,2.8263440306130296,2.662273672770344,0.0346596184755653,0.1318193242953879,7.552183878758909,2.4081151058727754,11.483621295445513,-8.186310314496591,0.8837693218978263,0.6209136876645011,0.0039640502759056,0.3698602417092252,2.7566067368695624,0.3698814838455643,0.1367965983972065,-1.591751114590548,1.1648556222790143,40.35963206707996,11906.091459788586,3.0263653970634965,3.93410217318076,0.0870111422812107,0.2069917307532312,10.578370905355792,2.2336594141743897,8.741896221673436,-5.833247193683084,0.8909046510757838,0.753171067739187,0.4027345793960538,0.3408307653208094,1.865142968030886,0.5275990447588822,0.1161656105891686,0.0394380126721597,1.9045809807030456,82.11642184899307,24224.34444545296,1.7704303633896643,3.4023944423992254,0.057304919716254,0.5488750492334824,10.550098905818247,3.5523043767992286,19.561850158854256,0.8517664172183442,non-void,2
0.9052666887228268,0.7959469164913547,0.2135753287824018,0.1675189831712126,1.0470249166019812,0.2714351318220028,0.028062609722717,-0.3540274315694057,0.6929974850325754,21.73472408223228,6411.743604258518,4.004960231329724,3.670152070706428,0.0932500546558781,0.1731867487056445,10.54618168386342,1.832576456077648,8.660963863276868,-6.788927676811737,0.9133284277704432,0.850778663186028,-0.356474745411068,0.0702936542728585,0.375970194129785,0.3633392931502425,0.0049411978310321,-0.5310169859203775,-0.1550467917905925,38.94455537434078,11488.643835430526,3.836098357705264,4.736030388443093,0.1007389364494633,0.3693420871726349,11.64537392388741,1.3504341655312904,4.910686696186863,-2.323650448794359,0.9328611992595442,0.7947937462547093,-0.3809129261689291,0.0880673178708216,0.3943684522467995,0.3909610080296197,0.0077558524769603,-0.572785965490297,-0.1784175132434974,45.09090039086324,13301.815615304664,1.4032566768212775,2.822008222569483,0.0240586278346945,0.5555099238485344,11.194652400678338,3.1258396440795817,14.165380487356977,0.9682975491597938,0.920354974280836,0.824831775743478,0.5916130142334026,0.0923960168153917,0.5073178302635293,0.5987845877556321,0.0085370239233501,0.2869701422027065,0.7942879724662357,105.7701798474363,31202.203054993704,3.56489000287424,4.83857423790235,0.1594296115157016,0.3369890414873769,11.770541813494129,2.0790158732772164,8.210133687108502,-2.939049243379192,0.9072025244578704,0.7651388276902402,0.149116547290309,0.1561582442582048,0.9810618017863328,0.2159192949358351,0.0243853972498051,-0.2467225727967202,0.7343392289896126,13.753236868048502,4057.204876074308,2.5222309583113933,3.3059543888606195,0.0449248830023292,0.188119707867989,10.736143861488554,2.472224551126557,10.602062771385492,-6.350577023864,0.8539427468649471,0.6026940378016427,0.0559670392263875,0.2152674118345342,1.4579446407488352,0.2224238478169708,0.0463400585979389,-0.6945799898663843,0.763364650882451,14.594348582923562,4305.332831962451,2.334286993514646,2.3976193095316454,0.0233675676856639,0.1547901797820059,8.82392684169646,3.306785530777261,16.698376018722378,-7.372211285352225,0.8981434885485858,0.5845947662006623,0.0765956700565497,0.2848859531139548,1.3742919613816411,0.2950032253265348,0.0811600062816464,-0.6188835543898525,0.7554084069917886,25.6729363711522,7573.516229489897,2.4586142203667025,3.44053690186858,0.0413609643069894,0.2397022382177078,10.958672389712511,2.583230013435772,10.1119038568633,-5.013116223184122,0.9217680594546264,0.7367296772926774,0.372524238391523,0.2105851484962059,0.9289373920158732,0.4279257096230062,0.044346104767169,0.045632097676009,0.9745694896918824,54.02052182212425,15936.05393752665,3.5180890708596984,3.669699249140107,0.0831442394504431,0.1092762784598818,11.028673019054638,2.1866178108317755,8.91381788173897,-9.112171204062676,non-void,2
0.8802859482497662,0.7305126426295758,0.2185070605304247,0.1039784892459371,0.8568764827418376,0.2419852510536833,0.0108115262258674,-0.1347150637334956,0.722161419008342,17.274274209616678,5095.910891836918,5.8260095310240825,3.2622394004532067,0.1215002167016166,0.0874378385398873,9.485413111078412,2.554867062422303,14.034394614991056,-10.185630356664996,0.931500458624129,0.8806089653714143,-0.356085294243617,0.0298860215025499,0.1810892555834202,0.3573372511477277,0.0008931742812508,-0.4482411084922578,-0.2671518529088376,37.6685237620552,11112.21450980628,9.34026841554552,5.111806506519052,0.3209825187582016,0.077022540570188,12.422322734063052,0.6884983939843569,3.7107525192299606,-10.78573117037964,0.9205659632527424,0.8852125470350185,-0.3790350543735509,0.0216722863103673,0.1105570916209943,0.3796541326495461,0.0004696879939185,-0.4380167138150017,-0.3274596221940074,42.52049182917436,12543.54508960644,8.220414818503762,5.535533839812418,0.28145665398196,0.0404054388411061,12.334856940234218,0.3873844565106849,2.760556824262798,-13.756473108141156,0.9178871767767994,0.806182843189105,0.5720452534672423,0.0561093682802267,0.5055856532295167,0.5747904254797636,0.0031482612088061,0.4282226352243493,0.933808288453866,97.46328980084624,28751.670491249643,5.830423388355747,4.229877537009021,0.1528332708625747,0.0598227820846162,10.827487962825238,1.3926444988878,6.103955110631865,-11.963430760505426,0.9246140137115884,0.8943541268512102,0.1038034930022866,0.0572590576853911,0.3491943047283,0.1185485758939967,0.0032785996870189,-0.0611195581026602,0.2880747466256398,4.145860629715941,1223.0288857662035,8.7126254682887,5.743328626168688,0.3286180519748449,0.0528276385616407,12.841975818821398,0.7069328853325395,3.0246847749002,-12.535677641031873,0.8735779030596927,0.7981747701508769,0.0742275115474714,0.0848615525740125,0.5922341560262099,0.1127439868720363,0.0072014831052718,-0.1915258276937704,0.4007083283324394,3.749805939861561,1106.192752259161,5.326325733142904,3.681850010524168,0.1104934982487023,0.0948311912342544,9.87892571766717,1.3660768895078717,6.274905418060952,-9.797783625715784,0.8842058344627529,0.8224545335312142,0.1052926147504028,0.1261067750804469,0.8735427522839533,0.1642846719635376,0.0159029187211904,-0.2601962212031501,0.6133465310808032,7.961888765439315,2348.7571858045976,6.544847696927066,4.703904123749972,0.1411049941408097,0.0746086626906308,10.841548970811846,0.584935176663264,3.4881475981643755,-10.9353616688683,0.9369435335705144,0.8327614511194026,0.2119103748445736,0.0940660294564199,0.6979563006439787,0.2318500050991239,0.008848417897696,0.0348884848264518,0.7328447854704306,15.857555335016816,4677.978823829961,5.86293215729218,5.364713838571133,0.2439941619050468,0.1857692406273318,12.634957433835671,1.7396755143598626,6.08010137328393,-6.417736929508207,void,2
0.921683808552626,0.838344570187802,0.2717615775612911,0.0784906603253094,0.5453102837616799,0.2828694730735446,0.0061607837583031,-0.0058349557584451,0.5394753280032347,23.604465945086908,6963.317453800637,7.158257471205339,4.857637253169616,0.1980479324036876,0.0846432506386164,10.952665602236737,1.0157525415480533,5.457952695940519,-10.339980320531048,0.9410625900725136,0.8766583604485881,-0.3222201485732408,0.0332150580882268,0.2029726953491606,0.323927560158696,0.0011032400838042,-0.430473433763576,-0.2275007384144153,30.95407394795787,9131.451814647568,11.33847473614678,4.813223970276907,0.3059543257877894,0.0889093060826946,12.665985716154944,0.2090396674877689,4.08119019328174,-10.106142516272104,0.9259828766801648,0.8652683707050689,-0.3306262335736592,0.0255900046926108,0.1477632434411814,0.3316150700243759,0.0006548483401678,-0.410586149266013,-0.2628229058248315,32.44072362684516,9570.01346991932,9.845224274986723,5.433331534787919,0.2090173964018819,0.0777515691382193,12.202782653610816,-0.0611668461417358,2.780448798944132,-10.741384129173603,0.9327722020372616,0.8776774790691123,0.5413634505848696,0.0428762412693273,0.2818710788986424,0.5430587055692433,0.0018383720653855,0.4124046652101399,0.6942757441087823,86.99926351988992,25664.78273836753,8.107722225010466,5.502037123713188,0.2708692774272822,0.0625685350045509,12.343100519101666,0.7992367165573737,3.521129049639015,-11.755834051568485,0.9425561048582352,0.879639574866312,0.1067661334248793,0.0550302454884405,0.3754403269158783,0.1201138425204072,0.003028327918518,-0.0791688319373892,0.296271494978489,4.256063873680068,1255.5388427356204,10.206316916567854,5.755905120403322,0.287391420962136,0.0578630112414947,12.97379693050329,0.3999040710939344,2.7601777275983306,-12.117129516338094,0.8782075538138467,0.7403627196491664,0.0466727563998274,0.0831848393344569,0.4968012029470596,0.0953837705537847,0.0069197174950994,-0.1807231918489018,0.3160780110981578,2.68392878709183,791.7589921920897,5.051812273005252,4.46232240991814,0.0878290292718136,0.2068638935498269,10.485515315445449,0.9476061665511932,3.416935552902998,-5.83663017338007,0.921998195710084,0.8203984508505099,0.0900100799875091,0.1172878287421501,0.7107396602392835,0.1478453559311408,0.0137564347710479,-0.2006368795831373,0.5101027806561462,6.44818353476969,1902.2141427570589,8.38813709924634,4.793882036312326,0.1835418947233715,0.0864253098266574,11.2278920921986,0.627105396149656,5.505637259600251,-10.241031049551266,0.9313043966590018,0.8411245440565774,0.1966162520251863,0.082010350322678,0.4915730288565794,0.2130343824843303,0.0067256975600483,0.0257604921784095,0.517333521034989,13.388176195541588,3949.511977684767,7.18416332514478,6.327869852989386,0.323619925949317,0.1858575414565673,13.340712007761384,1.268704693648547,3.929571304259839,-6.415202076177677,void,2
0.906945299868537,0.8490453039963459,0.3021304963319323,0.1211622352056956,1.2500641961371477,0.3255197752116145,0.0146802872400403,-0.4427906874043377,0.8072735087328099,31.259121595876923,9221.44087078369,7.196177010867416,4.972166489532459,0.216803982159362,0.085953438403342,9.874399957961646,1.1134105640030652,4.59966947140808,-10.26705040628505,0.9157042443169282,0.901461572688515,-0.3156113267119977,0.0352738961351209,0.2315026958167891,0.3175763802575038,0.0012442477485512,-0.4519465408084489,-0.2204438449916598,29.752153402750317,8776.885253811342,10.164905877965031,5.157232245377257,0.2876486726039082,0.0539029696524903,12.438707784878526,0.4369174350642164,3.515993263015964,-12.443227831528672,0.922859248851156,0.8607485764259192,-0.3211068298096854,0.0255974063830997,0.1589343573281161,0.3221254776697551,0.0006552272135415,-0.4129436592885599,-0.2540093019604437,30.61062289237053,9030.133753249302,8.077102016408826,5.5793202781841496,0.2413151813971293,0.100148964169485,11.98022480952086,0.3423460428612422,2.90093260019158,-9.535239184229958,0.9411793408462248,0.8573557085345688,0.5530340917481606,0.0688185881832351,0.5525583937990006,0.557299474892312,0.0047359980795337,0.3873105772335877,0.9398689710325884,91.62189789099776,27028.45987784435,6.450537112172393,5.244232474438194,0.2493080099410444,0.0641482923643524,11.558692484362682,1.3064450945026116,4.921348427706712,-11.64021862866102,0.9195186353608036,0.8043695936011254,0.1181629515182923,0.0792537228978462,0.5517518758120317,0.1422801310959576,0.0062811525931685,-0.1328435419650557,0.4189083338469759,5.971872532881456,1761.702397200029,5.8043015258394135,5.485631332075738,0.2168103538999935,0.1172445066451101,12.599370747709118,1.1989540858257752,3.944521801654462,-8.767479111787711,0.8645414321348012,0.720457894489402,0.0224729207414198,0.1767120890067446,1.060003517722075,0.178135326557586,0.0312271624011276,-0.6865415029165501,0.3734620148055248,9.36099739749445,2761.494232260862,2.9428894277811306,3.4961794138473885,0.0547148570638501,0.2028854044033153,9.745687915805856,2.099693482509409,8.567572431036199,-5.942699517955803,0.9235116391522736,0.8081211299725607,0.0798137184744178,0.1575175712274824,1.1079135207665334,0.1765842997044715,0.0248117852454049,-0.6581644769886199,0.4497490437779133,9.198694396124992,2713.6148468568726,6.093179743348347,5.058943352475205,0.1387184750509344,0.0972344475457208,10.861330140385666,0.6857360979242237,3.244165194295181,-9.677548207135054,0.9374460135132764,0.8653055649935619,0.2590372134080978,0.1267184566049749,0.7628498065296296,0.2883710199978134,0.0160575672443469,0.054977017300446,0.8178268238300757,24.53156432650089,7236.811476317764,5.50853971792969,5.75827285452562,0.2233240059175864,0.126773856043847,12.728085447705926,1.2882377254640205,3.946195143991669,-8.380970192567718,non-void,2
0.8669919051934782,0.7723555191784236,0.7606199341740888,0.4928937468813395,3.753612491518542,0.9063591616890742,0.242944245714726,-0.6505313559107768,3.103081135607765,242.3386443434278,71489.90008131119,3.038147092760332,3.717013809446798,0.0863395616096832,0.2413301452783617,9.733112813446144,2.1138505713216,10.33380901464227,-4.974412534377833,0.8961899214571524,0.8317223272871175,-0.2391337368675433,0.3728376303990446,2.843932469119561,0.4429366125641569,0.1390078986415746,-0.7953418689796447,2.0485906001399163,57.876888611193976,17073.682140302226,6.098352644926237,4.229165515297615,0.157639001171627,0.0658636706788581,9.120310494553753,1.1000202135031771,6.020533223317501,-11.517643048990948,0.8802896245211221,0.6011114699735901,-0.1868941932529525,0.5559821635386605,2.9901842147947866,0.5865540091456214,0.3091161661731297,-0.5476623268822172,2.4425218879125694,101.49345366521648,29940.568831238867,3.023202429877254,4.076055338277475,0.0746872117980678,0.2409874484837068,7.85674361551685,2.0422077476520912,7.698053795906762,-4.982545149166539,0.8845300154919785,0.766680687662914,1.0131462716588957,0.5790164165168488,3.4279389058261733,1.1669298943691233,0.3352600105960129,0.1641791045568373,3.5921180103830106,401.7089866198383,118504.1510528523,2.843714335004264,4.260004839119439,0.1280970212663075,0.3219760550703517,10.211256265078733,2.4710345936350824,10.69618007514423,-3.234214562191938,0.920203327847172,0.3641960554559029,-0.448341323707789,1.4043762871601442,6.625588685674384,1.4742057856628308,1.972272755937712,-6.129941335389398,0.4956473502849871,641.1183960521205,189129.92683537552,3.369913731705899,5.045193791621879,0.0900985075493905,0.3031484919578391,8.391056224622169,1.7275315349068774,5.405355939546382,-3.61484830104704,0.8312429596575724,0.5450057172042203,-0.0120751880004288,0.6946360820185936,4.349673116083226,0.6947410284468509,0.4825192864421423,-2.1673915763767493,2.1822815397064765,142.3862034991795,42003.93003225795,1.27944865976499,1.5878976983261033,0.0071037077597818,0.214960959663321,7.602867388297123,3.78053646256378,24.838214785649523,-5.62531662565328,0.8795820715233116,0.6719092268581492,0.1618254601066195,0.4879883463371244,3.544024941584276,0.514120711214361,0.2381326261608413,-1.7962558222845857,1.74776911929969,77.9744311813703,23002.45719850424,4.062274554000062,3.630898607385056,0.0930572215471656,0.0818479405226325,9.587436265426584,1.6684837552853635,7.085613185907549,-10.499068557118813,0.901075841277355,0.6388141443049995,1.1168257508661554,1.2934326975111463,6.0105441015308605,1.7088791358047275,1.6729681429909609,0.1216337502471303,6.132177851777991,861.4790307326703,254136.3140661377,1.718404486427179,3.01154016432513,0.0448806715451604,0.366670247295098,8.763445004659475,3.5459397259359524,18.32962299864551,-2.373542192847092,non-void,2
0.8932642544199609,0.8028729509397595,-1.8442756338368036,1.469259425189369,6.379042842812947,2.3579813129183056,2.1587232585077945,-4.640038790232532,1.7390040525804145,1640.2223822612211,483865.6027670603,4.548874779254676,4.50460573079055,0.1116331086648473,0.2275257673994018,10.159950258223873,1.0624094021466293,4.450034208894929,-5.3085341368993655,0.9149302732418652,0.6714238489885439,0.1964073726617206,0.9014680232380228,3.7479669347746327,0.9226160918586606,0.8126445969206684,-1.134540013444444,2.6134269213301886,251.1100336221818,74077.45991854364,1.2905283841774522,3.0500886735403085,0.0320440032902683,0.7416128923124388,10.727422365210671,3.505816992785199,16.276889158869498,4.579064304930037,0.8811578004367141,0.4971496196112842,0.2165807175681332,0.9466152626265564,3.783195981084649,0.971075518515358,0.896080455437544,-1.0558460579396645,2.7273499231449847,278.1813604846621,82063.50134297533,0.5120951466375119,1.3628132971668176,0.0076403357029926,0.8357474745792651,9.680367853694868,8.030873834387872,84.71421969675339,7.065630173110789,0.8966472682235157,0.7929683249242921,2.5129874064893007,1.0194009429633333,4.13049556939543,2.7118783135842133,1.0391782825145333,0.516234211828177,4.646729781223607,2169.513776368065,640006.564028579,3.130087222555324,4.229995256415736,0.0648272824448802,0.5121014177132228,10.351252882640075,1.5366773768473776,5.482130504290293,0.2102642201663482,0.862338485739479,0.5128565329130543,0.3937668327190247,1.6634660544456308,7.753555159598531,1.7094360569622038,2.767119314292914,-2.2275776176567126,5.525977541941819,862.0406316885336,254301.98634811735,1.2279716094312334,2.74226315927534,0.037646002659173,0.5899237729999655,10.256864597311235,4.263149296477691,24.654003037288447,1.5793130488979847,0.8084381287425225,0.4481885811671758,-0.5999606035886383,1.8640017718601387,9.184871763386791,1.9581765322248603,3.4745026054977366,-5.59566589208153,3.589205871305261,1131.164322750073,333693.4752112716,1.2408898653195783,1.8301855238388132,0.0125243001131373,0.3153240431057075,7.864660865036918,3.9272213221897863,26.349910480326205,-3.367279909436244,0.855283309889792,0.5622459364277739,-0.8767719305987378,2.1226142940615187,9.546120757013174,2.29656710323041,4.505491441354279,-6.304630104408611,3.241490652604562,1555.8950355938346,458989.03550018114,1.2603431327177337,2.435424419078154,0.0260822015206746,0.409500908075492,9.23417668824159,3.914198349098281,21.357407854180742,-1.5896436492700536,0.8407874373803123,0.5301096616221905,2.878098130329356,1.9358198717942352,7.565717745481766,3.468551199541212,3.7473985760334494,0.3488675822997112,7.914585327781477,3549.099990032441,1046984.49705957,1.0679843213847076,2.132733679739076,0.0243604170035028,0.4032014900337989,9.006510719194488,4.869855070391934,34.01936128931182,-1.7030560177179703,non-void,2
0.9114992126743768,0.7432218561536884,0.568353307149729,0.1422521577827888,1.1139499124493382,0.5858849359233377,0.0202356763938594,0.1093613559761431,1.2233112684254814,101.2620416518586,29872.302287298287,1.7742506560158895,2.7703060543986497,0.0406884247752506,0.3551758540882268,9.32744084866481,3.176622098695931,16.978300370806046,-2.589978561823361,0.8628240335365317,0.802687229642291,-0.3574172577661671,0.0938165495423164,0.4123755958540258,0.3695248856533382,0.0088015449680259,-0.4869227150585993,-0.0745471192045735,40.28184912954825,11883.145493216738,2.956434098753669,3.961785993704903,0.0517478742584512,0.5513707932597811,9.912765412377231,1.58808343345507,6.32743054320689,0.8955622223967606,0.8850962927624543,0.7706975452610317,-0.3200549532998399,0.1225349017683645,0.4652589438536484,0.3427097537029629,0.0150148021513827,-0.4888729405619972,-0.0236139967083487,34.64774270852792,10221.084099015738,1.4356333137284965,2.891405082799244,0.0207456997839884,0.7556447151359901,9.01041129818852,2.673433970581535,10.724986046688944,4.902959170128792,0.8843186706282031,0.7411167545804892,0.7628852560136539,0.1235550917572143,0.8878450113090185,0.7728258371341836,0.0152658606991336,0.3555255374582545,1.243370548767273,176.19163348993476,51976.531879530754,1.4413425472524874,2.600236118208005,0.0294292691061113,0.3732926094410784,9.398416334552314,3.420614909089999,18.592926141357022,-2.2501542246168564,0.8759153016863803,0.7559075929417025,0.0839076265064732,0.1268505560654177,0.950542013131054,0.1520906090462376,0.0160910635741056,-0.4425865252372717,0.5079554878937822,6.823808241216376,2013.0234311588304,4.193602575137853,3.996593729750333,0.0560222864022618,0.2190776984420719,8.912434384447412,0.8561656363929997,3.4503635025593224,-5.520096513687696,0.8254485082083263,0.5395541787431413,0.064406203644049,0.18292635148426,1.0680075459604397,0.1939335173073024,0.033462050067343,-0.2684528070076903,0.7995547389527493,11.095011694878622,3273.028449989193,1.73119373954935,2.2074491797522326,0.0151535757842363,0.2617599385532432,7.148371742288223,2.7750696565278,13.961136421646458,-4.502944237445751,0.8181772696811579,0.4437510521885674,0.0223036388963071,0.2573502371068289,1.694731874960409,0.2583149179721488,0.0662291445389411,-0.7486224085291554,0.9461094664312536,19.6843460698526,5806.882090606517,1.0068690926134405,1.529658478982281,0.0107212805771349,0.3081621145602942,7.46887550317658,6.48745901491004,60.87783686464031,-3.512250939603006,0.8869426382156538,0.718372369275274,0.2645185900330459,0.2397879789921184,1.1705359798668702,0.3570271128950786,0.0574982748691246,0.0146849773067806,1.1852209571736507,37.6031660059476,11092.93397175454,1.3235566282141324,2.7078323816828545,0.0253929979234192,0.6399138743191681,9.57258702788362,3.3783475447354068,16.45156827619644,2.4971513905143587,non-void,3
0.9123460577673764,0.7833132145788949,0.4509257622944377,0.0582670499131251,0.3193284184464914,0.4546747103220042,0.0033950491055786,0.3067910946001194,0.6261195130466108,60.985082200887554,17990.599249261824,2.79399423149057,3.329406461528965,0.0707263903843863,0.1494019556724508,10.95781578911851,2.647966463684475,13.896231437050773,-7.553680834374297,0.9005195615239893,0.8106600023988829,-0.4867275986666577,0.0288226273048793,0.1481854409269696,0.4875802489319754,0.0008307438447559,-0.5706259362125617,-0.4224404952855921,70.13167724882729,20688.844788404043,4.423448799853352,4.937088439028306,0.1434187643558417,0.1267015052135852,10.32479168719717,1.545443655919443,5.829195718199764,-8.383807356871223,0.8891519003610467,0.7886081132280938,-0.5002176827829785,0.0352258628534459,0.1738325135226856,0.5014564702768748,0.0012408614137697,-0.5981016316257725,-0.4242691181030868,74.18028451684995,21883.18393247073,2.853324425919398,3.762598955385292,0.0682344178302456,0.1842221055431482,9.886977093733565,2.099071005780328,8.635950148777646,-6.462300894959387,0.9001946075008027,0.8174054264918174,0.8334784949385157,0.0351536827734227,0.2065808022037409,0.8342195052487731,0.0012357814125344,0.7451661605191088,0.9517469627228498,205.2970439665648,60562.62797013662,4.612521442417599,3.8009395403042414,0.1248787876883695,0.0545747419061049,10.94537153553351,1.864172370406824,8.682133902442112,-12.386353531544891,0.8670058667685417,0.7560153583916445,0.0244152729014046,0.0811637069097069,0.6161196840621553,0.0847564326182672,0.0065875473193248,-0.228114923578279,0.3880047604838763,2.1191775967015904,625.1573910269692,3.644603234537284,3.990104986680444,0.0576420175640868,0.2337418768077594,9.456549803810832,1.3359271655374216,4.3966021352549,-5.156385564345936,0.8120480157516309,0.5929631720908625,0.0074116880594716,0.0451680290596697,0.2235923846417699,0.0457720872260167,0.0020401508491351,-0.0935177278530837,0.1300746567886861,0.6180497708626953,182.32468240449515,1.998593787064276,1.8881094857369245,0.0160942192712849,0.2063608790824184,8.584342745663353,4.040897624160524,27.49426131757604,-5.849956811245862,0.8860499579802958,0.584580748087974,-0.0026365163900656,0.0692454371336217,0.4008950884056964,0.0692956115674105,0.0047949305638263,-0.1957766248689813,0.205118463536715,1.4165551258379254,417.8837621221881,1.506164858510041,2.342412339920402,0.022663837716247,0.2772818907111987,10.197684075070647,4.054919988897578,23.407366391479545,-4.160474259164283,0.9204344083293938,0.750265102772957,0.0990976503187432,0.0652707769450195,0.3843312090993948,0.1186617824815657,0.0042602743230064,0.0128048879238597,0.3971360970232545,4.153782493402211,1225.365835553653,2.4042402857847787,3.423062543927338,0.0698915314896275,0.1912155010644314,10.848800154217,2.918446704502068,12.997743807941967,-6.2630971265676525,non-void,3
0.9342969492404066,0.7608813782167969,0.3931078709572217,0.0318601465431404,0.1802784674335611,0.3943968396758144,0.0010150689377503,0.3001204815428162,0.4803989489763773,45.88691580814967,13536.640163404154,4.473081513199938,4.405868926884744,0.1666880195325827,0.1639852523174616,11.919044776678566,2.413064761790427,10.331621569451851,-7.074091041783199,0.8984477655917034,0.8265256293218192,-0.5037595960862734,0.0189649345735304,0.1023330956125099,0.5041164541972257,0.0003596687433782,-0.5598502530997773,-0.4575171574872673,74.96935282075316,22115.959082122183,6.236814450683662,4.2809849331749446,0.1725377392167084,0.0752017395831377,10.996800984723611,1.143775753465576,5.939027610623719,-10.89818726950633,0.8840410955753633,0.8091901251129351,-0.5230815950259321,0.0219205325305199,0.1197601840356539,0.5235407002337972,0.0004805097464215,-0.5899304428170163,-0.4701702587813623,80.85798511638194,23853.105609332684,4.201310870370337,3.497682555146441,0.0949879329812951,0.1342972715816946,10.37157358398105,1.8274819635495727,9.159962930167197,-8.093014224148773,0.9244817818027024,0.760083526675587,0.8264213144900454,0.0283715050093183,0.1481952955039452,0.8269081758816685,0.0008049422964937,0.7569664916703127,0.905161787174258,201.7142537452848,59505.70485485903,4.148740035788832,3.74285227000754,0.1096239109801798,0.161591283262577,11.23426959585956,2.742518465807632,13.802818585249511,-7.150377839565451,0.8712354955800361,0.8095733321066074,-0.003483344459141,0.0508472808113788,0.290980482084729,0.0509664561700364,0.0025854459659112,-0.1534337900448598,0.1375466920398692,0.7662859980870114,226.0543694356684,6.163782511559591,3.5144007896781604,0.0840447922984601,0.1021666797584155,9.618009739272706,0.4469893496291057,4.603224625764252,-9.438864085865005,0.8587483904746337,0.6869776127336096,5.592068234585344e-05,0.0218663959435851,0.1443154514116598,0.0218664674486838,0.0004781392715616,-0.0728352642165847,0.071480187195075,0.1410520076118837,41.610342245505706,4.149307768042039,3.437075195742564,0.0643896498377345,0.1519591910190468,9.165309769505066,1.7047602126595691,7.290080209540244,-7.46689638631776,0.8893844407384972,0.7875782652822192,0.0049668309281496,0.0294816323956026,0.2017162003596507,0.0298970911323872,0.0008691666487094,-0.0697472971540831,0.1319689032055676,0.2636816371625899,77.78608296296404,5.400623383544575,4.469242997488591,0.1522134196568882,0.1312379049585913,10.643376758348882,1.285261629352606,5.108662796278787,-8.208414813564058,0.9576290929316602,0.8522350359291715,0.0553770536095569,0.0300489607959928,0.159481153056049,0.0630044292998108,0.0009029400449191,0.0033252663551886,0.1628064194112377,1.1710196428614852,345.4507946441382,6.213910565794194,5.462272038239899,0.2388093652940741,0.1157101998415086,13.10793570440818,1.357135999217198,4.594577620945626,-8.83222897693451,non-void,3
0.9477782581814096,0.8485872756168829,0.3713092138833585,0.0251836957019655,0.1579441057195577,0.3721622641320408,0.0006342185292091,0.2993185389706811,0.4572626446902388,40.85890149894664,12053.37594218926,5.874224309095,5.561861249356578,0.2492350677230474,0.099755341428664,12.08374178862674,1.3525495724323655,5.156302223413674,-9.554242189218847,0.8958228795107536,0.8486006865629024,-0.4868863953731688,0.0153712984281234,0.0834420381193171,0.4871289755443049,0.0002362768153664,-0.5256921116967144,-0.4422500735773972,70.001918450379,20650.5659428618,6.691796581087292,5.263126970600723,0.2275450725093423,0.1153399309949202,11.288817692644685,0.9238040476741848,4.674295283733896,-8.847963870127916,0.9226290740740428,0.8558792401795919,-0.4956625650045165,0.0155152087123906,0.0799719215482049,0.4959053337566007,0.000240721701389,-0.5403063339041091,-0.4603344123559041,72.54701951423243,21401.37075669856,4.176288027439885,5.136551045511155,0.1205132550114095,0.3222364265548593,11.563665478363092,1.2676743405556223,4.084293064772155,-3.2290345481673945,0.9049814960829576,0.8115840667348891,0.7881790586584477,0.0222544647039587,0.1280820043962699,0.7884931767028656,0.0004952611992597,0.7161747481925403,0.8442567525888103,183.40783946355805,54105.31264174963,4.643844080080164,5.054195407037381,0.174865749888743,0.157321184988424,11.695467727970804,1.6644153964899242,6.295394061052083,-7.288747007367149,0.9058435694838838,0.8124753975587138,-0.0029725119934112,0.0441329927088934,0.2588567728941896,0.0442329839937824,0.0019477210454432,-0.1237476950306194,0.1351090778635701,0.5771842775332944,170.26936187232184,6.176518660244788,4.5698818314952,0.1166286235043719,0.0822458016924753,10.37744326771749,0.4660871177160161,3.215105107580248,-10.476125826953366,0.8771396556495518,0.6594694931839747,0.001742119864041,0.0183033689803012,0.1120887457920516,0.0183860897868399,0.000335013316029,-0.0589679623174808,0.0531207834745707,0.0997242478066738,29.41865310296877,4.392485250431863,4.107319445190873,0.0837981862909214,0.1388688866727983,10.28904381047992,1.5362184897152618,6.38765363831235,-7.924639704623907,0.919159162589207,0.745643588761768,0.0063380341100784,0.0253453519095361,0.1360597290254281,0.0261258021847894,0.0006423868634182,-0.0628563130491679,0.0732034159762601,0.2013544742406305,59.39956990098602,3.655251636961225,4.523125765826055,0.1134649599642976,0.1520106870989623,10.955526608438662,1.793962673072176,7.013856284298939,-7.465161549231125,0.9597442822225632,0.8687239948562776,0.0490116732754952,0.0239795453080081,0.1291573778940059,0.054563382505511,0.0005750185931788,0.0059901188220306,0.1351474967160365,0.8782629995805987,259.08758487627654,8.302310045813131,7.187209263523861,0.4213802824724797,0.0638068998983738,13.903631951659964,0.9789285280175049,2.9061777685087096,-11.664975127333022,void,3
0.9430162387093968,0.7780632021639361,0.3641629466473961,0.0417568052027661,0.4079059344785433,0.3665491542640031,0.0017436307807417,0.148578832895334,0.5564847673738774,39.63569333503852,11692.529533836372,5.487316250141486,4.574453389861744,0.1595314812951419,0.1319294053733027,10.711185358721536,1.3800816880270264,6.229649953019085,-8.182133473691612,0.894392317096489,0.8426705491239364,-0.4560590703464742,0.0232301294650853,0.1348228898537856,0.4566503197855607,0.0005396389149646,-0.5129332169256078,-0.3781103270718222,61.51620679527518,18147.28100460619,3.702918470312016,4.590161475484041,0.1206520524917259,0.2564447525057649,10.62843797207275,1.616531902325144,6.156417464659658,-4.623193521677804,0.9166132511051036,0.8317484529273936,-0.4496887610773381,0.0255516696476352,0.1477761288036521,0.4504141090830228,0.0006528878217818,-0.5136245213639407,-0.3658483925602885,59.84749655001069,17655.01148225317,2.332212294290124,3.981208348037776,0.0568206615945745,0.4022174725359222,10.926890888015008,2.265618019524939,8.214373797104873,-1.720822424298574,0.9049668067245712,0.8248873528197731,0.7381699227591668,0.0294250207593774,0.2155130190233015,0.7387561618781695,0.0008658318466897,0.6100342303491727,0.8255472493724743,160.99939668032442,47494.8220206957,3.26069163695093,4.403725958339986,0.10027586677076,0.2114695116784559,10.926750786473532,1.953955291553076,7.2538921036522686,-5.715706645028156,0.8819103163205817,0.8184155019743033,-0.0075040474186644,0.0472764264705962,0.3575672361216055,0.0478682695268092,0.0022350604998296,-0.2245189042758427,0.1330483318457627,0.6759545121099202,199.40658107242643,4.923453763905446,4.943697913629949,0.0936824363779828,0.173896908145178,10.735179689992002,0.7855013607501415,2.8481051887235345,-6.767423615159693,0.8249845457703794,0.5759644175820129,0.004944630226321,0.0352791732921085,0.2476680691789541,0.0356240008456331,0.0012446200681746,-0.1020403927314585,0.1456276764474956,0.3743754836936526,110.44076768962752,1.7619140949684688,2.8457257101793774,0.0361979563316565,0.3026493635604366,8.947161868950687,3.3959014605892284,17.691651296624734,-3.6251138449306017,0.9024725634847404,0.534968213412112,0.0098097305783852,0.0568458201998613,0.4169541861582546,0.0576860302691688,0.0032314472741949,-0.1287762193781394,0.2881779667801152,0.9816650360235633,289.5911856269512,3.5895706845145128,3.947319807809614,0.0821102203093841,0.2112983018649873,9.447894271293992,1.8044865158237824,7.132942536682837,-5.720167189687798,0.9179301833912484,0.7139771136507376,0.0659278691537956,0.0504146290355924,0.3190119171615143,0.0829946911070605,0.0025416348207964,0.0044520150425965,0.3234639322041109,2.0319950318271363,599.4385343890051,5.134744960375654,5.127615963970327,0.1914480473992774,0.1707543457716194,12.238660303870056,1.3504196259578924,5.1861364499729605,-6.863113873042939,void,3
0.9253340728376884,0.6580669604151487,0.3944756410673599,0.0608161675208973,0.3821193098235869,0.3991361141608642,0.0036986062319298,0.1654993559545144,0.5476186657781014,46.99634310009316,13863.921214527483,2.404824251307612,2.846957321088853,0.0472192365433761,0.2023939874299725,10.025020506057713,2.896841507734763,16.8705383755367,-5.9559080237815385,0.8886622230534574,0.8263164084363352,-0.4317514327233636,0.020926569188356,0.1183635507859385,0.4322582803795344,0.000437921297995,-0.4987858337749443,-0.3804222829890057,55.1199301822183,16260.379403754396,4.0869445316842565,4.134089118101198,0.1096874219434749,0.1478642618886359,10.984982543835631,1.536889518009969,6.482667717076659,-7.606454626406482,0.9011124819500244,0.8234847968503036,-0.4156740062984598,0.019798608622526,0.1178317718153125,0.4161452443746053,0.0003919849033879,-0.4915616301841172,-0.3737298583688047,51.08717500260201,15070.716625767594,2.4810177112288634,3.73114958853615,0.0638218214999681,0.2542138264233298,11.49782749644667,2.305175620082721,8.934618771919247,-4.674150974262569,0.928247647759715,0.7668756067892983,0.7198307539063119,0.0343133899575282,0.1907827014902754,0.7206481270354532,0.0011774087303774,0.6318179370879417,0.8226006385782171,153.20344828491346,45195.01724404947,2.4293546015232144,3.623313305542627,0.0747369924729374,0.206185860858158,11.409561712894629,2.5345148069373145,10.772255147938932,-5.854599220858551,0.8870004818667022,0.7418998027260857,0.002316474276014,0.0656594093940372,0.4564166662171058,0.0657002594747175,0.0043111580419737,-0.2061121943763479,0.2503044718407579,1.2733746080383386,375.6455093713098,3.378730777731414,3.84114449765517,0.0705634194900101,0.1333411370254283,10.288853052984043,1.604343742677267,5.578560228541683,-8.128840171140268,0.8320256511426625,0.5401871509053494,0.0059701493623251,0.0597226079976501,0.4583936753438307,0.0600202681554277,0.0035667899060409,-0.1805951260530064,0.2777985492908243,1.0627176138875876,313.5016960968384,1.890011517405099,1.4810280869911487,0.0093802244265605,0.1228913931240837,6.551008943817936,3.215018071310145,28.6604791384698,-8.535318851086323,0.8637419017529065,0.5388251915047506,0.0149323803557989,0.0610084718069851,0.3960056205726332,0.0628093115335135,0.0037220336322237,-0.0977175963526494,0.2982880242199838,1.163777836517617,343.31446177269686,1.4441167480784325,1.8145926803557504,0.0152190469420211,0.1661598219528869,9.212090326073165,5.111193979176046,41.50362972000154,-7.00556789854331,0.911579611675859,0.6522801758349039,0.0817115840882639,0.0720221030350765,0.3838414018278955,0.1089218357346616,0.0051871833255951,0.0084458716142572,0.3922872734421528,3.499870058443543,1032.461667240845,2.165913038243255,3.181037128546836,0.0578355530216982,0.2837710404900888,11.618151509335313,3.7326114213721633,21.033585544221765,-4.02083798816448,void,3
0.9123423181134246,0.7959796436518399,0.3917779889059585,0.0736792615670887,0.6457968422740961,0.3986459910450234,0.0054286335850714,0.079304992633475,0.7251018349075712,46.88099472199932,13829.893442989802,4.771429976132818,5.466513736612081,0.2188832731033527,0.2095775411011417,10.036783167202357,1.7671473357053626,6.448647978644062,-5.76514425876584,0.8677675426808561,0.8217786608870966,-0.4372049674199273,0.0239628705998393,0.1438352071810061,0.4378611682988621,0.0005742191673846,-0.5153419349401969,-0.3715067277591907,56.55810879769311,16684.64209531948,4.110158910890989,5.025652249147863,0.1250517240877331,0.363904477023682,10.34868217345962,1.3912499117975672,5.108937239217539,-2.425348628388581,0.8950268222055142,0.8100280398081711,-0.4227510177323532,0.0237120477244759,0.121513203340324,0.4234154983004616,0.0005622612072878,-0.4889346132871917,-0.3674214099468676,52.887801839303314,15601.901542594484,2.219067601697148,4.235463959603304,0.0565095360955356,0.5425277891711809,11.05470440183975,2.275781673468672,7.736924580788472,0.7405731429217972,0.918568206030586,0.806781244392796,0.72674194891299,0.0420458413102924,0.2993076430942868,0.7279572192659,0.0017678527714902,0.6447576053569164,0.9440652484512032,156.32690535899573,46116.43708090375,4.612699659748662,5.205530761278967,0.1670587637164085,0.3087784839595927,10.87016400464597,1.4458374828680254,5.393144947460733,-3.499701334998151,0.8874570203562864,0.7984688539306145,0.0095211773795633,0.0569910362769423,0.3122385947849164,0.0577808881431643,0.0032479782159197,-0.148953743958325,0.1632848508265914,0.9848961552107972,290.5443657871852,4.539415363761717,4.702003532125328,0.0928451012446179,0.188116035355094,10.375771880839928,0.8965333012113053,3.1102675273350404,-6.35068124645384,0.8227378504050441,0.6058355636579981,0.0113206548333927,0.0429824201477691,0.2376635065202278,0.0444482358211905,0.0018474884417593,-0.0633214118608113,0.1743420946594164,0.5828154719467686,171.9305642242967,1.6687196019312651,2.5270327281985168,0.0279060053059495,0.3061817170557758,8.446591882099813,3.8860331559307775,23.96995934551548,-3.5526642759665745,0.9089859201473532,0.6621105879880888,0.0337659083698257,0.1567934300399558,1.1005377808270893,0.1603880178558671,0.0245841797036945,-0.2892605773627643,0.8112772034643249,7.588673300161521,2238.6586235476493,5.647405735294251,4.906112113266943,0.1601692878424183,0.1282675392718601,7.52806323554095,1.2391988667764609,5.106861739954651,-8.322662383707064,0.9050495396389174,0.7979922027179897,0.1002175768666122,0.1448966192184886,0.8264344600323005,0.1761777312090351,0.0209950302609476,0.0090161053924155,0.8354505654247161,9.15638492731909,2701.13355355913,4.508856192456994,5.361042275037956,0.2147678650378211,0.1029493982209773,11.330412424733693,2.027595369472592,7.090130374157065,-9.40193045150831,non-void,3
0.8118988142767016,0.6782815568681744,0.7864255769145345,0.7589239675335712,4.864388063474317,1.092900167683332,0.5759655884968969,-2.0605141605268344,2.8038739029474824,352.35707907406527,103945.33832684928,1.9569444924583652,2.490308984421514,0.0230546909730737,0.3135222442321199,6.924671713341968,2.415493085831013,12.530455289147394,-3.403581092773323,0.8363567334958526,0.5143439488223732,0.3247243680612386,1.1587769146115756,3.951960457207633,1.203415910252766,1.3427639378367229,-0.5472845918153145,3.4046758653923184,427.22190664960056,126030.4624616322,0.4021189534489438,0.907690275057516,0.0030499059391826,0.8881333869057574,7.72638112616852,9.572240489470532,135.3995619270921,8.997777071312266,0.8603028886041103,0.3699455043144758,0.3473965902903956,1.1121340186635889,3.3264457425576186,1.165129377543205,1.2368420754688236,-0.5066354552088854,2.819810287348733,400.4703075921938,118138.74073969718,0.3138127939442984,0.5201422641565653,0.0008663169224628,0.9011173534242538,8.340154510467208,15.416026684050422,358.9215963541347,9.596612716571896,0.8468914608733821,0.4241821304290476,1.6074129660164185,1.190122116704108,4.204885200747978,2.0000417735602336,1.4163906526682668,0.2784605047009753,4.483345705448953,1180.0492933158598,348114.5415281787,0.9685311426338704,1.840793725193388,0.0091870438624846,0.5991153657076641,9.429321906761226,3.855363160834357,24.410297194441387,1.7449104814281944,0.7969965401122409,0.4610138684842148,-0.6467717427347722,1.1923059190112846,6.353278052239873,1.356431749742507,1.4215934045093437,-4.729662388849738,1.623615663390135,542.7725920543079,160117.91465602085,0.5015939230313221,1.0453141348893813,0.0031969866909509,0.7967289981844768,7.967140291098228,6.957949937324531,71.48487258947993,5.932351967196983,0.6976536196057009,0.5234979174214047,-0.1850707693006868,1.085272250332373,7.727946923896952,1.1009391658902143,1.177815857341493,-3.9133374298469135,3.8146094940500377,357.55977886235706,105480.13476439532,1.504377775573769,1.0296560355848243,0.0033192596976212,0.2729686011499373,5.384113403895584,4.0960227845434565,46.11054337426263,-4.254404725744271,0.7752342699551812,0.5287304918576243,-0.1254417526165124,1.7042881773245455,12.402532481397762,1.7088984243271232,2.9045981913682226,-5.798049221369533,6.604483260028228,861.4984782769787,254142.0510917088,0.8616983945807173,1.2333055977881564,0.0043957072239922,0.5257989510236889,5.4047053966107015,4.891776179646448,44.31805920225922,0.4485720512483495,0.7535154928700953,0.5916932063704906,1.549589084429118,1.8897305714800752,7.83795532842135,2.4438305921991166,3.571081632786412,0.059312714914108,7.897268043335457,1761.830849193644,519740.10051212495,0.4788767002032642,0.9409488412300804,0.0020486314515947,0.8009185801295694,6.133245841052099,7.352693204699406,85.94218618813198,6.045576392801605,non-void,3
0.8215163891999965,0.7152473487052647,0.0378916228157057,0.9682617269971102,4.453763498072497,0.9690028622491442,0.9375307719674264,-2.33303163716338,2.120731860909117,276.99513137887504,81713.56375676816,1.3035463170013992,2.0704524116853986,0.0151650818527843,0.3522513486059287,8.213033998814442,3.313574120985769,19.80430427591817,-2.6455385293817706,0.8545637103191813,0.6870405450293465,-0.307243584747584,0.7658156921391394,3.2597392776126126,0.8251498619615074,0.5864736743265491,-1.0821647558398722,2.1775745217727405,200.85732693505295,59252.91144584063,0.6250301869642274,1.501397872564261,0.0080039509166515,0.8167951072614578,8.73040633949992,6.051857469206602,54.51805251799826,6.491760597519533,0.8139863144917103,0.5788141176894922,-0.3933139522389834,0.8353501795379719,3.500483792057865,0.9233123997217686,0.6978099224541218,-1.119540378303571,2.380943413754295,251.48920730659148,74189.31615544448,0.3900748352938252,0.9024204416819566,0.0025964582599596,0.8629180082005552,7.956635838414984,9.553954223512264,123.01037713479664,7.989891263187934,0.8355572346127276,0.6941871187659095,1.4515244392194706,0.6045009773116177,2.726949295095828,1.5723691135423958,0.3654214315707009,0.5845901192250073,3.3115394143208348,729.3416656205195,215155.79135805345,1.7681096104805998,2.443058574470114,0.0274198501856843,0.3176947134767005,9.216020532982272,3.0024651995854064,16.060042728760315,-3.319687479699234,0.8524160954881539,0.4876872338453625,0.6349717695812599,1.3241433762648254,6.195026444861842,1.4685179021963497,1.753355680906011,-1.5381014420386354,4.656925002823207,636.1807245759943,187673.3137499183,1.0150493216693002,1.8188283520686024,0.0100663528654228,0.591738412920907,8.773747866285177,4.164184232619977,26.304327932994852,1.611912430930761,0.7128784150148711,0.4138312959933701,0.2719892795400533,1.8553708367573232,8.039291774433673,1.8752010852370704,3.4424009418895696,-3.184356137743673,4.85493563669,1037.3318374719147,306012.8920542148,0.6344011525501995,0.7796372597369826,0.000847560351482,0.5589463995028234,4.671336896691842,5.98636961045846,70.12989779911224,1.0287879121478,0.7852430482006953,0.4047303733063593,0.1948750502021736,1.6949885043155386,8.000617698558264,1.7061542471163404,2.872986029761827,-3.9218030096218937,4.07881468893637,858.7338829111723,253326.49545879583,0.9270864973001084,0.8830780344540324,0.0030138924813452,0.492397605213321,6.986188610805857,8.42454326973224,114.82533710113076,-0.1320773028959392,0.7919473344432396,0.5465848748493802,2.5072228439556428,1.5158231641077262,6.087375648749228,2.9298270007115748,2.297719864845559,0.2430584470161539,6.330434095765383,2532.2464449590816,747012.701262929,1.0311549164567153,1.2519606483115526,0.0039506832345785,0.3511719527545481,7.114504550019466,4.339367619016032,38.04143574178978,-2.6660979249799333,non-void,3
0.853314706424303,0.5646270821484719,-0.4433334052256569,1.466741181486349,7.3981860822936465,1.532277455833945,2.15132969346797,-4.712744673409739,2.685441408883908,692.6228894887993,204323.7523991958,2.689456208939297,2.535662696760716,0.0419341673395454,0.1552815068056949,7.995024518489056,2.74709481467627,18.60606751282273,-7.3559226540483955,0.8583689191959684,0.7416415658349282,-0.3752514040947381,0.7908152897661767,4.597371015018619,0.8753299028383724,0.6253888225279619,-2.087042895523527,2.510328119495092,226.0297194468952,66678.76723683407,3.37464016414898,3.904550783816501,0.0971209434772696,0.2392242108307231,8.358959822147092,2.4291828421704444,12.799250121145,-5.024515509765662,0.8532200074486607,0.6250429532967374,-0.4752630838056916,0.863175517934044,3.694643248451989,0.985366415902836,0.7450719747607051,-1.3203949565001367,2.374248291951852,286.4293572088143,84496.66037660022,1.2155794925156085,2.269358157781058,0.0203423642159183,0.505816943135614,8.251829444031584,3.670814842117383,21.98231422635673,0.1010552158968134,0.906166279110403,0.5781289368798184,1.7351873897580197,1.03641127766632,5.069849431784211,2.021144134902105,1.0741483364739337,0.2010175917155586,5.270867023499769,1205.0819661445084,355499.1800126301,2.6384784479505106,3.504402275256685,0.076146161649187,0.1940067207917825,9.904413650540056,2.7910650664643137,13.695495615914869,-6.185146450974267,0.8462005070963131,0.5301746511563813,-0.9450001896778952,1.870606146372376,8.410775576608618,2.0957558811410664,3.4991673548461115,-6.050033540500515,2.360742036108103,1295.6968504345236,382230.5708781846,2.1965711046186027,2.4160650989641628,0.0310602481750412,0.170967914054033,8.296762493520268,2.9032277354446423,18.036404809356977,-6.856567261553328,0.7328292656106434,0.494792691157975,0.6722406590191999,1.8760958451887653,8.230771267640701,1.9928981720030543,3.519735620334548,-2.835142749025421,5.395628518615281,1171.634721572069,345632.24286376045,0.7397802262804349,0.9246597563770288,0.0013750101274737,0.5149180750162158,5.4079439109028495,4.272387800666748,40.36985702269758,0.2592304467194319,0.7763199254082751,0.4653950706591943,-0.2670272786767242,2.080066824450462,10.202883297133376,2.0971365148070182,4.3266779941794296,-4.713570634712892,5.489312662420484,1297.4045607123935,382734.34541015606,1.1804687346116718,1.4285012712234586,0.0071539206779995,0.3159265704095402,6.749847694139588,4.390356961046582,39.14731674685002,-3.355165691454323,0.788337453938888,0.5054761704505057,2.9389706562955853,2.030829603999535,7.299245162921139,3.5723685978699637,4.124268880480908,0.1642798698460328,7.463525032767172,3764.7361327189856,1110597.159152101,1.236721622234835,1.6528866200325836,0.010353206809014,0.2768795439905864,7.3874325712447,4.259792321749956,31.561097437626128,-4.169197762091045,non-void,3
0.8641959667642315,0.7147248261891906,-1.7772936453489276,0.4059844820268697,2.5120839482424144,1.8230732572895432,0.1648233996466257,-3.137382086704405,-0.6252981384619906,980.46084992607,289235.9507281905,2.250353165949176,3.062357725053317,0.0217288208209718,0.2572172060207984,8.733434157977593,1.695638265235872,5.914879283209251,-4.605618184044386,0.7980345422873355,0.300994065039989,2.3357493181767675,0.6066714404398518,2.2548541688699637,2.4132499070773,0.3680502366453646,0.9766742328864706,3.231528401756434,1718.013658632536,506814.0292965984,0.4027500447227858,0.7095580683744911,0.0010430904357474,0.5725953290114312,7.735752784383354,11.844108396042207,179.07806950973233,1.270085368015459,0.8031503874030745,0.2132031376778457,2.2764118869630625,0.4824157472741508,1.6453443022620402,2.3269671317671867,0.2327249532180773,1.3357185032741266,2.9810628055361668,1597.3589295358183,471220.8842130665,0.3753284958717601,0.5203017979481377,0.0006750488139008,0.5563596923632915,8.37469830703231,17.356638423732765,390.5982506351287,0.9832466058184616,0.8342123436285634,0.3559712956636876,3.7302020489160417,0.804822913466234,3.042391618911352,3.816038161205639,0.6477399220402772,1.9489832824585287,4.991374901369881,4295.833438094425,1267270.864237855,0.4638216715132683,0.9692918737960196,0.0018450540509242,0.5657779557726569,8.596862607943994,8.431605231133531,89.77198573422396,1.1493415460711522,0.7674548711094841,0.3785610370945785,-0.0794549174558965,1.416973537160667,6.805914687291167,1.41919945353764,2.0078140050136124,-4.178045470379662,2.6278692169115043,594.1674912318531,175279.4099133967,0.5645438423391416,0.7231182892244681,0.0010846380747878,0.4160918207309215,6.536702151821671,7.816143068156083,105.86005519372938,-1.4715538000504815,0.8058243792905454,0.4105238781161602,0.2431578540982378,0.3633434378250347,2.5766777469859874,0.4372004069304771,0.1320184538105148,-0.5312537139297994,2.045424033056188,56.38753776695157,16634.32364125071,1.1983709180256303,1.3518213168284043,0.0045893869731995,0.3875762499469774,7.296385590552095,5.289868424021033,38.37866085215481,-1.9869486800427107,0.8323678218262183,0.5161035227788763,-0.2123756057254215,0.6331066817838447,3.723318183262602,0.6677780083430347,0.4008240705193504,-2.395083567538022,1.32823461572458,131.5486031858441,38806.83793982401,1.0251995928097954,1.394410676537482,0.0056345658211641,0.2638401517245436,6.657026381936536,4.86407726571169,36.78584785430396,-4.45631238301149,0.7904974177209625,0.3867337487928283,1.2829320258734238,1.00263860396287,4.413182720960831,1.6282502120891311,1.005284170156613,0.1360539832912412,4.549236704252071,782.1036321846487,230720.5714944714,0.928853272930841,0.8674129672652667,0.002276732667882,0.3968861467571073,6.861890860700693,7.136816576498733,89.83825170139112,-1.817333639117493,non-void,3
0.8149694968132857,0.531385176466298,-1.1659615209327017,1.3248544551336243,6.0566368821694745,1.764852853804847,1.7552393272874132,-3.740802776139832,2.315834106029642,918.838150697018,271057.2544556204,0.9000915634399191,1.5670490922013625,0.0061214875164337,0.6189163320382792,7.439495086952706,4.023091120922559,26.52990819099498,2.1061160639718004,0.8138295302710902,0.6588971005237508,1.23198096337133,0.899681443301067,2.7607530822915884,1.5255175494007407,0.8094266994202911,-0.4333046602442298,2.327448422047359,686.5251190912442,202524.91013191704,0.3669459748737236,0.615033563774422,0.0013921018198894,0.7621720131729007,9.441189541297112,12.676478148365224,278.89208967755656,5.057900378884992,0.8021739390736304,0.5860345294169764,1.340811777769354,0.8151889460153638,2.2931018756785817,1.5691747006342711,0.6645330177056398,-0.0126800721789065,2.2804218034996757,726.381226127643,214282.46170765464,0.324190587613579,0.5016421796011586,0.0007615258622341,0.7782693477490505,8.148842561515972,17.154387760237952,400.5710773603542,5.453041915447061,0.8409229306025082,0.6859005891076471,2.544377416698281,1.1959775046459635,3.739161268050825,2.811444224988895,1.4303621916191855,0.1111287728169115,3.850290040867737,2331.744495915905,687864.626295192,0.4994451006051429,1.164491084728527,0.0054780537305127,0.6659408826854522,9.778672282328971,8.601464596261813,94.87850068589536,2.996123482047123,0.7557491826982103,0.6019322105937032,0.9384117981234026,1.074107691945985,5.247231143024498,1.4262973170958184,1.153707333897532,-1.905724630778919,3.341506512245579,600.1255908426451,177037.04929858033,0.5706901021116807,0.8022092831231552,0.001841100509715,0.4735557453005968,7.526780172961391,7.9110627646327965,108.27528274697404,-0.4598128044729061,0.7607140899546615,0.4521067171030374,-1.1452327655876071,1.4965381895866323,5.457850047844873,1.8844587128049992,2.239626552891235,-5.17092930636795,0.2869207414769228,1047.599468878669,309041.8433192073,0.4394076162173865,0.5170718849905438,0.0003028011865503,0.580010738436857,6.145136028934389,9.620535059301886,159.16197949249909,1.4019784792167425,0.7990768590615385,0.4769493931676604,0.355271356803477,1.2535226184699029,6.109652765287152,1.3028955030932547,1.571318955015642,-3.5553189901815725,2.554333775105579,500.7733241342845,147728.13061961392,0.5941846795372903,1.1577803566069889,0.0019622306998751,0.5579125450426838,6.781110688813714,5.793198286742822,44.66536630580221,1.0105793576494355,0.7785045116464365,0.4589322686813483,1.9045991055308584,1.9119486437174733,6.566553392519926,2.698711798062555,3.6555476162130858,0.0382921358831503,6.604845528403076,2148.4983838555986,633807.0232374016,0.3854943565913088,0.462928654566294,0.0005769247186741,0.6008149121771944,6.778273782807203,15.662674679155447,385.62235554002245,1.775663941134063,non-void,3
0.8991695525343046,0.8107434732455033,-0.3973652898208094,0.1304873031334097,0.7555860014987438,0.41824168830164,0.0170269362790303,-0.8676391082615351,-0.1120531067627913,51.603202400854826,15222.944708252176,1.6347147276693568,3.383280694846236,0.0508108834729848,0.6110442788078889,10.53444081992719,3.367504720458175,16.73734637213077,1.9617251980424923,0.8690692306206281,0.8437021080910239,-0.5581592441462594,0.0376492558610102,0.1656350777867704,0.5594275719812275,0.0014174664668878,-0.6406397428011548,-0.4750046650143843,92.32296644637938,27235.275101681924,2.1271325541460446,4.02859002343869,0.0747094701535431,0.5676005700130906,11.53521372234275,2.9550987014453134,13.431895860037685,1.1815772957878845,0.9079529249259092,0.6497342246025846,-0.5924572996219357,0.0654690783677069,0.2232583519800974,0.5960636309133724,0.0042862002223169,-0.7098530689627209,-0.4865947169826235,104.81109636880176,30919.27342879653,0.6119895253339179,1.5943363410278486,0.0098574341315195,0.6917560295395683,10.63408493413422,7.519200828008608,76.20514040966991,3.510583685000252,0.8742826825181698,0.8221101233475018,0.9116274882722224,0.1100567710335437,0.4305748010724138,0.9182467915674144,0.0121124928503298,0.7381544344853644,1.1687292355577783,248.737265216036,73377.49323873062,0.8853921450281016,2.3921148359250544,0.0233553819008881,0.7299586508706474,10.527400917839495,5.151782858988024,36.2404855078903,4.318679924976543,0.941038583589402,0.7011918453559659,-0.0111058743475994,0.1201113051031564,0.6532194710046497,0.120623654639578,0.0144267256135835,-0.242547853419241,0.4106716175854087,4.292269487289419,1266.2194987503783,2.3572816509957715,4.126824709098773,0.0901422497308865,0.284699439463311,12.929098557592228,2.991831022245123,13.424961511187258,-4.001019511328429,0.8784372290770776,0.6189611140385352,0.1768248047161252,0.0626519042245916,0.4963002242667379,0.1875960358479443,0.0039252611029674,0.0446127237442715,0.5409129480110094,10.381720436429651,3062.607528746745,1.8932831412225275,3.2704418869065983,0.0671191393037927,0.2473922657460041,9.47436342788147,3.919489835225496,21.905737813419844,-4.831825106969046,0.9016510007573058,0.5991259076597925,0.0487383091769895,0.1872444470437685,1.1789657337691586,0.1934836058433853,0.0350604829487266,-0.1459357998341755,1.033029933934983,11.043592190396753,3257.8596961670414,2.057932876709038,3.6619532749952377,0.0613555938542618,0.4205177746795873,8.720838620451966,3.051097865460248,13.00428375923435,-1.3925575664649763,0.933104163636468,0.6818292234523111,0.2573971184366732,0.1446546503750471,1.0245919810920727,0.2952596221203128,0.0209249678751271,0.1058046324608443,1.130396613552917,25.71758211411582,7586.686723664164,2.3293015367093037,3.996226663409618,0.0897742940189804,0.206598321238332,11.387766141185748,3.5204648096606634,17.164581537491646,-5.843663120128841,non-void,4
0.8882185184456969,0.706921915941202,-0.5002813031728129,0.1579970030087721,0.7778311588072032,0.5246374321986965,0.0249630529597539,-0.7373601063593295,0.0404710524478737,81.19710840289237,23953.146978853245,3.563974177703732,3.960921885753126,0.1003064718424613,0.1736532953282625,10.362954400779683,2.355736809667865,10.053432499699362,-6.77479258964511,0.8877818021752364,0.7746285047972858,-0.5890977550009217,0.0226531341039133,0.1575215136290646,0.5895331453208172,0.0005131644847298,-0.6899175483813794,-0.5323960347523148,102.52705218239744,30245.48039380726,7.31669281141383,4.793699920229154,0.2127431239606974,0.0714000207616806,10.594867757276228,0.8258721756929588,4.385176283609392,-11.141296385675403,0.8737070000796554,0.6393494351425282,-0.6530022393516547,0.0266754158178639,0.1581794946894055,0.6535468632067113,0.0007115778090559,-0.7529926251874818,-0.5948131304980763,126.00143321016289,37170.42279699804,4.340260743490171,4.718128017959366,0.1288576499987178,0.2661601736721185,10.555183920631745,1.327423787608082,4.787991763572625,-4.404579821353064,0.878720967370448,0.7817283192491108,1.0226549119536072,0.0639859215795902,0.2991985137481212,1.0246547062807203,0.0040941981603894,0.850876150813134,1.1500746645612552,309.7255937954528,91369.0501696586,4.10745248490867,4.289689966370892,0.1277268807118954,0.143235061952374,10.456124222905425,1.962578643662183,7.94935330038683,-7.768123042182074,0.9418472763112132,0.7297568531787227,-0.032450271974,0.1093732420412865,0.7780564974659707,0.1140856091968151,0.0119625060746218,-0.3395360496380464,0.4385204478279243,3.839580236613487,1132.6761698009789,5.177199622769807,5.989785136841454,0.2304169550207972,0.1337707664818304,13.16844310246182,1.4030320920510286,4.558872495530581,-8.112716063800523,0.929415245657171,0.6720558732658829,0.1790930488578673,0.0288586534582499,0.1490920575349462,0.1814032580430401,0.0008328218794233,0.1006290120687605,0.2497210696037068,9.707606898445796,2863.7440350415104,3.1339655550969248,3.5272950953021693,0.0978478492707077,0.1330310121091251,11.86438112846949,3.68776020668544,18.828038567852143,-8.140505574160022,0.8251090193638607,0.5066447326989783,0.0455346252775858,0.1704675961470928,0.8951075278546475,0.1764443352316488,0.0290592013361683,-0.313769340853088,0.5813381870015595,9.184118013424854,2709.314813960332,2.611608301907469,2.591087712980926,0.0431952240949126,0.1855763759303312,8.830074909957178,3.190296442573275,18.66403322286397,-6.423276667672491,0.948454935316572,0.5594893655727906,0.258747036355449,0.1005248370655166,0.5146510085989868,0.2775883133162791,0.0101052428670486,0.117708826422201,0.6323598350211879,22.73130514848413,6705.735018802817,2.385575552267701,3.701519110176473,0.081928819734381,0.3841047267089873,12.76572451037298,3.2752224141051345,16.15017027999471,-2.050572114294006,void,4
0.928037298459958,0.8167912305541659,-0.3164142385659049,0.0503671525925195,0.3503213807211827,0.3203979095242656,0.0025368500602781,-0.5177465908681691,-0.1674252101469864,30.283172026118248,8933.53574770489,7.781134982260676,5.193408877217371,0.2427254748921317,0.0600287872777584,11.68727016535269,0.8193528923958548,4.382202202115437,-11.947548317009405,0.9145303623102914,0.8649154064126928,-0.581824380037153,0.0125098597375434,0.070892147880329,0.5819588523222843,0.000156496590653,-0.618137704270655,-0.5472455563903259,99.90945120989974,29473.288106920438,6.756516049398936,5.687316579775646,0.221080410572762,0.1447851839591509,11.544310065720774,0.9904562059840784,4.3939164858354935,-7.7135055328131745,0.9052323585618968,0.8502630235634052,-0.6449631061757422,0.0152547576730135,0.0730277809545359,0.6451434847842177,0.0002327076316623,-0.6839890898131711,-0.6109613088586351,122.7819842080596,36220.68534137758,2.88847009910676,4.644803245515552,0.1054378610636067,0.4127126893212102,11.541923017527628,2.0742606032199324,7.804776265683716,-1.532026561824979,0.8971417072084069,0.8450410019235611,0.9257431584239476,0.023251813145823,0.1652793458647131,0.926035119303428,0.0005406468145682,0.8612396243292247,1.026518970193938,252.9746074440776,74627.50919600292,5.971341654705481,5.383662934127817,0.1630584676450367,0.1758309610305689,11.357604371686923,0.793689478898632,3.9389426961094425,-6.70920824053696,0.952813765245731,0.8823506790946525,-0.0207751931987616,0.0514092656748755,0.334394622999086,0.055448365617715,0.0026429125972299,-0.1779742771360452,0.1564203458630408,0.9069837686543633,267.5602117530371,6.807667340674201,5.603543562305538,0.277347188644251,0.0790168120326552,12.310668875551524,1.0623665802676712,4.510195796051795,-10.665321522071167,0.9340316494835792,0.6852498461690802,0.1716599950830275,0.0164303843623794,0.0870081727370894,0.1724445169966286,0.0002699575302955,0.1345573929463562,0.2215655656834457,8.772447875449163,2587.8721232575044,2.784873856466312,4.1914653232766685,0.1035404229122425,0.1782387669054851,12.102540316319184,2.7593202962366568,11.75156091221164,-6.63743256411469,0.9036303887238996,0.8180561922959978,0.0372102331724122,0.0366693311099845,0.1833112236559591,0.0522421410051211,0.0013446398440536,-0.0386725540644985,0.1446386695914606,0.8051261825556946,237.5122238539299,5.68732094459704,5.578483943317796,0.1603488991358689,0.1645930568346452,11.888496238901036,1.02519344176529,3.830141410836762,-7.054865009621598,0.9568383019752588,0.8510620466674833,0.1873766154459541,0.0207576003597319,0.1202480062714251,0.1885228739136854,0.0004308779726943,0.1406516466046564,0.2608996528760816,10.484557826659222,3092.944558864472,5.9539520455622,7.047750915016906,0.2962659120508645,0.1225327724604793,13.954165399488735,1.282039282278215,3.546505741180915,-8.549784616915602,void,4
0.9238907176417716,0.7514280649854157,-0.2493962599116946,0.0466524361478031,0.2935123006451647,0.2537221792758102,0.0021764497985248,-0.3627263838038096,-0.0692140831586448,18.990608555657587,5602.229523918989,3.066508548279231,4.570367134739648,0.1162548391356415,0.1953856182765265,12.172110400377056,2.239075943151756,8.368789952751856,-6.146951816014717,0.9067382535431155,0.8686035619944745,-0.576420639079579,0.010932575995776,0.0676196198491797,0.5765243051032746,0.0001195212179034,-0.6082460554927736,-0.5406264356435938,98.05218094057004,28925.39337746817,8.069594690536595,4.929103899584689,0.2748131926868549,0.0655911616405834,12.275146091045986,0.8427895196858429,4.873386688952758,-11.536901460759337,0.9328187951839312,0.8519163765787646,-0.63717813281888,0.0135258556718925,0.0656156801134388,0.6373216783651809,0.0001829487716568,-0.6679587416694193,-0.6023430615559804,119.82278190569228,35347.72066217923,5.291023427247152,5.57662029193569,0.1761610504342849,0.3277282975664232,12.115646724690546,1.171420909952811,4.563363102908676,-3.1203047984779038,0.9422122902588308,0.8096725379812716,0.8957335808556264,0.0244027144606529,0.1293481760596933,0.8960659241068657,0.0005954924730481,0.8292051372129543,0.9585533132726476,236.8655714019199,69875.34356356636,4.218855015551428,5.101751575617663,0.1500742416373428,0.1951287178922315,11.825415684169233,1.4390629674177402,5.238451101227019,-6.154051366523895,0.9610461470173596,0.8783824936429773,-0.0395292714675504,0.041515985016995,0.2693331628415377,0.0573248664602601,0.0017235770119313,-0.144451724988371,0.1248814378531666,0.9694113928325638,285.97636088560625,8.072569872435652,4.951275835114165,0.2676025598740489,0.0804405863209631,13.709268773209963,1.1821392751828326,5.173498943874868,-10.581044938180089,0.9232806498811325,0.6654223640296775,0.1707438541135133,0.0160149632397358,0.0982177832319511,0.171493273235736,0.00025647904757,0.1071688998950121,0.2053866831269633,8.67593311570651,2559.4002691334204,2.847604513948005,2.8162478706876426,0.0569216441665918,0.1346255204971776,11.93098221084395,3.2018318649968407,17.81755171748516,-8.080764902144406,0.9120257246075416,0.5675399655671517,0.0316365066674539,0.0500629626627905,0.3471358569877766,0.0592213541275089,0.0025063002305759,-0.1311717259465551,0.2159641310412215,1.034614791485266,305.2113634881535,1.6966242429094196,2.7463895034766286,0.0383504849505057,0.2762473682078614,11.431084790049164,3.900895856119104,20.948525794471927,-4.182919995127868,0.9618720641556436,0.7068849348669242,0.1887546625003774,0.0239776823078853,0.1870483809308101,0.1902715214226482,0.0005749292488578,0.1090780717964034,0.2961264527272136,10.67995930002434,3150.58799350718,2.993181020310294,3.9325500396905646,0.0924114887441406,0.1228004012514095,14.902028551348405,3.0723537692853204,13.15059656593585,-8.538985598443404,void,4
0.9208223118862318,0.887970208565162,-0.2056865405839688,0.0394826101895305,0.2790588938056805,0.2094417090380497,0.0015588765073784,-0.3067581749444714,-0.0276992811387909,12.940419698009832,3817.423810912901,7.887549475485716,5.992071236654416,0.3092240137038424,0.1055317832714273,12.255761600028212,0.7682801764322452,3.6826118666389487,-9.281815391768044,0.8911941886380866,0.8647023278001298,-0.5531070730217649,0.015545009848894,0.1004902129718798,0.5533254752475311,0.0002416473312022,-0.5893847990852639,-0.488894586113384,90.3198790595823,26644.364322576792,7.750189283784255,5.611990124478487,0.2638886184169333,0.1494770379365137,11.390940810443125,0.7884852151537992,4.332436091895612,-7.551110578982102,0.8933294808168311,0.8672839486268681,-0.5896823414147868,0.0185039022512619,0.0857607769004799,0.5899725910370323,0.0003423943985242,-0.6246201243084544,-0.5388593474079745,102.67995916161004,30290.58795267496,3.7503525357773055,5.213366028979817,0.1347660360090767,0.5003702334258774,11.384314069667615,1.596303763872451,5.500592317905938,0.0064329653467507,0.9041935947674106,0.8542278121440597,0.8350573006883062,0.0279620060938821,0.1608432181586025,0.8355253252999784,0.0007818737847943,0.7455089725407164,0.9063521906993188,205.9402579192022,60752.376086164666,5.823786007777185,5.585354618061735,0.1559894248594229,0.3379510333483933,11.005005065196796,0.7953851708368278,3.691548696545555,-2.9203625784192173,0.9577219708567454,0.8633790358784895,-0.044016577738177,0.0495515494004993,0.3065036251002844,0.0662783159394617,0.0024553560479901,-0.1834418527418302,0.1230617723584541,1.295880473312478,382.2847396271808,6.864840662942557,5.786947614165734,0.2397680590433814,0.0690102838596258,12.797328742343757,1.3097208321190306,4.913323696307908,-11.300310147232224,0.9431288747278672,0.8648174206894128,0.1724111924251169,0.0124021657699169,0.0827560948085898,0.1728566833802939,0.0001538137157844,0.1331441134788334,0.2159002082874233,8.814432731824384,2600.2576558881938,6.613846357218572,6.192170104099174,0.3231110831338327,0.1132800790547303,12.914218945214404,1.299290877671059,4.620372434830803,-8.936318149065132,0.9394227307253205,0.876581721720476,0.0438815278011786,0.0515517011219969,0.2974922449668896,0.0676990869269099,0.0026575778885717,-0.0170610072127565,0.280431237754133,1.3520340793675076,398.8500534134148,7.482669673920428,6.018815050981185,0.3238642019485016,0.0704017236238477,11.852543017462,0.8160450869794884,3.370952918942252,-11.207116661297414,0.9539411114176488,0.9149283203488758,0.1941452310308661,0.0341034278587247,0.2192170869104881,0.197117768158387,0.0011630437917152,0.1378955722564329,0.3571126591669211,11.46234728450437,3381.392448928788,8.406653030213493,6.407988578395181,0.3484870436156845,0.0700898828758711,13.559431137242726,0.8763213691986315,3.4220978630110808,-11.22785164719678,void,4
0.939812976573222,0.8407964993031343,-0.0856993518945287,0.046894755496496,0.2827652660502422,0.0976908235619825,0.0021991180930761,-0.1945890178150814,0.0881762482351607,2.8153316174244285,830.5228271402063,5.782842956325152,5.184775158645525,0.2036179860343687,0.1003370630164047,12.302674968122052,1.382677870153186,5.158515171521506,-9.526183921104138,0.9044628613620656,0.8263044663658614,-0.5303252385286,0.0132557116268863,0.0836608912174384,0.5304908788199395,0.0001757138907351,-0.576680766817756,-0.4930198756003175,83.01906889078977,24490.62532278298,7.977780380947409,4.623017517494419,0.228503508746787,0.1027295668692442,11.580657927886309,0.995157907502866,5.7812038924266105,-9.41227404997766,0.9209074969168572,0.8564377012188407,-0.5493363555804662,0.0118822906875869,0.0730727524991577,0.5494648490981136,0.0001411888319843,-0.5930976278228215,-0.5200248753236637,89.06392801635175,26273.85876482377,6.415574417772429,5.628532811275195,0.2103083633484636,0.148258929933626,11.983220672222238,0.7586904364238259,3.3522311242009915,-7.592860549088346,0.908891553229878,0.8308912505638726,0.7697948828078301,0.0170742003227712,0.1003831319890247,0.7699842140679138,0.0002915283166621,0.7235322749025824,0.8239154068916071,174.89832852456595,51595.00691474698,7.645172923707838,5.029929022181456,0.2127137093681822,0.0871482742733024,11.494438881314297,0.6460718876317683,4.1917621571591415,-10.201410382744704,0.9601785065006044,0.8017635995306986,-0.0407218657423709,0.0579315063347141,0.4172382082531002,0.0708119324390226,0.003356059426209,-0.1862950674252114,0.2309431408278887,1.4792272838458709,436.37204873453175,4.235100319216544,4.796683423380194,0.1719340042551962,0.1009210697415555,13.11078400818016,2.203186930503429,8.11911717465759,-9.498159539371034,0.9308224723335358,0.6755248899659131,0.1762940328232646,0.0249147176906259,0.1749222666998056,0.1780458625374201,0.0006207431576035,0.1037108784380731,0.2786331451378787,9.351597104174704,2758.721145731537,2.9656626830790724,3.095798762593296,0.0787743829761612,0.1281099284220415,11.46382589097754,4.258781845616932,27.208662986449635,-8.328787978546456,0.9100730868985514,0.6774086719028374,0.0321837761457404,0.0409572113151701,0.2689575706053884,0.0520892369469417,0.0016774931587155,-0.0456010150112828,0.2233565555941055,0.8004201386858181,236.1239409123163,3.477018599077069,3.5848241890911487,0.1074488394791009,0.2301306545823096,11.319020664245237,2.7642236499571173,12.635056424583,-5.244425332768583,0.939706981288789,0.768252404472263,0.1960940591770498,0.0312260708963669,0.2203619891007618,0.1985647187900138,0.0009750675036249,0.1200368577100387,0.3403988468108006,11.631244526706393,3431.217135378387,4.21211178604381,4.617836628575561,0.1594562148251051,0.1296799529331439,13.118473322120147,2.4717374322722976,9.697918597352963,-8.268060880998526,void,4
0.9466466154565352,0.7777663661924864,-0.0951025659523477,0.0455804533936834,0.2688375594101281,0.1054612525162412,0.0020775777315737,-0.2611491542318473,0.0076884051782807,3.28101235577685,967.89864495417,4.017294161278059,4.539618924824524,0.1720476576322007,0.1619576646989999,11.853326114175353,2.0158873440530343,8.151089631050157,-7.138644279380191,0.8717282872940936,0.8518661258735114,-0.526027222639223,0.0138284985307369,0.0836473706547805,0.5262089569069966,0.0001912273716145,-0.5697164736707107,-0.4860691030159301,81.68428056709908,24096.862767294235,5.22650509748258,4.966694938279539,0.1722742643688038,0.2128751170440969,11.32725708843228,1.095011138292567,4.825178866555997,-5.679184934478436,0.8915791271329794,0.7714516691153575,-0.5405713720191646,0.0177660991356461,0.0978493702262398,0.5408632382822665,0.0003156342784976,-0.5902430390751203,-0.4923936688488805,86.29724754492801,25457.688025753778,2.295501695616313,4.059759624474824,0.0873179441284794,0.4947611794553821,11.674377559109178,2.5525129452641333,10.43871445145228,-0.091010123227525,0.8608463910051986,0.8154172088153109,0.7615385060788171,0.0246999675276489,0.1410299047304603,0.7619389638525015,0.0006100883958669,0.6964398531579535,0.8374697578884138,171.26254046780394,50522.449438002186,3.1340062163493734,4.464402903783875,0.0964912317182491,0.413418921086304,11.16946985175287,1.739246052192947,6.3535580735137005,-1.5193765756193292,0.9519761213046888,0.7681940017753757,-0.0314503952285632,0.0583166883149479,0.3704333245386553,0.0662567996212887,0.0034008361360227,-0.1834698145151644,0.1869635100234908,1.295039231336406,382.0365732442398,5.593257820930164,6.529109782952047,0.2721276135087132,0.1656090758829532,13.380134404675603,1.8382106449658084,5.98278599841432,-7.022854190291122,0.9337067348901442,0.7079813253699858,0.1726456384945219,0.0129219374076637,0.0817749105386443,0.1731285446064534,0.0001669764663675,0.1251355729344072,0.2069104834730515,8.842180422476876,2608.443224630678,3.3834213357069665,5.225732640466606,0.1349192906625525,0.1473195023152354,12.950931322614991,2.95253547513904,12.233863754199158,-7.625257062325126,0.9497009289355332,0.6381397078962763,0.0306922904334803,0.0442192142232426,0.3002778364575364,0.0538270898207782,0.001955338906521,-0.1851696055215544,0.1151082309359819,0.8547199015793692,252.14237096591387,2.3146922926376385,3.41395733468719,0.0798964253692753,0.258085125584005,11.686179617915768,3.5908079339548413,19.05595850694686,-4.585910850818432,0.9578903270257376,0.8588148700733581,0.1918288602823971,0.0215058228146481,0.1254813925655427,0.1930305987458425,0.000462500414935,0.1483854025560806,0.2738667951216234,10.991939555392648,3242.6221688408323,6.191744719811982,7.089457564231163,0.2753088797726314,0.1670396207811194,13.98995240995264,1.5025595163448224,4.621466330125749,-6.978047347008428,non-void,4
0.8022614795317354,0.5053561893921474,0.5237236974999913,1.5810360334350912,10.15422020015434,1.6655213749283524,2.4996749390201667,-4.6950952810453925,5.459124919108947,818.3186278512526,241403.99521611948,1.4394937794193694,1.6929876124094678,0.0103982887989063,0.2739426355506678,6.5921838647693045,3.3135437879061573,24.20781261320578,-4.233113050990224,0.8732139679145149,0.5172234202728376,0.1237103486768373,0.6381388675728091,2.607026654895701,0.6500195879178196,0.4072212143071072,-0.5340548457359512,2.07297180915975,124.64501207967132,36770.278563503045,0.5648238211429709,0.9704206160327996,0.002883257030796,0.5155272128366744,8.44388360232124,7.756887881809969,90.80771540891506,0.2698220738938583,0.8260716824369752,0.4036948915962999,0.2490058917910804,0.6799520159544974,2.5772674402561107,0.7241123380714185,0.4623347440005851,-0.5412388289121625,2.0360286113439483,154.6799100534406,45630.57346576498,0.4839217127671928,0.5826632313821021,0.0006423083475725,0.4932741135404618,7.476984923503608,9.251582541795573,158.39898520051432,-0.1168476627448359,0.8385757284101837,0.6414092212555289,1.5441946003275693,1.1559795108420026,5.447137639464728,1.928944165383575,1.3362886294865155,0.1460596699714267,5.593197309436155,1097.6435499843644,323804.8472453874,1.0028098796967746,1.6044800888556623,0.0079394767277286,0.5266114313430709,7.25393326147074,3.7279804494275735,27.01545199860847,0.4627251586972146,0.8164438433172935,0.3578212934060027,0.040079407062289,1.941050749620844,9.407955794738664,1.941464491427568,3.76767801260364,-4.766529047613725,4.6414267471249415,1111.938889584861,328021.972427534,0.5903931144431186,0.685643572018563,0.0015870622750365,0.3337197378036933,7.903083639106784,11.566563097277127,206.84506524106547,-3.002750542705802,0.7603637016683763,0.4551010202033938,-1.0049282014906709,1.45132089777619,4.983810566967382,1.7652798753945962,2.106332348321886,-4.587955764433714,0.3958548025336675,919.2828463495824,271188.4396731269,0.36812424376518,0.5239980522150299,0.0004863023469492,0.7573542466050527,5.312550054645682,9.619391495809714,162.6773883693058,4.943263699073363,0.756025545968835,0.4527595607737835,-0.0302163829365872,1.429711886475348,8.109765753698973,1.4300311563482344,2.0440760783288985,-4.435327440049555,3.674438313649417,603.2717868973672,177965.17713472332,0.8804753201704274,1.1665489332100991,0.0030390989530175,0.2922814802501287,5.588238371962825,4.783332807544707,40.40388267263891,-3.840592622963261,0.8382420744207093,0.5988555588758123,2.346834545773792,1.850095709101737,6.17750473097584,2.988391961920982,3.422854132836658,0.1621489754942367,6.339653706470076,2634.493522831811,777175.589235384,0.5919499187782562,1.022829070370554,0.0031201203825085,0.6897808804124614,7.377366013246525,6.949785989390435,77.03914613749502,3.470425913110222,non-void,4
0.8584286097698484,0.7746306476981281,-0.3151195267936491,0.5949936828668713,5.341157941749238,0.6732887930287689,0.354017482651483,-2.0378435431197537,3.3033143986294835,133.72875065135025,39449.98144214831,3.242984759968648,4.009315285434221,0.0609913809186388,0.4801623038414484,7.085931093498202,1.3317036573644334,4.812281124349916,-0.3447970615293305,0.8759612284776398,0.4896952223997627,2.443482798483552,0.4588115065653154,2.3552119262748508,2.486185066530999,0.2105079985567344,0.6476800481840256,3.002891974458876,1823.429274587316,537911.6360032583,0.4735162664727169,1.573794285314322,0.0118089785868404,0.8721856712982953,6.766611712009459,9.921130460034112,121.92697458724356,8.34029406547211,0.8412780271187321,0.5873218888119712,2.316475896661975,0.3238221994025992,2.012003681135649,2.339000084788762,0.1048608168259367,0.6763374165099421,2.6883410976455915,1613.9218120093424,476106.934542756,0.7356320462986112,2.100666796553421,0.0141151118576108,0.8441318439661056,7.133148605856072,5.370012265103731,37.95334347671136,7.336528914580881,0.8643092345483472,0.6108069114986762,3.456926078505994,0.3937225777713223,2.7303922506306346,3.4792751228527075,0.1550174682468949,1.368155408124152,4.098547658754787,3571.0798372480085,1053468.5519881623,0.5196149826501739,1.5558811346886638,0.0094658632344234,0.8694356397858923,6.776045804983666,7.652882698064954,76.77340618072006,8.234127950879726,0.8556037996224235,0.530233873590921,0.2403391448378372,0.8822527460129085,7.046753730324657,0.914402981397535,0.7783699078473176,-3.73971091039866,3.307042819925997,246.65917965466667,72764.45799812666,1.4012520782102798,3.020584046809979,0.0424937204960694,0.5863810263663739,6.824563615482291,3.798393020148775,20.578086905602053,1.5157945844356304,0.8231692974889082,0.5973231211495185,0.3269921858381402,0.702255498898467,4.490771036388958,0.7746526159075043,0.4931627857331346,-0.5965910357058173,3.8941800006831406,177.02556922304015,52222.54292079684,1.9446996385404665,2.6245880894146096,0.0220930557056873,0.2467843826381527,4.981953482762002,2.6616322230926754,11.925476762558004,-4.846016276895914,0.8580531425554585,0.6404129087621458,0.2162087418732055,0.418019319130444,3.263579543481004,0.4706233857647475,0.1747401511662799,-0.6980794862351868,2.565500057245817,65.33847951245895,19274.851456175387,2.0385144294534188,2.3698442317235933,0.0327628299235856,0.1281126712603458,7.716101158796831,3.4564324665663,20.38950490287685,-8.328682739082549,0.8475751782915107,0.623573490231719,0.7558902080141499,1.042274365211982,4.519179322582454,1.2875192654674004,1.0863358523780398,0.0613175241373641,4.580496846719819,489.0232283901656,144261.8523750989,1.0130064502180902,2.255903563341741,0.0211448489955782,0.7760488169570379,6.653412003116903,4.244689780981581,26.921654071241747,5.397356808919658,non-void,4
0.7839707985807055,0.5645410309036587,0.8575951442297239,1.3879427218155589,6.55233402362913,1.6315190561091164,1.926384999040781,-2.10088545339345,4.45144857023568,785.2470569819188,231647.881809666,1.1546264324792337,1.3639833742391865,0.0048129217989554,0.2361090717835684,6.832976313384148,3.788817952797478,30.098810136640672,-5.099186786048247,0.8141116964917733,0.587882595618985,0.4717435033128577,0.300493778760925,1.1812147887008302,0.5593196259670387,0.0902965110740197,0.0200253200260203,1.2012401087268505,92.28734097761286,27224.7655883958,1.3288037743038212,1.7464801209747394,0.0107868796321857,0.4028007853058633,7.419989236457986,3.484634278066588,24.244785174074316,-1.7102891906461992,0.8422172317095589,0.4261913927755512,0.6899580116987589,0.3122295033911814,1.1487913922705115,0.757317186319714,0.0974872627879037,0.2848341473026536,1.4336255395731654,169.1911496050865,49911.38913350053,0.7079211651028812,1.172981189732173,0.0050764769934592,0.4878599853846338,8.500440866077064,7.785186406059009,86.94982085043749,-0.2109351084317849,0.8315130829784607,0.6649080965538109,1.5831035155102655,1.020786684039979,4.256318486350876,1.8836725286350329,1.042005454313336,0.295529511740732,4.551847998091608,1046.7255475646182,308784.0365315624,1.5745317325989945,2.094012298780749,0.0133084728057079,0.3228904464301855,7.699341411237135,2.632207466220033,14.572922669762892,-3.216037459528187,0.7546094980177078,0.4995893709282027,-0.0263320223716649,1.2678816527386036,5.584183026453481,1.2681550617938466,1.607523885351173,-2.831799766602648,2.7523832598508333,474.42409192223965,139955.1071170607,1.2687327870870402,1.6093493332594573,0.0047486827343247,0.3737001314160708,6.350216858850672,3.138837976745511,17.096082332553674,-2.242590699772688,0.7162306370029138,0.4887119442757172,0.2832877471206952,1.492265587488838,7.137723104072096,1.5189168941295392,2.2268565836034067,-2.5325351653369466,4.605187938735149,680.5970167252772,200776.1199339568,0.7134584859835242,0.8074302828528777,0.0005379879731558,0.3555494282826279,4.269522375944222,4.275519491420489,36.12149397664658,-2.5828962864799587,0.7721031455469566,0.5936421889318818,0.1925591571123332,1.340784284669156,7.405427284053934,1.3545410761595946,1.7977024980157803,-4.215942732025896,3.189484552028038,541.2605504660598,159671.86238748766,1.4149346969237548,1.3375793284378334,0.0021196447425413,0.2002158978958322,5.30993157171672,2.475774602918313,14.883017245096598,-6.014742079456095,0.7977249802979385,0.5262065823794546,1.8379545015307623,1.540139788893164,5.894938622758435,2.3979381391164103,2.37203056933188,0.1122132300888859,6.007151852847321,1696.2816591135766,500403.08943850495,1.4816235276715504,2.0001377670754383,0.0150721393870021,0.3611703833621123,7.2694652705369185,3.335933938400185,19.17980662139695,-2.4767291198815173,non-void,4
0.788260925720331,0.5802755006982725,0.9045419574893182,1.872920422975892,10.21374948092473,2.0799103499090528,3.5078309108001924,-4.177886562793774,6.035862918130956,1276.1779837793456,376472.5052149069,0.9118441545157808,1.522605347743669,0.0053663377049499,0.4266629692695906,6.519784303495151,4.0234607560587206,27.028995063064368,-1.2832504149864268,0.8397032798793942,0.4894350884129145,0.2052117760988918,0.684588882013759,2.6752942013587138,0.7146844131688548,0.4686619373768484,-0.914150681994806,1.761143519363908,150.67827407582053,44450.09085236705,0.4183219741948609,0.7383896154981924,0.0014712842431448,0.5604176501227119,8.638522260439352,12.938457576399234,210.45758911647223,1.0547155848477343,0.8268677394586065,0.4038829427512255,0.2967346897989806,0.740327961863614,2.919320666530044,0.7975819501764255,0.5480854911171328,-0.9119300231526982,2.0073906433773456,187.6604053379329,55359.819574690206,0.4082278723389079,0.6972962800170152,0.0008246674097929,0.553978957456413,8.399031379784745,13.161940489590014,205.1142706401743,0.941379201605424,0.8281311184142532,0.6075612844970721,1.8813624228595465,1.3904723208984051,5.872160452931675,2.339431093520931,1.9334132751845972,0.2475506300842294,6.119711083015905,1614.516663193099,476282.4156419642,0.8491147926785554,1.4305335970063473,0.007467255566666,0.3769722800667818,8.05356811499906,5.448371173406497,49.02823771099323,-2.1819795346692192,0.8114733292768934,0.3636111352956905,0.315673558745274,1.922816026239542,9.762954115383303,1.948556200486537,3.697221470763623,-3.992587407950081,5.770366707433224,1120.0770236040862,330422.7219632055,0.6867443191544507,0.7244715318520908,0.0010559487309133,0.3413269920098964,7.352456868198494,8.947000473890792,125.67705692081954,-2.8549923320436017,0.728778535958007,0.370560106442345,-0.7453668356978995,1.970214253934885,8.100002376369972,2.106493751751117,3.8817442064081953,-5.081311295289072,3.0186910810809,1309.0081982191164,386157.4184746392,0.8048675159285865,0.6587064267160535,0.000472787500892,0.2884827467977929,5.110796737633825,5.54613556540855,69.49993020170331,-3.920655909578133,0.7548644456208252,0.4315938853236031,-0.5852904481195188,2.576187552589212,12.702644697587566,2.6418378479338096,6.636742306115596,-8.831104014150092,3.871540683437474,2058.895628358785,607374.2103658415,1.0850379667187626,1.1076899183264002,0.0019301600418074,0.3248341961473424,5.284388867978288,4.1973335183238,30.981427233966656,-3.1774869550164047,0.7643256117372899,0.416336330578303,3.07614662962038,2.3980859702003485,10.16612140653944,3.9004479752198415,5.750816320471746,0.0879773019716876,10.254098708511128,4487.980850181987,1323954.3508036868,1.0094228277996142,1.184848411393362,0.0025971134650092,0.2973587843693498,5.788310005122528,5.061762862491043,39.37335762667266,-3.734528484480136,non-void,4
0.8978871571863534,0.6276029717404729,0.4477885381419175,0.3578505704688487,1.5520442977296485,0.5732116587057141,0.1280570307848805,0.1384955321044534,1.690539829834102,96.92862367446604,28593.94398396748,1.3549844205240964,2.740447911856214,0.024664517098144,0.6677048289173299,10.14775401283312,3.4610341207755426,17.236268890609843,3.030604877701992,0.8766981689265699,0.8005167668348743,-0.5977110263193204,0.0490004477464304,0.2806080332350036,0.5997161952649319,0.0024010438793506,-0.7270883344932194,-0.4464803012582157,106.09955688459856,31299.369280956576,3.797090084430681,4.198576167664504,0.0692231949836949,0.3011812329071854,10.161543299125965,1.2698804060044793,4.342668349374009,-3.655366013586594,0.8566928057286382,0.7277978646587625,-0.616836434816685,0.0628353897449577,0.3451762869409756,0.6200286070188692,0.0039482862044007,-0.8264576662930143,-0.4812813793520387,113.40846468891904,33455.49708323112,1.7039805983308205,2.878144484431147,0.0241270016921099,0.4061980703140451,9.094447520252537,2.700185705043907,11.240781420207204,-1.6490371917994582,0.8791697566223993,0.5113736466380959,1.0133817064220831,0.213831969429334,1.0387127342215332,1.035696188107768,0.0457241111500276,0.7885450542643975,1.827257788485931,316.4366452479836,93348.81034815514,1.0115177935230155,2.3830267641354577,0.0152968492417228,0.6586333153468357,10.041643330781012,4.236811944644841,23.2789917286795,2.8542256298313298,0.8709085804225866,0.6811419542501901,0.0623732745637658,0.1516552601654547,1.296950233052744,0.1639809236333869,0.0229993179358517,-0.3700268434853553,0.9269233895673886,7.932474278119313,2340.079912045197,2.403060823424904,3.235023635975216,0.0311414412347795,0.2412423778266476,7.733205125632426,2.2443146558473885,8.281559087908786,-4.976494614143215,0.7558337151661532,0.5883238111377393,0.0655578653875227,0.0827249301607307,0.5093895845269417,0.1055521093312035,0.0068434140700977,-0.2413521314825281,0.2680374530444136,3.286668096358569,969.567088425778,2.1711329425401504,2.027689129328873,0.0137552501061572,0.14935482175918,7.2367356580175235,3.002684475403553,16.683011251271974,-7.555291803861028,0.8250760501716184,0.5542970787680036,-0.1489684925562363,0.2971613682783082,1.601086678946265,0.3324101240508684,0.0883048787970363,-1.3333184378733969,0.2677682410728684,32.59646471859655,9615.957091985983,1.2965963257080926,2.209613283846624,0.007603352178385,0.4055610420558743,8.207996504536398,3.6891948400122616,18.479560563246768,-1.6605103309597322,0.8572390034265197,0.4953573692537779,0.2748095460657799,0.2701984364546893,1.3355627826069956,0.3853926331307317,0.0730071950625587,0.0335512415386332,1.3691140241456288,43.81560709307444,12925.604092456955,1.002064928430805,1.874811919990381,0.0135949266948329,0.6200411446734332,7.532682282719502,5.015180698761495,37.859194390322926,2.1268393941929773,non-void,6
0.9182991516140948,0.7424648075967089,0.3005571558280593,0.0562558752665253,0.323883169952475,0.3057765972429139,0.0031647235020028,0.1731260061881121,0.4970091761405871,27.58230158932929,8136.7789688521425,3.522056700598502,4.201319051263824,0.1039579084960795,0.173833599144747,11.238608630228436,1.9562957925200992,6.954305416418007,-6.769337891010132,0.8690692306206279,0.7887489537213871,-0.6604475430922142,0.0248414484069554,0.1276328893654489,0.6609145593308544,0.0006170975589554,-0.7133556247351284,-0.5857227353696794,128.85837614697175,38013.22096335665,3.480852519936259,4.152535983198871,0.0598363298337748,0.4481513563230008,10.058883141318317,1.1450315554861996,4.208211937189802,-0.9039521956943553,0.8816383766472675,0.7316219809017783,-0.7138283803467318,0.0371954163994749,0.1529117543000623,0.7147967932143853,0.0013834990011303,-0.7727488054538407,-0.6198370511537784,150.7256643989228,44464.07099768225,1.0593469943812996,2.4650200198707037,0.026915061718852,0.6780273174583895,9.524630952517445,4.412880081316606,28.90726826057418,3.234281816266304,0.8769316202339696,0.7595435151293375,1.0194845069479015,0.0435106635172929,0.1836454244780155,1.0204125821188808,0.001893177839715,0.920618704935396,1.1042641294134117,307.16634213522383,90614.07092989102,2.3141657187244618,3.4646575630014684,0.0506476550742406,0.4414060280601868,10.071959373129268,2.262000010418148,9.56198530743937,-1.0225796766014663,0.8554112702642255,0.7622517378993023,0.0305509899135949,0.0796274799342381,0.5490976651630515,0.0852871534604015,0.0063405355606775,-0.2557186872848184,0.2933789778782331,2.145800070886534,633.0110209115273,2.369936488127318,3.4251792985354337,0.0527142829173176,0.2492637106505301,9.70720747738948,2.2079726222195277,8.035134612102775,-4.788283464407518,0.816322622393215,0.5982561015761179,0.0648981403952706,0.0480809875933941,0.3368399105185108,0.0807684963009736,0.0023117813679561,-0.1241133212838221,0.2127265892346887,1.9244472484425144,567.7119382905418,1.8786877333325005,1.857972591407325,0.0171954452715954,0.1459675526329044,7.276985861915209,4.047981874669296,28.13647698563893,-7.672180161840275,0.8713374155764285,0.5977178483802028,-0.0307947965264821,0.0935389905744172,0.693987755363372,0.0984777246426233,0.0087495427576809,-0.481103395385503,0.2128843599778689,2.8608693639825638,843.956462374856,3.0048518595215685,3.368729137612111,0.0259211759522908,0.2406977667976749,9.379542437707284,1.80983714668347,5.441875772250772,-4.989426088772989,0.8645269162992477,0.6465556497927187,0.1308774410437294,0.0797897626060633,0.4652296354793126,0.1532818018907881,0.0063664062167319,0.0261719705693157,0.4914016060486283,6.931116683311611,2044.6794215769248,1.7990571877972066,2.9277128253732294,0.0393958483091456,0.2365306166773882,10.37695395905757,3.549554256057856,18.33192646889284,-5.089042514208738,non-void,6
0.9356738999068472,0.8348923853228516,0.2651354287949044,0.0305538978560479,0.1762467495528497,0.2668901202301344,0.0009335406741978,0.1576795681206552,0.333926317673505,21.01294920155441,6198.820014458549,6.350701812064532,4.4468607266533695,0.174584517168779,0.0904159045487153,11.419989056928031,1.042549149437604,4.656103480864843,-10.025979161258398,0.905366916617014,0.7682314978269992,-0.7032926579697087,0.0151972952761211,0.0821265135128106,0.7034568363004281,0.0002309577837096,-0.7492183111364473,-0.6670917976236367,145.98119855865315,43064.45357480267,2.9131712909410115,3.983602161574535,0.0581337094918401,0.3269779048672466,10.461673153788505,1.5996656634467152,6.07269615114934,-3.135107881987996,0.9088926747593222,0.6555574547102779,-0.7881361400742306,0.0236260947316229,0.0936942549683573,0.7884901823379761,0.0005581923522676,-0.8392451048558621,-0.7455508498875048,183.4064464547956,54104.9017041647,0.8276598062255378,1.9478341739285672,0.0133701094858315,0.4702308107267907,10.707097607488723,5.2371774099695925,38.18139785160829,-0.5177557450148332,0.9128933306072908,0.7705310593457346,1.0895749555807954,0.0250008125617068,0.1243506002399035,1.0898617455703443,0.0006250406287455,1.0285562391296907,1.1529068393695945,350.40059421500314,103368.1752934259,1.971426891743023,3.369379006808187,0.0417151203205249,0.3723923743007098,10.791795065169255,2.590757169725735,11.707533394366106,-2.266873924055984,0.8591091933228298,0.7864174203783186,0.0458713793135953,0.0517314176829889,0.3485566817762961,0.0691398800665983,0.0026761395754918,-0.1164723325399385,0.2320843492363575,1.410195289608965,416.00761043464456,2.276152243426049,3.178073759474093,0.0218011824525622,0.2991167693923086,9.220183487089194,1.7902517067957586,5.891186084431728,-3.6980489846905273,0.8625402810118444,0.658174730827172,0.0583375075243809,0.0245826549959872,0.1439580338782827,0.0633053845325098,0.0006043069266517,-0.0199867309098442,0.1239713029684385,1.182233654688637,348.75892813314795,1.8272884371786,2.233842633392244,0.0219687518248692,0.1803475277542803,8.593328860570647,3.0830588384471262,17.06323133907536,-6.575194969060637,0.8472069818137747,0.7894906628169206,-0.0325485400348987,0.0335991897082894,0.2031982923240571,0.0467794079425662,0.0011289055490536,-0.1201584286673654,0.0830398636566917,0.6455523371998247,190.4379394739483,5.214704187739579,3.858253762147864,0.0579615829142246,0.1177172804414351,9.555526133472805,0.7213547287369789,3.3727701799597165,-8.74767491385198,0.8965115895289703,0.7995613282632618,0.0996969393496006,0.0321982611054017,0.2095017132679533,0.1047673982395744,0.0010367280182116,0.0495030845313887,0.2590047977993421,3.2379812814974267,955.204478041741,4.756940614802351,4.958123497984901,0.1588098919846746,0.1269786967339297,10.70436506478982,1.6504473528642871,5.799452288996162,-8.372938742025259,void,6
0.9267811677146808,0.8352187469493612,0.1908784954881374,0.0357431017747054,0.3107307526289559,0.1941962135683697,0.0012775693244769,0.0789872934001319,0.3897180460290878,11.125089962466104,3281.9015389275,3.9852377766977,4.6669013139569,0.1303988605651466,0.2648783981922635,10.760543037084805,1.5124665229429062,5.669356545457277,-4.433126093071155,0.9143011167885916,0.7741197796533464,-0.7254925199004236,0.0108769106451161,0.0636553297778079,0.7255740510910299,0.0001183071851818,-0.7582808148718266,-0.6946254850940187,155.3050225669113,45814.98165723884,4.26407150942866,4.510302415595879,0.1142867203052302,0.2319838905949915,10.981557210903365,1.4278164924872596,6.42701987730277,-5.19912166138622,0.9075201046657289,0.6829949873760801,-0.8276654947274102,0.013617096442071,0.0591575116665467,0.8277775042110539,0.0001854253155126,-0.8550020768567416,-0.7958445651901949,202.138600960975,59630.88728348764,1.6302602221171032,3.222131472085633,0.0399446256579682,0.427155706895928,10.837134350655834,3.05890211386309,14.290641939391278,-1.2745026190675568,0.92190413528718,0.739380100249901,1.1176435146709311,0.0160761802935213,0.0930358826529582,1.1177591285508794,0.0002584435728298,1.0737959211007724,1.1668318037537306,368.5687134903524,108727.77047965398,3.0536008011129976,4.029930607949519,0.0830548834804384,0.2658886160368379,11.031582473779803,2.023227663308247,8.974232765766995,-4.410620526508604,0.8187513598978416,0.7565506512872541,0.0277002715810639,0.0425495329188246,0.2666001252938802,0.0507717224178463,0.0018104627516101,-0.1090986018694348,0.1575015234244454,0.7604415001960785,224.3302425578432,3.931776972064996,4.074162836747945,0.0404681209190006,0.2151454319372838,9.097027674047842,0.8461541750088936,3.001814777899087,-5.620570331416981,0.7899856137465144,0.6402351295474694,0.0609460469686499,0.0256362894634503,0.1393917616563832,0.0661183785233629,0.0006572193374538,0.0152439629358122,0.1546357245921954,1.2896337936748177,380.4419691340712,1.970984423845337,2.4506211150954758,0.0223633634457193,0.2200269975705453,8.719750461479864,3.171732124536056,16.25284485318477,-5.496035200066634,0.8706745461302621,0.7858950627126937,-0.0335838647683831,0.0354850888912514,0.2511881867312475,0.0488576248542748,0.00125919153362,-0.1364192588660135,0.114768927865234,0.7041849143883128,207.7345497445523,5.342942307423471,4.152656070608434,0.0630523773948019,0.1090814421048101,9.62167240801065,0.705436138562449,3.1600544040685112,-9.120870569610483,0.8591001937286369,0.8211393733040477,0.0910702454148688,0.0322906438819384,0.1990448981876846,0.0966254380700786,0.0010426856823101,0.0293688909206915,0.2284137891083762,2.754260208259209,812.5067614364666,4.085234105666356,4.461064288031016,0.1319448563513172,0.205550552477763,11.560642994788068,1.8350171108936963,7.457774419277828,-5.87147567952997,void,6
0.9391777362100344,0.7938459087548727,0.1790906182644083,0.025288824621076,0.1370111914154313,0.1808672833904561,0.0006395246507155,0.1037774606786665,0.2407886520940978,9.650327389307858,2846.84657984582,5.021977794225691,4.970326818147918,0.1478202672225486,0.2237338496718428,11.694948838915908,1.0230794817927114,4.105874865469507,-5.402788811701268,0.9083372000676772,0.7356597084771144,-0.725475914344129,0.016951838470307,0.0970124404836073,0.7256739399489093,0.0002873648275233,-0.7668072517818827,-0.6697948112982753,155.34778680068712,45827.59710620271,2.5449372534134835,3.981039087097946,0.0743225698301787,0.4270609697612436,10.77510491103342,2.3029616513939244,9.493560667767264,-1.276183966685606,0.8984972862786953,0.5103623089631043,-0.8289124250535391,0.0263383409299212,0.1114642799393974,0.829330764297985,0.0006937082029407,-0.8830264150668299,-0.7715621351274324,202.8979074002686,59854.88268307923,1.0393720966888558,2.29776147107871,0.0192545941994337,0.5756961788010407,10.199362738069576,4.519896207831805,28.045020903913628,1.3251644999546386,0.9083005089582185,0.5904408541797612,1.1162782861912843,0.032061592458046,0.1489488350507961,1.116738625611695,0.0010279457109458,1.0401608940428737,1.1891097290936696,367.8960215902636,108529.32636912774,1.2697747541117106,2.6083528191867207,0.0284576117002397,0.5437870205648224,10.483793477082626,4.078085613208709,24.968601973042677,0.7626122972853868,0.8153770692476393,0.6126723824068694,0.020406893334888,0.0631016001735724,0.3263506176538778,0.0663193278015308,0.0039818119444654,-0.1399494488685733,0.1864011687853045,1.297484705813836,382.7579882150816,1.6015772821136216,2.9452343488856227,0.0207279270506385,0.4883960805469761,9.21849363203203,2.5878874802411715,9.651626481528362,-0.2016168644273944,0.8586875843144759,0.6370594935853775,0.0566055563971218,0.0196024908946171,0.0920067701710183,0.0599036448331926,0.0003842576492735,0.0127574209319193,0.1047641911029376,1.058591765968881,312.28457096081985,2.3497034452439154,2.8348021750264496,0.0340165014273953,0.1855873250048985,9.295494213152107,2.688577245494144,13.149669254149504,-6.42296017436443,0.8868865491545064,0.6899778233149316,-0.0271488601479039,0.0414873470185412,0.2202080060020821,0.0495808488225777,0.0017211999626368,-0.1516924320652016,0.0685155739368805,0.7251868681403573,213.9301261014053,2.790907038854444,3.7223442131675055,0.043086859690798,0.2959836338078148,9.808714707795826,1.61493125814916,5.258754286543809,-3.763150371191488,0.846186859110403,0.7272030924062584,0.0984424748745651,0.0274597817705478,0.1670290162875818,0.1022005894029751,0.0007540396148861,0.0335375210299324,0.2005665373175142,3.0812633399230744,908.9726852773068,3.571563005244609,4.031945541129951,0.0965475157030007,0.1914439884826555,10.670610937169418,1.680909998127088,6.7172011826626985,-6.2566830053004985,void,6
0.9484125173116996,0.7795053742528438,0.2550551159439118,0.0378854603753169,0.1989608764635205,0.2578534860672083,0.0014353081078497,0.1508568591797554,0.3498177356432759,19.614083981718547,5786.154774606973,4.6463925695750286,5.225205681328324,0.1697132094683592,0.1878498955077497,12.254062353281212,1.6907107903676752,5.7631872195466265,-6.358252621650584,0.9199721466249072,0.7200628312356578,-0.7077383561661309,0.0204338068254663,0.1275541630041677,0.7080332769369797,0.0004175404613804,-0.7628426586307816,-0.6352884956266138,147.88678076878475,43626.6003267915,1.757001897446708,3.2998145185228624,0.0564010233352786,0.4251364428259913,10.998832676500452,3.353815495892716,16.96741302019518,-1.3103639666194624,0.8967477214079075,0.5591719977804815,-0.7986363694909343,0.03025314934039,0.159667900868311,0.7992091739455148,0.0009152530450119,-0.8677347251262805,-0.7080668242579694,188.42691459700828,55585.93980611746,0.8839694802499535,1.9184039250498348,0.0154078131679107,0.4900061736534418,10.062905022134755,5.536657126368584,41.18974437954702,-0.1736335045292744,0.9062444542348465,0.6555350713505543,1.0978895584349075,0.0342543825722513,0.1908351784397354,1.0984238003820757,0.0011733627254061,0.9893969451199552,1.1802321235596906,355.9277793475116,104998.69490751586,1.1861861026067102,2.458025848119652,0.0280579237580479,0.4572393322619563,10.40093285329958,4.39780486228689,27.65685400465803,-0.7446477173434842,0.8594102820966465,0.5308500965916941,0.0291138570425046,0.0836243650535724,0.4383520080484997,0.0885474511349962,0.0069930344306131,-0.2668871809228689,0.1714648271256307,2.3129920752388435,682.3326621954589,0.9753464597248572,1.8528386080041903,0.0141264606288834,0.4809303882051035,8.847972233748925,5.307510435366718,38.91720073060072,-0.3314338255873812,0.8361957909226325,0.4970746025200497,0.0508528160587608,0.0421037337019891,0.2013231251221904,0.06602070351605,0.001772724391648,-0.0892754637497555,0.1120476613724348,1.2858263213624834,379.3187648019327,1.046862579475725,1.7204893335989295,0.0132810712702703,0.4389152697028503,8.382832938900336,6.049485958603444,58.24372243679201,-1.0664774540415325,0.9070730705607944,0.7527310647815615,-0.0233071066194967,0.0326039918175077,0.1999249526773734,0.0400779428290512,0.0010630202824361,-0.1484374937220176,0.0514874589553557,0.4738412429155663,139.78316666009204,3.350336274009244,3.910126320126316,0.0651642737518464,0.3140139020158438,10.0453481824513,1.575908745541223,5.9302655474181885,-3.393664066876718,0.8502618459856502,0.71721210971263,0.1107091032343458,0.0393588663164271,0.2587743663672101,0.1174973442111243,0.0015491203577143,0.0219846262109581,0.2807589925781683,4.0726596395168935,1201.434593657483,2.889359252393051,3.2729097566619862,0.0629697625761522,0.2577749540503407,9.021443002693758,2.3545626180406254,10.124592576380993,-4.592948589547655,void,6
0.945104493369866,0.8049848261558137,0.2785940094237947,0.0419113804849639,0.2142082162526024,0.2817289227271152,0.0017565638141554,0.1621659044868836,0.3763741207394861,23.414499840789357,6907.277453032862,7.875479405169244,5.047391385612016,0.1840402333993022,0.1369941806764602,11.73047377591844,0.2191500554039694,3.5359746338966587,-7.993114816820299,0.9309753308235388,0.7447084049894459,-0.7389753983301715,0.0258322177215524,0.0986563205406442,0.7394267663600292,0.0006673034724136,-0.7956593968171918,-0.6970030762765476,161.29182312884652,47581.08782300973,3.345740371168648,4.425027006741842,0.0920383886529667,0.262399507635859,11.94909088292791,1.8038678103632089,6.207018733048584,-4.488580487602148,0.9335883739921804,0.5102381414562361,-0.8536884287422698,0.0436592908468881,0.1442966073512515,0.8548041103350513,0.0019061336772531,-0.9419400592940184,-0.7976434519427668,215.5535697784811,63588.303084651896,1.5604248370427831,2.9135783095867134,0.0402334977854042,0.3648766994962731,11.265490670269566,3.7225430378495257,19.379977287885147,-2.407118620801111,0.931035552433852,0.6393810746591276,1.1640791072375998,0.041629651082384,0.156300359228187,1.1648232465727704,0.001733027849241,1.0973423663467758,1.253642725574963,400.25989274811695,118076.66836069444,2.1651848860488982,3.695233641137826,0.0644702606188674,0.3377149609875532,11.971685668143556,2.8068705975001897,11.615031142485629,-2.9249460158248675,0.8483887971918347,0.5533507769433852,0.0371232745557396,0.0784081554875899,0.3634399517722481,0.0867523853315106,0.006147838846966,-0.1868089922285824,0.1766309595436656,2.220163026408536,654.9480927905182,1.293977899325538,1.9226076487969128,0.0186195685427058,0.325009437144533,9.282577720577148,4.5928372664614345,35.073136421519706,-3.174017243646195,0.8715783483166865,0.5636350263263147,0.0628958273882122,0.0302729033898576,0.1846540829065706,0.0698021044274414,0.0009164486796516,-0.0632095757712478,0.1214445071353227,1.4373384658373352,424.0148474220136,1.1654883446385944,1.8750585119261023,0.0139995115485306,0.3135889983932191,9.271158770963682,4.5064716145366335,30.11016410863301,-3.4022339813683287,0.8872520396186312,0.6820707115513098,-0.0355050105983676,0.0316144319980515,0.172997690943645,0.0475402785872109,0.0009994723105594,-0.1334811150593699,0.0395165758842751,0.66672303600414,196.68329562122133,1.9266092102601071,3.1185614993621864,0.0467960663768359,0.2545409211918576,10.294233225691745,3.050981201208053,14.982052975149797,-4.666661709219713,0.8811279957859779,0.6401267374120329,0.1148321549065177,0.0383661886415823,0.1583414704559789,0.1210718308747165,0.0014719644308814,0.0523796466280396,0.2107211170840186,4.324224528250011,1275.6462358337526,3.3276156611737684,3.2929995032067247,0.0770115273601719,0.1250539629054902,9.71948658809278,2.210261455161247,10.594397733465993,-8.448837348375601,non-void,6
0.8321154352266801,0.6287220788777096,0.561579850726758,1.2929784394546278,8.176578308813506,1.4096684623119056,1.6717932448945243,-3.534156478764355,4.642421830049151,586.2137262228597,172933.0492357436,2.285520842233362,2.643617349182831,0.0311150856045144,0.2909206429968977,7.427883531117755,2.1455101178745304,11.46607192146984,-3.869203031832439,0.8432225480613298,0.5131489384487213,-0.0337168718944281,0.6720248088829743,2.4925151861433736,0.6728700997997633,0.4516173437541982,-0.7648876915136592,1.7276274946297143,133.56248050534032,39400.93174907539,0.5511496697075056,1.2717511605344658,0.0060606304730709,0.7567649188775343,7.749451977892193,7.245834458181105,74.52651911176214,4.929347793042044,0.7788807209177593,0.5481080336467152,0.0380079092945111,0.7158071788805141,2.450095246727249,0.7168155400839327,0.5123799173368804,-0.8833918250464415,1.5667034216808078,151.57823295921693,44715.57872296902,0.4476883970476261,0.7679548843605417,0.0016203390709394,0.6790201423603778,7.191807956420488,9.993212530297706,151.4288916663858,3.2540487730723013,0.8221457262334348,0.7054820795466326,1.4967150622931131,0.8447413128597997,4.519519978737232,1.718645938914463,0.7135878856520981,0.31925501726333,4.838774996000562,871.354439687417,257049.55970778788,1.7999538438927192,2.469613036803937,0.0239996312781862,0.3844729693091006,8.65599448971824,2.574446571679919,13.527296168271045,-2.043813176012544,0.762762003702323,0.4152902085342058,0.4086145621153846,1.7519715705628511,8.68930683350115,1.7989914520178272,3.0694043840604635,-4.252723159228636,4.436583674272512,954.7292221077972,281645.1205218001,0.7644819993103787,0.8812586498065885,0.0021473038232185,0.3625466791723115,6.187581341121672,6.422926940800099,84.36297752055494,-2.4508445643971064,0.7128784150148714,0.4736449457845525,-1.3338405561638935,1.9975516723665645,9.183581574420693,2.401945734824595,3.9902126837744585,-8.493157339802949,0.6904242346177432,1701.9562773474088,502077.1018174855,0.5689084052200976,1.0099250951677172,0.0009340534417475,0.7184483564908068,5.549184826337905,4.717507732134364,34.47449560960792,4.068374888525143,0.7660071530747088,0.3560160645002778,0.2042235870964874,2.197786240977736,14.292544557526297,2.2072543203168955,4.830264361031045,-8.53132215107076,5.761222406455533,1437.2316321944918,423983.3314973752,0.7127081278937896,1.1838290915964107,0.0034739958327864,0.4895584214784454,6.152621965419766,5.785073288642487,50.94988614811604,-0.1814151722706717,0.7631509094541021,0.4624279538302591,2.4867381876617274,2.7737733105028144,12.652936096280992,3.725276525579393,7.693818378057743,0.1018780054647552,12.754814101745747,4093.9171316496977,1207705.553836661,0.4717667885375279,0.802368547750181,0.0016009160512109,0.7640423540098618,5.133767581180991,7.138870248381427,97.92158693005928,5.102833791611399,non-void,6
0.8757252102926835,0.6165273228358841,-0.2285473362977847,1.0092140600646586,7.743489964925287,1.0347690099539149,1.0185130190321925,-3.776533406074967,3.96695655885032,315.87033666849646,93181.74931720649,2.8822957941528564,3.317958830995173,0.0419492880855657,0.1566649281777113,8.108632348512886,1.7773832904572224,7.466636841219451,-7.310283771508446,0.8574428059540347,0.444773475608685,1.1628395738616233,0.5503885839503403,2.3339169636889627,1.2865160192867957,0.3029275933428607,-0.3640725807204277,1.9698443829685357,488.2614230250551,144037.11979239128,0.4193325422917938,1.1078741027784578,0.0063470634466214,0.7553706946933598,11.107167756873393,14.21225733740513,258.7349226823793,4.896516500651904,0.8379190560300847,0.3717362043286685,1.2781541885251675,0.5361631144969538,2.1561355993780764,1.3860551991141996,0.2874708853470735,-0.2081328831804034,1.9480027161976727,566.7389594224935,167187.9930296356,0.3795325132709469,0.8427677051000735,0.0025048121349909,0.7796048383774524,9.108325406067769,13.618194999256334,246.9022896549371,5.486724697890011,0.8248208634914523,0.8007003989447886,2.0715873366728528,0.5962761888342742,3.448482422195529,2.1556946413706304,0.355545293370727,0.6354303367195221,4.083912758915052,1370.8707191160452,404406.8621392336,1.7914530142943903,3.36524500660226,0.0645606309554855,0.5317543799613719,9.75485261856706,2.942742798305634,13.897419561036504,0.5523735243112692,0.8276370240851297,0.3671127025489004,-0.0495320413160451,1.088630354920935,5.4891829158123695,1.0897566117130078,1.1851160496552808,-4.103831080004093,1.3853518358082768,350.3329944678036,103348.23336800204,0.596714735785973,0.9988291006487484,0.0047639119528451,0.401295587402303,8.471857608462072,10.556961660375828,160.78598539086167,-1.7374807464664452,0.8370731842612242,0.4915789292117597,-0.1909024617242304,0.9421148308443584,5.023091458575976,0.9612617252284964,0.887580354496894,-4.204332668459694,0.8187587901162829,272.5871107948332,80413.1976844758,0.8698355183634716,1.3723052153972977,0.003857482140181,0.4793778635341497,6.722434357695508,4.590949454414399,30.771394172451338,-0.3584465436976862,0.8211494362566204,0.7071886541084521,-0.0056107514789084,0.5004963903197733,3.724702012380402,0.5005278386416494,0.2504966367231229,-1.5626948999362027,2.1620071124442,73.90579459030789,21802.20940414083,2.450316783032708,2.9888333710514505,0.029840755653912,0.2449458249016869,7.954993625447659,1.915340694830308,7.058696548863438,-4.889080710948461,0.8127793309569428,0.3440570836638434,1.04213979282077,1.129631066603714,4.770241876446055,1.5369195471516266,1.2760663466362443,0.0865298547754809,4.856771731221536,696.8258998529445,205563.64045661865,0.4295331796023919,0.7731653007689666,0.0023949509359501,0.7326070795080358,8.190228044709533,12.85435813447732,253.20803350449643,4.377212064776278,non-void,6
0.8725294694569407,0.75326668536141,-0.582325659384541,0.2203376782861791,1.2763432287845362,0.6226169496971505,0.0485486924725437,-1.170084209399763,0.1062590193847731,114.35730048480433,33735.40364301727,2.784619347563461,3.203818230458301,0.0427305566146644,0.2521108352286445,8.174708939019437,2.048629273954083,8.470251623319214,-4.7224572902966,0.8278206892665357,0.7310419751982049,0.3951155666243518,0.0833156178402219,0.4541812389071593,0.4038041643730046,0.0069414921760979,0.1552186326549902,0.6093998715621496,48.102051933669244,14190.105320432423,2.3120122981630127,2.6575249117034057,0.0251100878563725,0.1992255424199878,7.69022115866069,2.0315890149432336,9.82171319174138,-6.041651836186745,0.8461737258551921,0.6789004566686709,0.6087812366284807,0.0786864800602693,0.4070281799856903,0.6138453846166617,0.0061915621442751,0.4302541671790787,0.837282347164769,111.15781608347731,32791.55574462581,1.671681023335056,2.367270849182446,0.0212398082360896,0.2525712178771749,8.547701703502245,2.9315753944421976,15.069924796074892,-4.71185948878734,0.8280753226799232,0.7536946769012697,0.9455370952795368,0.1829629112161211,0.8601712086338804,0.9630762303319204,0.0334754268806782,0.5474826951427816,1.407653903776662,273.6171685019509,80717.06470807552,2.059648010856494,2.856973828941086,0.0345316907271517,0.2629546013228102,8.735493131677247,2.7316744717957766,12.36666124445267,-4.476134629576059,0.7937681479457892,0.6687257199306567,-0.0225907611854439,0.2321171497404417,1.1677848204681474,0.2332138797210929,0.0538783712036266,-0.5411739054697438,0.6266109149984035,16.0446705398965,4733.177809269468,1.7721926472061325,2.1956016686439117,0.010019398925816,0.2692573586665294,7.433890348614627,2.5585261262108827,11.31392533118989,-4.335968686869737,0.747821603093982,0.6376757923620805,0.1731071219507699,0.318034723527279,1.352529618368297,0.3620941328427616,0.1011460853690728,-0.700418531082324,0.6521110872859732,38.6780875065497,11410.03581443216,1.0066874783291504,1.3496994616351918,0.0016676339382809,0.5298326008395232,5.358737792283916,2.5846387869244523,13.258928601700989,0.5188616495390488,0.780031838567263,0.7205253832583355,-0.0504376265998108,0.2813481927547688,1.8742413901109327,0.2858334475588825,0.0791568055663745,-0.567080156762388,1.3071612333485452,24.101724124301963,7110.00861666908,2.778608011170083,2.220399479463122,0.0092788164712296,0.1046291435733632,6.943985512281096,1.2540771242558713,5.535020939093266,-9.323502827573138,0.8408081954566359,0.6475226665475526,0.4654262196481972,0.2249001301491409,1.2391117424585136,0.5169155003258389,0.0505800685411005,0.0873499356961288,1.3264616781546423,78.82448217074815,23253.222240370706,1.9640163754016156,2.424917910950574,0.0199644977338462,0.2279382274697916,8.855802148845896,2.7826755592944465,13.194180360397995,-5.298348820424015,non-void,6
0.7968573126674255,0.713756142014727,-0.4509999486849047,0.3300716273593657,1.8415172263017892,0.5588812332700452,0.10894727918766,-1.5136958933422184,0.3278213329595709,92.14272870592676,27182.104968248404,3.2593739777137154,3.0018734722435387,0.0251023046160439,0.2447556557919681,8.137232907335969,1.1460146002248155,5.674045089431316,-4.893547447689668,0.8313373730020343,0.7197885412631195,0.4627310874212323,0.196618879956934,0.9353793502832848,0.5027713627699527,0.0386589839555192,0.0229085292950739,0.9582878795783588,74.56981775035885,21998.096236355854,1.949873708797089,2.721359664431394,0.0332575907027063,0.516377041951406,8.577231807884939,2.5093704547557363,13.945307384054775,0.2846001853504635,0.8859933063034138,0.7047489298591675,0.6766685801779726,0.1847284085715287,0.8037671803376265,0.701430646845034,0.0341245849333696,0.2733540512269832,1.0771212315646097,145.14146093836564,42816.73097681785,0.9643481455470804,2.1330218345105694,0.0158777158964208,0.7484474833741701,9.602605787573523,4.431409109449764,27.945449719615272,4.73532668225297,0.8651289439392416,0.7591663674562464,0.9852649948153244,0.2939134540098568,1.5988404828029283,1.0281693578669056,0.0863851184480042,0.3546214976211993,1.953461980424128,311.85400739465126,91996.93218142218,2.768007252547495,3.171677232620788,0.0347738301584633,0.3447323671856697,9.149800119718794,1.4329110729436116,6.295878104561347,-2.789366531568894,0.8339032678574138,0.656732084113102,0.1061156431253583,0.4309396880511141,2.949828849842689,0.4438125104742992,0.1857090147375916,-1.750666677094439,1.1991621727482502,58.1060156137825,17141.274606065836,2.8254767683019937,2.698528858965573,0.0246117848959272,0.143060181689338,7.713549093026026,1.6808862192268703,7.097504928863089,-7.774315490217881,0.6800647575662504,0.6027620249446345,-0.045491458554089,0.6146633889647191,2.962932517694598,0.6163445096169609,0.3778110817335935,-1.8996116854287572,1.0633208322658412,112.06476358781671,33059.105258405936,0.6049160001184162,1.1580226066346069,0.001846094599449,0.73678118894718,5.372270591401113,4.604576813840966,31.6195509694101,4.470216061650896,0.7541160528708548,0.6647141775144951,0.045605647565675,0.561462830215934,2.8960079355950112,0.5633119782180842,0.3152405097140868,-1.0296264865749694,1.8663814490200417,93.60951351717156,27614.806487565613,2.081253163839212,2.0103496414006545,0.006738226092965,0.2465454038198654,6.45655322190038,1.6413081556665792,7.887969225540711,-4.851601755578211,0.8270378529884926,0.637928411612967,0.8111979860088281,0.485930356417115,2.52694774653635,0.9456058818516536,0.2361283112876644,0.1343968329565743,2.6613445794929245,263.7802927187708,77815.18635203739,1.2865377404986844,2.465529327894416,0.0239914921690198,0.5087899782794134,8.716190740658329,3.5819164006565867,18.075867634062813,0.152713298219027,non-void,6
0.8039075039186634,0.5207168163567709,-0.0206988395736475,1.523157028268653,8.599343447587902,1.5232976645173095,2.3200073327641944,-4.64828126054285,3.951062187045052,684.5285535435476,201935.92329534653,1.3615365115207996,1.7914330602150648,0.0073487516789327,0.1898244582986525,7.316566367978961,3.446844934289628,17.22030131632507,-6.302269589475964,0.8308520267536964,0.6705556906495528,0.3645681811941785,0.409567906819431,2.043207684866559,0.5483209179264289,0.1677458702964501,-0.6335468104328452,1.4096608744337134,88.69346956552607,26164.573521830192,2.056207132695891,2.950890569233797,0.02202808377705,0.3256765626117631,7.919769583496767,1.9613851313094,7.171085016566883,-3.1608174858808207,0.8379316725957824,0.5795539855403635,0.5494256389095329,0.413681238480613,1.980147331525377,0.6877504632946475,0.1711321670708538,-0.4005057157174769,1.5796416158079,139.53520642979066,41162.885896788255,0.8270563598159153,1.7520278103869626,0.0077492940645856,0.490870204845207,8.12619991941997,4.708459306074522,30.082776763243757,-0.1586184129819334,0.8632379826483103,0.7352724694690913,1.439526187896597,1.0108692585500192,4.435873028934889,1.759003213050384,1.0218566578814654,0.2670588037836562,4.702931832718545,912.7572295388644,269263.38271396497,1.554348384890341,2.397370419379659,0.0355905249463167,0.4339682772186644,9.463491358961589,3.4550496097764447,22.12936716764252,-1.1538278747795578,0.8117032341048833,0.6276155940725967,-0.514295665610168,1.100078884916422,5.717522695619029,1.214361389663046,1.2101735530389583,-4.125551572501652,1.5919711231173763,435.0287074877875,128333.46870889729,1.4622843409120878,2.202296797063036,0.010631060471627,0.2723842430646062,7.600613560504641,2.795525641044026,12.166843717775516,-4.267201145123036,0.730561600940223,0.519770851374043,0.855951032049985,1.908595485555235,8.917643225789163,2.091743028373528,3.642736727481823,-2.311062321456041,6.606580904333123,1290.739724541031,380768.2187396041,0.7555484943686067,1.0668878713408043,0.0006404181544756,0.4215449612573784,5.849373477156246,4.505262893541574,30.71624535321085,-1.3742570589237135,0.7849688089012671,0.5229266231591803,0.2467617718823057,1.5841365005271313,9.674902683107614,1.603240413776063,2.509488452302346,-4.3773227205454805,5.297579962562134,758.2620481876281,223687.30421535036,1.434474395724679,1.7116173770595036,0.0042554983432517,0.1785643792723768,7.3472511041610415,3.319126056191682,17.562812866050653,-6.627787032275388,0.7955063502112318,0.6480220654148743,2.0851034575153946,2.018114436119966,8.424068927660889,2.901799839034123,4.072785877275809,0.0987085428318645,8.522777470492754,2484.030480216446,732788.9916638518,1.0277808046023962,1.712703504863228,0.0057078067194054,0.5337084557023205,7.561395705933352,3.543672418483103,19.4006045449578,0.5864654346496944,non-void,6
0.8285603410664892,0.6265393895858614,-0.8824566360486752,2.161428251867908,7.609492424161793,2.3346309777948004,4.671772087972761,-5.240649262197969,2.3688431619638246,1607.8980317313362,474329.9193607442,0.5829425272107712,1.2325973924245934,0.002754212955189,0.6362848423793308,8.186852366885937,5.954785019964045,47.59421795609677,2.428901771650118,0.8576882734966847,0.4576367734811448,2.190754887791264,1.2796354450926424,3.477941985318203,2.5370994956285733,1.6374668723374448,0.6213661954980201,4.099308180816223,1898.8777859620343,560168.9468588005,0.3549624134705721,0.6448964367580308,0.0019933039287753,0.7779801529183838,10.37776862500783,15.528965981522475,377.563403724534,5.445767186483753,0.837109188559067,0.5896829810980251,1.94699332743464,0.9089567475324006,3.019621969873556,2.148717148895985,0.8262023688846802,0.8349827067653719,3.854604676638928,1362.0106888581088,401793.1532131418,0.3654008391081103,0.6848355847941628,0.0012768798275615,0.7806984071956693,8.090018228494932,12.180223269742172,208.35302118156017,5.514415073273362,0.8422114909861275,0.6185956467224835,3.625528239648372,1.8330046433846632,5.70684731275527,4.062555973664554,3.359906022669736,1.4131720160264645,7.120019328781734,4868.786506551478,1436292.0194326867,0.5403586259176751,1.182350000323685,0.0027501201470506,0.7408355456725214,8.290415706821031,6.062067486759175,49.42342211179619,4.561463761840071,0.7832252039689258,0.5406266822214126,-0.2567793773451726,1.603073181928976,6.688645314645397,1.6235083231230032,2.569843626619892,-4.110282194802732,2.578363119842665,777.5548861986515,229378.69142860212,0.6377025273543713,0.8723454510269825,0.0018494253665395,0.3759435043143475,6.650604748245409,7.106132846043527,81.81837635965309,-2.201013226975664,0.7165969780282723,0.4767129949752589,-0.0011311932084777,1.1567830380590145,6.555789128092689,1.1567835911436148,1.3381469971410431,-4.0065700567660425,2.5492190713266463,394.7537416380398,116452.35378322174,0.9299713981136496,0.8601275354951754,0.0008812336687849,0.2993157624643019,4.93498008706443,5.336739106795892,51.79002865611243,-3.6939275966954335,0.7029078149455683,0.5567264587812419,0.0836369715737121,2.0125917878073345,8.899676111709942,2.014328882621591,4.050525704349523,-4.337268693487065,4.562407418222877,1196.968649972246,353105.75174181245,0.9011423528055204,1.1869243378206948,0.0027098989438626,0.3264990790019602,5.932200334418863,4.5184965578567295,37.23108919212571,-3.1445623339763755,0.8018278511038397,0.5936912757835745,2.292373556607822,1.666274850172544,5.617649306928132,2.8339810160536234,2.7764718763175336,0.4671008293416917,6.084750136269824,2369.277277808937,698936.7969536365,0.6793667210145431,1.025940327124954,0.0023281612382092,0.3850822742536713,8.039027530204141,6.07988650871404,58.6137044440388,-2.032634842355778,non-void,6
0.8638410646849114,0.8053483872035673,0.1196159599272038,0.6164103343199673,4.180642930283464,0.6279089728023961,0.3799617002564538,-2.15116358935554,2.0294793409279244,116.30955504709928,34311.31873889428,3.52201398802248,3.4090445562735847,0.0583832385803724,0.1769137824527246,10.767691763032309,1.296837294043517,6.468500628324568,-6.676836615288235,0.8679672739529959,0.7202877364590184,0.1804257822776897,0.8815390617669531,3.925829221362065,0.8998136364445009,0.77711111742096,-1.1172891772760514,2.8085400440860138,238.85105119778552,70461.06010334674,2.231613846617324,2.8918685143962484,0.0415868099947731,0.3041628768675284,9.943926703261129,3.073296629285095,16.14711521146658,-3.5940138731925364,0.8654301826589836,0.5533663118207925,0.2607359504178975,0.8733662596913265,3.4255134500025304,0.9114559009669868,0.7627686235672175,-0.996925906638671,2.4285875433638595,245.07179852522484,72296.18056494134,1.2251894837739288,2.273163849454692,0.0164498609573813,0.7527923226387381,9.666893309700338,3.853904640585317,21.5981939026971,4.836132272007221,0.931668234187044,0.7721225952046156,1.171613983570203,0.8136379977407265,3.744002104691506,1.426424241894668,0.6620067913675385,0.0471319949452178,3.7911340996367247,600.2324047701096,177068.55940718233,2.2346903805401066,3.731396096214855,0.0719072392346271,0.3056269577598172,12.073263481800296,2.7056539391454075,11.49230426521152,-3.5640119324423547,0.8202487298237157,0.4784245906953629,0.73202281314394,1.613810537916047,7.154231424174789,1.772072755631678,2.604384452288881,-3.270292081358189,3.8839393428166,926.3713461193544,273279.5471052095,0.8769949997104095,1.112730045652793,0.0052524086629297,0.2581735700407275,9.626663271310289,7.542983724130046,92.31554037303896,-4.58390522148693,0.7992856421329174,0.5796776171702072,0.3419767418164435,0.6301173765629509,3.3193742049537955,0.7169351436426912,0.3970479082465756,-1.2151101692150554,2.10426403573874,151.62882005604004,44730.50191653181,1.422174613403012,1.930872836258587,0.0086104670302415,0.2214081408112644,8.578156530844678,3.2978865969692537,17.056049266972355,-5.461162732393252,0.8028640999476706,0.7560604297866018,0.0881780841201941,1.0030081441537484,7.396839290709018,1.006876711299777,1.0060253372387464,-3.777231221402718,3.6196080693063,299.0712099685671,88226.0069407273,2.2172856109583323,2.497344324559265,0.0311771055400485,0.199562138989378,10.595042943793658,2.7229326045634883,13.831620624331263,-6.032494724401714,0.8652308926054797,0.6542625875263339,1.8986387590008864,1.0311204711475,4.309287103825228,2.160564408482161,1.0632094260194425,0.233388775870712,4.54267587969594,1377.0713761439615,406236.0559624686,1.7125795118216554,2.24490697766477,0.0208029788388937,0.2779389544424601,11.87717113343215,3.6706050461477866,21.679851804518183,-4.146244964045144,non-void,6
0.8851121100089457,0.6773413610280229,0.3487437168726891,0.1318034836852787,0.8659822382951331,0.3728194447312987,0.0173721583115755,0.0233662195988834,0.8893484578940166,41.00332981907741,12095.982296627824,1.7642835534978052,2.931158793683894,0.0341837316085504,0.2481122307340611,8.911632568909438,3.323801424356225,17.69193819840922,-4.815048439036071,0.8920110735709426,0.8145314454592308,-0.6712898795996366,0.0224867851886057,0.1372542797486893,0.6716664037757234,0.0005056555081185,-0.7513498522776088,-0.6140955725289194,133.08504859849887,39260.08933655716,5.294082791606144,4.3914421209580246,0.1116971233789118,0.1101111469192746,10.200535492391566,1.0892407994604845,4.798722594986529,-9.07504229309724,0.8910236899218756,0.7630275391561261,-0.709906073317,0.0261167607201579,0.1202590449853613,0.7103863161146023,0.0006820851905139,-0.7747113907743342,-0.6544523457889728,148.87137184624834,43917.05469464327,2.935228491228962,3.896190526791336,0.0443306837183113,0.2732293940050407,10.260768162566077,1.8953551624021792,6.7727271349605,-4.248698530444997,0.8689928604308161,0.688436878724353,1.0449237629791523,0.0539735492174743,0.3701435835932899,1.0463167849430892,0.0029131440151311,0.9412559848409228,1.3113995684342126,322.9597502638246,95273.12632782829,1.7419099552538686,2.847691840785559,0.0403923203007931,0.3072371067528833,9.750933040250723,3.6740100759119576,20.945859025777796,-3.5311093615344564,0.8831099571756569,0.7463828377803587,-0.0151078064161554,0.0980786868530386,0.6479372000198523,0.0992354504676853,0.0096194288148164,-0.3679504176646757,0.2799867823551766,2.905064015709709,856.9938846343643,2.6597661222957187,3.798595734663348,0.0450970143623876,0.2402516981923716,9.835309072772324,1.906388004769468,6.39141221318787,-5.000032688553068,0.8455284669719352,0.6421791853824765,0.1208681956024135,0.0590443377488346,0.4085837148984378,0.1345189746035174,0.0034862338201984,-0.0861206744796404,0.3224630404187973,5.338129585872624,1574.7482278324244,2.6354465505009683,2.306428743987686,0.0268644151741442,0.2589804446296947,7.61634648250558,3.4874841595764936,19.74498586365104,-4.565626809649136,0.8826886671778621,0.6620584651143522,-0.0086165922254589,0.1519859406789372,1.0662588165972433,0.1522299964712647,0.0230997261640614,-0.659324837752376,0.4069339788448672,6.836321688564179,2016.714898126433,1.7788787360180285,2.634014756981163,0.0196580876578213,0.2635709436368673,9.36024592102031,2.947715976119005,12.52553763323562,-4.46233383159465,0.923816153974798,0.7248136284441041,0.2034973708895309,0.0985181253607486,0.6560479783376506,0.2260906919436257,0.0097058210245961,0.0631005103171469,0.7191484886547975,15.07951529014651,4448.457010593222,3.042585656067999,3.416145463206707,0.0872956389249456,0.1476132642429665,11.10768630995432,2.866786240016609,14.086667787250214,-7.615112934952544,non-void,7
0.875712024183297,0.6264520697836069,0.4349881548959242,0.1140531926760116,0.8168315361162463,0.4496919230532742,0.0130081307595914,0.0552956210122839,0.8721271571285303,59.655733569508826,17598.441403005094,5.105204103955613,4.659156300185323,0.1495338131816085,0.1598637583493916,9.333831872469371,1.3579226492836654,5.730869558546922,-7.205996739560242,0.875304126088358,0.7587292803871105,-0.6743476295970627,0.039895781163796,0.3916267449021867,0.6755267566113475,0.0015916733546695,-0.8630173154556647,-0.471390570553478,134.61923767486482,39712.67511408513,3.4249173086183764,4.068150285718079,0.0755318472769758,0.4134595750206884,8.36311182744776,1.6149773454880538,6.308267846321471,-1.518648365751146,0.8778961735493498,0.6411164886224843,-0.7162921168102219,0.0524913216936135,0.3106529342671277,0.7182128761430072,0.0027553388531424,-0.8804490932307922,-0.5697961589636645,152.16977195999516,44890.08272819858,1.6794602694368257,3.0991100734087875,0.0382468217972327,0.6123645770348776,9.018008205364332,3.05838939940475,14.216924558813236,1.985866300844617,0.8815384383923366,0.6297409001829609,1.0799807548878404,0.0896132193747125,0.6624763419282141,1.0836922810534408,0.0080305290867003,0.7850739570713082,1.4475502989995224,346.4447432043688,102201.19924528876,2.433135301295193,3.5936839093919537,0.0745439926943477,0.421604044981895,8.859875731187582,2.777132651797624,13.346986995231948,-1.3732046154984108,0.8994774610629006,0.5492696700635854,0.0158403696269427,0.213819849119574,1.759400039159509,0.2144057956013212,0.0457189278775173,-0.4042030194727632,1.3551970196867458,13.561104330293489,4000.525777436579,2.8062406853922,3.598807057167313,0.0719231169287146,0.2283768661816059,8.714845266552624,2.3753798428750166,9.56969156502118,-5.287531248680178,0.8867198323439004,0.5973091357562059,0.1165042227516027,0.0574429544620026,0.4166934189625988,0.1298958310966091,0.0032996930173237,-0.1518651431933761,0.2648282757692227,4.977513446202246,1468.366466629661,2.117660725500408,3.208870358514843,0.0486538404676649,0.2321403649221377,8.496647547422816,3.7417083022048434,21.83586847911884,-5.195311300003059,0.8621800327406862,0.6060032930749826,-0.0165656108941908,0.1945427061933584,1.415130810185599,0.1952467259580378,0.0378468645330353,-0.6654960494208226,0.7496347607647765,11.245778779213268,3317.5047398679144,3.632475268917111,3.792556136979814,0.0698644062739858,0.1602350489237489,8.288210532180475,1.6803312328833917,5.892140434727036,-7.194002186992526,0.916044127244432,0.6843929158242767,0.2488336328537066,0.1976003018263742,1.3633905734420388,0.3177484163942402,0.0390458792818742,0.0829719537293522,1.4463625271713911,29.784396555709,8786.396983934153,1.5994228515643178,2.731617539483044,0.043714847898112,0.4950415427994597,8.491954362332395,4.165114216142403,28.437648340466,-0.0861400276684902,void,7
0.8878598049919553,0.8434508088219965,0.4011311109257837,0.047724197726074,0.3450183418212952,0.4039601059524948,0.0022775990485974,0.2752355499389668,0.620253891760262,48.13921132433949,14201.067340680149,4.704165454160613,5.063676678273239,0.156439880888522,0.282746949610577,10.224682580022758,1.4899051561332854,6.209610174403852,-4.042744545291062,0.8932593724467085,0.8659206114306619,-0.682071595656187,0.0162818369973959,0.0968474437729377,0.6822659011096676,0.0002650982160097,-0.722053888637077,-0.6252064448641392,137.3185941460111,40508.98527307326,7.046975602934522,5.022215945685588,0.213297845152704,0.1245698667424041,11.259800923627708,0.841805378422194,4.343042888768959,-8.468077437370585,0.9266595147677232,0.8742785131760192,-0.7260899921302126,0.0213842664485461,0.1147488253682157,0.7264048206910488,0.0004572868515424,-0.7855262396367899,-0.6707774142685742,155.6608692393425,45919.95642560603,5.272599777985864,5.67056756782999,0.1979351011556553,0.3384423283762405,12.038147932760888,1.0580621241456063,3.6288548640792473,-2.910827494112933,0.932134024526908,0.8266622937390146,1.074952030115296,0.0285065517440562,0.1507360218321922,1.0753299449663496,0.0008126234923365,1.0138294428421313,1.1645654646743235,341.11867470969304,100630.00903935944,5.199963555850635,5.417981444018433,0.2256540227428941,0.1333921065827707,11.312453886161473,1.9717632668483696,7.182981521867962,-8.126922179672784,0.8881062340951276,0.7908313110387961,0.0239745240597942,0.0577194570234162,0.4708319922496803,0.0625005081817072,0.0033315357190779,-0.2504745703135287,0.2203574219361516,1.152362489276637,339.9469343366079,5.351885272997759,4.7702565437693245,0.1455596406053071,0.0873213229501007,10.646498325558658,0.9649027604543524,3.639785646347764,-10.191975580996484,0.9119088781964232,0.7715462647127651,0.118276564161565,0.0191445903499489,0.1576187819190411,0.1198159462239153,0.0003665153396673,0.032841687374446,0.1904604692934872,4.234978986011988,1249.3188008735362,6.403942539684309,5.480058936055851,0.2075758320398668,0.1723206271038137,10.991365999130394,1.15779613045034,4.531479727187909,-6.815244991513465,0.8859734824254341,0.7820219865515639,-0.0152729566705673,0.0529408239154662,0.2922007314531701,0.0550998551931802,0.0028027308368484,-0.1860453530323632,0.1061553784208069,0.8956182424812829,264.20738153197846,4.987703110689442,4.782276832943801,0.1103549717296056,0.128865179248581,10.366299507587774,0.8355500251354389,2.954986383001551,-8.29949761031132,0.9486237444445796,0.821303835123853,0.1428812434650613,0.0297173148297606,0.1952203171962893,0.1459389205620394,0.0008831188006911,0.0820791907414859,0.2772995079377752,6.282959717769908,1853.4731167421237,6.372160007225692,6.656484082517975,0.3442110472478118,0.0687836800816087,13.401014247549186,1.3427310176479903,3.830471315062842,-11.315649229448931,void,7
0.9034623259583374,0.7458915178854242,0.4610833594558803,0.0663119451905239,0.3277873785911026,0.465827369786353,0.004397274074951,0.3075275373138697,0.6353149159049724,64.01356584041113,18884.00192292129,2.6834751272650523,3.017931160316402,0.0566332654130328,0.1364488038639895,10.6502453731628,2.7832728162198266,14.824760380402374,-8.013183451562211,0.8989779028686787,0.8596629421140208,-0.6940635524722488,0.0128830731495554,0.0691286300231059,0.6941831087286516,0.0001659735737767,-0.7285213694624505,-0.6593927394393445,142.1576055910316,41936.493649354336,7.2725283487501695,4.570460574531171,0.2104935673426902,0.0652769797022234,11.795482465538056,1.4532021397966903,5.950178267519068,-11.559219015993236,0.916888050043468,0.8497024485537971,-0.7460237115333014,0.0151904808723904,0.0733666867440654,0.7461783492430325,0.0002307507091344,-0.7870395707727806,-0.7136728840287152,164.2507280193218,48453.96476569994,6.355440956796235,5.507966758019997,0.2245941149292419,0.0976984150051196,12.101124680265444,0.9648235564335376,3.7332153053791024,-9.654634574488474,0.9287447052578608,0.7563935169969925,1.1200202830754895,0.0349574207401523,0.1521845910920491,1.1205656856094173,0.001222021264804,1.047136084153199,1.199320675245248,370.4218994507645,109274.46033797554,2.99322709303817,3.720806610984096,0.0947950135859863,0.1232902257107844,11.961203740681936,2.961760203305423,14.418309075174037,-8.51927133275465,0.918446120160732,0.7920049423915665,0.0031274272443951,0.0590335056785398,0.4081590120596704,0.0591162887355691,0.0034849547926981,-0.2134978572470443,0.1946611548126261,1.0309470001908188,304.1293650562915,4.998289196461153,4.864244744877935,0.1347582598073041,0.1404654633299121,11.309073049227372,1.1552619892532483,4.058932583316189,-7.866937510151351,0.9060083614800112,0.7058554362308976,0.1176973918993635,0.0233044486646461,0.1377644054677463,0.1199823878220278,0.0005430973275631,0.0692411314024173,0.2070055368701636,4.246753149305269,1252.7921790450544,3.209031114803703,3.44332350038433,0.0722544457354769,0.2111147195246626,10.99780221527719,2.9092986290536533,13.882924712846052,-5.724952650404105,0.8886653259846735,0.6852700039397899,-0.0024268632403285,0.067725378443445,0.352887198517273,0.0677688464598233,0.0045867268853078,-0.1394907592202682,0.2133964392970048,1.354821882396056,399.67245530683647,2.1427182382170824,3.2558399140698207,0.035923596090829,0.2616502552747026,10.305618449280251,2.558422628922699,9.962856111262449,-4.505409614416646,0.929714549456444,0.7667358101552756,0.1457280650146661,0.0353051922373891,0.2120385066120558,0.1499437412226258,0.001246456598919,0.08209578192463,0.2941342885366859,6.632522031892144,1956.5939994081823,3.538678745219274,4.336285078547526,0.1424189751900921,0.1268696138498716,12.76296501403547,2.327192665103705,9.006019050092677,-8.377214414478207,void,7
0.931448352926734,0.8278722856248881,0.5334287436847285,0.0414271129780285,0.3213534533521084,0.535034980425357,0.0017162056896943,0.3415039011954972,0.6628573545476056,84.44741693223483,24911.987995009276,5.736025993678549,4.978398697837936,0.1626684113397732,0.1960258852618395,10.35456577646026,0.8580647188678098,4.303420154651078,-6.1292859898025,0.8991639115462143,0.8764552147695416,-0.6603348384172757,0.020014213771651,0.1194244133641475,0.6606380760904317,0.0004005687528973,-0.7224500402951699,-0.6030256269310224,128.75058693623777,37981.42314619014,3.249878461664644,5.4178331546762495,0.1367443806431565,0.5477375159097376,12.0683686407978,1.916698060342685,6.1249378647838375,0.8318201318039763,0.9298756905792964,0.8526619446356056,-0.6965574587211842,0.0281205190638307,0.1396736676705174,0.6971248502904868,0.0007907635924192,-0.7845559321499068,-0.6448822644793893,143.3650017832974,42292.67552607274,1.8340677577947444,4.1332557861106896,0.0608989215046648,0.6782394226167078,12.117520049086108,2.924322936287709,11.449151038956622,3.2385023523578638,0.94671805530077,0.8814459416261253,1.0991275280923452,0.0246339550493548,0.1279721387197503,1.0994035449969055,0.0006068317413736,1.047653392305673,1.175625531025423,356.56300565177,105186.08666727216,5.077684670325944,5.970204208166662,0.2357069856312141,0.3235050946601419,12.692668662739386,1.439390629933387,4.892921687868035,-3.203833093130988,0.8996987544549274,0.7500292754015507,-0.0174670002157747,0.0696096777444532,0.5375625201324746,0.0717677039637224,0.0048455072356866,-0.3913600928555015,0.1462024272769731,1.5194279830062292,448.2312549868376,3.0630708827232747,4.124083416927916,0.0962873514246036,0.172790956355269,11.413268742992544,2.2908163416014435,8.337280620011137,-6.800942547088136,0.9094632295344248,0.7458681508742949,0.1136818618418272,0.0166902307870716,0.0904099157708896,0.1149005200838969,0.0002785638037257,0.0774513455759021,0.1678612613467918,3.894628207087254,1148.9153210907396,4.077270903637279,4.6812973416405725,0.1127603895623079,0.1413821014994934,11.197205220246875,1.4206900583569777,4.897044972332798,-7.8340520103473406,0.9033913885237728,0.8241007616095323,-0.0119855771264395,0.0405581499413558,0.2987052023315727,0.0422920510937851,0.0016449635266655,-0.1359649958000266,0.1627402065315461,0.527642187787203,155.6544453972249,6.252169698893676,4.839620440747177,0.1219159077339256,0.077142007833592,10.603654389331584,0.3851565829107619,2.547542881546132,-10.778438620149489,0.9219583111499148,0.7804306512863189,0.1362966574919557,0.0395546658437958,0.3517357151256675,0.1419202255969664,0.0015645715900143,0.081945618639351,0.4336813337650186,5.9416983778806856,1752.801021474802,4.9844055718686615,5.232583492703946,0.1888348577471918,0.1137305093718156,12.511031352483885,1.3733520314759466,4.306165869136769,-8.916887677130683,void,7
0.8838489601913689,0.580644084322106,0.7344365169386439,0.8840638396473093,7.927509584793617,1.1493327934001143,0.7815688725719434,-3.2147285992465044,4.712780985547113,389.6849316455485,114957.0548354368,2.040394965452597,2.646111965068497,0.0364667914183484,0.192945456791507,6.53574077665258,2.7513607246529093,14.726076899374837,-6.214683284933345,0.8567465852154138,0.536218960215861,-0.3155360431931233,0.5034296483588062,2.2790005076133664,0.5941417384771448,0.2534414108466712,-0.7153539155508664,1.5636465920625002,104.13629959318996,30720.20837999104,0.4552764042400722,1.0316342814021722,0.0034765475972869,0.8048970227961014,6.39325247125428,8.676678712446845,110.90662420761778,6.154764251540472,0.8514464486186691,0.3915828513018721,-0.2720043842538114,0.5536469595564156,2.25548898262707,0.6168560130851919,0.3065249558260633,-0.7030884917963757,1.5524004908306943,112.25084555941072,33113.999440026164,0.3411625714424892,0.6257311233503263,0.0012983532188978,0.8431753885763899,6.372558597011771,15.761443051655544,328.37723150983527,7.305037016385909,0.881907584411063,0.6393143300524347,1.2756859436179488,0.6535342298001657,4.33145628177701,1.433346300188797,0.4271069895204958,0.4411802683288289,4.772636550105839,606.0720767981493,178791.2626554541,1.7029326927800386,2.458097744820406,0.0276130634592375,0.2713302991748817,9.468532460429053,2.9366916749356,17.5452887427755,-4.290324157671024,0.8712609566830534,0.3118445429573785,0.2754511054048831,2.049878889073681,11.12724170382588,2.068302872245437,4.202003459869949,-4.991982403055489,6.135259300770393,1261.973647544923,372282.2260257524,0.8243673730299064,1.091760483399498,0.0048428802800072,0.3763899417748633,6.74472294679754,7.901350687011972,94.48586014466731,-2.1927510187068764,0.8167323313685954,0.3962319155433009,-0.8897499982861042,2.258051899811595,11.96222115679642,2.427025636801737,5.098798382242753,-11.49582260605518,0.4663985507412415,1737.6837652993986,512616.71076332254,0.8531807894359192,0.9417097114788308,0.0030154430919912,0.2907070465247356,4.560779281375253,7.526508828822434,104.9330084602542,-3.8737008549004175,0.8059094935680854,0.5284611241267271,0.3972677655834111,0.911738777880254,5.595471424979559,0.9945296761093732,0.831267599090579,-2.151538033558541,3.4439333914210186,291.7813366153534,86075.49430152928,1.1534158370686391,1.96241833079996,0.0085535650716287,0.5342560568829672,6.143437637515818,3.6443546349463305,19.38614736724307,0.5960223894554609,0.8196338866555283,0.5002011321012375,1.8854435319847744,2.757267157420657,12.523686901111278,3.340272367591274,7.602522177390591,0.0868042946762841,12.610491195787562,3291.438749459676,970974.431090604,0.4901443699525116,0.8232905706202299,0.0018085369112725,0.7474425704494833,5.03560536150844,8.151698397353536,107.055388545098,4.712176806166943,non-void,7
0.8649945999769202,0.4674670212171187,-0.3160245284990756,1.1427697798430332,7.4643960975154044,1.1856619553378431,1.3059227697224944,-3.9684576082261103,3.495938489289294,414.7093103389895,122339.2465500019,1.331732554295792,2.0988961970566984,0.0115989294404429,0.2807292611732627,8.641782031580545,3.2327774623581784,16.810680661314585,-4.086047100691795,0.8404357869175112,0.3808446145421048,2.1516265224526414,0.636030776880253,2.9163735485194424,2.243664823733828,0.4045351491388982,0.2268342599447854,3.143207808464228,1485.039393171861,438086.6209856992,0.4042769089988811,0.7238258663156252,0.0019233977545455,0.7310911768712193,9.069046426550305,11.178734181308032,201.44614316450185,4.34366490763927,0.8156319757052758,0.5077132696490693,2.001555362634593,0.4936016185208945,2.4604355723518334,2.0615204164639613,0.2436425578064466,0.2147335213762297,2.675169093728063,1253.7105961118348,369844.6258529914,0.5189330608390246,1.1618224536916666,0.0038959442224232,0.7638526703294248,8.722477537252571,6.741131315489619,66.17728285412322,5.098265624546997,0.8035677895305763,0.5171552831972775,3.179062833665994,0.7637093954492042,4.238815852671133,3.2695095260747977,0.583252040697389,1.1537363978759232,5.392552250547056,3153.4592996226856,930270.4933886918,0.7363334636620721,1.4081309268254716,0.0066465930706783,0.5804789729506148,9.44943790516914,5.513414515393033,46.70413469491741,1.4103275949816667,0.8260687709437438,0.4354978151194069,-0.0066912547896183,1.4974526438245408,7.888885937716529,1.4974675934349186,2.242364420497107,-4.98146699348078,2.907418944235749,661.5107120493911,195145.66005457047,0.6781457415558704,1.259189441133134,0.0050915064968789,0.6206386600883126,7.955050149337316,5.844080674553378,53.32166203738687,2.137857540975085,0.8020039127401114,0.5092133143593962,-0.2672517374462796,1.3056494128099734,6.534269383897668,1.3327204809483058,1.7047203891710283,-5.435443265298449,1.0988261185992183,523.9624447000297,154568.92118650876,0.8657233318995778,1.3729574798314492,0.0028736047169952,0.5515862902659961,7.591009351084732,3.974933582581496,25.777642417137603,0.8993458109778389,0.7779151469161789,0.6290945197871306,0.4282295502906922,1.2319039791613626,7.151515423758953,1.3042116245516937,1.5175874138735992,-2.550971726470856,4.6005436972880975,501.7855486766516,148026.73685961217,1.563230036358698,1.7439229184280776,0.0088444931056621,0.3752966890554412,6.878649197294982,2.7712924015112077,17.304536925515556,-2.212990746673316,0.7946643725131003,0.6066613297351763,1.7034450202709843,1.6786292319200815,6.1309532487426,2.3915520139320865,2.8177960982566037,0.0572451756581338,6.188198424400734,1687.2587054260723,497741.3181006914,0.8072393458426884,1.4459565307228115,0.0064980623318459,0.7182713197369036,8.404649655591896,4.567727508201664,36.1785896524062,4.064574647551238,non-void,7
0.8091758813197786,0.6393193630884374,-1.4363623005335489,0.9942084262319294,4.051074605807889,1.7468792325700706,0.9884503947905698,-3.2944045266775728,0.7566700791303165,900.2181806894566,265564.3633033897,1.2429558011918176,1.9689072720887368,0.0124941902358434,0.2641409469104546,8.246070922814976,3.485001013562507,20.1517641552336,-4.449589068093253,0.7957419934337819,0.6447897403836418,0.8211513917265708,0.2610778492604527,0.8997800475980571,0.8616561097728882,0.0681616433744636,0.4078357679346829,1.30761581553274,219.02311919513957,64611.820162566175,0.8115760203794533,1.5573897840433362,0.0060835697103848,0.7224968454845487,7.528013146463087,4.24958376902943,29.6900063379086,4.155680312115084,0.8155925688374958,0.5755988874577165,0.9657779077185517,0.2375748919153101,0.7110576011504046,0.9945696538230968,0.0564418292685712,0.6382365433302237,1.3492941444806283,291.8047949102093,86082.41449851173,0.6133799518702976,1.484494761975782,0.0051090325846508,0.7799494780605775,8.468241881146431,5.536166957740837,39.47083248154384,5.495440691108543,0.7960513171726132,0.6145041860106087,2.0043197744323007,0.8751624665277827,2.8687956539072026,2.187054434850523,0.7659093428189925,0.8686502092757399,3.737445863182943,1411.0460947948054,416258.59796446754,1.0624148333650258,1.7631209092341416,0.008927699425592,0.4032558900302421,8.138557376295793,3.9192810025015703,25.17146462959987,-1.7020742154486814,0.814612254915402,0.4802531159047658,0.0923231694729744,0.9499997861119388,5.331453731172026,0.9544753329627044,0.9024995936127296,-2.725767452493201,2.605686278678825,268.75183256410827,79281.79060641193,1.25734579205175,1.4424722094832385,0.0055815237292915,0.3122256111575402,6.480145982615195,3.7115366185790135,25.97839310967999,-3.4297747521818107,0.7281663901571578,0.5678468824872481,0.1003894882021194,0.5541773397489662,2.8169350378511178,0.56319674469294,0.3071125238912411,-1.208202239612909,1.6087327982382087,93.57121910365376,27603.509635577862,0.8875858646832748,1.3960043678852403,0.0028425404737161,0.36058879185431,6.231089474005631,3.938157952879629,23.332876045934515,-2.48768021148671,0.743169405978248,0.4788094230808105,0.108399054886519,1.5892128347349863,6.010664001500917,1.5929054551939676,2.5255974340864107,-2.842268606305597,3.168395395195319,748.5175978100768,220812.69135397268,0.9151499133571536,1.1701971752411255,0.0024527576767154,0.2838037262227378,6.112634317060769,4.095685708186594,28.823982802188056,-4.020139638619323,0.7719751194609834,0.5029744108449546,1.5930688132424529,1.1080132128851057,3.9128338359657024,1.9405054814799396,1.227693279927974,0.066826929834847,3.9796607658005496,1110.840649477839,327697.9915959625,1.5826348868441222,1.7974444243336765,0.0122750016451284,0.3088145941509205,7.23265077806974,3.344876871512258,22.156286393122187,-3.4989674324322504,non-void,7
0.8370839880157652,0.6681601131291054,-0.5481355944188139,0.8198859677701249,3.2491329437705616,0.986238120341746,0.6722130001463542,-2.1311668195219413,1.1179661242486203,286.93636085449003,84646.22645207458,1.4536233186372656,2.756798312938662,0.0332604401871626,0.6073905067750397,9.188850671688217,3.117842192111662,15.96437763461459,1.895072033042044,0.812545347004664,0.4707361890601017,0.3912342805801732,0.4811711600932507,1.6571872878570832,0.6201531646348105,0.2315256853054847,-0.3348435567839725,1.3223437310731108,113.45403454393826,33468.940190461784,0.5315357474765552,1.264086899210581,0.0099574146524439,0.7193192395318798,9.348475265844655,9.74942782331135,136.44875362649168,4.087090320583378,0.8259383890386961,0.3153354714911901,0.5442966059990633,0.4923526420570677,1.6688089629178813,0.7339413596757405,0.242411124140575,-0.1998416792990211,1.46896728361886,158.90762623558905,46877.74973949874,0.3706045150492698,0.7588794265252347,0.0023004379930492,0.7460642075213704,8.749845179081422,14.174871239789466,263.7272614930331,4.680522858902273,0.8764493222335269,0.5138785854533622,1.1305143987974944,0.7860424232673486,2.756563606048426,1.37692610443134,0.6178626911760057,0.1075450517550452,2.864108657803471,559.2980216340175,164992.91638203512,1.5869780956873385,3.293664353682665,0.0527569499823051,0.5485250137939872,10.420195279787656,3.506169672067634,17.8940511742042,0.8456274370043297,0.8009229245996287,0.4569616166604488,-0.1295768117551704,1.1937639175279209,5.020862371074967,1.2007757663012038,1.4250722907916085,-2.7421589221802414,2.278703448894725,425.3494200761917,125478.0789224766,0.7653167778833562,1.4485167797248475,0.0088171923217968,0.5682724548422179,7.610446984171236,5.9591731620695,56.85267636939594,1.1934684708506118,0.7820103411381547,0.5237843861643013,0.1107596995458727,0.5991632449335628,3.920690918934921,0.6093146191605848,0.3589965940793165,-0.995809153959866,2.924881764975055,109.52297001122852,32309.276153312407,1.5266114433531608,2.218432276172527,0.0162788170521322,0.4351299015751939,6.688072077861508,3.2202095189218563,17.49107098024544,-1.1332965703938238,0.8167392861954916,0.5698684707463996,-0.2377467619187691,1.0023652260260756,5.681675509691631,1.0301745333433387,1.0047360463463058,-3.227789296157701,2.45388621353393,313.0715728990039,92356.11400520615,1.3718859953906168,2.1755590807993284,0.0246185688694691,0.5048590043611618,7.361359373790206,3.7059631825164847,24.58756631875219,0.0844122089793948,0.8218197503867631,0.5700635448870605,1.4070693264093237,0.94580242433937,4.375614808799971,1.6954015203509218,0.8945422258862298,0.0615667955686407,4.437181604368611,847.943962986424,250143.4690809952,1.086494870377654,1.9210072333112531,0.0135276454487614,0.3716840393224319,8.252367287079068,4.308244199100677,27.912590144195534,-2.2800417965973647,non-void,7
0.8180282680445793,0.3698470791474305,0.2391842265110949,2.0795384613743098,10.055860144361288,2.093248505683628,4.324480212335032,-4.714812749117504,5.341047395243782,1292.5983454312889,381316.5119022302,0.8442731077504066,1.212304076029964,0.0033896640188507,0.4115051278760509,7.4891891282020175,5.824408830650473,50.06428616170367,-1.5536743150639896,0.8409907829021908,0.7492141882756663,0.471103949548484,1.9831703421124465,20.251096904491824,2.038358049292268,3.932964605834397,-10.763427799382631,9.487669105109193,1225.6965434488006,361580.4803173961,4.729153991462988,2.407734227898049,0.0355816189877135,0.0669498088923737,7.582732921076237,1.3727666031922126,7.880038581477851,-11.44155664483392,0.8306454684277937,0.6979004316913932,1.000835722259206,1.5592945512068752,9.954498233074272,1.8528549971256676,2.4313994974234503,-3.1879185193501023,6.766579713724169,1012.7561339101992,298763.05950350885,3.3766962768612165,2.618164592143227,0.0454315511627582,0.1611040770807894,8.154402848830335,2.3836710032055946,11.646806782060482,-7.166015523863986,0.8912886593680917,0.7374832994101866,2.952477889882336,1.8034796349808968,10.937122504460737,3.459720289855074,3.252538793790828,0.1747682550704073,11.111890759531144,3531.0510227902887,1041660.0517231356,3.0450393242218325,3.5677992428118026,0.0650379561680671,0.1786753141097201,10.496804132282437,2.11826697467316,8.115863311618398,-6.624503219876879,0.7874881384323039,0.6249210398819853,-0.2183178830575382,1.844685925559777,11.183550335910256,1.857559921515604,3.402866163958331,-4.582314790416404,6.601235545493853,1017.9060142962112,300282.2742173823,2.551543944967089,1.871879359402878,0.0230695232992489,0.1337134035561862,7.187699845224116,3.503942029283444,26.611497695844008,-8.1148665131814,0.7399058706473927,0.444006509490878,1.2719007604742547,2.443427349910079,14.030876068453347,2.754644942417004,5.970337214288591,-4.869593142959442,9.161282925493907,2238.480283841156,660351.6837331407,0.8500207871270237,1.0259658417535984,0.0013440688450536,0.325602117775908,5.946061634573088,5.412105100213697,41.95422892943317,-3.1622897686685496,0.6859530405000972,0.2925043931670055,0.5650495656870071,2.6523461997802524,11.866786267978476,2.7118667694361056,7.034940363488746,-4.489769572382525,7.37701669559595,2169.495305675687,640001.1151743277,0.6604702228804281,0.5641374073699456,0.0002696308180654,0.3964941084428173,4.755357715708553,8.457628266907973,109.4367690504873,-1.8244477566676112,0.79153341276191,0.5157722326261779,3.450373660336956,2.547104355936248,12.711978362656623,4.28868499612369,6.48774060002941,0.1672306458077316,12.879209008464354,5425.881603813054,1600635.073124851,0.9966813141291322,1.126513759806479,0.0035567986875637,0.2204523871098505,7.284611773630607,5.418693420542758,53.520580140825565,-5.485278401615858,non-void,8
0.8812460039972225,0.5250517547530547,0.1578672897272281,2.0173908200876194,12.100926792925154,2.023558203299232,4.069865720973797,-4.961847622803324,7.13907917012183,1207.962401631187,356348.9084812001,2.2856064495663966,2.3949772505342897,0.0174149369285163,0.2272768417696146,7.892971105352236,2.3819901617658563,9.94203998984317,-5.314687422630701,0.899260882562248,0.7686638822072737,0.048805154262791,2.0265759512381134,23.00262230360204,2.0271635427905856,4.107010086136664,-12.517832155265603,10.484790148336437,1212.270648619687,357619.8413428077,6.232568517527685,3.0532978639612445,0.076685078913843,0.0972744273817686,9.135008257318782,1.240487854358334,5.4041183911074,-9.675570624623578,0.8830655441822636,0.807276943430563,0.0726651148493643,1.4154627728683624,15.929492055245255,1.4173267373094551,2.0035348613761936,-5.454963197242217,10.47452885800304,592.6004486862182,174817.13236243435,6.483655346855547,3.643522286996381,0.097703390217246,0.0639578156100882,9.822391431572685,0.7308239858638783,4.209435262857311,-11.65401798776717,0.9507531385159153,0.8258919449447036,1.9926479188043384,2.4984693681003773,14.47746705491634,3.1957776693085456,6.242349183335898,0.0669543580639152,14.544421412980256,3012.8334989370924,888785.8821864425,2.720712944820872,4.683803602429621,0.1021422105181028,0.35358640607567,12.98362533182938,2.290342768409376,7.7813257234243745,-2.6201492112117064,0.8701265073170411,0.6995517177404142,-0.0361161104095031,2.0594361369433,14.932164994968272,2.05975279477394,4.241277202147943,-8.628592311024692,6.303572683943579,1251.561564795821,369210.6616147672,3.611922177682599,2.839900674509053,0.0623112010594413,0.1216082758230729,8.983223686620985,2.6396731198198453,14.178464567084117,-8.58725104340842,0.8249865727957878,0.6482219760731374,-0.1079644101142025,0.890685664380207,7.087541273864712,0.8972052533192829,0.7933209527324109,-3.2280091501056427,3.85953212375907,237.46829364219695,70053.14662444811,3.065892696760206,2.84254327600867,0.0273677408968982,0.162129726919566,8.020785880733838,1.6214726486997764,6.747583278057486,-7.1331413104787975,0.8306561980964955,0.4147735230922502,-0.0382069853974671,1.1367414516381271,6.989779950782837,1.1373833573626435,1.2921811278723567,-2.8689679901313294,4.120811960651508,381.6240659736281,112579.0994622203,1.4054700072614756,1.809790588385105,0.009246706354867,0.3491651348815779,7.930108631556923,4.314153165471443,24.29569739769609,-2.7043993828402195,0.866166519210114,0.7515471655941307,1.7902623375234723,1.7709208075499263,9.02227950052787,2.518173890693073,3.136160506613284,0.0517954103550496,9.07407491088292,1870.653924411646,551842.9077014355,2.323020021315963,3.5139434472999715,0.0648133989947245,0.3523288020852288,10.332432379170305,2.57396332063672,10.973119045320576,-2.644064370744008,non-void,8
0.9280743699241432,0.86712522621777,-0.0005216224128421,0.1155696912874669,0.5669777173333532,0.1155708684497178,0.0133563535442804,-0.2645777239906314,0.3023999933427218,3.940204562095488,1162.360345818169,5.093758694559499,5.184437524891773,0.1217019038101941,0.3609846079150539,11.387013220013024,0.7419552027826961,2.847859314045856,-2.4802263118522214,0.9219116599194048,0.868392919746629,0.1465698278052005,0.1861886151745412,1.2142206695204858,0.2369576224632994,0.0346662004206133,-0.2969673967903361,0.9172532727301496,16.563929878820563,4886.359314252066,8.244842378607135,5.422318189716792,0.2609919949242602,0.0862688206380157,12.073096730899726,0.4979149450714564,3.1690013003108404,-10.249645796287965,0.9156988356151012,0.8146977794152191,0.5072436100933639,0.4413876474533826,4.744002484621385,0.672398048260835,0.1948230553244316,-1.192687196455653,3.5513152881657324,133.37514491496918,39345.66774991591,6.109856020927767,4.953404903791638,0.1396193509475724,0.1307574078192561,10.283140451214342,0.4589507717395225,2.822510900230116,-8.226746952273462,0.9432496873606054,0.8638474659746782,0.60788463051458,0.3900012202119558,3.6013278507707245,0.722235886523691,0.1521009517668144,0.0785949930625851,3.67992284383331,153.87927935588525,45394.38740998613,6.101715582794919,6.049803893392582,0.2634797266135741,0.1538632393880354,12.871432438096765,0.8954513678216429,3.269114860302666,-7.403056911727845,0.8813287610997327,0.7089126976632001,0.0030065000300162,0.7293794011075831,7.451896371181633,0.7293855974739886,0.5319943107600567,-5.863361145370612,1.5885352258110206,156.9409881917337,46297.59151656146,3.5274203785749583,3.8812118738246615,0.0657478848921307,0.1236965344925633,9.8354658230172,1.6241042350374533,5.465129676542291,-8.502969964705976,0.8432408800734323,0.588573027455166,-0.2071966691265431,0.1300157478968044,0.6538693040760508,0.2446110267308071,0.0169040947011654,-0.5432347769539551,0.1106345271220957,17.651193547498387,5207.102096512023,1.55928770974382,2.5950160759717806,0.0193602400466514,0.2998352103950057,9.062794164691484,2.8404611287367776,12.18970764847119,-3.683176330095886,0.9071158591379616,0.6946442488816569,-0.1043201521304555,0.0955022140651543,0.4063805662118537,0.141433259991658,0.0091206728913465,-0.3164952949658962,0.0898852712459575,5.900993274401046,1740.7930159483085,3.0421857049933063,4.209967995923275,0.05896457760381,0.2731556954196898,11.05734098344937,1.7172658951655135,5.098735257062641,-4.25031124632261,0.9176284750766022,0.7797819046860954,0.4973317924369553,0.6037403079670098,5.8388407133557285,0.7822028325393963,0.3645023594640999,0.0401766406921235,5.879017354047852,180.4931750136332,53245.486629021776,4.130163484011793,4.34384629952431,0.1204950618964395,0.1253849861048914,9.925730790244645,1.267640703146571,4.386790525998622,-8.435713918150823,non-void,8
0.934289574386082,0.8219824822017576,0.1591690921909461,0.1489170317652584,0.730144517520507,0.2179703701393033,0.022176282349775,-0.2207995057844742,0.5093450117360329,14.015769266306148,4134.651933560313,4.152370014362749,5.027077549388897,0.0792721055533478,0.4281959685380827,11.4826090751466,1.1622840228515143,3.2722341498915406,-1.2560463600598135,0.906744273267586,0.8594789360293221,0.0022442977440138,0.1748326167799853,1.0406058787980526,0.1748470210283864,0.0305664438901372,-0.4950097765624265,0.545596102235626,9.018586824937795,2660.48311335665,7.592188845021076,5.306286293682852,0.1942563246992849,0.1598296148669375,11.559502489894683,0.4255519366589236,3.038547159760133,-7.207101135150133,0.9125956509348034,0.8470354281350179,0.0978976377333251,0.3120692138974549,1.431611189041698,0.3270644305581713,0.0973871942625755,-0.511946649665004,0.919664539376694,31.55648681222056,9309.163609605064,2.5134486242849707,4.421159089700698,0.082029311783245,0.6144652171423836,11.563930532247436,2.0899728477602126,7.133289841726112,2.0243373810281087,0.9318108388616554,0.8756764473809857,0.386423045535595,0.189026280280024,1.0385011332749192,0.4301786893344518,0.0357309346365022,0.056902190296576,1.0954033235714953,54.590842903464505,16104.298656522024,4.894384950448109,6.269840016615243,0.2086759995193909,0.3370098568942211,13.308002209594548,1.4761288011250793,4.82302046224217,-2.938644668278852,0.8940144234230929,0.7996200215988923,-0.0072428172615048,0.2843360282043305,1.511344768294807,0.2844282604399524,0.0808469769350138,-0.6085523870749958,0.9027923812198112,23.865333424384744,7040.2733601935,3.4289051190390305,4.593396124239068,0.0913567460284897,0.2706028456972325,11.49097566085656,1.9073819293520409,6.549962855346296,-4.306317045881171,0.8519931250482004,0.6143268813458151,-0.1684341803183451,0.1198283802956748,0.721298550364319,0.2067097332584939,0.0143588407242848,-0.4523194906687345,0.2689790596955844,12.60502957802032,3718.483725515996,1.2263259782964506,2.1397979233545352,0.0196905516449576,0.4248713715592819,9.232449144698885,4.211000355817029,25.66566703445435,-1.3150751516817438,0.8672264107624995,0.7251800480090069,-0.0618448475843045,0.0608380300937424,0.3189635679443482,0.0867528159682034,0.0037012659056871,-0.1927579394424147,0.1262056285019335,2.2201850681318254,654.9545950988886,2.165812934025842,3.5331235091968827,0.0475636450084034,0.2712132387504724,10.39056278630984,2.51550892699471,9.196479850808712,-4.292895799417175,0.9345885945969954,0.8551626165822066,0.3241866176126268,0.1614231619068112,0.8941434620087414,0.3621524544154134,0.0260574371999925,0.0640541475775255,0.9581976095862668,38.69054807053689,11413.71168080838,3.128687008161793,5.453879536625316,0.1364558450115544,0.4060755374308715,13.162653205567288,2.1721200642993725,7.081251217115357,-1.6512438457858416,non-void,8
0.9047059578957872,0.5609966393903428,-0.2210349659335713,0.2625516038431727,1.1941188462972283,0.3432051876733178,0.0689333446806223,-0.953965819800958,0.2401530264962705,34.74799124953381,10250.657418612473,1.4203190083482156,3.066513191283925,0.0260471171337824,0.5395791699854218,10.932072941689558,3.289604345330817,14.227535839695154,0.6890021284529492,0.921603149041728,0.8699717374129827,0.1848876119153522,0.1984640610065957,1.0625839060980686,0.2712405068403162,0.0393879835112297,-0.3297828870031243,0.7328010190949444,21.70356670254253,6402.552177250049,6.478338483012555,5.046131426595525,0.1558938406134195,0.2137919194123266,11.392042812812038,0.6351118866429069,3.4795156196624557,-5.655462153565027,0.8897287224628342,0.8251771779229141,0.6254053279350316,0.372436423192075,1.6211935137901587,0.7279015823101573,0.1387088893201064,-0.1100958273540886,1.51109768643607,156.30301049124108,46109.3880949161,2.497561547370185,4.037015093767563,0.0524694081590915,0.5628368584858167,10.705667340784014,1.962946265417086,6.991320150587687,1.097389923276533,0.9110371308442397,0.7933804448385152,0.7239118028409367,0.4440198516216188,1.737247170967407,0.8492360843290279,0.1971536286340844,0.110765760888518,1.848012931855925,212.7545684433174,62762.59769077867,2.10447902560444,3.849363629883401,0.0572848481754677,0.5929491624737537,11.4032977780972,2.5071954496322357,10.203131839223644,1.633688074478647,0.9038226980907844,0.7184499352826429,-0.0034249586721054,0.4893001154237951,2.646405869110578,0.4893121021348693,0.2394146029537391,-1.6079428131865972,1.038463055923981,70.6307683222152,20836.076655053475,1.901317976475972,3.374815625425991,0.0503193246408042,0.3304845022364557,10.988168266514403,3.0298990227677205,13.589866427985536,-3.066095356995774,0.8486469331498668,0.4562075736623828,-0.1294323796566485,0.2489251340369689,1.2187144419112217,0.2805645438377874,0.0619637223553229,-0.5243519786835902,0.6943624632276315,23.2213566613772,6850.300215106272,0.988587828392246,1.8781281481245269,0.0107237249692705,0.3994984993816236,9.080323466463511,4.64176183312626,27.722773120722557,-1.7699894392096016,0.8744541368325878,0.4038534685225262,-0.0677983996042353,0.1250784559276389,0.6873309912422267,0.1422717228620567,0.0156446201372423,-0.4233298365171046,0.2640011547251221,5.971166722210672,1761.4941830521484,1.481655371611161,2.639257833564299,0.0182626342416832,0.2983144706192878,10.370842389157373,3.606890288437969,16.508088846135184,-3.714681964255293,0.916657323287241,0.5402347887869953,0.4617336027129298,0.353816505842261,1.629073070102831,0.5817078645511752,0.1251861198064267,0.0471978562536122,1.6762709263564437,99.82329170580309,29447.871053211915,1.9062174321996217,3.118645044489348,0.0472297940082093,0.3056303867252457,11.287529969872418,3.36612743263094,16.206706180060028,-3.5639417571656806,void,8
0.9162253475482658,0.8525269601933718,-0.070487164490478,0.0880988443812411,0.5550682302715386,0.1128266224754505,0.0077614063813101,-0.3040795854613407,0.2509886448101979,3.755304788069265,1107.8149124804331,6.672357841987711,4.9258043919194,0.1339728310629474,0.1302698153614669,10.913457981253222,0.3275914919837717,2.538506645031078,-8.245407318980734,0.8885422126681208,0.8429506070860084,-0.0323399817314455,0.1699905232792763,1.1628561044136514,0.1730394533716297,0.0288967780047622,-0.4733997012464835,0.6894564031671678,8.833082464829968,2605.75932712484,7.317412756648763,5.124071431339694,0.2298077755159849,0.0688818619159144,11.075736533740818,0.7566244299147621,3.4282600080550134,-11.308999013753256,0.8685311962519829,0.8296503168167059,0.018839914787666,0.2623770095627134,1.438143955179097,0.2630525375971095,0.0688416951470722,-0.637428498988096,0.8007154561910012,20.413008073202228,6021.837381594656,4.276034321252096,4.7232743988656205,0.1116050698283988,0.3680439152048865,10.293611075047442,1.1209479724232576,3.972490664989035,-2.347872571157871,0.9351178127957152,0.8736123494705527,0.2938075761553043,0.1598319270120775,1.0301950643458635,0.3344684390172696,0.025546244892394,0.0264665217196087,1.0566615860654722,33.00139532610146,9735.41162119993,6.311439267574583,6.281170970455083,0.2968871112650565,0.15036034576031,12.506844532569934,1.1743851883600045,3.951861616027073,-7.521014538891274,0.9062372483152752,0.8395572573181663,0.0718518156468889,0.227817672692256,1.420981882492073,0.2388798346505422,0.0519008919909159,-0.6385072226542808,0.7824746598377922,16.83375474378777,4965.9576494173925,6.527125375917501,4.525941275338564,0.1649018274272052,0.0932809661249843,10.57556483815804,0.7844654742521514,3.600885382885961,-9.876796941633629,0.8522011805520647,0.6435139388122862,-0.1549402755562195,0.1250132499609267,0.8177330811239938,0.1990849106668569,0.0156283126657931,-0.561017413750719,0.2567156673732748,11.692266488292969,3449.218614046426,2.156539411920664,3.122006408020671,0.0260717161001083,0.2855398658094314,8.991884596923704,2.2813838851684665,8.193865254825894,-3.98311245376693,0.8964410247086034,0.6586760963759033,-0.064822557101851,0.070992003886235,0.3431027155985192,0.0961344294465096,0.0050398646157832,-0.2655750350557737,0.0775276805427454,2.7263394148767537,804.2701273886422,2.702130529773963,3.629469114836244,0.0411018466835395,0.193501965274848,10.378902058152072,2.078960066533303,6.814597775889844,-6.19917918092915,0.9408091526390232,0.8772516261491597,0.2901761080854815,0.1474382307248351,0.7539400009020986,0.3254845704221734,0.0217380318792697,0.0413558931792539,0.7952958940813525,31.2523606469575,9219.446390852465,7.046546406672099,5.865123833672183,0.317018123671406,0.0669225673554704,12.43658727086022,1.1170408978637132,4.199630213627475,-11.443450818314236,void,8
0.9176243389636424,0.8609038470116773,-0.050340856258375,0.0466533494494256,0.2801430420734415,0.0686348076683879,0.0021765350148502,-0.177677835312568,0.1024652067608735,1.3896673629845968,409.951872080456,8.614938231368983,4.429929230694078,0.1951418182725467,0.0624936962423517,11.419281476103416,0.3864656892195454,3.904151282006829,-11.76137883101342,0.9153167335680702,0.8507013054455503,-0.2715663036538459,0.0971726363033837,0.5493883116285527,0.2884281167403111,0.0094425212461496,-0.5186183383407421,0.0307699732878105,24.54127966527695,7239.677501256701,8.259217453037905,4.719086180663181,0.2573078217735735,0.0735236396089119,12.261560107925094,0.99339887557157,5.203274673848638,-11.00407330346631,0.9001457860378864,0.8292420402419589,-0.7611473586549726,0.1815988606187681,1.046076130499088,0.7825109889103643,0.0329781461780347,-1.1292927660744931,-0.0832166355754051,180.6354170908155,53287.448041790594,5.140800954225772,4.724707714568096,0.1258018029599365,0.239653647171876,11.277158345215454,0.908252623357506,4.122808572356937,-5.014274217870501,0.8898600107111789,0.832754660079205,0.8139600743197409,0.1941493253372706,1.0859993824619547,0.8367944569101277,0.0376939605289173,0.1142632963159647,1.2002626787779194,206.56636411907704,60937.077415127744,5.698831883135503,4.803282223917726,0.1446660791542808,0.2011393758854948,11.472718018950356,0.8318768220954723,4.143693805115416,-5.989739146541906,0.926611646247035,0.8123743493273481,0.0648107135743924,0.191303801761703,1.1879032020255618,0.2019840913599458,0.0365971445684809,-0.4193652594383216,0.7685379425872401,12.035284082938364,3550.408804466818,4.685784733963073,5.355680619407532,0.1300364204345399,0.1835143654337355,12.26598687872672,1.2487456889114303,3.8835816279187374,-6.482784794232964,0.866164674126223,0.7367235572756341,-0.1683820075305051,0.0368058636036362,0.2061679487782557,0.172357686383905,0.0013546715956094,-0.2794503102474153,-0.0732823614691595,8.763615756405704,2585.266648139684,4.078309187610256,3.8911561424973575,0.064871395362153,0.1668839975458831,9.862581577576256,1.1450461698371042,3.985671165012511,-6.9829074452398014,0.9078337962259506,0.7583619732892876,-0.0743217606490724,0.027866744354369,0.191187237785564,0.0793743002922845,0.0007765554409117,-0.1775942721234799,0.0135929656620841,1.8585824663324808,548.2818275680818,5.338677293789447,5.30104010098603,0.1522667841624774,0.1241550220365039,11.209462904502988,0.9819233846656348,3.18039968122096,-8.484627786207996,0.9392662981562322,0.8974859468186578,0.2541923599318155,0.1104140793436217,0.7049161718356143,0.2771371948422031,0.0121912689172996,0.1075173767192166,0.8124335485548309,22.65748230567655,6683.957280174584,7.199158763175804,6.513075535985257,0.3397421035419923,0.1956864007471352,13.547286179259716,1.0166411957778685,3.756004693333017,-6.138647559345555,void,8
0.9224876639064116,0.7997180684839374,-0.0160936827578547,0.0733407086397875,0.4623309959270782,0.0750857254642764,0.0053788595437862,-0.2844304867071251,0.1779005092199531,1.6631705197065223,490.63530331342406,6.492450812518314,4.667954947995332,0.1346089995368896,0.0961480897070159,10.965634334308564,0.703581352116547,3.5228492573983416,-9.731565909814092,0.9091791131275978,0.8485615877590869,-0.2876968180175365,0.1128532065680536,0.6935118187670645,0.3090393265105709,0.0127358462326917,-0.579893368081498,0.1136184506855664,28.174065072381644,8311.349196352583,7.281384986370098,5.038247599703631,0.1745170202038554,0.0813794033668431,11.444608590838545,0.6558923282239563,3.618968003541576,-10.526216683906158,0.9007484778376096,0.8102687688307358,-0.7964307358533946,0.1691175835812666,0.9570125772001872,0.8141883529554732,0.0286007570763667,-1.2512818411776123,-0.2942692639774251,195.5562888560621,57689.10521253834,3.090285425014038,4.092652044936161,0.0694610827743224,0.3668042837052458,10.871240821425456,1.760082529291641,6.548479346809551,-2.37103568315106,0.9079317598856784,0.827785659708789,0.8540097506466735,0.1863147642763627,1.0660081421961407,0.8740971602670667,0.0347131913873566,0.3083103152542549,1.3743184574503955,225.3935244481503,66491.08971220431,3.616245441018745,4.458842659754668,0.0900139816272597,0.3328538214249688,11.08776194360476,1.5116310530115518,5.3709006774709565,-3.0196745455020952,0.9155088825074436,0.7391765293588823,0.0223238250777125,0.1968725121383358,1.147777464945131,0.1981341444621786,0.0387587860356591,-0.5449081529627412,0.6028693119823899,11.580856064519049,3416.352539033119,3.2082133897103686,3.742414884456403,0.072516796543787,0.1298724443454695,11.383520078999018,2.045787737282952,8.075881183688983,-8.260659063486656,0.8782082417985726,0.431332845833871,-0.227529034616273,0.1438891172571782,0.7490629938778469,0.2692091002519476,0.0207040780650499,-0.7294455590745071,0.0196174348033397,21.37969419924664,6307.009788777757,1.5298210567124766,2.556762877328565,0.0152218597964571,0.3976839691506693,8.962654195249764,2.889879534124125,12.043727336896394,-1.8028633535985252,0.8901344550289386,0.5456999816024073,-0.1185412198727051,0.0685597639285031,0.2935777972618107,0.1369396291759296,0.004700441229932,-0.2880614041837999,0.0055163930780108,5.531976301458128,1631.9330089301473,1.4591805209301618,3.2228756996494563,0.035264793250441,0.5792515533766237,10.613931870124215,3.402075124601838,15.040285349315267,1.388446921478582,0.9116572238777668,0.6183334059762928,0.3232012066116552,0.1613199334981078,0.7994968807411733,0.3612245020746291,0.0260241209438339,0.1068864920498919,0.9063833727910652,38.49252656522381,11355.295336741025,2.830069304678966,4.060099771484264,0.0926151722109261,0.3482398766099053,11.998200166926258,2.4219203017678548,10.127631313710811,-2.7220928387442838,void,8
0.8754553513853478,0.8190334185639744,0.2761628759929752,0.1701849991100198,1.0551850852569236,0.3243899936785795,0.0289629339220774,-0.387440409544003,0.6677446757129205,31.77911813563424,9597.293676961544,4.665084011471968,4.859215306889069,0.0793842119465248,0.2743374037164433,9.98705286657427,0.7473198294827474,2.594677764677044,-4.224497119878499,0.910335403286836,0.7854141819893512,-1.5015409295140076,0.608887837006951,5.25068180980399,1.6202992196075372,0.3707443980550033,-3.399526540621657,1.8511552691823323,792.8616074403598,239444.20544698855,8.031971889329,3.947908920161427,0.1321693224642905,0.1118590138978775,10.66530420986632,0.1635765726334365,5.079641049768556,-8.998109256860477,0.9235750283699796,0.7489216290840265,-1.8340218405744504,0.4537072897072468,2.246296411133624,1.8893084492579797,0.2058503047334955,-2.6697579640460147,-0.4234615529123912,1077.9848977641525,325551.439124774,1.7421038930876156,3.447146546454322,0.0456712570940097,0.6347548015722821,11.79856865730845,2.877949765465551,12.386778604063768,2.4002147957448776,0.9282694425129668,0.8035748993293442,2.4436625872986606,0.5732346857387374,3.378677390081483,2.5099969811729204,0.3285980049339889,0.7031732597380721,4.081850649819555,1902.6256233401464,574592.9382487239,5.470982275841072,4.998137685615625,0.1067760164341456,0.3088379528373459,11.389247427790414,0.5823729443649157,3.0319671636315486,-3.49849217139081,0.8840810246056487,0.7220586296806579,0.3244962795045165,1.2222529510677516,7.984145004496156,1.2645948409692729,1.4939022763938272,-3.1026613234533342,4.881483681042822,482.9584337654424,145853.44699716356,2.2817666814657307,3.5452582756331243,0.0537355459786748,0.3251780352109578,10.38236726644544,2.5069983884663385,10.90361273540246,-3.170680073345386,0.7824493314089799,0.5214341941959056,-0.0281992420748282,1.1408843242777371,5.313998347200349,1.1412327714521098,1.3016170413826686,-2.708137520026685,2.605860827173664,393.32849606815154,118785.20581258171,1.492804496395086,1.574253684852355,0.0096602123630214,0.3660469252895055,7.921140354558623,5.341628031308414,43.38977386460873,-2.385203492847389,0.8465377070336454,0.4405124752617965,0.0978788503461905,0.649850050641991,3.2408850327609,0.6571798518400349,0.4223050883193983,-1.251150561664968,1.9897344710959324,130.42937801467605,39389.672160432165,1.3648661833363782,1.986703613865676,0.0134205864769351,0.3296806856106569,9.919530541573693,5.721563128280081,40.236146012681765,-3.081882284625062,0.8327182104184437,0.7062709689669522,1.5900205981021631,0.8974030341589514,5.047585174555,1.8257868736812777,0.805332205717692,0.1376654250981717,5.185250599653172,1006.71630784827,304028.3249701775,2.6031227578617546,3.633526327299807,0.0699912168539173,0.2198108234802717,10.366026567347957,2.9583960714153883,14.10085763399624,-5.5015084776224406,non-void,10
0.9249168623172132,0.8217658042320554,0.3335941721865555,0.0577060012032308,0.3606080641713287,0.3385484519115404,0.0033299825748672,0.1423497058487953,0.5029577700201241,34.61374639609358,10453.351411620264,6.645948722569821,5.570354369693365,0.1232025062190215,0.1505872914967329,11.190672360441363,0.3477846490983901,2.0876725925000272,-7.513303932958881,0.9506938812051446,0.8931533371153134,-1.4643985597283276,0.2539590464184593,1.2281487292192337,1.4862564849285511,0.0644951972577731,-2.0540959159177508,-0.8259471866985174,667.1054183756364,201465.83634944228,7.500994751501143,5.726873764025561,0.2740070138571056,0.0834864215570169,12.924311686786568,0.6708284125157492,3.1359134693286146,-10.405230543695843,0.9154032325558544,0.7504869076615606,-1.7840832660933474,0.280213277701655,1.0827719506166331,1.8059547561759708,0.0785194810003048,-2.251834996775741,-1.169063046159108,984.9647195690924,297459.34530986595,2.730005800599768,4.082437552620681,0.0771004543053688,0.3948889135926363,11.622755477226784,2.1825664291934146,8.743881610187765,-1.85360167391996,0.9502896920723128,0.8428438236139039,2.3370669470640286,0.3509473743730049,1.566368230535964,2.3632701865505106,0.123164059579306,1.4925178086701625,3.0588860392061266,1686.6838843408225,509378.5330709288,4.996120175594412,5.560080653460647,0.1702917231665177,0.239277920878204,12.738955786102505,1.239359690096011,4.1652387564576365,-5.023233940887667,0.9446096717016308,0.79810292689008,-0.1270728211298758,0.4005006959129775,2.05582638224718,0.4201765215914434,0.1604008074267793,-1.0052352140522116,1.0505911681949682,53.31758940759879,16101.912001094835,4.829190867508807,4.7654083863808925,0.1735233010390461,0.1107052644912675,13.076846037543534,1.9494441265560485,8.038448783871829,-9.048774467504996,0.8887911219159345,0.6157756081296537,-0.01339782580227,0.2779939418658124,1.508816715051208,0.2783166064939724,0.0772806317140926,-0.7931518897320831,0.7156648253191248,23.39296030199684,7064.674011203044,2.230223926476319,3.335776220583116,0.0538253510753248,0.3287734726320175,9.976863009129366,2.8055778513573117,12.447758229112804,-3.099723424073553,0.9145754127817042,0.7129880920832031,0.0712155685602166,0.1223969992197824,0.9174583709671872,0.1416074949406363,0.0149810254180074,-0.4752714629784624,0.4421869079887245,6.055910152255425,1828.8848659811383,4.18249982709672,4.765203692196835,0.1069866131754539,0.2342678712443612,11.557728622852684,1.4278881108724817,4.400558699275528,-5.143641339828688,0.9561138710727474,0.8697854754089968,0.4777091243395385,0.2141380813706874,1.0376816410945329,0.523508476884919,0.0458551178931191,0.0832968855646143,1.1209785266591472,82.76645986185105,24995.47087827903,5.9888619484287045,6.083447191075145,0.2594563447387391,0.1129951360300096,14.170628359015335,1.4381363253026425,5.199815656323145,-8.948662497570032,non-void,10
0.8809242600952136,0.7934922922051891,0.3737876792633753,0.0715092022214372,0.3335407075904694,0.3805664136145574,0.0051135660023464,0.2344074263379366,0.567948133928406,43.73890014177682,13209.1478428166,5.772699345149606,4.894519518758021,0.0664982654514261,0.2466197317296571,10.331992945663533,0.1958920234641146,1.919405939792109,-4.849864138966103,0.9066156742699428,0.7931852927392857,-0.1445414905589196,0.6407419065407889,2.934490552102805,0.6568427766905253,0.410550190797525,-1.5611569042951408,1.3733336478076643,130.29561485373682,39349.275685828514,2.6424161071210284,4.295818620956208,0.0356453714959779,0.5127228048266163,11.163614491386928,1.6350788326251244,4.722196056786864,0.221065477631425,0.8969279369292144,0.4168528182042462,-0.0296654746426273,0.766725919440471,2.6974293639295865,0.7672995998484607,0.5878686355418357,-1.498076980349566,1.1993523835800204,177.80210013013763,53696.23423930156,0.4399743791080022,1.130494562285835,0.0030241526381288,0.6676337119733466,10.945337598733875,10.463850510963388,131.88976515753586,3.029212913836377,0.9218409291052028,0.6135435414920541,0.9450792773748666,0.5213895509752507,1.9038880778068268,1.079361804210976,0.2718470638661736,0.2385169377780303,2.142405015584857,351.83661512565124,106254.65776794666,2.726903525490507,4.337861900332542,0.0693473716649353,0.3597291176346942,11.888173656484248,2.078584963641878,7.07998005176422,-2.503881592127092,0.9324854386712864,0.4765763246389661,-0.4557937279695768,1.4351291232465495,7.44804506521474,1.505770076355223,2.0595956003904097,-4.930025628494651,2.518019436720089,684.7377438997379,206790.7986577208,0.9069339123064636,2.129752537476984,0.0107288644580224,0.4402115938453015,10.9583342619656,4.840669268139973,30.068498021849457,-1.0436242311741737,0.9017191592525032,0.4935071114095176,0.1441956211940561,0.3527923436447226,1.9825444031826736,0.3811230967887879,0.124462437734336,-0.9695069772591824,1.013037425923491,43.86695410157449,13247.820138675495,1.8582993181531184,2.8947293778735883,0.0368747585871488,0.2783415349993527,10.767577292620294,3.477970175259288,18.415199496910272,-4.137536920091271,0.9226239046021328,0.7135848369238261,0.0596701200648522,0.2301833875108589,2.1633177384182907,0.237791747364218,0.0529843918859742,-1.5257244812334951,0.6375932571847955,17.07656436458749,5157.122438105423,3.2570300863588857,3.9877032732789295,0.0446746613737793,0.1456816250099301,11.025436868974293,1.7268591788756709,5.01920054972072,-7.682149696251626,0.9294857371295908,0.4979611202822235,1.1614238412877511,1.0584129221412706,4.869628193618637,1.5713507733371368,1.120237913755623,0.0605296360184564,4.930157829637094,745.6812623658999,225195.7412345018,1.5528128252449511,3.02879137882352,0.0276391299154688,0.2645248561539986,11.3014498089886,3.347482616294851,15.197187242255156,-4.441015129563624,void,10
0.8655714023589539,0.7593415148861397,0.2682886168682007,0.0952527417722213,0.5706745364141128,0.2846960954354268,0.0090730848151254,0.0228927145110495,0.5935672509251623,24.477663760365655,7392.254455630433,3.565580390472852,3.7956645698818607,0.0419095471595981,0.1891830757893735,9.660781569300704,1.1637204506594978,3.81766227880612,-6.320405190764868,0.8604124342700253,0.7711779741657415,0.080618531163192,0.3222443594523168,1.753081891317629,0.3321758190563312,0.1038414271988339,-0.5343512619268879,1.218730629390741,33.32291397925485,10063.520021734968,3.796700804864966,3.987886199024483,0.0482061731245314,0.2471289436227552,10.045687071885563,0.9668641123228402,3.630072359248194,-4.837969882397501,0.8700642302007212,0.6825955559814437,0.2962293894178621,0.3077309384896835,1.3715169328275454,0.427141875327883,0.0946983305037413,-0.1419182018842479,1.2295987309432974,55.09995486090348,16640.186367992854,1.1824950662559663,2.359439260299113,0.0164528694952324,0.4265620897844575,9.745437146480327,3.600789755868363,18.60526733758312,-1.2850414534542036,0.9416162575186484,0.7157289172813774,0.537445809368144,0.2915387198523784,1.6048328008000023,0.6114268747614411,0.0849948251731636,0.1314265042431631,1.7362593050431656,112.90053260052396,34095.96084535827,1.781430990204478,3.3279774479973376,0.0499372182784452,0.4074251826677498,12.512934192001133,3.1667364711142967,14.924231544767,-1.6269532213831104,0.9285508231429784,0.601959360170912,0.0984763499700142,0.9160322600030952,5.34493924139796,0.921310313016084,0.8391151013663781,-1.941063874171953,3.403875367226008,256.34143324667804,77415.11284049679,1.3391398319501142,2.442020618779177,0.0270572002432697,0.3085385716490629,10.34891913865814,4.537493079327087,32.3911088145395,-3.5045849426983158,0.8756244528904858,0.5217315368176496,-0.0419705565789989,0.5778833170169552,3.742738140341984,0.5794054329276432,0.3339491280865187,-2.272348030121086,1.4703901102208985,101.38461802323306,30618.15464301638,1.5683016207727043,1.9728899340937909,0.01730831719523,0.291273219050757,9.326275164206814,4.71211316258909,34.54426853470138,-3.861782883589591,0.8847617219285676,0.6277097162244978,0.0027717714126124,0.3252861930973093,1.8596316966792523,0.3252980020481277,0.1058111074197399,-0.870432119539001,0.9891995771402514,31.957274621224123,9651.096935609685,2.3316631847928453,3.038383007999754,0.0203811046462793,0.1960426815118499,9.361827028662567,2.212486070656772,7.36218946113337,-6.128823583216083,0.9272471285928038,0.7002372004152628,0.8984558603886104,0.695067770541643,3.4413225034531947,1.1359322773441949,0.4831192056457301,0.0517165651851408,3.4930390686383355,389.6833258911352,117684.36441912288,2.165204569170508,3.2291757332923425,0.0514461499484619,0.3074703839943671,10.754954104760792,3.052657702229542,16.394095511319378,-3.5263506041391817,void,10
0.8445090223386681,0.7895630743489905,0.2912329684654288,0.065823171158751,0.3791174855131269,0.2985788535422086,0.0043326898613942,0.123043524357404,0.502161009870531,26.92309819833907,8130.775655898397,5.209132139404931,3.8082180626612727,0.0609636167953227,0.0748174629484667,9.284848688500654,0.4708843044678115,2.808820624636018,-10.92224420670622,0.8520292615183437,0.7751752045433589,-0.2207809870486132,0.2232571355402994,1.3969769036508948,0.3139872494414695,0.0498437485696596,-0.9249001895601394,0.4720767140907554,29.773573829169514,8991.619296409197,6.007698674457945,3.989417929816647,0.1221378073779902,0.0729154215982474,10.653984048449544,0.9613364194843944,6.141497358429311,-11.042999630261397,0.8766443968117482,0.7662699432338992,-0.061931054361652,0.1694065928420884,0.8078913278004989,0.1803719745212959,0.0286985936983651,-0.4819487278375067,0.3259425999629921,9.825282856198736,2967.235422572019,3.1713413967550297,3.816246611311736,0.061476064065424,0.2665597487680533,10.81015169918638,1.590716525791114,6.209832105252086,-4.395701683836253,0.9077252382394856,0.7978320153347546,0.4455252992732546,0.1475756805662346,0.8617507899572572,0.4693307722567424,0.0217785814945873,0.1616315097411796,1.0233822996984367,66.52195488370731,20089.6303748796,7.020002376600935,4.712912031464103,0.1804196225309409,0.1083231272155469,11.208776915842837,1.108192863668624,5.813376350584325,-9.154863084777038,0.9084883956434456,0.6277812704989499,-0.0317374966197984,0.633043576281691,3.269688568723488,0.6338386530996707,0.400744169471513,-1.223926314554087,2.0457622541694,121.32893432528785,36641.33816623693,2.010912568248373,2.898831137822848,0.0441973799516146,0.1700130534349448,11.334334493446269,3.8952897207988033,24.55334816344053,-6.885889946428656,0.8683438040072127,0.4680023715051416,0.0585231140418957,0.36704905273479,2.067224579672222,0.3716852996698516,0.1347250071135066,-1.0087938171793958,1.0584307624928264,41.72128852118156,12599.829133396834,2.077773045915265,2.057648825916288,0.0168161123843194,0.3171217761569515,9.230119388604258,4.528759097513704,29.42536210274868,-3.331171984234804,0.8696144513236133,0.6805406648736657,0.0614719310653551,0.1720579898333195,1.0327603643648344,0.1827094693068381,0.0296039518654826,-0.3699383088549274,0.662822055509907,10.081590552664707,3044.640346904741,4.165769848270213,3.962150413570111,0.0317508346459017,0.1884150322223106,9.720254527866263,0.9487936928410377,2.670180637389933,-6.342184433941334,0.9215633232243342,0.6675095520191019,0.6667805221426104,0.3587309376391817,2.0211840086030377,0.757155301327448,0.1286878856194864,0.0286035781222366,2.0497875867252744,173.1318133991341,52285.8076465385,3.116823955294115,3.857445984283161,0.0802885957232616,0.1349094564158003,11.404807354338336,2.595320892224056,12.216963707371516,-8.070191717566143,void,10
0.8565584081635221,0.7191998018089036,0.2228647745501934,0.0604869999703118,0.4236966114247513,0.2309272285823329,0.0036586771654084,-0.0374725480452175,0.3862240633795337,16.10487024001654,4863.670812484999,7.582332007985215,3.5939657430461094,0.0590692774642149,0.1169441194494671,9.104940009787624,-0.6234007500405866,4.195994017345564,-8.780097606794307,0.8965434519998763,0.8085066149190088,0.1887343311067239,0.1360854312549582,0.8478338389861602,0.2326798064683536,0.0185192445998479,-0.14529119622916,0.7025426427570002,16.350247486121447,4937.77474080868,8.085896081602671,4.596170492668143,0.1924873122824986,0.1571919654222364,10.98912165273834,0.7373825988430178,4.786018049461934,-7.292983151331953,0.9302499581047315,0.8631202236785444,0.4443697038763464,0.1112876904557756,0.6918011165367757,0.4580932042391945,0.0123849500469805,0.1660679894264911,0.8578691059632668,63.37451389857996,19139.103197371147,6.654196047162234,5.751861935964927,0.1711847700520502,0.2594540081225402,11.548786144295418,0.5654545532302332,2.806549578474617,-4.55491640604477,0.917246134335635,0.8282905193107639,0.5493674701043453,0.1245473556529851,0.8085862050331213,0.5633086729396237,0.0155120438001511,0.2525339517338022,1.0611201567669235,95.82963162471798,28940.54875066484,7.755392097617992,5.207873428513586,0.2042527797355657,0.1366024112105397,11.378594162781823,0.4942031121146736,3.680139013462966,-8.007524523365547,0.9522542891075516,0.7664012299181563,-0.1014921787487089,0.2251796577340066,1.3984265566901048,0.2469950214161497,0.0507058782572043,-0.8452983125731488,0.553128244116956,18.42397526251801,5564.040529280437,4.60314963076269,5.63123251687225,0.1864510788128806,0.1998725354884198,12.959876975827914,2.2617627451722844,8.697875218161736,-6.024060550628429,0.9034550117149128,0.7069331894284511,0.1206392532660188,0.1659121557446951,0.98960696231765,0.2051357425034326,0.0275268434238519,-0.3130672429067383,0.6765397194109116,12.708363201435253,3837.925686833446,4.417431081538776,4.422178649296117,0.1062536443176017,0.168318059808407,10.420479108589696,1.6781074200919008,6.671693380081628,-6.938265511970005,0.8644650018525125,0.7272107093475568,0.0328348238089937,0.1070882619230655,0.6321199271598114,0.1120090241733707,0.011467895841703,-0.263808015026994,0.3683119121328173,3.788898491873765,1144.2473445458768,8.47436086867626,3.6781747561234126,0.0429231505621229,0.1354344244646106,9.879548969097124,-0.9361076266012146,3.3015716849856145,-8.05068863267383,0.945587299357106,0.8248311573912137,0.2963018924419772,0.1668485046033453,0.9308480414564644,0.3400488714186089,0.0278384234883725,0.0121321563121448,0.9429801977686092,34.92123695582703,10546.213560659762,6.131408991600082,6.692620310883884,0.3115025522512564,0.1427077335209201,13.544320089680925,1.748365223151008,5.555233981148345,-7.786813940171781,void,10
0.8744107681521417,0.791988061772911,0.2654585144216467,0.103154857879636,0.485470480832545,0.2847966776195177,0.0106409247041679,-0.0245528985164884,0.4609175823160566,24.494962570100896,7397.478696170467,1.9813948525190024,3.3941169778185465,0.0239446435966898,0.6128912493456565,8.989833634363155,1.955645730574128,6.406063356042222,1.9955043467172315,0.8756538336082283,0.78206557167456,-0.2867046072517206,0.316094638639985,4.328426984217667,0.4267497538327422,0.0999158205769427,-1.352972277733803,2.975454706483864,54.99883642368444,16609.6485999527,7.210633122561593,3.84870272326932,0.1031666694696389,0.1415316684134236,8.095285278243836,-0.0429634455382253,4.243207134387834,-7.828706503315296,0.8830048578129428,0.7869608782748062,-0.1617723010735481,0.2046105529667712,1.230749559660221,0.2608366457766212,0.0418654783853678,-0.518440689540522,0.7123088701196989,20.54679824555957,6205.133070158992,3.2942040775843147,4.193245702478304,0.0698157004013886,0.4293458520704956,10.582830770303284,1.3855083170585207,5.089541043917329,-1.235657055887214,0.9072142860883315,0.8119920468539683,0.5281444387608708,0.2287437596206397,2.8525139225522453,0.5755521312265469,0.052323707565385,0.144512468512956,2.997026391065201,100.04059723934492,30212.26036628214,5.633038630987256,4.5775662227957215,0.091221638814062,0.1860127226413887,8.963523893215223,0.4612141064332454,3.212978624170169,-6.41074964994287,0.9243235140066628,0.6408704944108445,0.1552071845898256,0.7970182146487349,4.85305282126512,0.8119897195347715,0.6352380344818569,-1.2787615911868984,3.574291230078221,199.11684599830735,60133.28749148884,2.257898226083939,3.663508932583373,0.0819285225282668,0.3482936433031906,10.172340374971697,3.2393254696471385,16.948765931746703,-2.7210640871431813,0.8643030978766173,0.5318837243665264,0.1171048681618679,0.3728683122655072,2.0318221598212767,0.3908251891049709,0.1390307782917277,-1.0768118662920565,0.9550102935292204,46.128787188558746,13930.89373094474,2.172986547627059,3.01331105885058,0.0461906001595079,0.2158639953338616,9.663310410606105,2.721391659324976,12.99235580886005,-5.602111839426218,0.8743396139807321,0.4817391087391055,0.0889091022426694,0.2498657585396571,1.3818976147048976,0.2652126048139411,0.0624328972905982,-0.327280547807088,1.0546170668978097,21.2419931771631,6415.081939503257,1.7277410640671769,3.1141567445320013,0.0155902714908982,0.3840727585613719,9.87833971915464,2.712929424847761,9.63106401924571,-2.0511590690459256,0.9348772958438828,0.7217391290083252,0.679411915424516,0.6486977786307575,3.615854219058122,0.9393664667323872,0.4208088080004793,0.0558653257103678,3.67171954476849,266.48762636402927,80479.26316193683,3.3422333524171304,4.646089828568988,0.1287984477215355,0.3458434406020866,10.351197717861565,2.5322108142547064,11.036123023744492,-2.768021570153565,void,10
0.8724715131292943,0.7634851131658094,0.2966789408462198,0.062751962670298,0.3418134267825548,0.3032428115563653,0.0039378088189744,0.1003650651869842,0.442178491969539,27.770773233704,8386.773516578614,6.055789474676248,4.343110326158367,0.0701911861139851,0.2668855816977197,9.384354190123696,0.0650316847470592,3.0376883459056976,-4.388466224038039,0.8879542166083988,0.7790401157566381,-0.0888797940098613,0.3597324854177632,3.6296011810164455,0.3705496982161457,0.1294074610648412,-2.425851482344061,1.2037496986723848,41.46673781211914,12522.95481925998,7.707362298626855,3.2668296459548287,0.0882104505357704,0.1311888157805502,8.669760684745242,-0.0243961769917331,5.318752359569957,-8.210285903260178,0.9022946882808018,0.8062508215994465,0.1139141525414601,0.1330795248604672,1.0257417814079548,0.1751758947067969,0.0177101599370877,-0.5509306788527062,0.4748111025552486,9.26735141407069,2798.7401270493483,4.6384868883192585,5.123881377135681,0.0737973609993108,0.3718903977613842,10.78790939469358,0.7183890224116447,2.4196300706856237,-2.276204661995517,0.9360688077044712,0.8852814582243093,0.4441876669010955,0.2502942114152345,2.2278422281539445,0.5098527980652972,0.0626471922679741,0.2091838359677719,2.4370260641217163,78.50486245989384,23708.468462887944,7.429759402573658,6.76433921353948,0.3995916502900363,0.0455971943184433,13.006014716347233,1.0760576710120242,3.360687270739356,-13.207935809148792,0.9473662728914766,0.7521556321747426,-0.0283979932523432,0.5476558535789333,4.643663462667211,0.5483916301148571,0.29992693395927,-3.365774910394216,1.277888552272996,90.82148075396913,27428.087187698668,4.026611685746786,4.350742309607554,0.1015559013127739,0.1307781416397589,9.937248295085537,1.933467246911562,9.363330171835733,-8.22595476746143,0.8937591473043311,0.7294175912528092,0.0648251032116496,0.2081848110876478,1.3705597981693505,0.2180440542046506,0.0433409155675996,-0.986746015177747,0.3838137829916034,14.358049291348188,4336.130885987153,4.044518669680149,3.5377587825901213,0.0747792588265054,0.1288068078225345,9.592334466449008,1.6095342657902996,8.14260804327107,-8.30175653346137,0.8669736977735233,0.7057378746074003,0.1080485429034698,0.0984924459653021,0.6141510573630831,0.1462027685640423,0.0097007619122279,-0.2572587034425753,0.3568923539205078,6.455325359808861,1949.508258662276,5.1516146493218535,4.754528977424632,0.0791507612233652,0.1562549893044164,9.849578477486316,0.5717958436120789,2.43042086624812,-7.323773132256112,0.9427238785411493,0.8232662552330662,0.4476219837706385,0.4114442838770031,3.348859922190197,0.6079899991692477,0.1692863987350599,0.0592238386379344,3.408083760828132,111.63485540512616,33713.7263323481,4.404412389709554,4.834811115519996,0.1579963998327771,0.18581571814968,10.332019034029765,1.9825481047958893,8.478728428502158,-6.416402651002441,void,10
0.8565121714173504,0.7776849422609425,0.4261085343745309,0.0669302606354884,0.4069515301092411,0.4313329837324584,0.0044796597887344,0.2439190319336001,0.6508705620428412,56.186539142374656,16968.334820997134,6.867797591455096,3.89996649366329,0.0741627320205733,0.0934984726259833,9.331369916185318,0.0373577123521451,2.8763816453010045,-9.865639960460628,0.9249911319601746,0.8160620041599483,0.0161181704128008,0.2184867379235239,1.4875484037975246,0.2190804648203913,0.0477364546484626,-0.6491699786299608,0.8383784251675637,14.494867519907451,4377.44999101205,5.750729116868067,4.708690411655481,0.1222208713896398,0.1640716233580817,10.70427000712992,0.7111943547317103,3.87367998878256,-7.071355918361356,0.9272236189088944,0.8102293276158871,0.1757015578645772,0.1979453666855836,1.0360819348774677,0.2646760390143572,0.0391823681922901,-0.2598971901323468,0.7761847447451209,21.15612849975552,6389.150806926166,3.176776419539176,4.460258562770878,0.0822832517540175,0.33700622050462,11.426376615245127,1.5960826436639703,5.558140790635527,-2.938715356423973,0.966411777961905,0.8865153147908243,0.5396780072856868,0.1133377562948179,0.8177415835075614,0.5514506311083464,0.0128454470019435,0.3344462499224421,1.1521878334300035,91.83753516203764,27734.935618935386,4.02229465075574,6.158993449753259,0.2050733263515757,0.3059193937959798,13.878891002308215,2.0621234528267336,6.806287083374828,-3.558028979579551,0.938843553401778,0.7459707159057252,0.0754614328711877,0.4417234121186314,2.4896397057519697,0.4481227517820302,0.1951195728137263,-0.9293047721560004,1.5603349335959693,60.64582820073911,18315.040116623208,2.5698020559638626,4.069340700993309,0.0785651822509824,0.3061889035110233,11.279207133390823,2.606436483125546,11.609575125039578,-3.5525179375117983,0.8466186181347904,0.6763350258837093,0.1614190930866298,0.4423842134541157,2.6442743427942683,0.4709139156218753,0.1957037923134166,-1.0596794044783788,1.5845949383158895,66.97149460975068,20225.3913721447,3.566095166591224,2.981791877698312,0.0462130742254678,0.1428733574500323,8.556658453960043,2.053512915104726,8.804284323510107,-7.780937435033788,0.8793295435326488,0.7000567195736854,0.1106605450255052,0.1798754280445613,1.1717114516206886,0.2111893127967322,0.0323551696142141,-0.4035303988608748,0.7681810527598136,13.46947960354592,4067.782840270868,4.3671715298511735,3.7577692248439543,0.0364070451596772,0.0928700286023047,9.34432553034744,0.8528681989170132,2.770011283554216,-9.89793932604332,0.9178782698445688,0.7743244889938782,0.5687055516925879,0.3791422396734648,1.7696345156522464,0.683501896435249,0.143748837904611,0.0676006690404923,1.8372351846927384,141.0868024140357,42608.21432903876,3.266076459446234,4.407248094505239,0.1198494455675209,0.1825401994992532,11.393158258916383,2.477105500331578,10.811762329291586,-6.511078834312985,void,10
0.8699370438231084,0.7922748214817811,0.6348608585095922,0.4479527534678861,2.120976571004767,0.776987759882353,0.2006616693394608,0.2257046072368929,2.3466811782416603,182.32041366011316,55060.76492535417,4.801651357643108,3.9777634497047454,0.0777921154372297,0.0942260647255125,8.960376203586199,0.8889032682109578,4.2186386955172175,-9.828486872589862,0.906826478317802,0.7824321819959544,0.0313209282968747,0.4764973645254548,2.509645623537171,0.4775256421901154,0.2270497383997042,-0.5343618049217651,1.9752838186154065,68.8652831626228,20797.315515112088,6.589034730728149,4.988778495441494,0.1314537078540194,0.2118881668004964,11.32767364202027,0.4788256144371163,3.8528623836600926,-5.704811426661919,0.930682667590326,0.7575288723079899,0.0636548524620671,0.3014375997787619,1.378632088891529,0.3080853238996441,0.090864626560381,-0.3244355944718256,1.0541964944197038,28.664803174309284,8656.770558641405,2.168919947819128,4.236775787099818,0.0598527146507139,0.5837855273918576,10.870674686307687,2.50247601056158,8.895136858727525,1.4693614826582082,0.9214912761402948,0.7799084379376399,0.7781745143688295,0.5666583714596162,2.719816254292038,0.962630398833544,0.3211017099452643,0.2272802652951063,2.947096519587144,279.85049999704523,84514.85099910767,6.83495858917323,5.083058349597163,0.172038185840454,0.1258857749525158,11.986552891729936,0.7166644135095115,4.315269897731599,-8.415915179947373,0.9527071615378347,0.8487257880149958,-0.0788401094681574,0.7030702932297588,4.78977945948526,0.7074769254775239,0.494307837222179,-2.183993561529277,2.605785897955983,151.15812722510523,45649.75442198178,3.164689869411397,5.4374819515562285,0.1501287889897683,0.4133753789636948,11.909589515930833,2.655227079895973,10.516490779635276,-1.5201568024738543,0.8729191497557484,0.550112099671867,0.3142088476816927,1.1562007151099671,6.5894991429434615,1.198134922945766,1.336800093620799,-2.64413130203624,3.9453678409072217,433.5292426618415,130925.83128387612,1.3801065032913653,2.13979647676897,0.0237587729933176,0.2690825490069124,8.489677360787299,5.487484435427784,46.0464245781676,-4.339827976138924,0.8752297753970691,0.7277911009672225,0.7113516453180148,1.2756673821672913,5.379991488918464,1.4605986557648876,1.62732726992555,-0.2176784407408645,5.1623130481776,644.2712268331034,194569.91050359723,1.2235983993692163,2.639788925859796,0.0111007520568961,0.5946808365553706,9.35403960584621,3.4423666781798667,14.61582466192171,1.6648680648550718,0.9352988376779156,0.8180524032823294,1.2537836961846047,1.5803245774426384,6.595311768921758,2.017275223386136,2.497425770069253,0.0409756534694829,6.6362874223912405,1228.9585967200508,371145.4962094552,0.946145625807998,2.611231705260209,0.0314762659329376,0.7354231484451228,10.70303159963645,6.460051285906244,53.88144700752365,4.439854517511464,non-void,10
0.8753257121057352,0.4078862404082643,0.4253761559511476,2.0787814078161087,5.579812887504662,2.121856973392339,4.321332141481922,-2.796511066693886,2.7833018208107765,1359.6876586911767,410625.67292473535,0.3483522474881746,0.7539647092520176,0.0012490168529604,0.8160923205666081,10.235983676711868,12.903484599308472,199.79003818763576,6.471394267183043,0.9094416932781992,0.7680568166002398,2.154741587740526,0.6910138326177088,3.245776156006194,2.262832611309899,0.4775001168690148,0.4056104224987459,3.65138657850494,1546.3642508958883,467002.0037705583,3.505985099410061,4.154744579773141,0.0522317624423613,0.3424446080420089,10.528875387884906,1.1272798342874035,4.121854935794844,-2.8334201082988555,0.8805969791040977,0.7918442529884037,1.65855690396363,0.6664032269519629,2.4093547539247235,1.787429513177348,0.4440932608919892,0.5808519241540161,2.9902066780787395,964.861087902378,291388.04854651814,2.966520776002183,3.9383509110827695,0.0397436704208287,0.4595244814395196,10.22548579255615,1.3208650636079469,4.293309217262831,-0.7046737310963718,0.890937606746093,0.7346573964151305,3.456674839458296,0.9321972758888818,4.279079730462436,3.5801665753032617,0.868991761174652,1.1772854768944967,5.456365207356932,3870.912997489443,1169015.725241811,1.8351249286203055,3.171718752157118,0.0231008300816611,0.4496231391958627,10.260987856267702,2.2541098365496968,8.492334695005306,-0.8781151329915026,0.9013323607131972,0.7190209490193762,-0.9002831717180219,0.9894161050247128,4.608979754632138,1.337704757471145,0.9789442288822732,-3.271354796792913,1.337624957839225,540.4151134846022,163205.36427234986,1.4930278147509688,2.837297720128163,0.0327228014126632,0.4099717249856779,11.120198892553631,3.8676277264162766,23.65297011477881,-1.5811891890302745,0.8487003265941119,0.5084020475671874,-1.0785987394304095,1.7902333401908808,9.696501993954517,2.0900503948545994,3.204935412330998,-6.394901749899909,3.3016002440546077,1319.2298172156236,398407.40479911846,0.9157476417777802,1.7342136126221386,0.0086136576621981,0.3976614942587445,9.311813065261807,4.809920384175658,32.64162783941755,-1.803270871365604,0.8150735612749418,0.4344175649182783,-1.7003404649074727,2.0006204805966967,9.675672055424588,2.6255742236670288,4.002482307382958,-6.093087301547709,3.5825847538768785,2081.8792812033853,628727.5429234223,0.4927954865515423,0.8510633926319664,0.0012853650659416,0.5527000530461995,7.604483914651954,9.270624927669571,114.47057791430386,0.9189065959914188,0.8691674108842904,0.5036115165117752,2.8616980827514773,2.2050144576292547,8.673146776477855,3.612672788279824,4.862088758354037,0.0712085225757899,8.744355299053645,3941.524211903611,1190340.3119948916,0.6103537812001144,1.4015374482477077,0.0081917967453566,0.551433742646319,9.88885830392934,7.553588044252026,76.74860824221324,0.8966673599332969,non-void,10
0.8971372276845254,0.3587763719222281,-1.779554148541886,0.3796837591683704,1.7893038762216542,1.819607849117183,0.1441597569762251,-2.768195839402829,-0.9788919631811752,999.913762819796,301973.9563715786,0.523929354454955,1.2526527444468414,0.0049155201939254,0.5552974330479161,10.225788713252,8.976511832853848,98.80996737439725,0.9645602972306696,0.9056788119992926,0.7393276613893821,0.8830940250348792,0.863514272326279,3.439864333758472,1.2351161708776577,0.7456568985111831,-0.2220217621395018,3.2178425716189696,460.704610580173,139132.79239521225,2.2460374798694818,3.9970566446101055,0.0538108962441385,0.5566567230243971,11.14529220665198,2.2264590186363677,8.157463590427744,0.9884733169375496,0.9305051206716596,0.4828685766939498,0.8707331951948252,0.792357658038323,2.9554361784753724,1.1772879662453726,0.627830658251976,-0.04443304476004,2.9110031337153326,418.574100550782,126409.37836633618,0.8621330331978277,2.4147336771990995,0.0206824487442859,0.7535102515153752,11.259753342336904,5.2736287677153975,34.73146448292117,4.85290303741167,0.9165051350844466,0.4479236178968544,2.3019966828679883,0.9608865217408836,3.7820119751011374,2.4944922600798973,0.9233029076632934,1.197123923407016,4.9791358985081535,1879.192473950751,567516.1271331267,0.7170497381171377,1.843068260337826,0.0109185796079572,0.599071975166574,11.06628550432158,5.9671259038953774,45.47166864429938,1.7441258919838405,0.9250836225999892,0.4433191717818566,0.622904795339339,1.3393680728951376,6.967018477912996,1.4771314155306488,1.793906834690835,-2.1835603593522253,4.7834581185607705,658.9390000617686,198999.57801865408,0.8398994896635625,1.8765873931898776,0.0156791338802514,0.4526418032110739,10.875325514593673,7.162471355674147,67.47071472770766,-0.8251696585344831,0.810823933359843,0.6147816863873393,0.1832537406134641,1.0168266597396691,5.014156097023426,1.0332078152076472,1.033936455957333,-2.151501359375991,2.8626547376474343,322.39055360066027,97361.9471873994,1.0170169019752209,1.770643595930888,0.0131461735838492,0.3251833596634529,9.289852669721697,5.72752644240246,47.66405182325363,-3.170574695965096,0.8127480483147207,0.3621178076048265,0.306645037829928,1.35666996157227,5.58524679322644,1.390893440871091,1.8405533846325048,-2.356282798049223,3.228963995177217,584.2445382851834,176441.85056212533,0.4989141765635002,0.5961809678910249,0.0009767440437626,0.4397259111448531,7.420703822633921,13.562268599362447,307.6712773759736,-1.0521848051946234,0.8740327248743576,0.3921232624102448,1.7116895354700217,1.501379068115172,5.570090155728019,2.2768443451435063,2.254139106174382,0.1089204904419297,5.679010646169949,1565.5740919476125,472803.3757681789,0.7825013071157924,1.257362724651084,0.0075001444630531,0.5172529585740697,10.236887593729191,8.300161837974379,109.70148821638338,0.2998336259740956,non-void,10
0.9044847016563532,0.8184361609731141,-1.8028679265910048,0.1206824143423169,0.7963648773240879,1.8069025999931596,0.0145642451314906,-2.220136520960732,-1.4237716436366437,985.998895770336,297771.66652264126,2.895129670340713,4.4257483217470766,0.0864990089323504,0.4872362607036143,11.281221799130249,1.899913053926444,6.486480132205247,-0.2217770118419279,0.9147104316529032,0.8580613349135351,0.4199934294779774,0.3122922606698927,2.264866156449038,0.5233745665190324,0.0975264560743122,-0.7623690129191444,1.5024971435298935,82.72412293745347,24982.685127110948,7.8982517402235874,5.570758758585904,0.2341345063655107,0.0635017240147515,11.529143759289658,0.6869118451810009,3.31128693145494,-11.687214609291043,0.9109926460794964,0.786657143675102,0.3880192944742624,0.2938357128526664,1.83659951784548,0.4867220963054163,0.0863394261476346,-0.5525328248123448,1.2840666930331353,71.54331650764556,21606.081585308955,3.072386473850267,4.45516408969478,0.1012304375731459,0.2522520147445318,11.714320618089056,2.171046577326408,8.425582533950786,-4.719206043659639,0.9250407509148384,0.8407405637245033,1.9386241703573144,0.1321085458226623,1.018818538226475,1.9431202592153076,0.0174526678793784,1.525685530403781,2.544504068630256,1140.266335215435,344360.4332350615,4.58211555789298,5.9171891981756914,0.1849931963575322,0.2614520263423063,12.770875287528051,1.4936447602957106,4.727254230044248,-4.509866922097977,0.92046881778528,0.6831887157788875,0.2266131458521439,1.187840857085562,6.919146662466613,1.209263999147733,1.4109659017617628,-1.5101489912694166,5.408997671197196,441.6204647297,133369.3803483694,2.092580569114273,3.490409636540792,0.0701811447951321,0.2411453540516233,10.900991168381209,3.879464914383186,21.50994164313154,-4.978796980447799,0.8269452255754351,0.4660109786003832,-0.1377046755345249,1.2486362791167394,7.715378021123977,1.2562066450988725,1.5590925575264958,-4.125152034997735,3.5902259861262418,476.5726508275504,143924.94054992023,1.2281788437175472,1.6071304519066782,0.0135649586270176,0.1710472359579418,8.23455473407353,6.567570617510219,66.71038996153617,-6.854137232282357,0.8589517622301471,0.6534479158607623,-0.0412969389755306,0.6163721205774837,3.0236183510453363,0.6177540191645319,0.379914591025184,-2.132600532940345,0.8910178181049916,115.24924851456773,34805.27305139945,1.7219098265306283,2.807250186449876,0.0352262667953108,0.3886390192623612,8.821304508869927,3.4104947783508344,18.378023901068214,-1.9675131474709344,0.9199580119343402,0.7137201561710327,1.242416661243688,1.370545666106516,6.089694899544377,1.8498633957725807,1.878395422883354,0.0144252527243393,6.104120152268717,1033.4423640718182,312099.5939496891,1.661187591626284,3.2841393691214757,0.0620085401104797,0.5455352451528183,9.823746674416425,4.178345117319845,24.387348066721778,0.793226062267439,non-void,10
0.8599560782854979,0.7682707166002406,0.8078924817385814,1.4713528411810235,11.253213357885478,1.678561719240968,2.1648791832514704,-4.134772922847211,7.118440435038267,850.9059724809607,256973.6036892501,4.056925338324055,4.053025602816602,0.0786499248097278,0.2104326810599807,8.357187682357297,1.3448197574669694,5.031738647017597,-5.7427597555647,0.8912999150496842,0.7881128454370195,-0.6890326968815261,2.143939424808644,16.33677599581503,2.251941898589004,4.59647625724882,-8.390959145400185,7.945816850414846,1531.515179015436,462517.5840626616,7.3646728194121085,3.421445524569876,0.094563943828441,0.0575442866633752,9.650056968456145,0.8151125650829812,5.890204212566514,-12.14258740731135,0.8532783774007465,0.7902029828481937,-1.1909863305183923,1.3736603432170629,8.972528113624524,1.8180734798156224,1.8869427385272195,-5.038795937951676,3.933732175672848,998.2281357586832,301464.89699912234,3.645892428498427,4.007450898438406,0.0725063975726283,0.2128350665998123,9.685418760510304,1.3223126144572015,4.964805213124895,-5.680225552303584,0.9449721820630425,0.8614159514267897,2.828957633175454,1.786393475029805,8.98086209623548,3.345773892230425,3.1912016476290623,0.3593374248335062,9.340199521068987,3380.6492872550803,1020956.0847510346,6.29994543697425,6.594530916498237,0.3293904309412903,0.1012374056277553,12.832123544107342,1.0950427418444029,3.283016659237457,-9.483039820372158,0.8832878809042072,0.6372466477817591,0.3296318946510009,2.2761147372916346,13.880341150749707,2.2998598834031987,5.180698297316166,-6.131235812705011,7.749105338044696,1597.385355952787,482410.3774977416,2.4616245404166417,3.3483271659575253,0.0501365318387619,0.1690252962446462,10.215941658209251,2.6966732933808357,11.553397622321524,-6.91636097551114,0.8035355399907143,0.5694799032607937,0.5390348650278798,3.2988684256936938,24.01534170084787,3.3426174587820268,10.882532890038789,-9.51060061956053,14.504741081287342,3374.273625677833,1019030.6349547054,1.2482128210369143,1.8752186610354056,0.0151298197211088,0.2893052066934932,7.111845290794216,4.490556032495937,34.182459903622394,-3.903268838993783,0.8001167565513526,0.4584342127980049,0.4206477257365404,3.491669692968149,25.752335909244664,3.516916512224824,12.191757244792292,-9.888545766561482,15.86379014268318,3735.347929695804,1128075.074768133,1.082847328444423,1.5284356258287712,0.0113753119743917,0.3104347342554888,6.199022641357642,6.864525986668106,66.90394178533887,-3.4660506929465544,0.8598956533547333,0.6629273518872469,4.02641955276852,3.5523364562052326,21.050450957669504,5.369464471714233,12.619094298084752,0.1592853637993529,21.209736321468856,8707.006911326424,2629516.0872205794,2.120669814573094,2.999579919094169,0.0562872718679876,0.2844364191537917,8.570178258320839,3.3341565673807745,18.05800540441846,-4.006630261478723,non-void,11
0.8913214834259201,0.7026510609304738,1.0974846756685976,0.6381393685496861,3.783615290746576,1.2695252919971305,0.4072218536929921,-1.1186522375681844,2.664963053178391,486.7317290401605,146992.9821701286,2.681025760745852,3.7743938813257456,0.0621116813671947,0.2537018888314764,10.954238771424764,2.1883050768505625,8.216713388039109,-4.685886417249543,0.9198227508202524,0.8545532940496049,-0.0918431210677828,1.0079368067039378,6.503455530193586,1.01211252595549,1.015936606308531,-3.436728176443144,3.066727353750442,309.3602730891928,93426.8024729362,7.697290283917875,5.098494099767744,0.1935141091489268,0.1234110991337803,11.81667657519758,0.5957772120206728,4.105691387664412,-8.514417470227851,0.9233296905937188,0.8279596776989403,-0.1570349173239721,1.154660759416159,5.68050298978559,1.1652902791126547,1.3332414693355013,-3.367212046471169,2.3132909433144206,410.0862332475234,123846.04244075206,2.258206986739771,4.259631456747433,0.0751921711234794,0.5204474871972058,12.081798541523078,2.4389739700881363,9.062383359930632,0.3554074508076925,0.949320556443831,0.8637397607531255,1.8535916305465976,0.7471049015890976,4.097670056378592,1.998491347694768,0.5581657339784553,0.5567601892919702,4.654430245670562,1206.1782353768765,364265.8270838169,5.199645689735657,6.213882643157535,0.1898966986004069,0.2653755618743781,13.745044187766204,1.380133075043223,4.141699922291703,-4.42204444737377,0.9087452020290342,0.5739584414785752,-0.5025043474156002,1.3723195674467512,8.584346386009313,1.4614279367689726,1.883260995197238,-4.64437627406142,3.939970111947894,645.0030275393825,194790.9143168935,2.681697807595186,3.963510084045729,0.0754940594751159,0.270098579861015,11.845535748628546,2.602118969401934,10.619764228863332,-4.317419078807241,0.8343608740171837,0.5585810404089699,-0.0270799024354274,1.3435698060183288,7.165094400970152,1.343842678575153,1.8051798236441292,-3.809317784254299,3.355776616715853,545.3857697175326,164706.50245469483,1.3359985430859846,1.986852574664822,0.0146288207214154,0.2653499448193159,8.191962912560232,3.871422030215181,24.261861736164587,-4.4226151387546695,0.8559908381713287,0.5701063168204312,0.2485541447163634,1.0345408129872795,5.931898294885503,1.0639801955826358,1.0702746937363812,-3.698096410815636,2.2338018840698672,341.88026469080336,103247.8399366226,1.1806888109807572,1.995538087554535,0.0141697743276505,0.2942043161636289,9.5862864618938,5.193120419041408,37.10970448544293,-3.800299583327905,0.9136643758726276,0.6948196668837153,1.942821122506816,1.1398178370521657,5.654948212973838,2.252496085617225,1.2991847016622773,0.0370862923788397,5.6920345053526775,1532.2690619477185,462745.2567082111,3.059806028031089,4.015070930147665,0.0947074503791969,0.2218846855570505,11.618991749034803,2.6044624095849884,11.857114814800516,-5.4491663456401245,non-void,11
0.9109881984423004,0.8546207432842485,1.7823462024592631,0.3644310271114667,2.3147168487313974,1.819221800370278,0.1328099735215185,0.4097271822050442,2.724444030936441,999.4895236006278,301845.8361273892,5.012732089215366,5.753725240248545,0.1239983201765801,0.1931867068335236,11.946638037737298,1.101687793241589,3.427441882582351,-6.207958051893795,0.9249307737964124,0.8749037003657391,0.0327079699186711,1.0079075824439765,7.403928557342954,1.00843815181907,1.0158776947480612,-4.368830662015245,3.0350978953277084,307.1181468253671,92749.68034126086,9.567462483802805,4.865494808917998,0.2923826689803021,0.0791682164644322,11.500422365141189,0.7105816276136954,4.632733601310391,-10.656294396554731,0.914822921325934,0.8418297104563576,0.0591836061723922,0.7914547854125905,4.935743641231988,0.7936645239596253,0.6264006773524896,-3.264430613282217,1.6713130279497712,190.23081973080167,57449.70755870209,5.786967399017925,6.193788389351701,0.1453772412799014,0.2539716182336184,11.815807186346175,0.7529620709901657,2.422791033432896,-4.679701636402212,0.9621135282115124,0.904943446149309,2.151018633126601,0.5740537270334239,4.073421055562042,2.22630160615735,0.3295376815209648,1.0606897080728914,5.134110763634934,1496.8384901567963,452045.22402735305,7.036849857372123,6.701018652548576,0.324924022604132,0.0940473631304991,13.907444304123224,0.9531569431372612,3.158661405106726,-9.837588690433376,0.9225776162707576,0.7676730126376645,0.1255900616426478,1.1022447663030384,6.42202287637989,1.1093765764725,1.2149435248424398,-2.8029495280085683,3.6190733483713218,371.67634930460497,112246.25748999068,3.4746908445661813,5.282805675010414,0.1497456112110904,0.2604700231239295,11.789991552672232,1.9569693794248264,6.544794588001638,-4.531980341849617,0.8536834966513951,0.6943548616100139,-0.0086791155132517,0.9088771357350208,5.447459868513706,0.9089185744102644,0.8260576478618952,-2.4463988160988643,3.001061052414842,249.4921584222122,75346.63184350809,2.376702909315856,3.215779299582688,0.0420313176746784,0.2371415593621697,9.384409536826068,2.390721659752869,10.773675377991156,-5.074362843829742,0.8969714036680716,0.6314491306892145,-0.076048158283878,0.8292435038063837,4.168850262561827,0.832723309979646,0.6876447886050879,-2.337832024928126,1.8310182376337016,209.41528951700425,63243.41743413527,1.6410040331943376,2.9334459182652197,0.0354547717436308,0.3492312184942095,10.613805616641338,3.7842528906686415,19.84105678229193,-2.7031365155062,0.9364782108939173,0.8015800455578392,1.4544025981338589,0.7968629473496496,4.100257193763226,1.658396054721938,0.6349905568587704,0.2057679555296031,4.306025149292829,830.5837972438213,250836.3067676341,3.871640464818373,5.191752695033417,0.1572951109636675,0.2976062424891191,12.216447191537508,1.8948775875782076,6.860358377496428,-3.7293860643850536,void,11
0.9064789835140736,0.8488315100566874,1.0793535907648122,0.3392320448665151,1.9018620228525784,1.1314073334397343,0.1150783802643173,0.0253737524286813,1.92723577528126,386.5849313566856,116748.64926971908,6.615598357415211,5.223676525253356,0.1575117132492261,0.197723368082785,11.783105081002274,0.6146651385122721,3.1776058520920576,-6.0826614223234525,0.8990425222517073,0.8228651269340046,-0.254205409779849,0.8313146795814017,5.670558948875559,0.8693126519549048,0.6910840964875287,-3.4642082918600807,2.206350657015479,228.2227550283586,68923.2720185643,8.268248778523184,4.41267070220385,0.1936324200896084,0.0774262107952188,11.358064100073252,0.7183974925576649,4.898895254678571,-10.761131061454364,0.92223346568395,0.8013096889548708,-0.3678430164071861,0.6638708095602448,3.792991395619557,0.7589683369586061,0.4407244517861748,-2.4135086091700697,1.3794827864494867,173.9619468247251,52536.50794106698,4.300264081636729,5.217853525889161,0.0920281824882404,0.3392978893927298,11.933382772032648,1.108348487063516,3.313152718467672,-2.8942453595448834,0.9592045531397468,0.8796219818406883,1.5367635047405417,0.5001778763733559,4.018563869571539,1.6161126128818477,0.2501779080133601,0.2971150169729836,4.315678886544522,788.7696332097693,238208.42922935027,8.441725611904479,6.014487169418013,0.3090631640649904,0.0709181690585279,13.766945238558836,0.734393625580885,3.144868141287576,-11.172964520792238,0.9139468638071024,0.7959579419107043,-0.0438860982818715,0.7856075707818767,5.5652959320795246,0.7868324122023745,0.6171792552698014,-2.901386415841264,2.6639095162382604,186.96978395744668,56464.874755148885,4.188368486950193,4.936180344376036,0.1329181837059735,0.1574450738547926,12.165883711170403,1.5650008333976182,5.550619821201332,-7.284691450252168,0.8718349934191556,0.5231621768610405,-0.0461120468061432,0.6551329923283886,3.0343678068668343,0.6567538035655375,0.4291992376371485,-1.2888815728977254,1.745486233969109,130.26031866633576,39338.61623723339,1.5420320107261434,2.3496625880265847,0.0223992185645915,0.3376986554317178,9.783097436473538,3.946430011295747,22.695351017023025,-2.92526305220297,0.8660832127175109,0.4907063995222251,-0.2000551134818466,0.6340455342863095,3.055181094179121,0.6648577201015615,0.4020137395484117,-1.5223638377814095,1.532817256397712,133.49480796955118,40315.43200680446,1.3702994323429307,1.9439198797588677,0.0164681864340022,0.3319830440742803,10.300444261380532,5.307134898548039,38.3747580704636,-3.0367158321395267,0.9079240595739876,0.7949714359944884,1.1038226210819206,0.5234904130511784,2.891514483136599,1.221665498967968,0.2740422125564933,0.2144060629524799,3.105920546089079,450.7249105933336,136118.92299918673,3.7820068282682815,4.512970563775387,0.1161854365125998,0.2615142054671505,12.25070358044673,2.222378318463003,9.17504844010923,-4.508468607570109,void,11
0.9029478027466212,0.7937920273808462,0.7914375273940739,0.3154519352515872,2.2670338549591547,0.8519878421794628,0.0995099234539716,-0.2095829119438197,2.057450943015335,219.2167515329284,66203.4589629444,4.9514853168404365,5.369007759429271,0.1554256548948884,0.1904685254785386,11.318246795589165,1.11699431689697,3.5800915085691534,-6.2841051843618985,0.8901005297276264,0.8307693986105217,0.0899294215090892,0.9440468525149152,5.6989777771760775,0.9483204946621566,0.8912244597433179,-2.804308852128017,2.89466892504806,271.59215170007576,82020.82981342287,8.698306464233717,3.723180198267309,0.1287440812625887,0.0850116968387234,10.833991219959778,0.3850766626610041,4.843677061193784,-10.319368573066768,0.8918538935767941,0.8457459773079165,0.2070163821301407,0.7174788505511723,3.726854785323225,0.7467474027129145,0.5147759009882314,-1.7217153467616686,2.005139438561556,168.40476840446212,50858.24005814755,7.049670101442612,4.819664753717075,0.1345159603116679,0.1087138959723811,11.34802770657084,0.3422221475931917,3.306651329056335,-9.137320753523278,0.9731965594083292,0.8914336476451794,1.3587586838034544,0.5801737381725258,3.0775592568954995,1.4774392465602022,0.3366015664650825,0.4261434303767865,3.503702687272286,659.2136716374662,199082.52883451487,8.378354366932987,7.701854100035943,0.3360808961357804,0.1148349660796892,14.451771751224348,0.6970063899317339,2.268602115574399,-8.869501031934789,0.8867069348361636,0.8454803354364859,-0.1368504545369984,0.7553510035899507,5.447041246016991,0.7676478265007521,0.5705551386243457,-2.694772821305127,2.7522684247118643,177.96352203046132,53744.98365319932,6.224931768565553,5.451982261665101,0.2239176000016209,0.102332204680584,11.936096283603067,1.1457424330907318,4.483178476378018,-9.431033136346748,0.8699878234451659,0.6448982348938546,-0.103658704304874,0.6391557134391455,3.9868670582187353,0.6475068748670306,0.408520026021903,-1.651387887342001,2.3354791708767344,126.61807620602065,38238.65901421824,1.826714642241228,2.7278604525516115,0.0317514853831789,0.2932648135922175,9.49779119265119,3.097098960684153,14.842320815954045,-3.8199675539049016,0.8343608740171837,0.4237157949322415,-0.0938935166501438,0.8443228056701616,4.122965218396645,0.8495275114107043,0.7128810001747334,-1.9794113891772007,2.143553829219444,217.95249177838664,65821.65251707277,1.020481456598546,1.5241219025105883,0.0086887437352033,0.3966969380290883,10.001003797836736,7.297510918323368,69.1271427737854,-1.820766811749151,0.9075133174099114,0.6470148625128803,1.169809741612292,0.6014902323430069,3.0596521852651017,1.3153879014097178,0.3617904996040444,0.1484478741781191,3.208100059443221,522.5340900148685,157805.29518449033,2.778872500930584,3.5757025691069035,0.077021221626202,0.2995026979332688,12.000056539737802,3.787808052272866,20.86432581031999,-3.690057279722118,void,11
0.8932585169598121,0.8391542908352417,0.3929494367852227,0.2990945356660292,1.725283722134637,0.4938287163937527,0.0894575412652776,-0.5172159629338449,1.2080677592007922,73.64777394280063,22241.627730725784,6.984839532570399,5.080126484834494,0.1426629705823834,0.1444018276366136,11.104259842699756,0.3845937920805262,3.056290020697284,-7.726971574159018,0.903660145510152,0.858860635532274,0.4015673583974438,1.0201790411088187,6.048570731205848,1.0963674654275408,1.0407652759177088,-3.1051903794125217,2.9433803517933264,363.010529012899,109629.17976189547,7.09957971303311,5.427206213404062,0.1693169552767224,0.1696513183433747,11.481104415094167,0.3171616420362015,2.601191197914645,-6.89703261556713,0.909357216363429,0.8366801211656372,0.7129610563187432,0.9695557497872545,4.406268015836879,1.2034748937026742,0.9400383519455252,-1.6660367631783908,2.740231252658489,437.4022495713442,132095.479370546,1.9499412887935987,4.017547917234454,0.0404815386720993,0.5607004797487939,11.705388060776457,2.5094655939806256,8.631852728206725,1.0597019872687616,0.9583080750965112,0.9122533080389624,1.4965948253672112,0.8089772362927531,4.002195878676278,1.7012466723423076,0.6544441688398609,0.0916187385101288,4.093814617186407,874.0605525270439,263966.28686316725,6.325969210500377,7.282249562327172,0.3067972373143149,0.2298103924018984,13.870651987815275,1.1851679210699373,3.5529673275881235,-5.252279898773118,0.8993926394152136,0.8199153561394283,-0.0193908593222533,1.1475067698567871,7.78711048389547,1.1476705939826168,1.3167717868671571,-3.657315186295565,4.129795297599904,397.77863327230864,120129.14724823722,2.689920447030595,3.9985064780239794,0.0686469419380328,0.3219864184533446,11.495724673599154,2.1576863301215887,8.073111713466739,-3.234008401254364,0.8781607075000198,0.6924565676345276,-0.0070976607030209,0.6329373408411696,3.046051009731448,0.6329771356206686,0.4006096774310909,-1.643745769299254,1.4023052404321945,120.99933637400096,36541.79958494828,3.277708911690828,3.359346918041352,0.0631078581175986,0.2098959322497605,9.388583430380583,1.8924615888139624,8.26989122232245,-5.75680275450571,0.8849413556447321,0.6022447179832534,-0.0229381891218494,0.6302175444166933,3.5047015347999624,0.6306348498226185,0.3971741532906068,-2.3261267386118774,1.178574796188085,120.10549477086056,36271.8594207999,2.1640261821796525,3.2978235117270045,0.0500525363111459,0.2474828445728646,10.565887829051052,3.132813185919156,14.119948227416366,-4.829713058163279,0.9424252544328948,0.7993805938334212,1.2245640397100417,0.7848255047912112,4.0949168973348895,1.4544786558494955,0.6159510729707793,0.1398089890931113,4.234725886428,638.8834644171702,192942.80625398533,4.029776117868103,4.1372099818978185,0.1313095872076069,0.0994334787187142,11.743067055372094,2.337004991213875,10.562681996871628,-9.56983164143708,void,11
0.93717188541605,0.8189807896482351,0.5079234926800986,0.3485562732804441,2.522346117573711,0.616017654016102,0.1214914756431516,-0.5041866015131476,2.0181595160605634,114.6022805179696,34609.88871642681,7.335137173858186,4.5981827219824085,0.1163569414624001,0.07754063350884,11.449956146297463,0.4313509912794788,2.909886196752028,-10.75417899097928,0.9064610474964592,0.8534817078363249,0.5962601989138581,0.859465529427878,6.937065928401243,1.046043603815604,0.7386809962747426,-2.4156104134782885,4.521455514922954,330.450580767228,99796.07539170288,9.154536354830372,4.388692054634615,0.1944446591713158,0.054006427613281,11.593588985194032,0.5991195741657651,4.605871426351437,-12.434427345935102,0.9191496523363976,0.8283829735918519,1.0577762865040523,0.5280971387428567,2.901814203702031,1.1822763045239022,0.278886587948392,-0.1657228767134005,2.7360913269886304,422.1287325920858,127482.87724280987,5.942857603928859,5.359133452120875,0.1140457813225525,0.1485098073119137,11.89749755215249,0.6267477517588039,2.5132210383960865,-7.58424515354521,0.9610436215537516,0.8866059589257466,1.549529484994736,0.6858721502683146,5.316101200213303,1.6945389436013951,0.4704206065136815,0.3409937747111425,5.657094974924445,867.1815938772833,261888.84135093965,7.44523585697203,6.421042062583807,0.3347858629343339,0.099004325479286,13.417265126892447,1.0435790884486802,3.791989166954776,-9.590685366018764,0.9046106713396296,0.7528246957400869,0.1023777627602932,0.839678850690099,6.294175951937217,0.8458970260049674,0.7050605722962455,-1.2633290461073787,5.030846905829838,216.09361713842264,65260.27237580363,4.457240204262356,4.660043880515791,0.1357780064678729,0.0967492562554967,11.739112374660566,1.5620958924443165,5.634032263205544,-9.701606925794248,0.8634993635442512,0.709070938653115,0.1055541980907038,0.5448165522545092,4.151387323658017,0.554947532966011,0.2968250756104903,-2.339721390643503,1.811665933014515,93.00596283220868,28087.800775327018,3.6501840166530446,3.306132898166772,0.0456507064332583,0.1757464466362089,9.004512350082111,1.5759836470320958,6.471034923095079,-6.711742749558535,0.8994592905460264,0.6198671586767139,0.1409851232624466,0.5220923169119004,2.538577022419949,0.5407931141941099,0.2725803873784362,-1.2682451582783896,1.2703318641415595,88.3220720926486,26673.265771979877,3.1338399902835743,4.008430514011368,0.0655395231154785,0.1208028422635926,10.876383194110938,1.984594382394808,6.6544752414299255,-8.620091223758584,0.9429397981297664,0.7279085765266506,0.9416089190078828,0.6552391769069371,5.151036504739623,1.147155497440898,0.4293383789536804,0.1388106462867908,5.289847151026414,397.4216520632799,120021.33892311044,4.049729044616567,5.61460215448913,0.1603584421916911,0.1050183452741998,13.400357949581537,2.281996497207891,7.777099653206021,-9.305489620262762,void,11
0.9038771919791064,0.7255170678652936,0.7322282382428075,0.3989458532084137,1.842253780854625,0.8338560947024103,0.1591577937921892,-0.1591905658910084,1.6830632149636169,209.9854279750512,63415.59924846546,2.2160639887459435,4.056673860158929,0.0662746852660205,0.4948891225443313,11.38553047160043,2.65519624859748,10.948358928883724,-0.0887881261495734,0.9028594759413192,0.8404124111628192,0.6192287416183773,0.8304532902147479,5.6125882571786825,1.035903905618074,0.6896526672285003,-2.197653020729252,3.414935236449431,324.0752643057833,97870.72982034656,9.236609087907226,4.561343401739256,0.1943281710106695,0.0684903284860953,11.373095925842668,0.6637027396968217,4.526078093230126,-11.33558118986917,0.9230142699375412,0.8704891257529137,1.101806932216614,0.4919202916828427,2.724834240634061,1.206633369855947,0.241985573369333,-0.5415527540332778,2.183281486600784,439.7011549534755,132789.74879594968,6.184293027761108,5.810042691201394,0.1790395820666888,0.2295822645926435,11.846269165199493,0.835282404742022,3.0901925692205854,-5.257879362361322,0.9190207329163422,0.8652871774364713,1.6864520604672308,0.6166493536385844,3.753977933433697,1.7956550274473806,0.3802564253428839,0.5842538635229968,4.338231796956694,973.76184723431,294076.0778647616,7.302075077331555,5.433542854188056,0.2282212942861608,0.1436382184230085,12.852672895338696,0.8510851808762804,4.070482890154654,-7.75387266962009,0.9306683939070176,0.7728476305054405,0.0567510063621628,0.7316718148033349,4.752621344473547,0.7338694170632293,0.5353436445776055,-2.5852083677295785,2.1674129767439685,162.64642503281863,49119.220359911225,3.7784604407297806,4.744943873716733,0.130665439119148,0.1113295654976886,12.383062192550115,2.2864240787687184,8.581847398950087,-9.021302174226628,0.8958048054817751,0.5052712331469323,-0.2274056946080876,0.709831078101376,3.611073142255436,0.7453680361933618,0.5038601594385618,-2.1415286402447937,1.4695445020106426,167.78319983238208,50670.526349379405,1.6096586560765964,2.485193177535068,0.0284523052957001,0.2405002375359139,9.397790572530434,3.857245890788392,21.683410170116098,-4.9941213261245485,0.8894893450248638,0.4562107994062473,-0.226623655279267,0.6796197409324275,3.0403964193879918,0.7164085938884289,0.4618829922650599,-1.6448919964101951,1.395504422977796,154.99886456595317,46809.65709891784,1.4492021454609043,2.559962357643725,0.0267747019737621,0.3378479645015945,10.692383445412377,4.656751627792814,27.947833325847554,-2.922364116592482,0.9302138205323048,0.6125300157327752,1.1398716693808584,0.5550420537396815,2.705482925632149,1.267824555716077,0.3080716814195635,0.1125960470252297,2.8180789726573794,485.4284894311538,146599.40380820847,3.141841254786176,4.290360246193101,0.1109534270240881,0.2141334459324037,11.932985779547026,2.9863418081129165,13.22910708427304,-5.646642997886877,void,11
0.9154112864261796,0.8620003543812148,0.2315277270151197,0.244338204778824,1.6239809675500867,0.336609932550016,0.0597011583145385,-0.4805692578901829,1.1434117096599037,34.21848650078055,10333.982923235722,5.541010949857589,5.32990508844956,0.1561295397871893,0.157680780506369,11.949480649141982,0.8423730557748098,3.1728996229241795,-7.276979480681666,0.9155686327086738,0.8438578009777222,0.4208754092629933,0.7887964082971054,5.097855011880147,0.8940558617137444,0.6221997737424139,-2.028494768923367,3.06936024295678,241.3994369271412,72902.62995199664,7.108755087084204,5.429869843247415,0.1369697412915984,0.2422569491736929,11.69488854520397,0.2671866772061428,2.4247167108979903,-4.952457183987829,0.917513550322848,0.8521378166830996,0.6733762329772993,0.8833324155402723,4.239233202547169,1.1107257570988935,0.7802761563442123,-1.6380558386939503,2.6011773638532185,372.5809356598389,112519.44256927136,2.415696206289521,4.486102127573692,0.0534811310388208,0.7090545316624162,11.832207822618289,2.0418090835999902,6.34514198431958,3.8686803987118568,0.9553376700264158,0.9206391746617898,1.2825241700357155,0.7081564737493693,3.4639809384159768,1.4650439713670518,0.5014855913131412,0.217521919771169,3.681502858187146,648.1988590877606,195756.0554445036,4.718522778577315,6.967345369139622,0.2090114908454682,0.4063038652599554,14.005830213696212,1.6045402840252736,4.633836166447017,-1.647132675089607,0.9102765858700024,0.8421212983765539,0.0601628329976756,0.908003638970205,3.954655220933563,0.9099946015540096,0.8244706083831344,-1.4580373139150469,2.496617907018516,250.08323280694708,75525.13630769803,5.91420804052221,6.2246079161827765,0.2281920881415874,0.2575363492366603,12.674852659473174,1.0107555887055897,3.300998730346902,-4.5983666135154975,0.8775075146278516,0.6811531999943025,0.0635747276044072,0.3823600430438514,2.4459691138291038,0.3876092729882381,0.1461992025164959,-1.1429488990309506,1.3030202147981529,45.372766448954096,13702.575467584142,2.7685938469169877,3.1699844382468347,0.0472955980911633,0.2262758732969991,9.631599256556331,2.492050736290337,11.230522254946928,-5.339478895298411,0.9066775071201028,0.6208333120617702,-0.0265284886164105,0.349950357824818,1.922113425671783,0.3509544324410067,0.1224652529417181,-1.1425695361307302,0.7795438895410524,37.19704212229672,11233.506720933608,2.879491531053404,3.7498207502438254,0.0610585049068275,0.4076767118694767,11.332645712969583,2.646718781944057,10.436058722233891,-1.6224290414414066,0.923222376856438,0.8725903886468561,0.9343278045876604,0.4780498829497845,2.5015206726459,1.0495237667694337,0.2285316905883026,0.1132477737033502,2.61476844634925,332.65304137819794,100461.21849621576,6.923292761908745,6.062316088613266,0.308360854231872,0.0773792327215264,12.694899213385616,1.1780960644863994,4.121850216613815,-10.763988056133014,non-void,11
0.9430325181986796,0.8531313464511139,-0.4056346994816686,0.3357183618178999,1.7735310334770586,0.5265418576763655,0.1127068184616943,-1.3205021464687454,0.4530288870083133,83.72839102135393,25285.97408844888,4.637707009398056,5.291820326085652,0.1428802144559233,0.3168309578270171,12.01323260691879,1.3579857397217932,4.449679452382415,-3.337005672857702,0.9071299009246668,0.8318293199547696,0.0438725814185183,0.6683718779748392,5.185520274600826,0.6698102497483431,0.4467209672676133,-2.7993028671571083,2.386217407443718,135.49102274171725,40918.288867998606,8.910153373183846,3.943066701946983,0.15571612532988,0.0776420933976984,11.199729232008163,0.5445477823667274,4.394429994056721,-10.748022383130555,0.9289692566169948,0.8507688896527206,0.0892609636963362,0.5367058429363051,3.1038115348826327,0.5440778266773684,0.2880531618419698,-1.7720151833767874,1.331796351505845,89.39824580755447,26998.270233881456,7.265855158458362,5.069565167863496,0.1922185656100517,0.1239118947083281,11.533247452806428,0.6392029090073982,3.83962264679736,-8.49434785675819,0.9690867501423982,0.9333434984459428,0.8904111215621648,0.478623875954378,2.9788677436767075,1.0108970175221532,0.2290808146335918,0.1557039329720849,3.1345716766487923,308.6176595706257,93202.53319032892,9.749778119342352,7.663422436836014,0.4622726926148005,0.0476671448634612,14.625896892100062,0.6615348337571277,2.303700546618633,-13.005696271173878,0.9064848983668548,0.8056861657023672,-0.0757118721506823,0.7349205274649893,4.89782375672312,0.7388101713390113,0.540108181689418,-2.601517106655612,2.296306650067509,164.84382172074172,49782.834159664,4.781197897805855,5.36107271679459,0.1856954409144434,0.1445841097952515,12.233194966168805,1.609446282328778,5.6008173947538085,-7.720567478913194,0.8870099934778638,0.5367901436099191,0.0938957047965386,0.5534497525964809,3.490829958780032,0.5613582029580975,0.3063066286491059,-1.2094549190774044,2.281375039702628,95.16715567256006,28740.481013113145,1.4143579424905952,2.258363129682394,0.0275312825801284,0.3109964891844943,9.73560433232834,4.436837754312609,29.4897420195756,-3.4546594844424168,0.8968756663569941,0.5302087630650356,-0.1022307911788435,0.5123522848725339,2.859056305422612,0.522451910207206,0.2625048638141061,-1.340218260660465,1.5188380447621472,82.43271154070585,24894.67888529317,1.6748856577047402,2.8029459565137027,0.0377624915390213,0.2400092130431181,10.76256576666012,3.943508983250516,21.222166810884,-5.00580414449654,0.9018231515214898,0.7601808467509427,0.9159642082069306,0.5430737234163819,3.496023591828192,1.0648565630081277,0.2949290690653329,0.1453397890443142,3.641363380872506,342.4436889340077,103417.99405807034,4.0670927075341226,4.883920786412272,0.1706779922860616,0.1399507688240499,11.782656722644932,2.18403812867466,8.225391062816776,-7.885480230141169,non-void,11
0.9444152272204152,0.8463076449142819,-0.9132820406585864,0.2471860170496361,1.6277929797825026,0.946142173679186,0.061100927024863,-1.834958206925852,-0.2071652271433495,270.3458738699412,81644.45390872224,4.832532007057118,5.483643588258922,0.1502931391657113,0.2504795787653197,11.88356382378915,1.2443195338011108,4.064969601730628,-4.760111449837351,0.8993366501010905,0.8457224436251989,-0.1144659549944444,0.7048806007055654,4.843025383353141,0.7141142178278127,0.4968566612510386,-2.6061446350463187,2.2368807483068225,154.00765306335626,46510.3112251336,9.77409660365682,4.174279160506172,0.2046905582186825,0.0612759266807132,11.48433612198992,0.5477304771153094,5.166586414042733,-11.852480671697704,0.9013304374136412,0.858722179074173,-0.2261244129665542,0.5067250938105151,2.865875171061912,0.5548896924945931,0.2567703206972753,-1.665725414180392,1.2001497568815205,92.98657639269672,28081.9460705944,6.610297468555611,5.184223758906725,0.1303586352881751,0.1744476698763928,11.502727352232714,0.4737920917400609,2.850380828781838,-6.750794342734779,0.9698901483436132,0.9523730470537076,1.2388925321502653,0.4221279350354001,2.7589825447573744,1.308834099401046,0.178191993537251,0.3006790891392102,3.0596616338965847,517.3401033259942,156236.71120445034,9.54340095980518,8.446551046048768,0.5271591894635533,0.0808272697500503,15.10913796951336,0.6068834410916302,2.06167006402321,-10.558392215571748,0.9004084180102924,0.8573563192353089,0.1882693878069251,0.707009249400346,4.645513731884511,0.73164707415723,0.4998620787376407,-2.0096614959943144,2.635852235890196,161.66284721909622,48822.17986016705,5.133650625116747,5.473543699541689,0.1424483980617472,0.3581338482962499,11.613053629227997,0.8468453527361335,3.000381683620444,-2.533991046188412,0.8797622582317022,0.6794233910962952,0.0413620901532008,0.4948356760521172,2.785012262546371,0.496561344443763,0.2448623462939559,-1.556425390022228,1.228586872524143,74.46509697633083,22488.45928685191,3.1091018503501404,3.51273272693663,0.052902616678746,0.205754953422317,9.774376883257885,2.079674090656241,8.751938285782837,-5.866042152580977,0.9176412125634956,0.5314333138970004,0.099754840464884,0.4795958383369876,2.36105500087376,0.489860384544752,0.2300121681501579,-1.2805277341558703,1.0805272667178891,72.46888529659236,21885.60335957089,1.97908918646101,3.1857507144533592,0.0484069027727891,0.2322944179143792,11.79660216996237,3.720795896975826,18.56353279076148,-5.191559244682135,0.924601014331158,0.7431092704094591,0.8833209120010836,0.4915159943344048,2.585963752436353,1.010862901814566,0.2415879726865387,0.119956828590019,2.705920581026372,308.5968294920194,93196.24250658986,4.027795998005059,6.200215981264495,0.2094240435914184,0.2243168731669838,13.071382621708455,2.2077434114638548,7.244347569794361,-5.388224016411192,non-void,11
0.926380646587544,0.8547013878670008,-0.642480211659296,0.2715614658606811,1.8635608725695003,0.6975144816519409,0.0737456297404019,-1.712575208568981,0.1509856640005195,146.93098853848107,44373.15853862128,7.224513554506456,4.981566967078828,0.1883697165931925,0.0823276151062114,11.619646081168222,0.7257026134349552,3.367509111887371,-10.4714212589937,0.9186482868438404,0.8543283528865881,-0.574433281756831,0.6998451156799733,5.660816459984005,0.9054042086996492,0.4897831859411153,-3.740205461133949,1.920610998850056,247.56654790157356,74765.09746627523,9.503994635116396,4.479361304753372,0.2363216034801625,0.0891681787007109,11.496969933499017,0.6805613082009109,3.957388465477349,-10.092282985892098,0.9096725838118648,0.8093097336179885,-1.0040048175591458,0.5139072885918528,2.9245060996788665,1.1278857987180275,0.2641007012678298,-2.7194752383848977,0.2050308612939689,384.1821652348407,116023.01390092184,5.617914739486388,5.434396043360545,0.149595319481391,0.2246882039805423,11.621466864942306,0.8582523036987544,3.213634676246156,-5.378961185472624,0.9383784249286604,0.924676638056698,1.4941535863344362,0.5881451084885092,4.20037693438842,1.6057426967590471,0.3459146686389603,0.4757247295187389,4.67610166390716,778.6797016748952,235161.2699058184,9.12292731758227,6.97405291122722,0.4068668005717565,0.0966645139010114,13.204401527216431,0.8704986316694706,3.2791805285223674,-9.70581999308547,0.9116016687480056,0.780902673307183,0.1379692198277441,0.7198188874109598,3.4976576404973088,0.7329220533545354,0.518139230673552,-1.3068297633543222,2.1908278771429863,162.2267703606154,48992.48464890584,3.03079877740632,4.605457481116956,0.1090051193661887,0.3615088814995773,12.070075821521112,2.215808018576305,7.909972472755271,-2.4703588903944853,0.8445499007936142,0.7323845488036409,-0.1456960647194181,0.4797671009021574,3.651737211121593,0.5014018492016017,0.2301764711080608,-1.644457626722041,2.0072795843995523,75.92395194360128,22929.033486967583,3.427857745899656,3.401955688054302,0.0710968303833995,0.1730003056841239,8.653901228112469,2.1731518693571474,9.99043432098061,-6.794584780422939,0.9113182818381806,0.7565864163641879,-0.0763685342509087,0.3118380396243257,2.0340832472979877,0.3210531357585139,0.0972429629567425,-1.2425762028546792,0.791507044443308,31.12868502607318,9400.8628778741,3.509821928477,4.232575511372504,0.0803479586221404,0.1973583373929256,11.004506908726851,2.133171414247074,7.715885760141603,-6.092662204026018,0.9237848288193792,0.818019679985608,0.8296571425126493,0.4509131762704816,2.663019709633855,0.9442741480399582,0.2033226925343344,0.0931059187220335,2.7561256283558886,269.27940733028987,81322.38101374755,5.632692807425535,5.29647944321052,0.2459589126769225,0.1224614588673345,12.27382717208032,1.8072353249678577,6.567415942956807,-8.552667702493332,non-void,11
0.9199840053826384,0.7766954646847395,-0.5357695518582044,0.3157609717971922,2.0020233421387053,0.6218954928351293,0.0997049913103072,-1.5761544854460945,0.4258688566926109,116.7997092106118,35273.51218160479,3.411232280632584,4.835459102187548,0.0913818572814363,0.2628288245446095,11.762430787787162,1.7158147392575622,5.552095948049817,-4.47895352037174,0.933671493377337,0.8437297350231301,-0.558577915108691,0.677053474403578,5.2623638693441,0.8777304224242934,0.4584014072019564,-3.204423713941776,2.057940155402324,232.6640297236368,70264.53697653832,7.935796460386666,5.062627872242339,0.1752337420393063,0.1182785217591232,11.887089159760157,0.3865241938180203,3.3376414065264206,-8.724255317937988,0.9282694425129668,0.8398643950308955,-0.9947652540760864,0.7360605134528725,3.98374293788273,1.23747444021344,0.5417850794645063,-3.26508471160417,0.7186582262785597,462.4655830348333,139664.60607651965,2.4485346128989502,4.259554356523112,0.0407486709130352,0.5960515368416569,11.489491258417464,1.917285692808515,5.8722871297171375,1.6895785195740256,0.9201706537566636,0.8962141182525505,1.4935991691376505,0.6765125354275884,4.0389056200465685,1.639666944424795,0.457669210590664,0.3506271796734501,4.389532799720019,811.9293219690819,245202.65523466247,4.643615678149956,5.888794422915972,0.164525677235681,0.4473924786431003,13.14389603928362,1.2405804700774612,3.8250056436625255,-0.9172811293682834,0.9279728940840596,0.8408894058307107,-0.0790488410952583,0.6410038492063369,4.505239833029316,0.645859624048325,0.4108859346973403,-2.091527985871243,2.413711847158073,125.9746655007048,38044.34898121285,3.585734762115259,5.168451593893908,0.1119029455781153,0.3457841989518098,12.39653105828327,1.620169920077308,5.040564920750209,-2.769158854471322,0.8632143744873559,0.4742411615043889,-0.0878607920404346,0.8498176232175063,5.266466729182411,0.8543474185066774,0.7221899927310514,-3.850449827903757,1.4160169012786532,220.4326724757252,66570.66708766902,1.4166038550236677,2.572001171292698,0.0222120095602486,0.2814193646907165,8.859428093455515,3.6196285325526474,18.610589208875307,-4.0712153103929625,0.9017765322219672,0.4962373071415725,-0.0674826338825495,0.5978437731915204,3.8374101509213294,0.6016403269558984,0.3574171771438741,-2.456014152405313,1.3813959985160165,109.31526707191932,33013.21065571963,1.670973908791956,3.0407257680424684,0.0435107119868617,0.376406175791237,10.282706920261584,3.9291705828223935,20.64710050168163,-2.192450648834184,0.9054439354858916,0.7437014136217118,0.99725823926262,0.717280456116913,4.313028576738617,1.228419817694451,0.5144912527272868,0.184119087094014,4.497147663832631,455.72260504834935,137628.22672460147,4.741321566388553,5.967135553766318,0.2064984007631506,0.2073614302506664,12.982666604495934,1.6390742019235454,5.348376466379871,-5.823472211735364,non-void,11
0.9338832978740728,0.8474960731471624,-0.4342918443230165,0.2189384266231628,1.399518220383026,0.4863573179234721,0.047934034652226,-1.1884940171535965,0.2110242032294298,71.43611909070943,21573.70796539424,7.641391912909207,5.926520740539031,0.1832882839189581,0.134687523098813,12.409571114930118,0.3903447354657855,2.365782141881541,-8.078455974405696,0.9055955957427392,0.8578325645748366,-0.3007295283179755,0.6290947979667092,5.0690424754390655,0.6972793658435094,0.3957602648287746,-2.9509939926887574,2.118048482750308,146.83195123740023,44343.24927369486,8.935739155772204,4.628051508263818,0.1599147868305959,0.0662331808697292,11.537088647982706,0.0006780640939754,2.9268034756370542,-11.49162824352726,0.9246496048880009,0.8660054858599323,-0.4939907961589141,0.5295700014386772,3.675489091553852,0.7242039029951982,0.2804443864237605,-2.398862295949082,1.27662679560477,158.3903305202705,47833.87981712171,4.402359535986042,5.494298347756765,0.1149318568355186,0.4903655985522503,11.69126449935351,1.0653767592823853,3.269396773601952,-0.1673874126045818,0.9357304555428184,0.9188933856381176,0.9856847419011372,0.5250131783351792,3.450202783202749,1.1167870199112804,0.2756388374256067,0.1630189219867581,3.613221705189507,376.6584008483802,113750.83705621085,6.99255011923814,6.780270968348079,0.3480720528243413,0.1955670156170245,13.944232686973296,1.0165135316351328,3.430788486444463,-6.141942611814897,0.938830669930175,0.876698993996856,0.1236901347619059,0.6864066436740687,4.189695733272078,0.697462063425186,0.4711540804798999,-1.7367890434451554,2.452906689826923,146.90890563503012,44366.48950177911,5.294886764334856,5.890398420756265,0.1982671223943028,0.3103231767709118,12.598031164275062,1.1551682312286304,3.878786258381237,-3.468314190328071,0.8836780572396757,0.7030521712118089,-0.1686580598454101,0.3831865960981264,2.4395200008742104,0.4186615680714992,0.1468319674292686,-1.2624672661405203,1.17705273473369,52.93380759118615,15986.009892538212,3.740047306770844,3.7532850852223096,0.065987896516348,0.1619800257302964,9.61835578417467,1.5424867465495131,6.229568917130689,-7.137929060336672,0.880164832740547,0.6172607338171346,-0.0650326800575906,0.4455035790772438,2.218909933348603,0.4502251530580082,0.198473438970634,-1.2286339305063392,0.9902760028422636,61.216211910724304,18487.29599703874,2.44035400158657,3.492779096045383,0.0551658409603267,0.2413169502786092,11.534921344123692,3.265585292356082,14.609535820605782,-4.974725527894454,0.909861660067988,0.8097205726700004,0.8545018451339385,0.3664152338620852,2.425344257323025,0.9297491742096424,0.1342601236062065,0.1558371501663089,2.5811814074893342,261.05892513694056,78839.79539135615,6.407290035764367,6.819589713566755,0.3044666612912263,0.194285527338985,14.10153900811895,1.2217455313669212,3.708251497067796,-6.1774071369585934,non-void,11
0.9255901705839364,0.788640884298466,-0.8041503163580094,0.1989549244177383,1.2706186153815824,0.8283965193364555,0.0395830619500679,-1.4424367866762886,-0.1718181712947062,207.24471956112387,62587.90530745939,5.590148539533876,5.770645473914918,0.1507699982061891,0.2230180191945263,12.2662850684274,0.9379415642161656,3.05124889081705,-5.420709916292092,0.8975264685115911,0.8353950469615953,-0.3555479605568137,0.5905144049538105,4.967153554623121,0.6892906605446374,0.3487072624579529,-3.126864483468665,1.8402890711544568,143.48672764364687,43332.99174838135,9.437866169940396,4.597515110851451,0.197131145416136,0.0895577291575416,11.564889753674716,0.4913044810596745,4.708556835345649,-10.07149340008735,0.9172506541685717,0.8293689860971034,-0.6233052667737029,0.4030678225864911,2.681499795587706,0.7422756396329143,0.162463669604615,-2.2059232832331075,0.4755765123545987,166.3938838081205,50250.9529100524,5.167572427885621,5.399801439982587,0.1039129308131636,0.2805956088320366,11.296395616180623,0.8036997264485438,2.86337155002868,-4.088922138605716,0.9614198079978112,0.9238704414479504,1.241692361568935,0.4129595771702485,3.437276790262981,1.3085623917701703,0.1705356123766304,0.4502683610798322,3.8875451513428136,517.1253310128913,156171.84996589314,8.173966198203608,6.892776019608017,0.3659611076505653,0.0835924360803982,13.327793658667275,0.7239510724424825,2.8642141563262795,-10.399216824263656,0.9186117038851056,0.7459852066257876,-0.0673676469702427,0.65106048476358,4.80535517908926,0.6545365953702628,0.4238797548205877,-2.0197793057300566,2.785575873359204,129.3822827130263,39073.449379333935,3.177655941584762,4.694724120023637,0.1069510196210074,0.1764118410150514,12.165307735888703,2.145966526657053,7.520018575518646,-6.69182361602148,0.887442591649705,0.6042905446478005,-0.0221812245584481,0.3602888702907216,1.599865726279131,0.3609710193052577,0.1298080700553644,-0.7599442296140011,0.8399214966651298,39.35062318703958,11883.888202485949,2.4354210210897005,3.5012636538040067,0.0520404749497469,0.2197823809058089,10.166097939664626,2.5142889960868886,10.982878729313876,-5.502228792623411,0.9052605546123226,0.545758668100022,-0.0495769982614955,0.3327939196602064,1.8021936268414904,0.3364664496193108,0.1107517929628039,-1.0464449202353163,0.7557487066061735,34.18932085926611,10325.174899498365,2.0912110535478297,3.451729462457612,0.045960065229794,0.2256535377465608,11.92798062059615,3.195869936091516,13.838066925584652,-5.354931714391238,0.9506116843749564,0.7997330702773043,0.7366341654047928,0.3595803241766443,2.6647750763122304,0.8197120855377186,0.1292980095349806,0.1471676935429565,2.811942769855187,202.922226759332,61282.51248131832,3.925673118779741,5.640644215438394,0.1615968217348251,0.1767232188842956,13.515861562411487,2.305914320309008,8.197637892797651,-6.6825225347286255,non-void,11
0.9060022025031989,0.8391051923852982,-1.0484696427005706,0.2285210458627848,1.4442971516701864,1.073084554015611,0.052221868402221,-1.9175735003473449,-0.4732763486771586,347.7561589401987,105022.35999994006,6.114591662215078,5.063708745310983,0.1563805665736213,0.1087401902228025,11.591229165402138,0.7236304355359573,3.426657948407889,-9.136142331009475,0.912147737401018,0.8399408874581297,0.0248848891342369,0.7788621028657168,7.402676380951917,0.7792595414800063,0.6066261752804064,-4.51910612051483,2.883570260437087,183.38812076226412,55383.212470203776,6.974796212099552,4.44698286321252,0.1775035268359238,0.0540748305107665,11.311296718881794,0.6611083800626268,3.973483429615948,-12.428616143393583,0.9113334846503158,0.8413025583013791,0.0410810892317572,0.6257536852854341,4.3110949700843975,0.6271007339660588,0.3915676746483021,-2.7755429287841724,1.5355520413002255,118.76310982331242,35866.45916664035,3.2887263619957343,4.521556687828177,0.0920712209313349,0.4590044490605727,11.148564679024346,1.551782416027781,5.357706463003543,-0.7137679839145599,0.9318844390007776,0.8703006644749217,1.383146000663904,0.4887927622650833,4.679171126906218,1.466973491101759,0.2389183644427302,0.7359005615547686,5.415071688460987,649.9073895257752,196272.03163678417,6.91785713787632,6.277159524038535,0.3007646849716135,0.0944254997838081,13.88673937178167,1.0484714005798967,3.214965171884681,-9.818348923426276,0.9080308839873448,0.7458046296431423,-0.0567512766073405,0.7966806618036224,5.344829175329601,0.798699433008701,0.6347000768918577,-1.5190664565352734,3.825762718794328,192.65207685510305,58180.92721024111,2.908568290045157,4.171897606004794,0.1198148364901561,0.3036330462754234,12.315193569499252,2.657455144041593,11.694120203201118,-3.6048911656215377,0.8879403879451783,0.6596936814152927,-0.0609892821164067,0.4264598081289026,2.5984473418130385,0.4307988631396502,0.1818679679493404,-1.322905653597375,1.2755416882156632,56.04747346568936,16926.336986638184,3.217932495641186,3.476394551624137,0.0577826096467594,0.2151073782784034,9.3478482836251,1.8740667694403488,7.571829314597687,-5.621549390380524,0.8997810187969234,0.5575685100895054,-0.0611655345601467,0.374138456400568,2.0166742238827613,0.3791052718913682,0.1399795845577997,-1.1371068005110108,0.8795674233717508,43.40368376710012,13107.912497664232,1.8070658102203887,2.905088415097251,0.0457212382827027,0.2916023513123231,11.95774421766728,4.428568414331008,25.57040102875453,-3.8548608922334138,0.9069818481811268,0.7518380526988441,0.8461580120275087,0.5012443222903559,3.911840536872882,0.983478140045148,0.2512458706283181,0.1406523664180428,4.052492903290925,292.1032340878925,88215.17669454355,4.517386102046672,4.834241382107776,0.200345090755996,0.1245242280605969,13.403066586929546,2.1741939004836466,8.358485742265612,-8.469902734371482,non-void,11
0.9265929648912514,0.8329575006125397,-1.2003117669247372,0.2225247248358347,1.5623096269543075,1.2207643470306824,0.0495172531632639,-2.019841798487363,-0.4575321715330555,450.060208476337,135918.18295985388,7.291039441625495,5.078738339399069,0.173636107123401,0.0749820659084971,11.746691004347014,0.7276578118878376,3.275116159967407,-10.911927473893728,0.8991399473215645,0.8665000818792955,0.3180981206360564,0.6009673499690273,4.581212686754116,0.6799618886974376,0.3611617557287953,-2.3177397276694185,2.2634729590846967,139.6291473644579,42168.00250406627,8.523397204871863,5.431957385578634,0.2434586199249004,0.1143926041636116,12.10785993142125,0.3276680156982341,3.335450422002653,-8.888432876107471,0.91507225325146,0.8577320518461299,0.5273919199200279,0.5259365574868649,3.1601359177942405,0.7448164201318789,0.2766092625011342,-1.3679659830337103,1.7921699347605302,167.53495290881636,50595.55577846256,2.905148430013763,4.77289634855206,0.0689364189851497,0.4873559722312405,11.932228877640815,1.7946292306076304,5.595723244309759,-0.2196960977517492,0.9327012419429976,0.90764708348815,1.545117232858958,0.3463784021595149,2.066554126974209,1.5834662171199936,0.1199779974825786,0.8565467264954328,2.923100853469642,757.2243087496113,228681.7412423827,6.431647634635851,6.964423182921745,0.3428199770069264,0.1413854880169362,14.306133607163126,1.0900235627370505,3.381858938869528,-7.833933887701624,0.9176684542125084,0.7434317948530453,0.04378542759212,0.697546566414794,4.401578064696466,0.6989194345462811,0.4865712123170686,-2.069636461070745,2.331941603625721,147.52348954792097,44552.09384347215,3.024185793197106,4.788480920641833,0.0962271633282806,0.2883316666036503,12.639522332711584,2.092674807754882,7.247335669308972,-3.923852994309241,0.8643533808788301,0.6517170883514883,0.0069893040952394,0.3565807888176324,2.2017595087847623,0.3566492805622082,0.1271498589538049,-0.9836909323112992,1.2180685764734631,38.41401021631328,11601.031085326613,2.523490133655259,3.3537367443298622,0.0365385382446744,0.2155612571992857,9.84219385684267,2.309731312155374,9.622880763844528,-5.609883268593378,0.888818726380989,0.7130167453620181,-0.0463683776778325,0.2542223956402186,1.7147454093423151,0.2584164330949678,0.0646290264450518,-1.0739266852268792,0.640818724115436,20.167273973844843,6090.516740101142,3.8486444548251257,4.537382029559642,0.1054102927730635,0.1771452408981076,12.444828711405677,2.061663598291514,6.949743643514374,-6.669936951455436,0.9477507727265584,0.8318128687755684,0.707694645469543,0.4261859065939393,2.4668311727528778,0.8261150877484081,0.1816344269792979,0.1102884778594801,2.577119650612358,206.10477373807916,62243.6416688999,5.411428109671473,7.033834096131321,0.3007685952738393,0.1384432376650458,14.83901016401013,1.6530012388318116,4.967597406055389,-7.940121478867114,non-void,11
0.9265379805023242,0.8548621704052567,-1.2659670229570044,0.1908601470924252,1.4628420215017572,1.2802734469490349,0.0364275957481421,-1.8862190604386648,-0.4233770389369073,495.0082298867544,149492.48542579994,9.843087816598413,5.502411787218804,0.2378913037166875,0.0765815280812721,12.392042221880764,0.1526302582105618,3.039664674642494,-10.812745249901718,0.9140937620781444,0.8466872158998487,0.234441375531219,0.6854944435498275,6.241554805954608,0.7244759421117154,0.4699026321376876,-3.964789040893146,2.276765765061462,158.5093479909946,47869.82309328038,9.45632727068656,5.0676174993040295,0.2126359263189561,0.0748930667196465,11.731534560995826,0.2633121810222679,4.257331790399203,-10.917503209636932,0.9057373151564458,0.8507362708594324,0.3480240839318248,0.4948506052662267,3.488904978178475,0.6049775901047384,0.244877121532351,-1.8223891281835047,1.66651584999497,110.53136112773892,33380.47106057715,4.520405329138052,5.672360730616487,0.1157705430879191,0.4624213523568077,11.61705009614037,1.0303805447928462,3.132852600449829,-0.6540413083015951,0.950945568459398,0.92963479179912,1.5402610057601651,0.3969375370572077,3.812602104479663,1.5905858587924002,0.1575594083250421,0.7086233699515954,4.521225474431258,764.0489390054879,230742.77957965728,9.024239580668354,8.052346469748324,0.3662645207699667,0.1461624281404536,14.005649353753778,0.5900359132735862,2.2045194658670786,-7.665395114110005,0.9387885497480636,0.8641466417444422,0.1323184387191277,0.6411599924119353,4.547989528435771,0.6546711427081086,0.411086135869673,-2.088665343876036,2.459324184559735,129.43548013861167,39089.51500186072,5.432814959106706,6.030074945254689,0.2253440871006188,0.2091649724885448,12.834261648583771,1.3765230604563437,4.72465621297245,-5.775969388038776,0.8618356525456133,0.7218793646358748,-0.0630504618289084,0.3566408509256925,1.9261528231258185,0.3621713093079581,0.127192696549002,-0.9355364206451248,0.9906164024806934,39.61275330032389,11963.051496697812,4.3501841476351295,4.25260626041143,0.0843023966023578,0.1567424928149464,10.05977529426232,1.2005469637069992,4.450784586856492,-7.307734661352565,0.9218590990651844,0.6122639609425378,0.0071102912048947,0.3324705932268186,1.7593492376015634,0.3325466156820891,0.1105366953605927,-0.6619344619858272,1.0974147756157362,33.39734998368656,10085.999695073342,4.182820777827596,4.925090106753535,0.1264226791201541,0.2106148106107923,11.88693509456249,1.6735454749453753,5.544098229533186,-5.73800064983322,0.9629258134502692,0.8733348578945381,0.7387308875136549,0.3530244889741789,2.289400877090012,0.8187488100645963,0.1246262898154801,0.1756060996201789,2.4650069767101908,202.4455834226221,61138.56619363188,6.66186252999981,7.33603279277814,0.3391522799152041,0.0773394234672943,14.60305531578006,1.6531829965528857,5.0361407988788764,-10.766410329770231,non-void,11
0.882994230576776,0.7945720993694163,-1.1944309204393622,1.9588097511695592,11.349257394636895,2.294253879800266,3.83693564127695,-5.519947337131852,5.829310057505044,1589.6074612235288,480061.4532895057,4.770937892550778,4.419077606063929,0.0939865432515302,0.1527918418213122,10.205386329272256,0.9951588282864507,3.865102392508872,-7.438899630156735,0.8792488272528128,0.8193197996166595,0.9640865233708282,1.6577538777406051,12.893490946601291,1.917709765243235,2.7481479191640137,-6.115290472401124,6.778200474200169,1110.6384446001978,335412.81026925973,5.808994049311428,4.382677054222734,0.1566455871546159,0.1164812605654736,10.171436023453108,1.0714240953024254,5.395852251168916,-8.79959703353287,0.8928937269494454,0.7830352756529568,1.2045174478858054,1.358810386700933,7.726267020175891,1.8158270703091943,1.8463656670063384,-3.4814326531818343,4.2448343669940565,995.7628406788368,300720.37788500864,1.839643304393388,3.006192505469473,0.0395476098259932,0.4127594546460147,9.750620193075171,2.756108726449217,12.88905434521954,-1.531190033236376,0.8966045585141051,0.8537720134846459,3.239569738283117,1.320464868429207,7.425375331101424,3.498348118463271,1.7436274687557634,0.6589430264575571,8.084318357558981,3696.008746502564,1116194.6414437736,7.023021616838754,5.3715668266405485,0.2959616718515717,0.0624593332838048,11.991913602585774,1.2273555025809737,4.501955986990491,-11.763927705642152,0.8877350526701128,0.685165188857703,0.3191247052400789,1.9454414598985657,11.278714255422328,1.971441871166084,3.7847424738922624,-3.8169478188371246,7.461766436585203,1173.7480815188226,354471.9206186844,2.140005203272907,3.0444338023810014,0.0576146667169839,0.2131782500174426,10.316231710065567,3.2616775618887752,17.52064658235682,-5.671334637705828,0.808085243851088,0.5855694618371229,-0.0303908474336792,2.317140732133693,14.728795733306534,2.3173400216888345,5.3691411725130695,-6.405439667685122,8.323356065621413,1621.7595623884838,489771.38784132205,1.796201235107105,1.737959169157759,0.0102177588372592,0.1649715880774918,7.0175202495099205,3.546554646857796,24.04607702978721,-7.0429209753864015,0.8090975584626275,0.5708593231948724,-0.1940037072738659,2.5783911860876687,13.512595799078325,2.5856795135767654,6.648101108494575,-7.819935593122054,5.692660205956269,2019.0930411730344,609766.0984342566,1.49737061203746,1.512622261785974,0.0085336163165911,0.1296683786519777,6.588733142302813,4.860911612270405,40.39143619370925,-8.268506822617049,0.8478433205034102,0.6967713572842047,3.261064302739876,2.3038762961222345,12.232018561292897,3.992791802040049,5.307845987833906,0.0383641837575421,12.27038274505044,4814.600685080342,1454009.4068942629,2.1993650032866974,2.855966778542887,0.0464565562993755,0.2580501152162826,9.265385931667089,3.08210139549516,17.630721603181076,-4.586705144020639,non-void,12
0.8752920763578453,0.7283883777465515,-0.7414853559266806,1.9199575642001967,12.578882460642149,2.0581636430039447,3.686237048329553,-10.613775909304389,1.9651065513377608,1279.2833495777477,386343.5715724797,4.0626259968181735,3.1180746535683097,0.0409777498892684,0.1057671306807693,8.225744282982415,1.1024273435681324,5.530310689597493,-9.270999064094386,0.8624505276864777,0.7549161536592205,0.0432250332964605,1.629688608657614,17.175870653438217,1.630261747294547,2.6558849611883897,-7.844592483728934,9.331278169709282,802.6415161369447,242397.73787335728,5.19964125529834,3.3867231759877563,0.0842372987656493,0.1101908426917312,8.672523033066513,1.3838128557565388,7.376988213340806,-9.071513664706924,0.8704345056187933,0.7233455113761734,0.0343228502170073,0.8545006935438614,5.800786570392582,0.8551897411182849,0.7301714352669402,-2.121401571544625,3.679384998847956,220.8675469808157,66701.99918820636,3.2446999204125087,3.047471088849336,0.0524397648717198,0.1288087763922017,8.720578006359585,1.8855785661665831,10.25383822467466,-8.301680368744316,0.9555525127854162,0.7814197837171646,1.870785454677406,2.031084001698736,12.75337899807942,2.761365683749456,4.125302221956551,0.1050581539923069,12.858437152071726,2302.792412695508,695443.3086340434,4.723059986975708,5.292542084951654,0.1825358384744871,0.1211830303957606,11.394783475441375,1.4692252153677643,4.895222671951319,-8.604566256949566,0.8659944731094956,0.5774925537079114,0.0817989873431592,1.796680495139763,9.565691671897902,1.7985415969462673,3.228060801615664,-3.340681154780783,6.225010517117118,976.8950665357008,295022.3100937817,1.9702828124376488,2.5778208763512565,0.0283190146315183,0.2187325618815852,9.807134702603712,3.529168563936319,21.36483201507801,-5.528862844114315,0.7608637577678612,0.4234915348578729,-0.001024703947589,2.4741182508233583,13.490547379461487,2.4741184630238333,6.121261119057235,-6.412493263067663,7.078054116393824,1848.6211750607756,558283.594868354,1.2404507247017618,1.1558749722314587,0.0026750278796731,0.2546717280369384,6.422226232596821,4.959818062171003,40.288571161486345,-4.6636686014454805,0.701281577243388,0.3471645013623243,0.1563741242912532,2.5732892578690203,14.147432915069658,2.578036165652443,6.621817604664093,-6.131215723826674,8.016217191242983,2007.173682366409,606166.4520746556,1.1283534589774111,0.729250182913861,0.0015663854779524,0.4013688706789837,5.11709665092835,10.055293579213648,170.07765803677074,-1.7361561026781684,0.8218307385884793,0.625644718858266,3.250370444735251,2.3318182794602498,10.08178907945468,4.000285554361512,5.4373764884249605,0.1361778234811926,10.217966902935872,4832.689923962885,1459472.3570367913,2.260332447152675,2.225043757570925,0.0243183924463672,0.1513156314596143,8.197348814320694,2.715739121783187,18.593718334780352,-7.488624086344849,void,12
0.88941047599247,0.7861722752166743,0.4144647948078436,0.6710175631786511,4.828282113846122,0.7886986980015391,0.4502645700942151,-2.536741308377249,2.2915408054688724,187.85778214125557,56733.050206659165,3.8932932077566855,4.776349492566416,0.1270805303713396,0.3273522587939277,10.97917734062334,1.6022650486344727,5.816226136979729,-3.1277234592731737,0.8859931804257943,0.7856549174733962,0.0291465859967146,0.9771851581991956,9.774501218009176,0.9776197404308338,0.9548908334047868,-4.112616196146806,5.6618850218623695,288.63358777777535,87167.34350888815,6.8854346022938255,3.8436403751281536,0.131340811560678,0.0777499473417257,9.89270703848769,0.954231509966498,6.573483656184057,-10.74148584896191,0.8826794745896913,0.7818637109477672,0.0888979112905232,0.5548543346099617,4.204553251599968,0.5619307530890982,0.3078633326354634,-1.9168935686133983,2.2876596829865696,95.3613837227189,28799.13788426111,5.033387382792566,4.607460482890793,0.1244605461056552,0.1951245664965926,10.331196948854192,1.0438708328037822,4.603499439361847,-6.154167204427835,0.951274035558364,0.8221645902175674,1.1221681010392106,0.7964238302478819,5.925821196984085,1.3760640117293437,0.634290917386707,0.1366690138292103,6.062490210813295,571.8527536417497,172699.53159980843,5.579957258956259,5.994193864417089,0.2060714977943259,0.2669852983247567,12.272070866124732,1.2258663928427418,3.994557574875461,-4.386253376083858,0.93015518223032,0.6353876357216431,0.0068078075515881,1.2023587316202118,10.19120035558193,1.2023780045173085,1.4456665195033649,-4.834680658734902,5.356519696847029,436.6052854556013,131854.79620759157,3.1246231447977832,3.68731320733452,0.0854114590036718,0.248633753926646,10.427224944007406,2.673022118499558,12.437768762287211,-4.802915940404619,0.8319860325520472,0.5047229122712641,0.2269117761114479,0.8713896048443441,5.63561628070145,0.9004492198724112,0.7593198434307822,-3.1265239546121184,2.5090923260893314,244.8642568657879,73949.00557346793,1.7674118190440988,2.491397042192465,0.0248599700594001,0.29290638181126,8.012512362761337,3.5188629305549317,19.832746972358933,-3.827480833297491,0.8784541171437606,0.4682219977467359,0.2570891003035856,0.58402197625191,3.433438733445437,0.6381038114915892,0.3410816687451865,-1.18436665776226,2.249072075683177,122.96729522050828,37136.12315659351,1.6761346758744515,2.5314266566255856,0.0290325072031765,0.2694771176494834,9.50667426628976,4.043511857257005,23.342249143832085,-4.331119302982502,0.9398736948332772,0.6411105287074548,1.3113874591341428,0.9715765896632385,5.422951001852752,1.6320839860607517,0.9439610695816488,0.1241529211559389,5.547103923008691,804.4368375418974,242939.92493765304,1.9188116626108451,3.8002028178506864,0.0732726205785536,0.4310455892857785,12.203188896628877,3.6880037523044815,18.39605201756859,-1.2055426302373249,void,12
0.926621642620136,0.8385910158578992,0.4278507780602413,0.3238702020327339,2.2738796583724143,0.5366080469499854,0.1048919077647239,-0.6546048800807918,1.6192747782916226,86.96035520754629,26262.027272678984,5.046893713305,5.553935178756158,0.1710560803236006,0.1587089133570254,11.889386885421736,1.2315571537149874,4.086856781331788,-7.243449690333611,0.9323108869322612,0.8278680465802831,-0.6149708484327882,0.4594729071207716,2.776043371417992,0.7676617072644413,0.2111153523780132,-2.273321792262045,0.5027215791559475,177.96995803364732,53746.92732616151,8.094641622721639,5.684571401977254,0.249107674950299,0.0816289387531704,12.714906494419724,1.1864409783441072,5.2570283137994585,-10.511740392679616,0.9284447664366297,0.7017689391212123,-0.835776991749224,0.453731690587048,2.111591343799869,0.9509971750643444,0.2058724470429806,-1.811754490676244,0.299836853123625,273.12747934806976,82484.49876311704,2.6464081873128027,4.532372961573437,0.0897820448562865,0.4061961482082965,12.675128324926073,2.37963805158571,9.059602421658017,-1.649072093512202,0.941486891056634,0.8126776087279834,1.2359149355587635,0.5041454074915042,2.782323878819291,1.3347839974437803,0.2541625918947747,0.0955474463087982,2.877871325128089,538.0577925892634,162493.45336195742,4.608438196128019,5.692172502788429,0.1685954859439682,0.2209222795975972,12.637246759136984,1.4327047439346177,4.779736368455426,-5.473412687494887,0.9196057368168794,0.6221855897211938,0.1122547850638384,0.7828551912665872,3.445271094348398,0.7908624325777356,0.6128622504930448,-1.5202332640393086,1.9250378303090891,188.88994295335755,57044.76277191399,1.4742091074046648,2.9637215487384747,0.0488299876340037,0.4994956697388666,12.525647717372578,4.854554592521928,31.892540702145947,-0.0087611166711536,0.8809242600952136,0.536342454110833,-0.0242285985405132,0.5890644639800477,3.55404196794885,0.5895625223089901,0.346996942724101,-2.193057487542558,1.360984480406293,104.9703582488242,31701.048191144902,1.3906029918213272,2.081432945885158,0.0197133186405141,0.2311697583458696,9.197586696270497,4.527614078550942,33.412457171019206,-5.218994386674838,0.8969937993411708,0.4902670254892743,-0.0217324186685014,0.4792339823636128,2.3584212667775546,0.4797264927781981,0.2296652098520875,-1.3845534726837805,0.9738677940937746,69.50152737772771,20989.461268073766,0.9440705250099106,1.713022236665334,0.011035198120957,0.3400303344842514,10.521971370923392,7.295465723104418,70.97996845037024,-2.880063115578439,0.9171261983091984,0.7320827527135564,0.9856837829534172,0.481261200254106,2.607173594878026,1.096897836102972,0.2316123428700227,0.1909974411089849,2.7981710359870107,363.3618285799095,109735.27223113264,3.3981273388356854,4.281696554752778,0.1256855848046609,0.1096431063418883,11.752188202014423,2.9149922916162625,13.650758929566084,-9.095827938804284,void,12
0.9410755409543888,0.7236439843301042,0.1866911806071569,0.7138572082944475,3.4257618614103493,0.7378656454602263,0.5095921138339423,-1.7199021189370884,1.7058597424732609,164.42260464663178,49655.6266032828,2.5653011593752155,4.549457451666882,0.0817072968310537,0.5314277760436459,12.330736917657054,2.420689242618076,9.005860613995536,0.5466770910099543,0.8974389922060683,0.823840330332803,-0.7679707105324484,0.7301783529141458,5.36639029367735,1.0596883689557646,0.5331604270644148,-2.952689648802981,2.413700644874368,339.1277106686388,102416.56862192892,8.445533753283003,4.563775029982467,0.1763802860086286,0.0693814161490583,10.815323112904094,0.6050276223784593,5.01945615602072,-11.275285604926172,0.9005776363690187,0.807560894018717,-1.0616279021393675,0.4522158867925747,2.6200274164823067,1.1539293786313047,0.2044992082675948,-2.188370637762362,0.4316567787199448,402.1290092822656,121442.96080324416,5.0445956990551934,5.041024677003191,0.1086608141247169,0.1873006228812173,11.03688583422884,0.9573119388929384,3.5341435900639087,-6.3739070482732405,0.9168779650742892,0.8261784729534212,1.6366516999581104,0.5659588094050841,3.2481799136205023,1.7317442539009602,0.3203093739432203,0.6046119265217602,3.852791840142263,905.679324597536,273515.15602845605,7.2343566970854525,4.796946487925125,0.1749534544536987,0.0645486797739254,11.597905240845988,0.7197734999522488,4.386250431601282,-11.61133827746635,0.9017367363410704,0.7163846337082171,-0.0420632100937988,0.748363174744393,3.79519845560428,0.7495443649023731,0.5600474413135068,-1.8004514932676587,1.9947469623366207,169.66865999698436,51239.93531908927,3.904260833363295,4.436527866148879,0.1014395591577425,0.1256103832453192,11.135835608797445,1.9745518040156216,8.042728290277452,-8.426794509221189,0.8798464286305262,0.4846863086970508,-0.1254778608551735,0.7432141149497481,4.326237971392043,0.7537319909791063,0.5523672206605373,-3.0081571774329405,1.3180807939591024,171.56979809604894,51814.07902500679,1.1564499004859026,1.9605386759036256,0.0150538555036963,0.327493934094851,9.637047576026044,4.858281928046658,34.68078576579676,-3.1249294557553537,0.8762773577627668,0.4160361230536721,-0.1850288825743498,0.3885098218118435,1.8889078145153944,0.4303203098053622,0.1509398816442704,-1.2614273501218347,0.6274804643935599,55.92302184735685,16888.75259790177,1.252090221001164,1.6113522198737231,0.0133582155440714,0.3023046656244273,10.493759825937662,8.034254738363947,86.9330299869258,-3.632209686490471,0.912389867745667,0.6199235966433049,0.9751220379201364,0.6035240255165427,3.044118338401064,1.146779943238114,0.3642412493756924,0.1486293308258781,3.1927476692269416,397.1614799403901,119942.7669419979,2.714538445253555,4.098365908848683,0.0932927861080029,0.2501452848743028,12.025183970933988,2.5313179808095234,10.755879062980458,-4.767848055195443,void,12
0.9061276735278748,0.8309720554912029,-0.4758566718592046,0.3991243626523237,1.991276810605048,0.6210795673788846,0.1593002568626236,-1.5939311522021922,0.3973456584028557,116.4934283626938,35181.01536553351,2.6877604892784497,4.601299193626527,0.0803982948569015,0.5657286226337813,12.19422011649309,2.141716795812556,7.341147315296598,1.148469461035822,0.8844391253633548,0.8341508160448542,-0.6835186184212894,0.6402523981781183,4.934821215547109,0.9365472946420696,0.4099231333728317,-2.9310715670729173,2.003749648474192,264.8904922006167,79996.9286445862,5.633423126219954,4.8645923344271536,0.0986228396062847,0.2464341748423877,10.995441286952335,0.5639644343587265,2.7762486153928294,-4.854202600116361,0.9128899736805466,0.7798026817424982,-0.9350757953707228,0.6761408018958256,3.4022660131398865,1.1539207629107469,0.45716638398833,-2.662772661861592,0.7394933512782946,402.12300437710905,121441.14732188694,1.3867608693750872,3.278316604039432,0.0328597677766372,0.6639002227993068,11.67156931796544,3.5874169466310013,18.08164693124097,2.956345898548696,0.9141972679007472,0.8322855732420844,1.409219983411772,0.7800595038497816,3.957835785050336,1.6107121999890115,0.6084928295463674,0.1927023684026958,4.150538153453032,783.5069249404195,236619.09133200665,2.916632344958177,4.482721439191422,0.0629744874860631,0.5195786009577599,12.698563189902066,1.701041868907022,5.544309266739157,0.3402891261409526,0.9261160611240328,0.7968451867997088,-0.0578901693889659,0.8165978573469356,4.174260241345977,0.8186472575752571,0.6668320606236062,-1.9924671670828973,2.18179307426308,202.39536636531776,61123.40064232596,2.087098108382623,3.935219751976385,0.0702792436782781,0.4797708447722776,12.264508272725513,3.0741930506889488,14.255444554117252,-0.3516083493059624,0.9008109132395048,0.4626205454998182,0.0105839861231462,0.450065622751397,2.208515348758897,0.4501900549155409,0.2025590647826028,-1.229388684239629,0.979126664519268,61.20666783454705,18484.41368603321,1.6324493191958758,2.4188854885188698,0.0286245254821356,0.3256684988281131,10.181679662366973,4.284471411632249,28.98169621958563,-3.1609769564906207,0.8660142881838363,0.4058824623646341,0.0439602206054721,0.3756692952541619,1.802187358203984,0.3782326273504712,0.1411274193967586,-1.0322727475757885,0.7699146106281953,43.204095958517016,13047.636979472136,1.2824066278215742,2.0284729943297424,0.0199783818431544,0.3054742422180228,10.6469931207772,5.9130446723213215,46.78020416562986,-3.567137606103708,0.9297627222380226,0.8042953042376648,0.8963289555029936,0.4609867045801864,2.4301384428421,1.0079257602982412,0.2125087417997,0.0265106246634037,2.4566490675055035,306.80613015838185,92655.45130783124,4.1178796039898025,4.829584438474595,0.1631600070785823,0.2146277735899699,12.294612300100768,2.1269096008113557,8.678992750419136,-5.633896181983933,void,12
0.9247342692889448,0.8456419471553449,-0.6827515694728531,0.420784654414217,2.145702878455296,0.8020033859081496,0.177059725390492,-1.7740648182302248,0.3716380602250712,194.24924816445716,58663.27294566608,1.879012505594825,3.774478909024445,0.0511488066961299,0.5359428417406052,11.790425434465334,3.043214415708834,13.230542313219852,0.625469985826403,0.9142646273474088,0.835685387372101,-0.7984180133759534,0.4950652334436856,3.996947141126405,0.939447129671412,0.2450895853646509,-3.2427607529487443,0.7541863881776606,266.53339465325223,80493.08518528214,8.725581206402946,4.52819447925918,0.206486627735685,0.0741944033265303,11.660683098907583,1.084840950520732,5.160617490055265,-10.961486546919714,0.9053893237779856,0.8432523956558211,-1.115973920099972,0.3356475736189845,2.517007499228897,1.165357062886569,0.1126592936763116,-2.3868107608144142,0.1301967384144826,410.1332393739225,123860.23829092468,6.813276815122675,5.429686100991767,0.2095385766293797,0.1440836442068319,11.784276669974398,0.771344575994557,3.622142372671751,-7.7381664018675504,0.8949676824976939,0.8620681944765763,1.6187123147442115,0.5134178284507064,3.836699174526051,1.698183566189357,0.2635978665710389,0.396170173623414,4.232869348149465,870.9158821916319,263016.59642187285,6.0652558850212825,5.719017533193986,0.209989385729059,0.2308705861959015,11.66204883200396,0.9698694936270376,3.764152038665489,-5.226308145273912,0.942776311741388,0.7815134259593266,0.0089033937081725,0.6859498287591769,4.222412323537352,0.6860076078253555,0.470527167574744,-1.9805495578770904,2.2418627656602608,142.12314427426855,42921.18957082911,3.721726900034491,4.932193887136616,0.1545245457215916,0.2695411305306435,12.810570577052676,2.2755982767327416,8.864085758030187,-4.329707210444772,0.8650458423599441,0.4991449306995992,0.0980451971799559,0.6293322346341411,4.44466223901599,0.6369237962579652,0.3960590615496017,-1.68224623976917,2.7624159992468207,122.51292051637674,36998.90199594578,1.2386003711276738,1.8494237115352592,0.015887289661474,0.2088856037099067,8.113330515481364,5.5937384124496194,50.11074975279663,-5.783307778256591,0.8595670331123804,0.4931968327707061,0.0204704889650517,0.4414160588170985,1.7769535485793448,0.4418904591639068,0.1948481369816201,-0.8638966946361397,0.913056853943205,58.97068772582671,17809.14769319966,0.8261346693231824,1.586205857134211,0.0101077578147679,0.4388374258733526,10.042908744537126,7.121089318488539,71.59380111712869,-1.0678503971246724,0.9197772691897478,0.6681820898607179,0.9188617109619116,0.4766955991638286,3.3115192853332127,1.0351548377581072,0.2272386942621616,0.0911009496458669,3.4026202349790795,323.60675251647206,97729.23925997458,3.3643560322802064,3.9692278803481615,0.0986784758673654,0.2644687701399009,11.333085371593503,2.6550386387473,11.515585087401256,-4.442267211126127,void,12
0.9143237181592772,0.8583200722003943,-0.391902108212947,0.285471452568942,1.486142949014619,0.4848517429622938,0.0814939502318217,-1.061135969906035,0.4250069791085839,70.9945262213794,21440.34691885657,6.1516346799198285,5.597431263192739,0.2148836166693846,0.103515456064284,12.293041098367912,1.1806034049834897,4.170811550382275,-9.375376046427618,0.92387561373185,0.8404620377718653,-0.6691979086285793,0.4817801372310742,3.770809321968727,0.8245834957984893,0.2321121006303927,-2.6877505265438515,1.0830587954248752,205.34125834606368,62013.06002051122,7.638862415213374,4.9025873330378245,0.2216224890129797,0.0671372497335864,11.506242663710724,0.8477430628852181,4.660927816083832,-11.428542047068987,0.9106196581350442,0.8369716722269229,-0.9083513896048672,0.3433251837515363,1.9666160566007111,0.9710687044669492,0.1178721817980262,-1.8784217653238413,0.0881942912768698,284.778277496126,86003.03980383008,4.427800726572858,5.257419861013382,0.1271980756956057,0.2926645371204128,12.096050338629444,1.206595259223806,4.083696656630519,-3.832553309132133,0.9284096276226546,0.8503214435636492,1.2816787044258686,0.4639970706946082,2.91992560179946,1.3630823830539187,0.2152932816131773,0.2862946662579277,3.2062202680573875,561.114062063569,169456.44674319786,6.103004688665945,5.594285902841557,0.1831031407416842,0.1604735034340927,12.58779740548814,0.9233218108246692,3.4978351626247743,-7.186310731174968,0.9362852682144848,0.7714006304680883,0.0785932168451449,0.5280851855695279,3.1938964451825638,0.5339015423765611,0.2788739632180027,-1.321258858609189,1.8726375865733744,86.08535879952537,25997.778357456657,3.4483344728885683,4.474088599398179,0.1154824499996643,0.2336953172032232,12.679620328862224,2.3734564687099224,10.477350793978928,-5.157514692818915,0.8696331450361019,0.7161308395177057,2.3457124078355117e-05,0.3278034856030723,1.8374130361290264,0.3278034864423506,0.1074551251735236,-0.842456549601093,0.9949564865279332,32.451447968575614,9800.337286509835,3.588593539037284,3.646255815423262,0.0908056853313421,0.1528304719540818,9.756651258416024,2.39539907452173,11.899274050042065,-7.437603711204535,0.8705091940169453,0.5868211999804982,0.0606228380963535,0.2848112410073944,1.4713439931941754,0.2911916405102124,0.081117443004172,-0.7399994018079541,0.7313445913862213,25.60735659391469,7733.421691362237,2.095861423612206,2.6740542739643063,0.0374555300648159,0.2698297138150617,10.995357784061726,4.16311390811532,24.017049189871667,-4.323343823260171,0.9268657713315056,0.8232604724975329,0.6246957477768844,0.2950487703555788,1.9541424814672044,0.6908679715972219,0.0870537768883391,0.1173284213997604,2.071470902866965,144.14416336201566,43531.53733532876,5.67260258667299,5.450123899808194,0.2219207444236737,0.1044625617377282,13.01660013899272,1.5183306215866212,5.0928147913085775,-9.33123073282826,non-void,12
0.918858570577232,0.8734435933075695,-0.2890495622003538,0.2959382398958672,1.7710083048062577,0.4136775208309971,0.0875794418326638,-1.0285156016596848,0.7424927031465727,51.680985554745774,15607.65763753322,5.576275786566988,5.486789072555406,0.1953851079866279,0.23697222953642,12.709006520431668,1.205133991523658,4.367717641729012,-5.078428890867035,0.9214464582432952,0.8494085564332549,-0.3856831859127867,0.5436378627195945,4.073413346813303,0.6665535579967794,0.2955421257823286,-2.4293860889265257,1.644027257886777,134.1766809948061,40521.35766043144,7.742325456335968,5.666978422735787,0.238577234297976,0.1581622764564282,11.685875916270533,0.72572465580128,3.944061691874949,-7.261254754101105,0.9040681947600578,0.8380518051291519,-0.4967859862615919,0.5363449351494198,2.990673500364191,0.7310692208035693,0.2876658894604353,-1.7801652323727235,1.2105082679914676,161.40758609311408,48745.09100012045,3.1182360781165874,5.15280681516444,0.1114027284929921,0.5190482800128889,12.203402949575354,1.975871100247516,6.824571991438715,0.331062741877433,0.9273667450929124,0.919883630697146,0.9686258744372702,0.4600531033435355,2.96299353358529,1.072326882310326,0.2116488578960178,0.0533851612718203,3.0163786948571105,347.2652526426659,104874.1062980852,6.943182595633525,7.083366351051609,0.3060789304508409,0.2638286681324104,12.93241284142856,0.973693770435198,3.1018050013942737,-4.456569157342168,0.9338265056688608,0.6622691217837651,-0.3274615365068723,0.943684569470308,5.908697763195399,0.998885190874208,0.8905405666563608,-4.079513081235442,1.829184681959957,301.3270306134364,91000.76324525778,2.0218995399571837,4.043309426052219,0.0797668537318802,0.2857311177252295,12.62734947505625,3.9812216807366503,20.71702545290328,-3.97904189966052,0.8711889774551179,0.6428221997150321,-0.0549975331188574,0.3770414650726866,1.8429512444051888,0.381031488243843,0.142160266384158,-1.0496820736459205,0.7932691707592688,43.84586850006198,13241.452287018716,2.454276309054852,3.0749698259364413,0.0585132119057272,0.2372030323375347,10.321083135291202,3.395789497642385,18.93385437163996,-5.072887208820012,0.8959734157325696,0.5920734806877839,-0.0315910617039998,0.2781163023410429,1.4485128408693586,0.2799047566716942,0.0773486776278544,-0.7551015661856468,0.6934112746837118,23.660695187846976,7145.529946729786,2.163507247160572,3.272905553820494,0.0464289971673679,0.1961324383435379,11.85646251726394,3.714162379562865,18.60124178647069,-6.126350752072682,0.9407555123428736,0.6231220077963078,0.8334462341380069,0.7257207914823272,4.093664871160773,1.1051259169834724,0.5266706671897354,0.0563449382502845,4.150009809411058,368.8335943013453,111387.74547900632,2.9091183095953284,4.40786250407389,0.1260757332934013,0.2527520361316417,11.80097646673084,3.274142828637163,14.55861211594938,-4.707700771593699,non-void,12
0.9244703155644152,0.7859720710472314,-0.1491336685600296,0.4411710396583075,2.074972397087601,0.4656959709202611,0.194631886233192,-1.1446265482386582,0.9303458488489428,65.49556667407215,19779.66113556979,1.953311769393032,3.803226333861884,0.0592275330881082,0.3905707660472015,12.365985342902592,2.943969090359692,12.15550658582774,-1.932235495816668,0.8840594779423607,0.8259547026712226,0.7154979037513102,0.5396498907679546,3.546281044122701,0.8961915280108289,0.2912220046058653,-1.2361684560861137,2.310112588036588,242.55409497327207,73251.33668192817,6.491699536068337,5.093236264169879,0.1288561519043184,0.2220767560361589,11.123242516428274,0.4686769110176165,3.1606173615879456,-5.444336430971135,0.9038362419271732,0.856901391475518,0.9858200244117242,0.4482049492223701,2.031203502341862,1.082926034888145,0.2008876765074274,-0.0226989526397249,2.008504549702137,354.1640967056451,106957.55720510482,2.368338233725202,4.2690074338971975,0.0665401474746939,0.5987794430663993,11.685483961780582,2.2663768600332896,8.336045808394376,1.738837056688375,0.9092546066731324,0.8365382927453281,1.3702890177929534,0.5613098938771097,2.652710284132557,1.4807973491495414,0.3150687969643321,0.3625639348378819,3.015274218970439,662.2137583529893,199988.55502260284,3.639896234339326,5.189292032191744,0.110367166222711,0.4338411602545399,12.423498342700462,1.716238536156445,5.946336862255893,-1.1560753959815386,0.9334088847826988,0.7660597827234631,-0.0595071126931187,0.6758356935552787,3.773164221990976,0.6784504264457472,0.4567538846833445,-1.3258014533441236,2.4473627686468524,139.00908430561367,41980.74346029533,2.9846575486028315,4.64716750780068,0.1212431238994467,0.3641104371261371,12.852700815854474,2.7610527308913726,11.880496666935842,-2.42148568645834,0.8551015429161545,0.6507066694513113,-0.0406253149998543,0.3853167763331293,1.856480848363565,0.3874524930137786,0.1484690181237548,-1.016621064328113,0.8398597840354519,45.336069171462846,13691.492889781775,1.9090535687384595,2.786818756831434,0.0416735551042686,0.2325132420717798,9.908641834867517,3.772411644368305,23.98598291461889,-5.186231988698756,0.8872038186685248,0.4983802225842963,-0.0608019552413306,0.4103360936015613,2.380110594299177,0.4148163298055636,0.1683757097121893,-1.3818280455365644,0.998282548762613,51.96592141695415,15693.708267920149,1.1348837852431906,1.6443765484725643,0.0120848104260676,0.2014168768506986,11.449787510247734,6.535811309086075,58.33884958793267,-5.98224270070874,0.929954824362755,0.7288047117244069,0.7979400358838473,0.3818097721301158,2.3539371367505773,0.8845829542560532,0.145778702094051,0.1296303159556752,2.4835674527062523,236.3110748940307,71365.94461799729,3.012652073506874,4.253203573429321,0.1157966769587748,0.2218229691984514,13.212387493264025,2.7229461941063207,12.4015610613514,-5.450718931914055,non-void,12
0.9159677271046482,0.8297976208999077,0.1419282570040064,0.4526323953087798,2.654307966368856,0.4743624304465509,0.2048760852829635,-1.092260887409458,1.562047078959398,67.95595405658597,20522.69812508896,5.659288303942152,5.00292845125829,0.166796416616937,0.1250373338780083,11.202026472462896,0.8504300298105856,3.660504250105424,-8.449498170887468,0.91472448183739,0.8374113935832458,0.5941675178352952,0.6855602231994933,4.608757873554281,0.9072088287069824,0.469992819633339,-1.9643961505379004,2.644361723016381,248.55441338293627,75063.43284164675,6.104954047572416,5.217668650302596,0.1567476900563853,0.217193782370542,11.039535566673724,0.6522330249991295,3.14179824618356,-5.56806877892077,0.904631798526126,0.7681939696513611,0.8226328774977133,0.6404016777042112,2.976300984439428,1.0425157840275303,0.4101143088063684,-0.9772587746186864,1.9990422098207412,328.225426303854,99124.07874376392,1.6308778609342085,3.439649376711621,0.0467253114250572,0.5667641577010823,11.307639315353644,3.143620796639924,14.103472524659828,1.1667799828306615,0.9251192716262188,0.8656763615964433,1.3315712342124937,0.6015021051230055,2.88273199041328,1.4611251603642963,0.3618047824674071,0.0628845624976083,2.9456165529108884,644.7357937433762,194710.2097104996,4.648486919236193,6.135531300001182,0.2022647240690842,0.2993291077897059,12.756208927403511,1.465678118617125,4.559686132138652,-3.693651247985012,0.9107222694414596,0.6984929402291812,-0.0744572487916118,0.910635291841178,4.96328940199972,0.913674185169026,0.8292566347466674,-2.47271659227264,2.4905728097270803,252.1097560265736,76137.1463200252,1.7323762903411168,2.940306466146127,0.0517320265012678,0.3332230540286297,11.434941664483118,4.067248619926738,25.58467260175561,-3.012455350863134,0.8070082082538469,0.4934326686251497,0.106621373054684,0.97660759437188,5.857390979383911,0.982410561108184,0.9537623933848304,-2.9165215533083937,2.9408694260755177,291.46941419422285,88023.7630866553,1.59850800590833,1.5310514153156165,0.0109216097769245,0.2405162884951191,6.9631146757591,5.087031321577949,46.27050144895376,-4.993739705708069,0.8405297521116454,0.4670816985094404,0.1415931705418432,0.7160610255760648,4.003553024071236,0.729926036179788,0.5127433923490458,-1.9432292676669496,2.0603237564042858,160.90318952452745,48592.76323640729,1.4039103834763509,1.486772936075541,0.0096918038800942,0.267516102374889,8.673856239227552,7.173284116824564,73.47116207508685,-4.374481535655867,0.9188705436868692,0.658097612394235,1.247374158981631,0.8813516625156985,3.508657188685366,1.5273254550076474,0.7767807530191857,0.0667766342029684,3.5754338228883342,704.4823597453238,212753.67264308772,1.9856241477691383,2.9670616079571976,0.0578500360768888,0.3257989549662972,10.81766021099122,3.9946770718342215,24.85949704223221,-3.1583973438255835,non-void,12
0.9553421556395368,0.8359499127019591,0.0849375209483922,0.3156258008542733,1.5792447396021725,0.3268547515789849,0.0996196461649014,-0.6211575682492521,0.9580871713529202,32.26387664618751,9743.69074714863,3.878470848276315,5.736091191038998,0.1157831096757764,0.4697574162652865,12.939929312021388,1.5950249736950788,4.764240731443384,-0.5260095730948243,0.932156170061447,0.8671936207241396,0.6683022192625738,0.4920982671045493,3.603162287138309,0.8299328652117481,0.2421607044873003,-1.0823979952627318,2.520764291875577,208.01414534909168,62820.27189542568,8.008404040046678,5.094761244003696,0.2512617766650605,0.0717280115557597,11.738874469478215,0.8032011975921075,4.270346192893419,-11.119864531364945,0.918917849279202,0.7470740306718706,0.8920519059956453,0.4256285155831336,2.237791496323424,0.9883907305655824,0.1811596332775018,-0.2812156468891871,1.956575849434237,295.0287033529256,89098.66841258357,3.927434201807333,5.065043293023699,0.1102901098268566,0.318349721425939,11.697491252444973,1.440109657876107,4.51188392858915,-3.30657142013106,0.9275906524794169,0.8108945056140315,1.208007839062163,0.5596926714016105,2.928934293900197,1.3313672767708793,0.3132558864206712,0.1061549335242088,3.0350892274244057,535.3067253482047,161662.6310551578,5.691815352725637,5.323980360247467,0.181006075550655,0.1553785573153881,11.998171359869929,1.031739683400231,4.0894489045148426,-7.3527101771451076,0.9273981706479202,0.5656445034847186,0.0529812310439002,0.6162963137209396,3.5339670610912908,0.6185694440796006,0.3798211463060189,-1.6757805181417638,1.8581865429495268,115.5537034589817,34897.218444612474,1.9538803502906916,3.4054864366148427,0.0530310582525392,0.3723532107015554,12.89419848049409,3.80176925844588,20.10416348767392,-2.2676020848782072,0.8552742479746787,0.5278231295182012,-0.1530410954436455,0.3822705724433516,2.5850367464280746,0.4117673705513331,0.1461307905561678,-1.5604352660900738,1.0246014803380006,51.20481497012917,15463.85412097901,2.4336742818407395,2.892612516107225,0.0478529568316892,0.3059488576936147,9.841279167837374,3.5278102119783985,21.106914029755195,-3.5574263691548165,0.9030499767448452,0.4493244503688171,-0.1438667027391525,0.287533590266297,1.536217613319926,0.3215170192827472,0.0826755655314267,-1.1094678677903174,0.4267497455296086,31.218704493915663,9428.04875716253,1.4995251006623642,2.8546505855568305,0.0391878917008236,0.2258962263201128,11.755777570514892,4.643813453899075,27.418667714818707,-5.348902079611808,0.915843125242039,0.6872163637419307,0.7071794322462712,0.394272708789245,1.9513958530356657,0.809662718845426,0.1554509688960088,0.0391257874570467,1.9905216404927124,197.97722292302652,59789.12132275402,3.302085210722032,4.469701474925502,0.1326799524604874,0.1475423983464623,12.463068522852051,2.814934871842233,12.07750341393394,-7.617559486765636,non-void,12
0.9226553850622412,0.8317935038755845,0.1217101719908519,0.5133006855557212,2.41598886552905,0.5275328992186328,0.2634775937919734,-1.0045267380613778,1.411462127467672,84.04386984692088,25381.248693770103,2.561760655794309,4.416638222073292,0.0893256783841259,0.4520356269817356,12.15216604983472,2.351741424661858,8.70266927136846,-0.835796578714824,0.8943887246243648,0.7749615820168942,0.4564370072241829,0.5728517808977456,4.348837655217075,0.732457442068471,0.3281591628777187,-1.835182373814604,2.513655281402471,162.02115914132924,48930.39006068142,7.600660857236301,3.879006760919869,0.160275404588726,0.1257986062259273,11.10324244166006,1.574303953558043,8.999618901638861,-8.419356649391807,0.8944749227511231,0.7994993753467755,0.6448359208818023,0.319261963818082,2.4708847744070974,0.7195426091625571,0.1019282015409783,-0.9499493639593528,1.5209354104477446,156.35795305293902,47220.10182198758,4.179130866016578,4.515207762972102,0.1360131784953446,0.166971444562385,11.605552588302984,1.688598691997619,6.784406766804117,-6.980176838670705,0.9100686045449278,0.8390806959385625,1.065501023864354,0.4441103452341293,2.32223478114948,1.1543510863684254,0.1972339987439775,0.2544130519033213,2.5766478330528013,402.42298204118913,121531.74057643916,7.384371639643627,5.81890536286926,0.2718822754059222,0.0784020736468916,13.394880017805177,1.2787411166105658,4.807303260494046,-10.70213938800877,0.9127085442944352,0.626069698419831,-0.0945805665176511,0.8113946858655565,5.660866235197643,0.8168884990092987,0.6583613362508651,-2.902146273553741,2.7587199616439024,201.52665958372685,60861.05119428549,2.686765996333447,3.044293886209292,0.062724204837744,0.1675882190885574,11.619744850454294,3.6389502652786376,20.01828817742132,-6.9609473212587005,0.8908781619071755,0.7098599212707098,0.0195164360636647,0.4509589171627034,2.5040919819696223,0.4513810322168899,0.203363944968558,-0.9881184324577484,1.515973549511874,61.5309405460459,18582.34404490586,2.205321716521879,3.2311222046378467,0.0579738548205442,0.3147409007798562,10.284495089511053,3.052434133959641,16.174886457790876,-3.379016273603251,0.8771320001314761,0.6280157251841835,0.0430238668623359,0.4057664847669784,2.3192971013951755,0.4080410436217642,0.1646464401601505,-1.0279965614962498,1.2913005398989257,50.28224297054143,15185.237377103513,1.9894173008314449,2.6544977873230984,0.0383835003093521,0.1858137365082419,9.81300938332402,4.071274839980692,24.51748694150443,-6.41645953495251,0.9352538775375382,0.7666521943936192,0.8810603583815998,0.5111573086900703,2.849218595932117,1.0186015655489582,0.2612817942272757,0.0740898992995313,2.9233084952316486,313.33984310031417,94628.63261629498,4.60333390650627,4.213924202330597,0.1457170642734701,0.1002489679089874,11.790334854223254,2.211248897330721,10.462800702613755,-9.530424430978968,non-void,12
0.9379441204866285,0.8628147685689771,0.8201620506345265,0.3892716305292971,2.0342151134459376,0.907853617956094,0.1515324023349375,-0.2917622685350953,1.7424528449108423,248.90785387406268,75170.17186996693,6.819933181245188,6.66548987906114,0.2005227693242867,0.2968313362257241,12.60241204900488,0.6258624633100287,2.296851603830917,-3.7454976030655,0.9212124844640488,0.8179579464610793,0.4022759534150507,0.6757277907256457,4.307179076293258,0.7864057412398194,0.4566080471589619,-2.1226354294863063,2.184543646806951,186.76706493619488,56403.65361073085,7.585380160196575,5.364687219734132,0.1897945664860826,0.2092847524053805,11.405212714167268,0.3824379410826948,3.510696422512663,-5.772825245960744,0.9182810856466036,0.8383184169773585,0.5465371802816416,0.7870778931705081,3.2039027045370547,0.958224660164793,0.6194916099177258,-1.3781370943688844,1.82576561016817,277.2947388030758,83743.0111185289,3.380193641934026,5.161236119019743,0.1005365753438608,0.6127390897221031,12.093465178306165,1.6050045332538403,5.22615300147708,1.992719252559083,0.9326585352471206,0.8452884446947764,1.487885902921819,0.3834347672360653,2.328388959327599,1.536498187710891,0.1470222207253756,0.6897343167599234,3.0181232760875223,712.9696576133334,215316.83659922663,6.710073187123985,5.595939489793032,0.1964788656890259,0.1769302827374401,12.201587959537628,0.6994637821539555,3.640712213352309,-6.676344512165102,0.9478293102852428,0.7901183745988485,0.1910673769333574,0.7224405785407341,3.764466660473714,0.7472798217873037,0.5219203895222706,-1.4644306104631832,2.300036050010531,168.64499387924025,50930.78815153053,4.038503521342316,5.374938630940596,0.1565964712583928,0.2854657801484063,13.04714072819568,1.8299853347112192,6.237711191495296,-3.9846897708465496,0.8925743335214447,0.6076741769459224,-0.0692935088043152,0.3831849487866537,2.5327632054087843,0.3893999169735969,0.1468307049766304,-0.9589437905216708,1.5738194148871136,45.79295319239134,13829.47186410218,2.8388189498348684,3.497963757990419,0.0717298589981949,0.2580213169009202,10.488357382404075,3.213440697926826,16.836246264581547,-4.587358399890137,0.9200242555747504,0.6780581899465328,0.0238722280215842,0.2988493407886663,1.8057819133114443,0.299801287122879,0.0893109284898204,-0.5749087637850677,1.2308731495263767,27.144005151681547,8197.489555807826,3.4907375271987613,4.865348884536695,0.103816942638874,0.1964106106194084,11.618313829030456,2.1409256826006065,7.108140835802956,-6.118692440531188,0.955901399968474,0.7802376570828684,0.7232397184497945,0.5261791983789413,2.4270319631036226,0.8943937830452778,0.2768645488067052,0.0769228852339298,2.5039548483375524,241.58195222331312,72957.74957144055,2.696690525684468,5.1461273834354415,0.1353674430505811,0.4248565071126263,13.766599304862549,2.770699054224015,10.712878265152312,-1.3153393611566664,non-void,12
0.9404295431567764,0.8772535133364568,1.1735417583500152,0.3165411084665292,1.5553005833990847,1.2154828390152057,0.100198273349219,0.5192484694224648,2.0745490528215496,446.1743566460202,134744.65570709805,2.458807276833112,4.73713444954449,0.0645912505698643,0.552389619846393,12.90363751431788,2.257113071401453,7.387511550653429,0.9134535985970084,0.9212810213699484,0.8248649285032048,0.1634583527853573,0.577428339469466,3.497574742629853,0.6001184219116817,0.3334234872224649,-1.7620726996064504,1.7355020430234025,108.76292033596572,32846.40194146164,8.338296836997337,5.584355795886922,0.1877755451950328,0.1683616687146607,11.967589435588456,0.4523637327290873,3.9823071513053057,-6.936912764378543,0.9156646572627374,0.848624638100215,0.2774142459526308,0.5373978716421404,2.775904023897757,0.6047769310274401,0.2887964724455023,-1.3222364666605635,1.453667557237193,110.45805116349666,33358.33145137599,3.829399353029936,5.490779699101097,0.1188505759190512,0.5490895025859699,12.046539943827918,1.4501739647011307,4.6316878101855465,0.8555279515155865,0.9322744641850512,0.8720084779653353,1.4510445888211072,0.3126745749404399,1.976388598785006,1.484350291730763,0.0977653898141847,0.5891809469868924,2.5655695457718983,665.3953281454827,200949.3890999356,7.46744909386361,6.337125785309154,0.2686319031305745,0.147719620450278,13.548442779513092,0.6902291539826902,3.1535086818274234,-7.611443066631414,0.9251506480460734,0.8040829064403149,-0.0285362013083909,0.6835250123445034,3.607290048474834,0.684120426011142,0.4672064425005535,-1.888216963064244,1.7190730854105905,141.34226870027126,42685.36514748191,4.274951425466266,5.404241375627636,0.1557563149001132,0.2346512341169062,12.8842519098119,2.0644197918780844,7.449826121772817,-5.1343654333948,0.9222526289654244,0.763046455278951,-0.0331430859452221,0.3185878420066675,1.867461743099625,0.3203071607386225,0.1014982130744653,-1.0590629428599223,0.8083988002397023,30.98419652057221,9357.227349212808,2.055856352263644,3.5652871643955955,0.0618489401980738,0.3353587293814791,10.746126787396664,2.933655480524604,13.79432741761801,-2.970776892639382,0.9388010651839168,0.6680866179520241,-0.059811734949182,0.1685063398624542,1.0040729693652235,0.178806683911626,0.0283943865738409,-0.6204723109173894,0.383600658447834,9.65549272386459,2915.9588026071065,2.2465609169527507,3.953562195380615,0.0652649312480077,0.2386099435796781,12.409347291024933,2.936325167804737,11.80090933727712,-5.039186612979638,0.9491954040849174,0.8516235347456043,0.6838073118146418,0.3674191408002712,1.8525428592856124,0.7762662331427127,0.1349968250264095,0.0739121599115979,1.9264550191972103,181.98195794470809,54958.55129930184,5.524047727665528,6.512657522681455,0.2392398618587277,0.164403531564147,13.388068049642635,1.6945330940604637,5.428419831252469,-7.060854527092025,non-void,12
0.8961071205780371,0.7565058293632988,-0.0668918414184228,0.4757756376544024,3.30458809741818,0.4804549675399356,0.2263624573854532,-2.244946750401632,1.0596413470165482,69.71276670180778,21053.255543945957,4.033464045093381,3.384725321647887,0.0637698706020603,0.1094726563032406,9.920229658174796,1.926984571279924,8.36597556624878,-9.103416023385822,0.8822389047687993,0.7758461050238575,-0.9726186694017526,1.079335383473981,7.943051760377958,1.4529115410401838,1.1649648700189257,-6.61484867631679,1.328203084061167,637.507487718504,192527.26129098816,4.01689809138146,3.850893509719419,0.0762863443208008,0.1489459233266472,9.26665859052876,1.2202602705675916,4.787744383237038,-7.569285353214823,0.8971990447721029,0.6299451189628671,-1.0847504178417056,0.8053518712692721,4.510959371444617,1.351027425911359,0.6485916365569182,-3.877630941409446,0.6333284300351709,551.2330818805312,166472.39072792037,0.9869608771205652,1.8755260635318665,0.0129692785514881,0.3760048377531463,10.07102891026046,4.97604293234869,35.747373183329564,-2.1998778995257533,0.9052844918299509,0.7490674423141261,1.673007658661582,1.169662088616164,7.264629958462336,2.041338783124015,1.368109401545927,0.1065163822682617,7.371146340730598,1258.453336300843,380052.9075628546,1.9985535969495387,3.2929177816600355,0.0487263618437427,0.3748116209191896,9.96671224558693,2.686076436774473,12.045509823177111,-2.2219784920211167,0.9153877243763,0.5893728793140348,0.0221755612454384,1.5168044850088922,8.701639130036813,1.516966578820918,2.3006958457430904,-3.815276354992272,4.8863627750445415,694.9586555804115,209877.51398528423,1.3863507142037357,2.304401553898105,0.0226192540709964,0.2699366975600882,10.911055820959602,5.002976499088994,34.74644822989183,-4.320985882447037,0.8028627162161961,0.6817775785364906,-0.0988424053381325,1.0414325048411497,5.425149474967778,1.0461125576307448,1.0845816621397106,-3.432253890289988,1.9928955846777896,330.494147936287,99809.23267675866,1.876435730367312,2.509583937865125,0.0149244576123516,0.2584841762886086,7.914432592482787,2.354546571822669,10.93668324274004,-4.576864612225884,0.8652669485452931,0.5516761094994947,-0.1559770343483828,1.2756276907506294,5.458224759619238,1.285128336258251,1.6272260054097836,-2.8300535353092795,2.628171224309958,498.7695618774779,150628.4076869983,1.3660437415017532,1.811532992382808,0.0143826188101594,0.2862377010722447,9.56879627275003,5.678848061500832,46.58030110278544,-3.968267694970845,0.926537980502324,0.6763907335781798,1.9671981157295964,1.0850002297770287,5.214247672684323,2.246573819206989,1.1772254986162052,0.244205806966636,5.458453479650959,1524.2223653941762,460315.1543490415,3.372147167187045,3.799270827619807,0.0877977636733067,0.2320605399154812,11.562500520563468,2.603320583698172,10.846557833386507,-5.197256857057883,non-void,13
0.9284862775239112,0.8523405034303905,-0.3193968014334844,0.200803558583767,1.3493305203492438,0.3772749473604695,0.0403220691399043,-1.048692640338393,0.3006378800108508,42.985588543565214,12981.647740156686,6.546370666865911,5.566387694517965,0.1442874174689725,0.2197920956878642,11.913613031464456,0.484277492725212,2.4168886624604617,-5.501982743637774,0.9391368932648472,0.8580323481534086,-0.9650564694758936,0.3465349296287593,2.177148516053226,1.025387949378227,0.1200864574528091,-1.9633206535858012,0.2138278624674242,317.5289749124857,95893.75042357067,7.732992336054441,5.946525908870957,0.2251972432417189,0.1759363698484926,12.630763120997615,0.3932324504557358,2.472107648155813,-6.706051196722543,0.9182913217147152,0.831197810444493,-1.020094032623412,0.2996056259513345,1.5259332193857902,1.0631817184731809,0.0897635311016909,-1.7101499360452026,-0.1842167166594125,341.3673206816669,103092.93084586343,3.6534625635845632,5.392812472940499,0.0911111298817218,0.5744669359018252,12.686896976284585,1.4577166139289688,4.194646401329793,1.3033172725068995,0.9244926726355762,0.8386916721597368,1.4751810865754509,0.3846465402698812,1.9120719567052915,1.5245039190279297,0.1479529609415893,0.5528561501380006,2.464928106843292,701.8818841377179,211968.3290095908,5.822952886596658,5.936037336792444,0.141540126161778,0.3539728962526481,12.41849873506807,0.7784052898494026,2.7940715677599584,-2.6128072937552287,0.9462390250900088,0.789317395126028,0.0682071518903099,0.5345166145680952,2.8668062540053585,0.5388508391181417,0.2857080112493376,-1.0021736142396638,1.8646326397656945,87.68878849913428,26482.01412673855,4.840018401940769,5.332397945115321,0.1679253604076338,0.1344142692594503,12.588513541838658,1.2958320747965226,4.024296603500074,-8.08864712744866,0.8778087067435009,0.6352761080771895,-0.0095308815440399,0.3480582448447367,1.7011929069781042,0.3481887124928165,0.1211445418043987,-0.7972743711162898,0.9039185358618144,36.61308461123638,11057.151552593386,3.6087248579544697,4.33811539660595,0.1085822962933956,0.1519664158232016,10.405663876913868,1.9423515043642496,7.800853758042483,-7.466654295095766,0.8984555332158272,0.8323185425265424,-0.0612452947264281,0.3029087195230241,1.828332121459905,0.3090383123323144,0.091753692363078,-0.8473371329515544,0.9809949885083508,28.84241290373995,8710.408696929466,5.077841264557394,6.10824169014407,0.170225058875285,0.226752839471096,13.08855579819266,1.289361178933106,3.978986450972524,-5.327655989509932,0.9502461184428876,0.8537621106273942,0.6204740882413639,0.3494455474547988,1.916118219573797,0.7121097421148904,0.122112190635984,0.0479996562497296,1.9641178758235267,153.1442860141106,46249.5743762614,5.855406913980175,6.606358071280874,0.2582782633306072,0.1574396170946058,13.926307871332556,1.5039495347815508,4.7289953089621175,-7.284870092692804,non-void,13
0.9144745782250382,0.7241100117233128,-1.013216678481877,0.3432071965762043,1.9062330211187093,1.069765963814303,0.1177911797816973,-1.9141299060164343,-0.007896884897725,345.60856363533446,104373.78621787087,2.251273025800527,3.4604090588064778,0.0460262242969471,0.2586927344284294,11.524615192917564,2.5784771513763283,9.84612444979617,-4.57214024998811,0.9059765779501072,0.8639548881459979,-0.6438976443825024,0.339149252970934,2.4777442293744203,0.7277543488238859,0.1150222157907426,-1.81316216339059,0.6645820659838302,159.9471704540876,48304.04547713448,5.970147585240518,5.151193947012008,0.157113501397649,0.0753872041764391,12.057547737481078,1.063527466419001,3.7704576522562734,-10.886622610019716,0.9207051078751024,0.7827765466536994,-0.5775995041778772,0.2289407473616179,1.111128251748435,0.6213171919631918,0.0524138658024961,-1.239757126403932,-0.1286288746554967,116.58258601476578,35207.94097645928,2.7209289021760728,4.440331207178566,0.0753661552950819,0.3104744189256505,12.226265172540144,2.165041415701884,7.495559316475893,-3.4652455934992803,0.9202926998449202,0.8123522073979595,1.4117912315337042,0.2586622917264808,1.6805152384356328,1.4352911421020644,0.066906181161195,0.6144904585888472,2.29500569702448,622.1383201041878,187885.7726714648,4.862399934911643,4.768626431036439,0.1438154531228372,0.1122239074356161,11.86316996182536,1.3906245439896456,4.917656510694187,-8.982180584784157,0.92820842984228,0.6446112400169804,-0.027217307880018,0.652220265588234,5.301250605133546,0.6527879109574733,0.4253912748439865,-3.0336666107296253,2.2675839944039207,128.6918811210511,38864.94809855742,2.306304766403789,2.683414543031679,0.0458459221255132,0.1546042417435536,11.706758274769982,3.947951849737878,22.89684292677219,-7.378386592663833,0.8736017071224298,0.564994929181118,0.1513807148037743,0.3948729039126321,2.648588261979226,0.4228956503191968,0.1559246102443947,-1.1150241036275874,1.5335641583516384,54.00990077978672,16310.99003549559,2.225150783086781,2.3439405324500804,0.0300023909361939,0.2130782235053161,9.37297521218068,3.828170890985795,24.850348554161474,-5.673924962540299,0.8976224679715197,0.4517030914213348,-0.0451410035637966,0.6340906339543683,3.793820364345456,0.6356954005429009,0.4020709320686526,-2.524112539159202,1.2697078251862544,122.04080996596257,36856.3246097207,1.2360049563042177,1.8636269099507696,0.0182615873549951,0.243695040518399,11.42791366500544,6.928247217956763,62.76579081339959,-4.918502573743036,0.9392396977258654,0.5865688842270529,0.7870353222385242,0.6242249847382114,4.059545490292173,1.0045304525112806,0.3896568315714202,0.1016376981095086,4.161183188401682,304.7425918668004,92032.26274377372,1.5233078681627927,2.490937883996336,0.0390316064808416,0.212038701427665,12.412695150380536,4.859954992124343,33.03572196059255,-5.700897513469166,non-void,13
0.9267205510908272,0.7721619461178958,-1.193136622513892,0.438143509582633,1.8583536294081764,1.271040807752939,0.1919697349893868,-2.129356495710589,-0.271002866302413,487.8945099619196,147344.14200849977,2.409949511257304,3.605050508633251,0.042351467624271,0.3008092587288531,11.266081728867656,2.0920258567730725,7.607637407533211,-3.6630446906376735,0.9221114195956934,0.8197492357888425,0.0640091693438198,0.7017493964541507,3.2562529166048764,0.7046626066308972,0.4924522154237647,-1.6969179114514688,1.5593350051534076,149.95791553352285,45287.2904911239,4.200524121494993,4.7371808489241785,0.1036376653246627,0.2611329110167137,11.778103912923102,1.2308908225437776,4.331579685192662,-4.517047121742884,0.933755262533663,0.6435046568573624,0.2090910782263344,0.6807524978010959,3.024418857969277,0.7121397631478544,0.4634239632624312,-1.6691614511220298,1.355257406847247,153.15719876139724,46253.47402594198,1.2811122713669465,2.5051859668852177,0.0287957389328019,0.3858084506645491,11.75745081990564,4.182797773621108,25.1997764003732,-2.019321005051438,0.9395885843017184,0.8103970755147849,1.5908368547095513,0.2974479250410025,1.6761428827178553,1.6184057483873988,0.0884752681111978,0.7409354262371913,2.4170783089550465,791.0096242568397,238884.90652556543,3.8970061425339257,4.6955813755277225,0.1185478154437128,0.2778188315744194,12.063263477196909,1.6215626277576871,6.212936143711162,-4.14884478810977,0.924817742476001,0.5597220571342776,-0.1190455370304171,0.9665541324804692,6.278964704864596,0.9738576543324658,0.9342268910150722,-2.341583432181592,3.937381272683005,286.41641673238365,86497.75785317986,1.7030043613179022,2.132507285073165,0.020656004184498,0.146247439625192,11.16731628209437,4.773953585680984,33.63859192431126,-7.662437475306021,0.8472495716080528,0.6418230761443786,-0.0849581819916381,0.5131791336962545,2.879698922065934,0.5201641240498642,0.2633528232612382,-1.6454476900424213,1.2342512320235128,81.71235621646588,24677.131577372696,2.811236827855596,3.1273055702426378,0.0284027932500593,0.1973435433623721,9.086247937552866,1.882550715535748,6.900581339966327,-6.0930678153121605,0.8847373336639803,0.5077416784834549,0.1913377080667453,0.8292145386126651,4.794098701217069,0.8510034486268844,0.6875967510466152,-2.12429598976529,2.669802711451779,218.71047461160475,66050.56333270464,1.3990330584525663,2.0155780607931995,0.0177244626885577,0.2694401291189043,9.766437265229248,5.081482136780608,36.96651535067653,-4.331935350653387,0.8975308864512985,0.6165472302756198,1.0729224582075163,0.8899515240164968,4.505509877263212,1.3939785925276416,0.7920137150992853,0.081328448540596,4.586838325803808,586.8392475604542,177225.4527632572,1.4157022503035372,2.2235866527179264,0.0283584075348791,0.2047454993761953,11.241588210059534,4.739755317365036,33.429486528262714,-5.892917715049569,void,13
0.9180554512236828,0.8235267943305125,-0.1586213031678826,0.1970833474639477,1.1097707301254114,0.2529872796530933,0.0388418458475951,-0.618775656875921,0.4909950732494904,19.32877422721429,5837.289816618715,7.724588748649282,5.378402827493776,0.2055430914001433,0.1125791548572055,12.13668930884553,0.6776127856478928,3.495327829863409,-8.966716354937015,0.92474770146878,0.8678426530480176,0.6392337323753825,0.3305674038864055,1.9882616219286784,0.7196489235167104,0.1092748085121979,-0.2903842530751431,1.6978773688535354,156.40416108186554,47234.05664672338,5.011506197928381,5.897825214683911,0.1871959877329197,0.2751267530483779,12.18944532041315,1.2261056353209954,4.223144548819474,-4.20729248327699,0.910159320405302,0.777916769662491,0.7385920972775342,0.2843968150001578,1.3335426151640632,0.7914542529692163,0.080881548382234,0.1455869095381412,1.4791295247022045,189.17275003200425,57130.170509665295,1.811633976709207,3.942367536254301,0.0512174503063879,0.481270885751251,12.35601287139549,2.905886469829372,11.394603756350277,-0.3255103368437594,0.921873756010656,0.8388793490361701,1.0263929854118845,0.3934646246174766,2.121601335744121,1.099225623485958,0.1548144108253718,0.1457750996990823,2.2673764354432038,364.9056853410841,110201.51697300748,2.9930508940854077,4.775784381286288,0.0818254278888572,0.3937108960594425,11.742958695354258,1.798698212447017,5.736762874638221,-1.875023289613044,0.9428834451491506,0.7580769688793288,0.0393414060509322,0.6603145399270667,3.488106221433956,0.6614854781997547,0.4360152916390937,-1.3983929008352751,2.0897133205986806,132.14403743648575,39907.499305818696,2.6056850508238507,4.533602790072888,0.0876071896535727,0.3581536396543645,12.17964550750533,2.4060642549155413,8.777566584235036,-2.533617138262652,0.8968928810778553,0.3963910983003982,0.2870093472316346,0.4314164322772093,2.6236316409653546,0.5181645524706654,0.1861201380387959,-1.0372442166543991,1.5863874243109557,81.08534003801175,24487.77269147953,1.097392075184019,1.5442329989365644,0.0113241639296649,0.3171993141493938,10.503124443899432,7.935387393980907,83.14186289388822,-3.3296170898069786,0.8780057957281034,0.4324056807207045,0.3444229232291053,0.5121396958705982,3.185459220862455,0.6171824836562609,0.2622870680864287,-0.8506013663203102,2.334857854542145,115.03609387589748,34740.90035052104,1.2091450378867965,1.9855305060625452,0.0181091127775324,0.3027672213974676,10.977164353402369,6.627019193948706,56.49842616916727,-3.6226894086159542,0.9392421104019036,0.6019657523962796,0.9192316316697056,0.491919675126178,2.370767006136907,1.04257937800361,0.2419849667762445,0.1882970892404924,2.559064095377399,328.26547135039493,99136.17234781929,2.493750834444091,4.291427147492219,0.0971654921358063,0.2072119461084325,13.121027383400788,3.549534264802597,16.449223548388368,-5.827423075788008,void,13
0.9229140794793056,0.7998268743055994,-0.069050669112121,0.2010376603959839,1.2459727796604498,0.2125656035258823,0.0404161408974909,-0.6874646756018469,0.558508104058603,13.645609012301431,4120.973921715033,5.783809191461012,4.7808647863336144,0.1197132079330931,0.1162000668498365,11.923048307594188,1.2296088961221672,3.980486869883373,-8.811475839271903,0.9388583128472436,0.8309769991963855,0.8846412366583688,0.4429028445265724,2.224535134761789,0.9893194869637296,0.1961629296897291,-0.1583720827396075,2.0661630520221816,295.58342028042546,89266.19292468851,4.115870617037757,5.2171419288311975,0.102421541607646,0.4252498120514869,12.130602718110582,1.2834816797888762,4.013102357903846,-1.308349914750046,0.9189518642284756,0.7873509777832833,0.9944955485836868,0.4034300849767871,1.7297435856932026,1.0732088471575072,0.1627558334643776,0.083425262746815,1.8131688484400177,347.836723344378,105046.6904500021,1.5076083507219469,3.551076079026975,0.0312289437388483,0.6785009788159787,12.29426227930053,3.2317405692582915,13.411349844702285,3.243708236031206,0.9273858348701182,0.8243999502363136,1.3615297932093953,0.56740729190664,2.5004913852599,1.4750303090803407,0.321951034908827,0.1588203723320313,2.659311757591932,657.0657526371049,198433.85729640568,2.302676252827419,4.162212886536626,0.0472117393947485,0.6018279218866001,11.733771905176011,2.2013011251077077,7.464468501175046,1.794015313075876,0.9060610744417626,0.6954292504270649,0.1115399405740697,0.7474221714464118,4.328395859499331,0.7556990543284652,0.5586399023696693,-1.7601526659774822,2.568243193521848,172.4664803353068,52084.87706126264,2.9008658274852044,4.244098092373346,0.0877126748639477,0.1895361021391766,11.982598639446,2.456180751543781,9.674288076359536,-6.310417288373915,0.854819813108843,0.5925511602578475,0.1218756500294393,0.3956178105924279,2.0858126858987154,0.4139651267051906,0.1565134520579461,-0.8404082656058101,1.245404420292905,51.75287209066944,15629.367371382174,2.3798326790564976,3.061235143385192,0.0395705073693862,0.2103360605909163,9.278611442948046,2.4887876506877524,12.192580008938537,-5.745285700361458,0.8675992342290815,0.4997181078288149,0.0291270547726838,0.6828334824595237,3.6337654964112938,0.6834544242943573,0.4662615647678006,-1.649350434848608,1.9844150615626852,141.0672049264345,42602.29588778321,1.6883859218276056,2.3303809161938296,0.0241315011494904,0.2222182153886439,10.85525287589338,5.677696903275479,43.39246350567522,-5.440781122799205,0.9143970685594522,0.6742286751408282,0.9639278514867649,0.5295292570355505,2.572104054281603,1.099799134809858,0.2804012340566222,0.1466530175601871,2.7187570718417904,365.28655735241074,110316.540320428,2.9707998194642817,4.207636815355561,0.1103925025499753,0.1688376684254565,12.628102045150552,3.2265199945575938,15.045698773512434,-6.922165063928542,void,13
0.9147518265521756,0.835225743392419,0.6095789155303113,0.2934082772153481,1.5558780561417267,0.6765167192299011,0.0860884171384785,-0.1912993824181988,1.3645786737235277,138.21781116207185,41741.7789709457,4.298029636211408,4.60492811583325,0.1024467028753744,0.3393653190805614,11.194263641367474,1.1344350629951698,4.184331760536997,-2.8929391004982663,0.8967352939095745,0.8416845374088837,0.3823385281746833,0.3345480571906747,1.887820755446348,0.508040503008213,0.1119224025700549,-0.6276343691975562,1.2601863862487914,77.9477561144451,23540.22234656241,7.522731030041305,4.973841382629497,0.2353415555948985,0.0525877737987025,11.738769092519462,1.1620358403086812,5.036541557486491,-12.556541967516084,0.9145232557061052,0.8569783440200816,0.3887617210594736,0.2111323969041513,1.1130875427920073,0.4423941283331143,0.044576889022492,-0.1419372079696974,0.97115033482231,59.10519456465205,17849.76875852491,7.370385996921689,5.235475980640778,0.2024968685452378,0.0514267576343681,11.909788357192536,0.7872654353851741,3.32964532804163,-12.658817186286438,0.9246356684548708,0.8499362219914672,0.896111641255638,0.3293577314777501,1.734937470999474,0.9547212100283744,0.1084765152841697,0.1698107345354408,1.9047482055349148,275.270761841169,83131.7700760331,5.381677483634005,5.46694815779235,0.2089260335259532,0.2338166919368151,12.367682523665888,1.5850369448835278,6.197503666661623,-5.154571737458228,0.9268880222416176,0.6630788345890323,-0.1244190293989942,0.5186237723743886,3.547114575072517,0.5333392092734506,0.2689706172718417,-1.2818083879568758,2.265306187115641,85.90411506882572,25943.042750785364,3.0848889344516546,4.238080397081889,0.1040883117178127,0.2520872178407731,12.175818155106622,2.7193819236460297,10.730798000885851,-4.723001302579966,0.833479231640014,0.7455261286488551,0.3159661408452764,0.3675553160096808,2.048502171922624,0.4846973411187989,0.1350969103269763,-0.7142431633161418,1.3342590086064825,70.94931677126526,21426.69366492211,2.8813637861397114,3.414507117415692,0.050379577686478,0.2480601500730666,9.010300551812378,1.9012818967868337,8.830691444230059,-4.816260989094605,0.8994136998736022,0.5887330245506427,0.2954267318892322,0.4710959489945076,2.7753763408944407,0.5560650565120848,0.2219313931590357,-0.8571782673709655,1.9181980735234756,93.380920816284,28201.03808651776,2.157327169177187,3.0982945947265503,0.0572082528238224,0.1561176932003602,10.91880691282876,3.5403464470723804,19.09840540678302,-7.328297555719807,0.931332135448144,0.7730379492087639,0.8233867907638716,0.3881040640155977,2.2340056768162047,0.9102695049873146,0.1506247645054232,0.1674697133429659,2.4014753901591708,250.2343526563749,75570.77450222528,4.818116985544049,5.561676242470402,0.222033565536438,0.1262464186885702,13.12183198198066,1.9260041500104352,6.433986895896242,-8.401699011247159,void,13
0.921867064151866,0.8304436166315385,1.2224704212018611,0.5048719721872477,2.263553323532879,1.3226222586262857,0.254895708300241,0.3084141602266581,2.571967483759537,528.2975509821366,159545.86039660525,5.396405554357879,5.234219245373207,0.1150106100323526,0.2589123112715706,11.20695920814918,0.7495888604372011,2.756383366513552,-4.567168963187839,0.907712018894136,0.8580290833282019,-0.0616370877116531,0.4451164317659588,2.30693773613084,0.4493637373104704,0.1981286378280594,-1.3299215082280345,0.9770162279028056,60.98218605970932,18416.62019003221,7.444754488099388,4.941748382380829,0.1974172895823859,0.0716713532429415,11.469087054916251,0.6176613918893372,3.7035940041833793,-11.123561462918596,0.901528840114076,0.7855466427074155,-0.1862324491241087,0.4438175471514571,1.9626077932170016,0.4813071163678132,0.1969740151595359,-1.1654454969803183,0.797162296236683,69.96027516042251,21128.003098447592,3.815705518371188,4.908991692572162,0.0857321100410796,0.2447250821387597,11.802314679000297,1.412886927671701,4.324286951969985,-4.894265785554234,0.9231008642258878,0.858487878703342,1.3696188752971907,0.5541282199268408,2.2263213660725185,1.4774687636933752,0.3070580841192893,0.5611676905402627,2.787489056612781,659.2400122022685,199090.48368508508,5.193543010826112,5.57369164830454,0.1924001221840879,0.34218516336146,11.757774216862115,1.1161992426420917,4.000157859532353,-2.838424887884744,0.9118398345737696,0.7198169500354558,0.1957165751529183,0.706704176535867,4.192175834154023,0.7333046917365426,0.4994307931332379,-1.4140543001724477,2.7781215339815755,162.39620281869338,49043.65325124539,2.8175091853696403,4.328119353508924,0.0860429912135423,0.224229625126492,11.862300970709532,2.3940731654580434,8.785983146511661,-5.390401997510333,0.7693122491192428,0.575628974147359,0.2960722412798006,0.6956026534907388,3.507245859064636,0.7559906240158019,0.4838630515433569,-1.2156179321160068,2.291627926948629,172.59959072714005,52125.07639959628,2.065945080163208,2.690182037623418,0.0205981926042043,0.2867908794737774,8.337535667399354,2.357074243452708,11.684355044095197,-3.956515524065449,0.8544218511517175,0.6330200006965163,0.4226061706611371,1.0294755159674205,5.331750306149289,1.1128413244740942,1.059819837976386,-1.7201938466982412,3.611556459451047,374.0015756640914,112948.4758505556,2.0153689026232007,3.2881710991495843,0.0625620065774043,0.3421172299144299,10.69979968807104,3.4898080804788703,17.75678365696061,-2.839735653368696,0.8959087884781831,0.8014264185096317,1.269581435960377,0.8578090611812577,4.409743855772589,1.5322119331149604,0.7358363854446707,0.0520413039190058,4.461785159691595,708.9973692099248,214117.20550139731,2.7104659810802234,4.534846368754606,0.1047140100232367,0.5387152437084103,12.017143660649005,2.462651941552139,9.379328052741489,0.6739016170362612,non-void,13
0.8731371761693048,0.7515814659928045,1.660447591404221,0.3535926388207561,2.2044524040763576,1.697678991455188,0.1250277542282256,0.5244512305014299,2.7289036345777875,870.3984153245478,262860.3214280134,5.583418973116139,3.2369707316098264,0.0847632016743921,0.1167071618255649,9.44606669197623,1.4256180944732642,8.112522633088657,-8.790072009038855,0.8845511223581901,0.7995069686987983,-0.5136463396252021,0.351872525451534,1.8555916987093009,0.6226129105455563,0.1238142741676404,-1.4053845667589857,0.4502071319503151,117.0693445861587,35354.94206501991,8.675417226286367,3.515970862564198,0.1320151703326135,0.084919673092439,11.078392570935607,1.059169178241035,7.066424359280558,-10.324509043173949,0.911079304034843,0.8715143420194816,-0.7670973736098156,0.1595851734817758,1.077728996852302,0.7835214152748381,0.0254674275952084,-1.3647358389451651,-0.287006842092863,185.39955407467417,55990.665330551616,7.783438913871986,5.278471543808648,0.1639737776690228,0.1120731941747799,12.06635427370689,0.2804529949316836,2.5836287410511805,-8.98875414243015,0.9193760247755242,0.8176700121424312,1.945273507080584,0.3155591628379774,2.051940067851869,1.9707020583032329,0.0995775852510051,0.8227857676949333,2.874725835546802,1172.8673139853809,354205.9288235849,6.240078891251068,4.573067368950318,0.1274005843371786,0.0864511325912825,11.5946521397429,1.1996558917476636,4.420078067298985,-10.23961095267894,0.955364070673122,0.8118834859616829,-0.0911893228669048,0.3846705657856434,2.904767097421668,0.3953314265104301,0.147971444181847,-1.5031956538553994,1.4015714435662687,47.19865490960502,14253.993782700716,5.419164323996679,4.96122192492291,0.1714277953608736,0.0819713921410295,12.701639104944542,1.6289888789548503,5.282196870520636,-10.491939033755036,0.8188103671079466,0.6728298547035705,0.2145830815470712,0.4426712868223402,2.802232688981584,0.4919387838574874,0.1959578681769466,-1.5906408816831112,1.2115918072984724,73.08513765308147,22071.711571230604,3.163974257413244,2.331323032305919,0.0252186127778641,0.1653927256905259,8.032858957940652,2.2005338522771587,13.105110000807754,-7.029657609287405,0.8601020129428218,0.7318781596190235,-0.0281772987252183,0.5136812003616451,2.346956808443233,0.514453434013644,0.2638683756049805,-1.290554579865005,1.0564022285782275,79.92802540206607,24138.26367142395,3.6002752737202384,3.645792273410682,0.0784674625126628,0.1503691440373356,10.660302043730564,2.2544919972451254,9.69114354391845,-7.520715482769432,0.9243565446954066,0.8490139669005211,0.7465246318961164,0.3250446332286595,1.5237941317427537,0.8142192822688405,0.1056540135907537,0.0947692130615906,1.6185633448043444,200.21181796475256,60463.96902535528,6.882904064973865,5.390883478060543,0.2462108647319537,0.0560370955956098,12.755608256597183,1.4862098439662454,5.768267731346059,-12.264793081666364,non-void,13
0.8452732306566255,0.6106901605370487,-0.6303364633728413,1.136652174440035,5.24742257185493,1.2997315964139062,1.2919781656592595,-3.325084692643631,1.9223378792112995,510.1692712604256,154071.11992064852,1.000205977094946,1.7432366503691552,0.0106440201022069,0.5461359082886836,9.452961623806065,5.046087200379589,39.91443070686483,0.8037490814082049,0.9088433168141622,0.8041057122849945,0.9527439270139114,1.394837767492804,6.668169841039352,1.6891694373526296,1.9455723976243091,-1.1275502143853935,5.540619626653959,861.6946032020321,260231.77016701372,1.6268035589201415,3.320385811312508,0.0291250238328507,0.5499226708542083,10.101022427476124,2.734006808279825,10.655577888524522,0.8701448645636498,0.8830353571496955,0.564344092446879,1.0380550749634907,1.3295518427133317,5.442683091741335,1.6867917598565252,1.7677081024624155,-1.2052626190312583,4.237420472710077,859.2704652182017,259499.68049589696,0.591683843636629,1.524565541186675,0.005807457982811,0.602332486308347,10.78467744955142,6.924567428407595,57.52451837827864,1.8031617314007249,0.914389203327499,0.7196195951030412,2.3633484736572377,1.3425520637892294,6.73368596285964,2.718062186912344,1.802446043984719,0.2856469527756705,7.01933291563531,2231.1343396806587,673802.5705835593,1.303876625129301,2.757994483009129,0.0327074649733962,0.501206359944855,10.17750303039064,4.158189140142463,23.30936920883513,0.020956659550624,0.8839461857351775,0.4929549335444081,-0.5552604074735408,1.376398390776124,5.6994440343375965,1.4841787797427863,1.8944725301311036,-3.9288433425185687,1.7706006918190276,665.2415683721134,200902.9536483782,0.9987812485394174,2.0086672740920277,0.013271474793473,0.4345861780190753,11.161810260691192,5.631699753431248,40.695053585145885,-1.1429051144124451,0.7954870918928483,0.4784937108757355,-0.5924436383204951,1.7983301451922789,8.02531144673013,1.8934045462324496,3.2339913111072827,-4.350311407089547,3.675000039640584,1082.6641942595002,326964.58666636905,1.1416602714412902,1.1777872317870814,0.0036029808275687,0.2399432976511551,6.222713605665152,4.421259081419319,43.234424174554846,-5.007373697870877,0.8255043516994566,0.3975467419119677,-0.6501471826778019,1.6274343429901936,7.75472210093539,1.7524936233515391,2.648542540743924,-4.0455077337732295,3.709214367162161,927.5126377661176,280108.8166053674,0.8761788175668281,1.2323154915162409,0.0065599449527023,0.3320334033078136,8.839119281420473,8.96290001036691,109.20230058934467,-3.035729681416994,0.8612301661376934,0.4528063991751243,2.613513138575223,1.424271884267533,6.114051697021506,2.9764074529237927,2.028550400314989,0.2305223096098992,6.344574006631405,2675.4184003977307,807976.356920114,0.9163933946989116,1.3046662203295825,0.0088682299136683,0.3412236469325725,9.094262918270154,7.958483144763865,97.95448954782142,-2.856988813485323,non-void,13
0.863212098113017,0.7149535408579397,-0.7505217651099011,1.298561371210306,6.931922490940161,1.4998481772177048,1.6862616347995902,-5.517399710390821,1.41452278054934,663.6156436374652,195766.61487305228,2.319609860574705,2.465303703182484,0.0274844098501783,0.1785153477584221,7.895862793367793,2.527535162562627,14.21090370261572,-6.6292389361544455,0.9055712212724693,0.7911923393774046,1.388395752905107,0.7226657376218821,4.191917210174307,1.5652119776622966,0.522245768332579,-0.5025114892074188,3.6894057209668887,722.7171178301677,213201.5497598994,3.907209135760163,3.987425209200723,0.0644589256374297,0.3394674990768511,9.84510499980596,1.1654769386360686,5.251584594622332,-2.8909599063063247,0.8936399883545796,0.6966419678705096,1.4491943205290223,0.5625725648808627,2.450134337216236,1.5545584805372257,0.3164878907566325,0.431493910015664,2.8816282472319,712.9123604760111,210309.1463404233,1.3891817869511964,2.6344286007283624,0.0344662978910896,0.6406371232512119,11.062944829540314,4.2529856672163495,30.752698187652477,2.510788901769721,0.8915791271329794,0.7873146299966302,2.414558462648161,1.1340161328592928,5.81274092270969,2.667599137638749,1.2859925895851454,0.6591641594682727,6.471905082177963,2099.245121943644,619277.3109733751,1.5957810108310289,2.835194402968753,0.0341102499876841,0.5967305393317542,9.547623230457052,3.0967489914226314,16.96313965390785,1.7018293023236404,0.8936327032863323,0.7071662294412471,-0.0105730436720889,1.1075131362708186,5.464566708512303,1.1075636037108283,1.226585347012425,-2.3764390533806456,3.088127655131657,361.8756551981505,106753.3182834544,2.9879080785363654,4.146490370580813,0.059434618600165,0.4091873598946046,10.46163737483089,1.6363828987218825,5.702763815621438,-1.595275686313763,0.8220660069110456,0.5167266908517391,-0.6809688824278266,1.5910864944613752,8.476737025696462,1.7306862372170153,2.531556232857388,-6.260068036611302,2.216668989085159,883.6060812492553,260663.79396853023,1.15739106055006,1.1041470123624462,0.0030765405153871,0.2676593116905058,5.966058425971414,4.823629564760967,49.87293281810624,-4.371308070772618,0.8191808491917224,0.4741224295405467,-0.2532805856185964,1.4839432906264094,7.91093668613367,1.505403183484888,2.202087689795136,-4.440395637704754,3.4705410484289154,668.5404297296984,197219.42677026105,1.2581152017160846,1.1573820333942135,0.0059325897979666,0.3138946380756717,8.021180743748056,6.818611679607367,75.51224320307487,-3.39606916171358,0.8465299410395112,0.6094742330484358,2.103163096308807,1.4369814623468506,7.131863083661735,2.5471966419583203,2.0649157231284936,0.1820840915350504,7.313947175196786,1914.0221661771045,564636.5390222457,1.562662583523799,2.0217133012795254,0.019850845773174,0.2168655247381004,9.409703933114193,4.731868328595775,40.550005440033,-5.576458255344678,void,15
0.9220079566959996,0.7896514999937302,-0.4679596669465957,0.2816928733772633,1.7256439884887738,0.5462024577025516,0.0793508749115389,-1.104516060600393,0.6211279278883808,88.00945181609077,25962.78828574677,4.695885977820584,5.085307822718332,0.176590727947792,0.1342107080014485,11.515898633002326,1.7464079675409774,7.073011531723007,-8.096250412488338,0.9131594420959308,0.7813142382449989,0.7000112564677107,0.60182244523936,3.828820742920525,0.9231500499785426,0.3621902555938824,-1.096193259220693,2.732627483699832,251.4007743587388,74163.22843582791,3.849539881326753,4.928999759174328,0.1184623665554807,0.3250569127848965,10.950747169567384,1.5045689640425135,5.552378535597405,-3.173077471087853,0.8734212424567908,0.6498584467596438,0.7617628330102031,0.544724801761169,2.64936721948081,0.9364869050923644,0.2967251096537448,-0.5343451327091878,2.1150220867716225,258.71727840579524,76321.5971297096,1.3849507792397264,3.119430091524556,0.0511822273507864,0.4737769811109169,12.026435363843474,4.765362186851356,30.43256366984128,-0.4559588525447718,0.9258875884818452,0.7415732903888925,1.3100710552510206,0.5579110082967055,3.143828545565952,1.423920946887561,0.3112646931786465,0.1508297523472664,3.294658297913218,598.1275045806249,176447.6138512844,2.090403246584408,4.04660959652394,0.0810352487337148,0.4288444793944966,11.997271643760527,3.1109871882109617,13.985822628683191,-1.2445455508873784,0.8552131121204654,0.7605472188062986,0.2002873151225482,0.8551873685768127,4.178832528679181,0.8783282097099764,0.7313454353733333,-1.9592799544385289,2.219552574240652,227.58083097183805,67136.34513669221,2.028997080085712,3.3553847073208662,0.048349806582912,0.2845578729439052,10.2125621879468,2.511083849537495,10.354849326004972,-4.004039030312841,0.8842292051012368,0.7418588007219545,0.046275564974592,0.2154773481668318,1.5121166285005152,0.2203903706760523,0.04643048757301,-0.5690987344496193,0.943017894050896,14.328715068584682,4226.9709452324805,3.6632568507390952,4.039458837213804,0.0949090558662724,0.1302808631737981,9.80460739030028,2.072847303241326,9.316291601312589,-8.244983963016367,0.919460103859946,0.7483314067133339,-0.1347603335116559,0.4348194380585168,2.9160531030648427,0.4552233421098891,0.1890679437135243,-2.246857932072215,0.6691951709926276,61.13234590450064,18034.042041827684,3.901649479409663,5.298038187288441,0.1241027311089507,0.158100170924186,11.768546448632366,1.5256836230912647,4.456832144715031,-7.2632808089864,0.8981496569576072,0.8140686257180894,0.8717600429658929,0.5170058782536824,2.5860869196063825,1.013538677437007,0.2672950781488614,0.0541619421426084,2.640248861748991,303.0418919449233,89397.35812375232,4.275014614452648,5.003200683916764,0.1558840238885444,0.134675937292397,11.194656961570743,1.7684691396442012,6.980137503105937,-8.07888773496564,void,15
0.951639960987818,0.8583227633077996,-0.4853745221700362,0.151150609025827,1.0322600026749789,0.5083649608112949,0.0228465066088784,-0.9728680054408312,0.0593919972341478,76.23830534729746,22490.300077452743,7.580236310410767,6.432820655370883,0.3274371368415365,0.0639720739020969,13.750294063575652,1.4869134681135523,4.792336735392821,-11.652983682113918,0.8982191494895843,0.6854217290984728,0.1033382045127814,0.5778335486061452,3.0347329487083794,0.5870011877387438,0.3338916098947704,-1.1936842961468044,1.8410486525615748,101.64826634997527,29986.238573242703,1.8015784901475311,3.457710028797469,0.0362020425564867,0.4868503005845813,10.348311755963946,2.614414484123732,11.101218064051286,-0.2284863631057055,0.8816879314669908,0.4324908504072087,0.1511604297699131,0.5197635890918825,2.068751823658644,0.5412981286443729,0.2701541885456753,-0.7845316575094505,1.2842201661491934,86.43608090180052,25498.643866031147,0.5444442216692038,1.409929605282424,0.0085723872538839,0.572748164888655,11.197802164939803,9.130349432826383,111.94133757583376,1.2727976966639718,0.939128427938042,0.6413568058379145,0.8817413241025508,0.3442981690789912,2.198392118050388,0.9465775149776512,0.1185412292311456,0.0564455857092863,2.2548377037596743,264.3226525990733,77975.18251672664,3.153605909913585,4.742424872073784,0.1351872034907877,0.368213148990703,12.462731803064164,2.435947809071274,9.65103036494431,-2.344712894408218,0.8571181353851314,0.624443401285103,0.0522015276413817,1.1045377329092885,4.584068582587966,1.1057705923510914,1.22000360342039,-2.242502503975807,2.3415660786121584,360.7049378580027,106407.9566681108,1.6707739828236146,3.235250646911122,0.0347600013047833,0.3928400953896894,10.22812566861675,2.90538838063761,12.222768442959218,-1.8908727621253727,0.8763500466788672,0.708895383211556,0.0525141854563015,0.1871196797129997,1.0224626172519646,0.1943489495984849,0.0350137745358955,-0.5062777171686771,0.5161849000832877,11.142596691960156,3287.0660241282453,3.0912090995496544,3.682113992403696,0.0798964629249315,0.218559374916683,10.42671210079364,2.1727745208426112,10.833419146496272,-5.533265436873252,0.8961577917988609,0.8359651349763221,-0.0189116570996739,0.2011102139711983,1.2203862748754437,0.2019974478497112,0.0404453181635411,-0.6051194725526804,0.6152668023227634,12.03687583665006,3550.8783718117684,6.009269722861818,5.971006846631961,0.1815236006728661,0.1718745850877646,12.341057975759778,0.7271160593214877,2.4627273437868,-6.828844489784155,0.8756270095123869,0.7859077954273768,1.0083173673346049,0.5334783714338635,2.299544953107204,1.140746723009238,0.2845991727877271,0.0806317780836288,2.380176731190833,383.88441038661296,113245.9010640508,4.034148808343606,4.383020990739516,0.1161035314120533,0.1318548097900522,10.34282534723518,1.4133823183062924,5.157023323619622,-8.184963866223233,void,15
0.9535033528797984,0.86458143373897,-0.2056548409655113,0.2146566390328947,1.509538636764426,0.2972732518970521,0.0460774726808984,-0.9080963733940992,0.6014422633703268,26.069558956567228,7690.519892187331,5.348293399311595,6.035562381991838,0.2467849430725015,0.138043400395886,13.074395486883668,1.9482492527527404,6.950933377009805,-7.954697486298943,0.9105064276947212,0.7418815295473412,-0.6322210731360594,0.5491055283895658,2.7227063330336856,0.8373890174974202,0.3015168813079842,-1.7054516635699408,1.0172546694637443,206.860008154462,61023.70240556626,1.1710884763638558,2.6700338582256142,0.0296147605950156,0.5063860743321522,11.434390049859235,4.1146803695869005,24.45478012156102,0.110943507103914,0.8956459833966709,0.5399976369294188,-0.6258512437890958,0.527530411833299,2.1140252393120145,0.8185219085408577,0.27828833540901,-1.399851784132298,0.7141734551797166,197.6435438546036,58304.84543710806,0.5656342132312415,1.391727141481834,0.0075998009372353,0.5626842735993469,11.199861753205294,8.274880603173424,93.20506500259484,1.0946968193963431,0.9141482289817738,0.6475481101436695,1.101152936513651,0.4970232168495496,2.046423956156678,1.2081265942276544,0.2470320780874744,0.1135172244809184,2.1599411806375968,430.5731109656329,127019.06773486166,1.444984557883585,3.1136477924744743,0.0479942605154656,0.5225218101476897,11.90935159821399,4.071475309088772,23.648007373544807,0.3915088399999208,0.8839210556993493,0.6843305507404865,-0.1379142867743073,0.9843398324306216,4.225428121894021,0.9939543531802706,0.9689249057095444,-2.01892336109328,2.206504760800741,291.44385058077296,85975.93592132804,1.26564801667118,2.53403799824237,0.0229398905115968,0.3451125880428751,10.792363154980416,3.869796070279788,20.88441514540172,-2.782058420643177,0.8548253949597755,0.729846824155283,0.0269730941786401,0.1874031839869275,0.9224323510857424,0.1893343634367729,0.0351199533684382,-0.4836476517581719,0.4387846993275705,10.575012847512362,3119.628790016147,3.3804254479121485,3.468798551530124,0.076278632083604,0.1544817311830909,9.644970502905412,2.032384068086174,10.926438811484612,-7.382458661525904,0.9028887566831372,0.7694435541334461,-0.0054140880587644,0.2745650699826963,1.811702557795806,0.2746184443989714,0.0753859776546029,-1.1591776200279178,0.6525249377678882,22.24751055121273,6563.015612607756,3.493506994520815,4.810608837959128,0.0768213512385255,0.2019565357129271,11.957888341377606,1.7622974670491962,5.459704150479232,-5.967686323072496,0.9043966905170842,0.8117821930805061,0.9220654122702164,0.4990024277326562,2.098914651031961,1.0484312315970603,0.2490034228830847,0.1275634625066216,2.2264781135385827,324.26637397949816,95658.58032395196,3.982794154551308,4.387558989055891,0.1301863766995838,0.2285498861696193,11.585075012718317,1.561017845792212,5.739404357655661,-5.283268379614637,void,15
0.9121176922875326,0.8694805451124011,0.1036994710602966,0.2202685836180251,1.923014128803465,0.2434580646174536,0.0485182489290909,-1.3326071199890543,0.5904070088144107,17.485189622046484,5158.130938503712,5.146446364960195,5.9913123701062885,0.2351551356985659,0.2294250054576245,12.053208425544668,1.438360337141645,4.779054001049539,-5.261741596706182,0.918568206030586,0.7830114539832875,-0.8206951879870729,0.5402644209949045,2.657401308138025,0.9825610597708908,0.2918856445929593,-2.18726888337172,0.4701324247663046,284.8007396725384,84016.21820339879,2.334132160136309,4.052365180022474,0.0429365009475018,0.6194493403059769,11.138917885747253,2.204028936086257,8.769238303050523,2.1159331570331794,0.9206498410566406,0.5918520196161826,-0.8505866912936392,0.5058632789990001,2.072014846560972,0.989644065533402,0.2558976570396201,-1.8868802148321655,0.1851346317288057,288.92163605141684,85231.88263516796,0.5706918395390557,1.807934804156735,0.0118199442247146,0.7832661954950796,12.22026597638346,8.83033840144696,100.89423236844264,5.579827289800349,0.9236242510581828,0.7193172166933016,1.252709205740184,0.6594035848436455,2.794056644513842,1.4156600728461806,0.4348130877046507,0.0698500091157754,2.8639066536296176,591.2075653460017,174406.23177707053,1.24494252878241,3.0964695385402643,0.0287186843668795,0.704067880302809,12.055690483851812,4.048575625737757,23.11420693562466,3.764224273159379,0.9129965404674272,0.7109524644026503,0.1293816850763339,0.8321655188750983,4.530601871445125,0.8421633281245706,0.6924994508046616,-2.085709025029301,2.4448928464158244,209.2255260151667,61721.530174474174,2.352747660928951,4.027334594239927,0.0640838545845524,0.5147533392385085,10.798282521482596,2.383715639594816,9.14950106566251,0.2563661717884296,0.8749960612677292,0.7424897551282745,0.0310270545109633,0.1851913641404399,1.461249960494443,0.1877725205236999,0.034295841352197,-0.9162077723001882,0.5450421881942545,10.401263241827875,3068.372656339223,3.8413850526261615,3.4913281809685786,0.0926678481871891,0.11622819554393,9.70547311651234,2.762000124753396,15.54201159482466,-8.81028642961568,0.892808198606697,0.8418694288602832,0.0183677071809657,0.2921077140755936,3.162822780245445,0.2926846242793673,0.0853269166224687,-0.683902156665189,2.478920623580256,25.27096534041856,7454.934775423474,5.740050952807028,5.762378879327468,0.1146738613092592,0.1678652943693143,11.269318195646322,0.716078796868298,2.383812738334928,-6.952327176273457,0.912756947839036,0.7616270803552577,0.7912213825118639,0.451808149381179,2.6039612455325347,0.9111321967701674,0.2041306038472457,0.0541107336607158,2.6580719791932506,244.89775459741315,72244.8376062369,3.316135755763044,4.534682051715726,0.0934401116170119,0.1763858436702421,11.000638141478737,1.9007089055628368,6.567196084191719,-6.692600757145125,void,15
0.8633581551026087,0.7405131091528886,1.5355299785454362,0.7049381483493876,3.5889673301236327,1.689612413546376,0.4969377929982632,0.235568554137683,3.824535884261316,842.1630818629532,248438.1091495711,3.076303410941353,3.5039550643552797,0.0697164975987883,0.3127943844306156,9.38235003463687,1.8954876674516268,9.182758176493328,-3.4182775202781954,0.8788846397596911,0.8315187985310014,-0.6381395353902377,0.6243104202365358,3.3411465166255354,0.8927404815756863,0.3897635008159199,-2.4495055449589254,0.89164097166661,235.11074239597656,69357.6690068131,2.283670824290987,3.882527353891758,0.0587310625929558,0.4095619804072775,10.190073960563357,2.165287623775039,7.898666846177882,-1.5885468049123543,0.8882476454785689,0.6458865575890017,-0.7647037508672209,0.5320985036106802,2.293323639961092,0.9316118527236124,0.2831288175447251,-1.86561965977301,0.4277039801880816,256.0306900198609,75529.05355585895,0.6145639541479802,1.62508837114885,0.0144223492715233,0.5598268263879924,10.837591245537698,8.492282187503092,95.28562068621032,1.044301347652237,0.8784637303468523,0.7446263799676294,1.9875515072304504,0.7545298706446839,3.524438311348499,2.125953037954771,0.5693153256950835,0.7021070642175323,4.226545375566031,1333.3045142787903,393324.8317122434,2.114356391506659,3.2505233782984284,0.0473903906130276,0.4933543645428444,9.97041016191992,2.356014948626425,10.583165680442594,-0.1154533107772876,0.90415189354823,0.7285781618099122,-0.3832892662853837,0.9835376942200044,5.111800479480396,1.0555837520543745,0.967346395951603,-2.722618923669497,2.389181555810898,328.70583199235125,96968.22043774364,1.5234752696049365,3.30087751424076,0.0395426803447783,0.463413052328771,11.523432068046224,3.2932058748734754,14.569101345362228,-0.6367184254063221,0.755356541686908,0.5168882734580773,0.5015573842213092,1.644659215005552,7.225727455868195,1.71943704251409,2.7049039335026785,-2.2038777374752208,5.021849718392976,872.156804235032,257286.2572493344,1.229947834710273,1.4087290787000322,0.0054880981243414,0.2631056225726448,5.021754100549024,3.878254044728079,33.48979024374206,-4.472751137291516,0.839374991677641,0.5152945294085409,0.392911395830045,1.821018974294509,7.839020874521646,1.862924976941836,3.3161101047406256,-2.731684667722378,5.107336206799268,1023.7943935655532,302019.34610183816,1.013639245129345,1.9094330953566927,0.0143492412293127,0.5099672341561025,8.137634168468358,5.425564540233343,40.89101923195791,0.1731715328417084,0.882027272834981,0.6245429004822506,2.240692736024746,1.5876102585995306,6.999017042682341,2.7461264119636826,2.520506333210468,0.1423220533327542,7.141339096015095,2224.657029792937,656273.8237889165,1.1310749460073866,2.6143125898942503,0.025247335742293,0.669463292612394,9.24630765829566,4.068445480324884,21.767740281336557,3.0650707258886567,non-void,15
0.8571505263149757,0.7225426113286333,-1.5485844261771922,1.8651073656117745,11.137811981232137,2.424198673842108,3.4786254852592937,-8.820465979391997,2.317346001840137,1733.6380670260617,511423.2297726884,2.507908439929144,2.651762036500519,0.03292205558274,0.1604222024300358,7.651566404452688,2.2376613968712507,10.702624761560898,-7.187964707442331,0.9097566832626552,0.8360089602967002,1.6321503232832653,0.5274024846100578,3.4582051222006425,1.7152457720590744,0.2781533807728622,-0.5149751077336598,2.9432300144669825,867.9100772771262,256033.47279675212,6.261429751788104,5.366437463419281,0.1685332977405571,0.1469338707449474,11.06317381814534,0.7452688371168716,2.904956761990943,-7.638607787867251,0.9057010741649562,0.7692964189440155,1.685360437862766,0.3121771744365562,1.953910309826374,1.7140287027212138,0.097454588239192,0.6825359568896155,2.6364462667159896,866.6788461568892,255670.25961628224,3.2618261879881665,4.692564878094756,0.0856287649077433,0.3101579672296387,11.957667244614845,1.9445895165352367,6.1234744158632335,-3.4716671070672973,0.9096956499851132,0.7779675616889762,3.1440366271240507,1.368113792737634,7.957122324832267,3.4288046988092704,1.8717353498789544,1.3239376524476851,9.281059977279952,3468.226990460077,1023126.9621857228,3.0132398548345587,4.097291987925733,0.0692986573370352,0.3136676946312605,10.01051144312406,1.893347513484316,6.584983450578076,-3.400646493679483,0.8789295167027169,0.6840668378899011,0.2535054000686139,1.1022575071980407,6.359861685110354,1.1310334212738309,1.214971612174439,-2.2199300691290222,4.139931615981332,377.3747970113242,111325.56511834062,2.9907793626616743,3.984853250673365,0.0516153643577344,0.3432839517127424,11.00504353065051,1.9185067159515805,6.469108836641502,-2.817241283714901,0.7583632389328219,0.5413538975562077,-0.694618319907917,2.1990464986665144,11.419452080391288,2.3061439923927463,4.835805503297457,-8.937033579576406,2.482418500814883,1568.8985335265004,462825.0673903175,1.2377707809945513,1.2785341003545634,0.0031899216193793,0.3232196280422816,4.512369950717527,3.3990795379999734,27.49758243161041,-3.2095002859398485,0.8474338042033959,0.6044180357662003,-0.1634324102770357,1.5667099828206312,9.71723527052006,1.5752111994900189,2.4545801702698227,-6.0536274044851,3.663607866034961,731.9806452846414,215934.2903589692,1.5549980425703616,2.04477403910666,0.0137727253439595,0.2394202777779783,7.587810233666643,3.657032773423466,20.997961674149145,-5.019838121565923,0.8530675930355717,0.6176745591345992,2.050081651157809,2.208164907852762,9.59579620173384,3.013109197604084,4.875992260272396,0.0962729737564644,9.692069175490303,2678.2539758224657,790084.9228676273,1.7410156667075118,2.701727920688992,0.0515365685938489,0.2473459014986465,10.116997343819516,4.2228527825502615,27.044642494824803,-4.832907123058006,non-void,16
0.9359494281470614,0.7270256127401962,-0.1392193354344217,0.393966762309844,3.4171645974555758,0.4178418757899969,0.1552098098049011,-2.292937457505857,1.1242271399497177,51.50459078329244,15193.854281071268,3.0114753199571784,3.13450092796481,0.0557851414492669,0.1532894066170088,10.699374628649837,2.6197779804601646,13.779906649187115,-7.422228500859381,0.9301836143530282,0.7163979085942634,1.0682865927211451,0.5483794812024505,2.650616681371261,1.2008148481725325,0.3007200554038687,-0.0922330635432492,2.558383617828012,425.37710837952864,125486.24697196097,2.0058810765576127,3.952629494145538,0.0525809037613008,0.4285482862455916,11.911464155955294,2.628779476833888,9.680146259075212,-1.2497977670549734,0.8984576480047853,0.5197370247164426,1.098536078730416,0.4628049685081148,2.050828319147898,1.1920444434450403,0.2141884388757971,0.1880395342473567,2.238867853395255,419.18613676871774,123659.91034677174,0.9191559321450274,2.4007292461992558,0.0243438746055699,0.4876958639769332,12.56487413834972,5.5139886903820114,36.38451276009127,-0.2137878956427606,0.9289022170937282,0.6496791997777577,1.6061495368968497,0.6766104884123194,3.192859096169057,1.7428476949818423,0.4578017530295574,0.2076524662088185,3.400511562377876,896.0678359315386,264340.01159980387,1.489289609465922,3.059324301443749,0.0382749816370641,0.4249352918916547,12.00086742089924,3.61371607360386,17.257675717643483,-1.3139391380527086,0.8993791089847999,0.5601689325486374,0.1783911174951121,1.211577153221277,5.976864642870952,1.2246397792857004,1.4679191982077735,-2.442281477614672,3.53458316525628,442.424063757634,130515.09880850204,1.5072825415870497,2.9869844501817275,0.020615967423456,0.4696022526508307,11.368927720587203,3.4812920130004983,15.44457091030737,-0.5287149937111528,0.8481310670766155,0.5865131284211546,-0.0045577672260442,0.3068599673338215,2.290528960888113,0.3068938135482708,0.094163039552114,-1.0579399816107184,1.2325889792773943,27.784224774289243,8196.346308415326,1.9771541973718736,1.7843823739721494,0.017486151753246,0.1650454167750009,9.403442287085506,4.884982017091743,37.111472494805774,-7.040593839580648,0.8940388268374837,0.5401139784924851,-0.0231855564054785,0.5438232521632579,4.141726632332013,0.544317278450036,0.2957437295934224,-3.149289749545768,0.9924368827862452,87.40298338767992,25783.880099365582,1.6779884101226137,1.821679853125926,0.0140329186332471,0.2054168024775348,10.339882828913774,5.335911892529514,39.57268943495411,-5.8750341234364845,0.9176252370703266,0.6992457708024558,1.2204738826387262,0.6329701440187655,3.672752047481679,1.3748482466884786,0.4006512032191368,0.0983315897950081,3.771083637276687,557.6112719196033,164495.32521628306,2.506203932748544,3.7191277913279857,0.0621406242417206,0.157919767870281,11.856832631698197,2.7320984516953906,10.380825357058413,-7.269169753306151,void,16
0.9305033849844434,0.8036630296114287,0.2842071626326887,0.2095200721438388,1.1639212386008204,0.3530897505208598,0.0438986606311594,-0.3330373446295025,0.8308838939713179,36.77834971725049,10849.613166588892,5.293276054570773,5.561820114728696,0.2202121372408458,0.1294303732844033,12.58296658017976,1.6165419734855395,5.636298487406392,-8.277673051275356,0.9343236852765384,0.8101005091924754,0.1558514735807517,0.4738010774283643,2.54250859234746,0.4987756437413224,0.2244874609722788,-0.9947337170975352,1.547774875249925,73.38925712292331,21649.83085126238,1.7889958762926474,3.756611161073442,0.0490933515570642,0.4249221564314819,12.049576155035144,2.8267365919787384,10.861899946088808,-1.3141725866549447,0.925690751876378,0.6416838725950982,0.1966128373597184,0.4165203260506208,1.8588861339937648,0.4605928677562805,0.1734891820133154,-0.6555953603992379,1.2032907735945273,62.58300799924658,18461.987359777744,0.7735542831847485,2.1306666231276776,0.0156631100035714,0.4911151003969117,12.20733366186814,6.251694513928274,45.50061155134678,-0.1543627627944833,0.943655295883562,0.7256699235191286,0.6619168381742431,0.3840070362399899,1.894449582662885,0.7652419908371522,0.1474614038818209,0.0661741828692193,1.9606237655321044,172.7506148394204,50961.431377629015,1.5800555545809707,3.540983299396704,0.0471234098316854,0.3596736744787136,13.233767808532994,3.64223704987732,16.888130567530318,-2.504927053302345,0.8597655290882207,0.6503263872244325,-0.0824338715036918,1.0968717441093785,5.563766956945392,1.09996498407751,1.20312762302555,-2.9811965188823306,2.582570438063061,356.92727502800784,105293.54613326234,1.2282284425974623,2.5540619740654145,0.0219810828631957,0.3654530463712057,10.689330091533003,4.164138447630244,22.32855178910636,-2.396321769842808,0.8649940584001004,0.6720525782780603,5.5014793825303545e-05,0.1658313818389602,0.9317375739720496,0.1658313909645775,0.027500047202619,-0.4550832023271355,0.4766543716449139,8.112514817627742,2393.1918712001843,3.3026648260143485,3.5545725744856904,0.0582238933595392,0.2682785809543481,11.07378620777432,2.2467110556356285,8.275788098984858,-4.3575976636398295,0.8767817049639856,0.7551211969283909,-0.0455159404458822,0.2546751277954558,1.4731576984381505,0.258710497568817,0.0648594207176317,-0.8528582049359347,0.6202994935022156,19.744680857929943,5824.680853089332,4.08959920939718,4.622543721789034,0.1053641891415684,0.1427447484950953,11.681304522601248,1.4321369944705225,4.437272077966625,-7.7855001348200705,0.8933204477607631,0.7947309964511117,0.9921819996875988,0.5656226811878268,3.02517207538362,1.142083244767293,0.3199290174741059,0.0221017347392946,3.047273810122915,384.7844707035656,113511.41885755186,4.215872261421508,4.89441194162807,0.1432093238002128,0.1639859096410707,11.80692404538045,1.521024479922405,4.933577353753975,-7.074070636816159,void,16
0.93768174812483,0.7692532773546534,0.464866713407402,0.224650236286266,1.2749701021042357,0.516303002022722,0.0504677286634751,-0.1671694768987769,1.1078006252054586,78.63779301981408,23198.14894084516,3.6509671533585055,4.13357685045376,0.1134002445744293,0.0867809488995423,12.017403881013806,2.314155619431946,10.024751009339736,-10.221505665918531,0.9211664773538426,0.8683468610562306,0.0051164511868343,0.4417544281653012,2.240138867526948,0.4417840568381791,0.1951469748036522,-0.8523818775178296,1.3877569900091182,57.57608009853785,16984.943629068664,3.6754343733922097,5.262387018540566,0.1168426196910135,0.5526339451104719,11.845768431657197,1.4144542427701132,4.21163906650626,0.9177452999681592,0.9381135126041016,0.786982166364449,0.0098509404667939,0.4001615492088398,1.918449381659276,0.4002827831587302,0.1601292654652187,-0.6628400455428262,1.25560933611645,47.26676041552322,13943.694322579351,1.3549081873241435,3.186214994819736,0.0398741405504535,0.7414500251065923,11.797144339672322,3.569610965812995,16.96211494865664,4.575373844220804,0.9269261221784006,0.8559240065917526,0.7341134852029998,0.2881764044998799,1.7559457836905763,0.7886496365734111,0.0830456401104784,0.1182387581053131,1.8741845417958896,183.4806335338752,54126.786892493175,5.799541586076542,5.246900232369431,0.2324672686369975,0.1190391363749251,12.376478079016954,1.4372596558234791,5.430747921574543,-8.692668465420194,0.8659667500186256,0.7658585525684464,0.147364943136509,0.8986238000128334,4.67652015225586,0.910626795353141,0.8075247339495047,-2.2761024204823044,2.400417731773555,244.6261423224637,72164.71198512678,2.967938453429316,4.081499946847972,0.0688807351525812,0.3849510214640579,10.934828302642256,1.852317735000728,6.297912396739462,-2.035042251261923,0.8600909632639298,0.6712696660949595,0.0536715729184671,0.166979610565139,0.904796430724641,0.1753933524510773,0.0278821903444855,-0.369080531705541,0.5357158990190999,9.075034284788211,2677.135114012523,2.4759581681720326,3.103667962196856,0.0478534547801027,0.1683306604451704,10.587611829616412,2.712986162368818,12.035645582306875,-6.9378746173648445,0.9180726597697147,0.7028847605505317,0.0101720131718455,0.2775962405966554,1.7063343745964838,0.2777825456096268,0.0770596727933961,-0.7338255151823536,0.9725088594141302,22.763127080382503,6715.122488712837,2.968145943346728,4.423155475351309,0.0839387137435837,0.2168276588267168,11.827299217471012,2.272705944701185,7.716708951366531,-5.577426600675084,0.8991338929356365,0.8082157327108281,0.839130454622452,0.4827289211033874,2.367948406049014,0.9680739285532504,0.2330272112696404,0.0612466002839607,2.429195006332975,276.4643036876344,81556.9695878521,3.662924825338549,4.810701263819408,0.1327443614610377,0.2941247287610966,12.11314289290435,1.7260671317669871,6.0075824982204455,-3.8019642774122313,void,16
0.9483320549252552,0.8705305516777618,0.4751204991015804,0.1849667353786098,1.0293945743687631,0.5098550596622098,0.0342126931966206,-0.0538507982940726,0.9755437760746906,76.68589364963088,22622.338626641107,4.225111054268394,5.42986380644667,0.1752839528503699,0.220786387101206,13.10250209562228,1.9483122901561103,6.831506090924209,-5.476842370892696,0.928420084285664,0.8801594908667895,-0.5572690156783426,0.3474183035253511,1.9123515004237148,0.6566949318058896,0.1206994776244329,-1.4703708742657475,0.4419806261579673,127.21822887056489,37529.37751681665,3.2383621624793264,4.969163705841365,0.1000190170490631,0.3433354892368044,12.197436000473378,1.6295055281233155,4.939933510159798,-2.8162484834805173,0.8975267016683531,0.7791895566389456,-0.5822767674753706,0.3137371259066129,1.483653214053813,0.6614206060546562,0.0984309841721419,-1.1583151563645968,0.3253380576892162,129.0557793435441,38071.45490634549,1.1491208957680783,2.8057361184722267,0.0286023290767807,0.4583986160831963,11.891141224371292,4.312392071968241,23.609403566324687,-0.724364674009616,0.9295263985131303,0.8547524270261634,0.9908626094444056,0.3832348139736649,1.7868708790852432,1.0623924102874636,0.1468689226414295,0.1001418478847105,1.887012726969954,332.9599018637399,98223.1710498033,2.0910897308382523,4.210748486452345,0.0709658617330443,0.4141781150460439,12.560708311767888,2.655333610209032,9.920086227624497,-1.5057844448683702,0.8687575031663676,0.7382005095621965,0.1233693105111852,0.741998252298143,4.28643894686385,0.7521844143489705,0.5505614064134986,-2.0776477053649685,2.208791241498881,166.90551099090362,49237.12574231658,1.3728387438270793,2.851880394237722,0.0295202761011806,0.3743250311372677,11.390788917568177,3.716248583714241,17.829093285221497,-2.2309991125640365,0.8743381409757179,0.6686986124481685,0.041750606954045,0.1348432411435437,0.675476291591703,0.141158821414487,0.0181826996820958,-0.2874514625792352,0.3880248290124676,5.8781147946224745,1734.0438644136302,2.194341432641722,3.0502569208417727,0.0523387299544489,0.1559524015120587,10.979645080541037,3.4307980078050986,17.666892085148604,-7.333748691219084,0.9049814960829576,0.7355455479421612,-0.0084251118721725,0.278483471389909,1.4492846739398542,0.2786108869865513,0.0775530438373742,-0.6131521971767238,0.8361324767631303,22.89908777249269,6755.230892885344,2.183994607500094,3.711815665382232,0.0513411323616516,0.2621796798864496,11.499857998999666,2.625019549838963,9.754131440885065,-4.493515826908584,0.8925836027332286,0.8090156317684886,0.6936454919231013,0.4268338833021839,2.1583128352835663,0.814451491741567,0.1821871639348224,0.0541973785220835,2.2125102138056496,195.6827135580188,57726.40049961554,3.37850214627786,4.39343065868109,0.1016042904934329,0.2618842670314397,11.76721794094967,1.8949397069213036,6.746699583769107,-4.500150537145215,void,16
0.9760319410272444,0.8893082187500417,0.3014015868751154,0.1635861810142392,0.9346555853379968,0.342933455920622,0.0267604386188234,-0.1938085030433757,0.740847082294621,34.69298978095006,10234.431985380264,8.004913501536608,6.8551012995773535,0.3224355335399438,0.1717933416911107,13.535136930660478,0.6764316159886868,2.4711610832634485,-6.831323867953101,0.9443813453391388,0.8492349578580024,-0.8773093785404287,0.3266632000368321,1.841517353592817,0.9361520132613594,0.1067088462583034,-1.5834773826553037,0.2580399709375138,258.5322746203225,76267.02101299513,3.320621336469763,5.0316512172460826,0.1038567435822609,0.4128947737666926,12.14551670285028,1.6415280426576762,5.129812776850473,-1.528765603437832,0.8940839333150078,0.7357660329755166,-0.9135204946566968,0.2875779460655396,1.3080500199623346,0.9577164346616855,0.0827010750632744,-1.3996205110159876,-0.091570491053653,270.58012692022174,79821.13744146546,1.2468158682422734,3.0775254965747307,0.038907840085038,0.574987349181791,12.166224384595674,3.9614815916183015,20.65769130865697,1.312564323321124,0.926513749098732,0.8117897211220646,1.319792434171597,0.4115247830294791,1.9245942920308048,1.3824632784794135,0.1693526470474599,0.2498224739365319,2.174416765967337,563.8053913214942,166322.59043984071,2.070095050647645,4.2408356642429546,0.0575589166433003,0.5377831638485888,12.335965924336064,2.519219631008613,8.885767693382267,0.6576144141140349,0.8853496659814439,0.7151400565777107,-0.0872490755434925,0.6725346381093696,3.3268702204107727,0.6781705100047443,0.4523028394569007,-1.5122217594927672,1.8146484609180056,135.674995988828,40024.123816704254,2.1221132299894,3.77106314859963,0.04973219036364,0.319059027076477,11.416500906211324,2.466706946518468,8.689550723770916,-3.292384302912902,0.892454491879337,0.7967486235853893,0.0586260621078191,0.1048603420749307,0.6646936587609202,0.1201361997831684,0.0109956913400714,-0.2863135882857925,0.3783800704751278,4.257648417010699,1256.006283018156,4.701024090806032,4.358849394928658,0.1225075314756237,0.0895881492925516,10.59752643129851,1.4540597641121642,5.160616862523551,-10.069873236910336,0.9117160900783344,0.8197392612586762,-0.0407252572668997,0.2515232618552194,1.4057187474357704,0.2547989360922538,0.0632639512542892,-0.6992973869910418,0.7064213604447286,19.152136860954613,5649.88037398161,5.591027764961391,5.306451669259174,0.1529897476974203,0.1891625988520726,11.63977066003417,0.7064918163120164,2.795440140575686,-6.3209849958559925,0.8928178845278126,0.7836706505631796,0.6299335450453156,0.3774310185965406,1.7979833433307852,0.7343503557377641,0.1424541737988221,0.0222150518337783,1.8201983951645635,159.0847812667933,46930.01047370403,5.000995642270599,5.40399259842457,0.151353309014239,0.1517752438072399,12.219490994098908,1.156021149669322,3.567693482339235,-7.473100038164655,void,16
0.9562545995363264,0.8182324951989778,0.0278869015454559,0.2473561418552763,1.5954985366000312,0.2489231612191471,0.0611850609135275,-0.5549441569659784,1.0405543796340528,18.27900835644339,5392.3074651508,4.391656079396199,4.627108396206168,0.1542703373823243,0.2411843288985536,12.695657870555662,1.7363676782926245,7.039601429236046,-4.977872048588293,0.9365461577868324,0.8169199600688278,-0.9768079539040936,0.3071207504145473,1.5915888101171505,1.0239516268581716,0.0943231553351946,-1.8096696686985465,-0.2180808585813959,309.3006955729214,91243.70519401184,4.117171895956869,5.523975875399455,0.1044940851835219,0.4294830663244068,12.155388934442788,1.2845215439617843,4.011684961862831,-1.2332249396352932,0.897215798331602,0.6049225794168291,-1.0051376760376296,0.2840852869329392,1.1800632533321354,1.044512421200484,0.0807044502517704,-1.4994114655623865,-0.319348212230251,321.84682842241864,94944.81438461343,1.0277023530570126,2.761054245340784,0.029920490836991,0.630444182288151,12.303972325575668,5.006813138743539,31.552063067049204,2.319665981448677,0.9327563969686566,0.7529449418103559,1.4273862972421305,0.4049867045031578,1.894506155126653,1.4837270208427584,0.1640142308243281,0.4479585467868804,2.342464701913534,649.4265323517834,191580.8270437761,2.259235697864841,4.367645531916702,0.0637614675114893,0.5536843132865187,12.331909313827328,2.432731091888773,8.775678445151124,0.936200682821284,0.8464619773618703,0.5789904108298328,0.109954443379683,0.7285401905431365,3.7500354419022193,0.7367908718595566,0.5307708092366296,-1.5027467838578252,2.2472886580443943,160.14393271239183,47242.46015015559,1.5787546191912418,2.995224923480332,0.0237443573117463,0.3537335312819288,10.43083312128466,3.3703005652269606,14.635378817578632,-2.617353936143326,0.8958578719396129,0.7265717663464036,0.0377449424351621,0.1300037498053465,0.8201557412974008,0.1353722853573981,0.0169009749634511,-0.4917609319911712,0.3283948093062295,5.406068414651028,1594.7901823220536,2.6764871563635904,3.267717939794217,0.0479504364660797,0.1623919804226746,9.693300468413163,2.3296958353821844,10.22641017931672,-7.124762448788719,0.9029116897478632,0.7316467041627343,-0.021035535837167,0.2662046647844773,1.443003156468703,0.2670344871378464,0.0708649235530159,-0.751453858906928,0.691549297561775,21.035688109686944,6205.527992357649,3.2176583004020376,4.4518965674559805,0.0830080652560568,0.2532775168273519,11.195851568616256,1.805957076602816,5.858421686904165,-4.695625875325423,0.8932967918837885,0.7803296511086505,0.6920467056659151,0.3918739835666274,2.1461189853571168,0.7952948269789155,0.1535652189963773,0.1186027542792028,2.2647217396363195,186.58568923672985,55042.77832483529,2.3377535861503373,3.878768664968402,0.085280224408157,0.2980884238206886,11.668032994727811,2.7895303501865705,11.228892325930795,-3.71937294144428,void,16
0.8172394091596608,0.6295105254625442,-0.4354504943220597,1.5127200448740263,8.003724681932827,1.5741470919736194,2.2883219341636765,-3.972913482786768,4.030811199146058,730.9920248148558,215642.64732038244,2.052616669392082,1.9584115402343023,0.012190735012502,0.1748767522260258,7.115970447131981,2.2796501835087626,13.490426321662085,-6.7378674441614725,0.8810083073620599,0.714526384564686,0.636889383566844,1.7555843775569255,9.516898680560166,1.8675397167455616,3.082076506721938,-3.746406354472688,5.770492326087479,1028.8728551185172,303517.4922599626,3.4034032433941475,2.715590370060473,0.0429634257846586,0.1177095451657517,9.079954266551637,2.1950308837749386,11.331905315267749,-8.747998991752409,0.8444165047392953,0.6491694874954507,0.6990435350901039,1.5505113739959118,6.184012710204098,1.700807862411848,2.40408552089069,-1.4504367054400626,4.733576004764036,853.3604785283782,251741.34116587148,1.4442015445473937,2.16413499219712,0.0175157268107276,0.4948692946150464,8.744078687173685,3.439251851743641,20.46805855722864,-0.0891326097803941,0.878589846088474,0.6934134984486422,2.55800482058022,1.5215131887438271,7.28215232214797,2.9763049315607857,2.3150023835214086,0.1881064267988432,7.470258748946813,2613.225358461751,770901.4807462164,2.5832037199028948,3.2017690149212017,0.0654165225123692,0.2084436005755197,9.9283186334266,3.0874376890263298,15.612627150865997,-5.79493297916601,0.8479686892190873,0.5780831217367407,-0.7040959777378034,1.7738075912770344,10.313799414952662,1.908440336174696,3.146393370872034,-5.875141288559593,4.438658126393068,1074.4326324378833,316957.6265691756,1.7326830106162563,1.848937242079308,0.0079474013311498,0.2613017129378708,8.024254786314405,3.3896851837710944,17.77363645149998,-4.51324835233616,0.7337562635350134,0.3994460215430551,0.4155062746886472,2.0149315065480917,13.108340069877316,2.057327013477877,4.059948976080161,-4.866627442549549,8.241712627327765,1248.6153599138108,368341.5311745742,1.0647603056643171,0.5639881930083603,0.0003321238240668,0.2172181895412415,3.483627632849194,4.887400738473563,76.02321384852034,-5.567445357356464,0.7688359385491956,0.4093604437499927,0.1934793715534517,2.39667168890138,16.058876542613604,2.404468642257185,5.744035184381393,-6.465107336834525,9.593769205779076,1705.5334882214424,503132.3790253257,1.1725809037455133,0.6800984481984375,0.0008505885337464,0.2562073528961007,4.496078506570254,5.958386190393988,81.57399902891142,-4.628602913380525,0.8082564597004196,0.5331659422494697,2.6692950725760274,2.555596256110076,12.975253264947634,3.6954307473855454,6.53107222424384,0.1056881474093922,13.080941412357026,4028.581480573137,1188431.536769075,1.1538234476918654,1.095377990128644,0.0025402600708921,0.2011763926686904,6.540025074567718,3.4919445511869798,33.31111087462513,-5.988738744578642,non-void,17
0.8069062596019051,0.6022263487137245,-0.1316828779033776,1.4407445467562905,9.650099528333744,1.4467498848594753,2.075744849007988,-5.5497425607912,4.100356967542544,617.4601426555669,182150.74208339225,1.4519651600490395,1.8078008719982648,0.0103861825448929,0.362172615037064,7.455831915618606,3.3999049121970764,23.336525543716583,-2.4578755271505304,0.8893334241446038,0.7944959147028714,1.0287388647126248,0.8239365727686554,4.370159435775313,1.3180193958041655,0.6788714759457578,-0.8573089532260321,3.512850482549281,512.4666626762134,151177.66548948298,5.257577080528927,4.606299586379866,0.086339040876231,0.1989534778035374,10.124800624124097,0.5590109207926822,2.5807529507018794,-6.049062038620948,0.8457656401984852,0.6787953914962377,1.190965191731686,0.7351501551337529,3.313241449207615,1.3995870242716857,0.540445750593181,0.1404364475051044,3.4536778967127195,577.8589323603533,170468.38504630412,1.8976584768288736,2.695336612721204,0.0286986941612632,0.4338137040489279,8.750241493704054,2.598212014296637,12.503596134336089,-1.156560861702671,0.883257829822517,0.7293521568204145,2.14477438177314,1.0904343386266766,5.04571787209997,2.4060557340939868,1.1890470468561978,0.5618817171125574,5.607599589212527,1707.7857376921334,503796.7926191792,2.4750600824439783,3.4322900437354,0.0401812355434387,0.3767368476533235,9.497557713974627,1.9694284459937588,7.363013116910093,-2.1863335239153856,0.837523884789374,0.7161188849027514,0.4882895901421794,1.0697985374156866,5.046226896008163,1.1759658304976213,1.1444689106567425,-2.1418693633610597,2.9043575326471034,407.95421217689824,120346.49259218498,2.667049976500498,3.1423541166718034,0.0269770966266929,0.2790232921414982,8.201156212320912,1.5479924430228242,5.668977553578993,-4.122807758463207,0.7576941524480278,0.4658473392251803,-0.0263957339542175,1.6637924556467176,11.584620679935538,1.6640018239887586,2.7682053354669347,-7.8550300344461235,3.7295906454894143,816.8261107201852,240963.70266245463,1.040843434444707,0.9001437565719644,0.0009654550143242,0.2612360226438288,3.714630368962263,3.262985168699152,29.54019403735892,-4.514726478261152,0.8245920557697057,0.4873247868357485,0.0376588493637621,1.2400442678602168,8.493450381790066,1.2406159660379934,1.537709786252981,-6.013669196114907,2.479781185675158,454.04275268057313,133942.61204076908,1.5425823929790077,1.243978267549111,0.0055200264882809,0.2192340385304284,6.22331541659981,5.672150022517095,55.1213290995202,-5.516128872816043,0.8541908853384902,0.5675849170994585,1.7217772910493143,1.6511840115357053,9.671011499715188,2.385566113090195,2.726408639951144,0.1366254715496636,9.80763697126485,1678.8230755776567,495252.80729540886,1.1447009737206892,1.6285629560411954,0.0136051265432733,0.3848936948079521,7.778789455778859,5.847792414750888,57.64754442346168,-2.0360938210919945,void,17
0.9004233708599569,0.7743413093899458,-0.1765520543008378,0.2059101805286776,1.1345465113616569,0.2712372214929187,0.0423990024453526,-0.8531531688836119,0.281393342478045,21.703040945343595,6402.397078876362,6.013421378847696,4.346650909784291,0.1736394147042739,0.1298722997642103,10.33318817289431,1.917223014009614,9.699082971823398,-8.26066460661642,0.9037910480802308,0.7628185633478525,0.5076549300515293,0.4337303765243178,2.2832230141826053,0.6677091938303303,0.1881220395199265,-0.5643381785059648,1.7188848356766406,131.52149242003716,38798.84026391096,2.52717954041354,3.997287119770955,0.0514832755995641,0.3711583650067074,10.604704904324832,1.8426354982754167,6.376150998089435,-2.2898203515194298,0.85220247464002,0.6285254259608029,0.6004689050954162,0.3728708132702904,1.7410606020217476,0.7068207335494169,0.1390326433888477,-0.1406158256512106,1.600444776370537,147.38068706572406,43477.30268438862,0.7624438970869772,1.8349666302394985,0.0159084739107389,0.4689391980590539,10.44366474420589,6.641454648164133,60.41754075758433,-0.5402771043977358,0.94549265350941,0.7057828739839743,0.8868005267287397,0.4822712649720216,2.174327595013909,1.009455668776041,0.2325855730177139,0.0687407395726862,2.2430683345865954,300.60522043110484,88678.54002717593,1.23491666334717,2.833510855530485,0.0331071706702232,0.4222281126448716,12.054638808369686,4.096106910957646,22.926096583067885,-1.3620926051166171,0.864029975271691,0.6637153981071592,-0.0855538392968939,0.6881639249716639,3.3385385050018845,0.6934616406484534,0.4735695876324058,-1.5954159483931498,1.7431225566087347,141.8622688799992,41849.36931959976,1.259723375027274,2.3982683399094995,0.0202102330257812,0.3746877979757178,9.38314633316445,3.680074672846895,19.624067059304156,-2.224273531648701,0.8763231997813193,0.7501781170128313,0.0158829568557269,0.0847765447351143,0.4082004035959076,0.0862515556712209,0.0071870625372248,-0.2282526446898539,0.1799477589060537,2.1946026024331897,647.4077677177909,3.423184517041315,3.3795430350463067,0.075020938480716,0.1832848963970732,9.440183267185306,2.22233385480315,10.80437664703302,-6.489439025861124,0.8843185405861759,0.71394915681691,0.0419154562666664,0.1412884838363178,0.7348855332744442,0.1473748321078204,0.0199624356647654,-0.2861824537066638,0.4487030795677804,6.40720563594844,1890.125662604789,3.5157097366853343,4.509066783959517,0.1138260474692976,0.195466852121732,11.263675518693724,2.0115514184096788,7.281597812347125,-6.144708202487587,0.8910236899218756,0.7678161144350426,0.626703920521788,0.3424761525244919,1.7073526298857802,0.7141762520872272,0.117289915047979,0.0379009313436819,1.7452535612294622,150.46407711838083,44386.90274992234,3.657669403671517,3.7466065313801966,0.0726640087795736,0.1541421530254345,10.11726588526894,1.591058829207628,6.236621683748779,-7.393759612663791,void,17
0.9095635087903282,0.8146824077841891,-0.1387806758986895,0.2005285197715036,1.1257446868117174,0.2438683317789487,0.0402116872417503,-0.6912189786568239,0.4345257081548934,17.544170157170992,5175.530196365442,3.153085013207542,4.606993569873628,0.1317041217760584,0.2773265515349795,11.929109189489523,2.6827409586755397,11.927129304180465,-4.159506463579494,0.8926635394161986,0.761514844021145,0.0444909518808246,0.4661253313424382,2.1778707660098044,0.468243813966997,0.2172728245190978,-0.8857494806778001,1.292121285332004,64.67941944891611,19080.428737430244,4.170077822023456,4.765675285094576,0.096465823778759,0.3409439011201923,10.665508086915413,1.1271139646009176,4.068462340825128,-2.8623945704859075,0.9140148992120004,0.5897203507038057,0.0846935007744351,0.4284383664150435,1.934376873679319,0.436729232923353,0.1835594338163911,-0.7493336581805161,1.1850432154988029,56.266064752497,16598.48910198661,1.30007365792253,2.5276321021945467,0.0328368447241177,0.5508408205547493,10.837567636952336,4.626371039432899,31.787241187580644,0.8862583697692206,0.9429719907098172,0.7284810480757058,0.6024954943187861,0.326275397139271,1.6724769600686693,0.6851689247571197,0.106455634778389,0.0748118060812956,1.747288766149965,138.4896543585841,40854.44803578228,3.543343367780751,5.052406691343243,0.1626934343687334,0.2222545253036206,12.30644805281382,2.2046170346042686,8.094836050601455,-5.4398687985821255,0.8654199568746128,0.6756250831871226,0.0869967243904768,0.779194856059456,3.4768244041242915,0.784036385484876,0.6071446237095165,-1.4780790926159133,1.9987453115083784,181.34035086043576,53495.40350382856,1.6073225119351902,2.7340350976022147,0.0196474262124781,0.3767253988546545,9.167800499889122,2.704926566879339,11.02702718808984,-2.1865452806748022,0.8761337962436716,0.7647621466579079,0.0111769268764146,0.0774705336443245,0.4149710924698362,0.0782726470584529,0.0060016835831364,-0.1998355015445785,0.2151355909252577,1.8073491468734568,533.1679983276697,5.0540755325429885,3.607918805696287,0.09811056179738,0.1166447394675208,9.587233426503172,1.534759949725963,8.643554286169998,-8.792702260851868,0.8886222662048431,0.7347647964540186,-0.0366148392889207,0.1539943364032977,0.9613682681261934,0.1582874034800164,0.023714255644292,-0.5854458269286389,0.3759224411975544,7.391196119631431,2180.4028552912723,2.681320630527882,3.891264579356029,0.0773797539181296,0.1960981345666463,11.080858899059493,2.323074515994737,9.465637458566883,-6.127295722871075,0.8801924219220404,0.8111880180469601,0.728115258748023,0.3402098368955123,1.9965613513487517,0.8036756579256159,0.1157427331204711,0.0201917977073009,2.0167531490560524,190.53889612694064,56208.97435744752,5.881170750322903,3.933757281337392,0.1493548619360387,0.0971570913556689,9.996735689433448,1.1531190871251678,5.933532215631385,-9.681376857275502,void,17
0.9056133187606557,0.8075813950627425,-0.2250868140178997,0.1652455133271935,0.940235200577938,0.2792313619912639,0.0273060796747677,-0.7622909001157587,0.1779443004621793,23.00119528825141,6785.352610034161,4.0711814281533645,4.926715616214944,0.1642944097412888,0.2143398447890716,12.010604531349774,2.138808152099664,8.383418110179946,-5.641318150266271,0.8974442703859534,0.8166447331383245,-0.2419735297734567,0.4646298297519654,2.3881727592457285,0.5238626421175366,0.2158808786953403,-1.3258805477191251,1.062292211526603,80.95746000287805,23882.450700849025,2.701827638399006,4.353331617593027,0.0882858891425618,0.3897628675820682,10.491662149466444,2.365824315401788,9.745646041229802,-1.9469816852628437,0.8490943669217005,0.6883309011827724,-0.224771317080153,0.4532269535287555,2.2690361045735807,0.5059019829837628,0.2054146714049567,-1.365262289690504,0.9037738148830764,75.5013608341365,22272.901446070275,0.97720574270587,1.9391344205214196,0.0188767609247631,0.4798100525342474,9.275613208339546,5.695589387834301,50.76026272260669,-0.350926124763114,0.9050258262174312,0.7704296997534729,0.70107802020493,0.3418020586513511,1.7781807288737437,0.779960920631775,0.1168286472983016,0.0814700789605714,1.859650807834315,179.46001612526595,52940.70475695344,3.0453008324564506,4.121866801219643,0.0924325655780143,0.1894753613851566,10.570581493254975,2.2765551745966914,9.560729326927756,-6.312134763782352,0.8636200018449642,0.6749922599857306,0.2114505866072575,0.7430398690703897,3.91282525865537,0.7725410005978293,0.5521082470281418,-1.9021709842588328,2.0106542743965368,176.06178129338508,51938.225481548594,1.1747652023984003,2.031918015253233,0.0130782437126583,0.3357382260592116,8.699156667624525,3.888224358317207,22.49721221052728,-2.9633846949419933,0.8590049088562008,0.7869384823965226,0.0012508431291285,0.0780576220310316,0.4794694877343657,0.0780676435258108,0.0060929923571393,-0.2690571410812584,0.2104123466531073,1.7978943048735578,530.3788199376995,4.345013152793523,3.896311511918359,0.0950277249136904,0.0802032236548616,9.234957760569628,1.5108256224037675,6.576620953279669,-10.595000366777487,0.8546228650572393,0.726465770023809,-0.0240561751785466,0.1573077193752552,0.9238347829443468,0.1591364764573633,0.024745718575044,-0.5142452460706605,0.4095895368736862,7.470703351083163,2203.8574885695334,2.912765676443942,4.135578918968517,0.0942173578323125,0.2824062724946508,10.750906841669844,2.413761115935956,9.72802068854148,-4.050042938570057,0.8769780340302749,0.7579202644039003,0.6837855043299844,0.4008440554353054,1.990298040825216,0.7926150217537095,0.1606759567778222,0.0469119854877894,2.037210026313005,185.33037894934185,54672.46179005582,4.30639067316662,3.2967540077493407,0.0709000419244956,0.1348295788300262,9.336152222083673,1.664539388846799,7.640756862017999,-8.073164845589755,void,17
0.9331361578447404,0.8143693495366306,-0.4143189880298712,0.1468024564018576,0.8646230141459411,0.4395579427649054,0.0215509612056193,-0.9044349481222146,-0.0398119339762734,56.99729958907619,16814.203378777474,5.222306377535915,5.738058244478859,0.215080713331063,0.2015962216328144,12.510446931401226,1.7944302930192393,6.133930324344854,-5.977401927407295,0.8990341567770916,0.7838795246455318,-0.6345240084640823,0.3872010524491364,1.9973553222592215,0.7433339574747314,0.1499246550177189,-1.5172776181805383,0.4800777040786832,163.0008848388385,48085.26102745736,3.440106284303264,4.268317917846138,0.0683745967684563,0.3990707752894464,10.594199648531191,1.2909417931424354,5.015411811647744,-1.7777340045854153,0.8959410747641094,0.6065226821012152,-0.6440934545074207,0.362232047387503,1.5680650384005497,0.7389644337137242,0.1312120561545422,-1.362508770947486,0.2055562674530637,161.09018811668432,47521.60549442189,0.7860349130046242,2.036041339557492,0.0162689918391059,0.6505769205962142,11.140659814055278,5.738796142095054,46.09342975177093,2.699470658688491,0.9195892999267106,0.781194570294191,1.0701742703029118,0.382821136901082,1.644982158677798,1.1365847929990118,0.1465520228582369,0.2848319648571624,1.9298141235349604,381.088372544599,112421.06990065676,2.452116753275893,3.926877892634905,0.0696020898897328,0.5346175444716709,11.3018236996479,2.36812720920149,10.500774418283122,0.6023320021524858,0.8608884961647756,0.6839282571704112,-0.1539112147973601,0.6538640953520659,3.336127472931974,0.6717342608732821,0.4275382551905755,-1.65011174705037,1.6860157258816038,133.11194058313754,39268.02247202558,2.0103789613645544,3.075009621624809,0.0259011016445538,0.3536979683998139,9.25960000963598,2.1898555742266264,8.35760361469637,-2.618029557354384,0.8488653552709492,0.7472671724938121,0.0356784695323469,0.0866026704467197,0.4543613414459891,0.093664164527709,0.0075000225285031,-0.1899208499978604,0.2644404914481287,2.588027836418755,763.4682117435328,3.2899025287138075,3.437063279889664,0.0723592839224512,0.0907433854835469,9.382942447045172,2.1791390397756363,10.677265992191868,-10.008714778818586,0.9006929620971004,0.8238081054240622,-0.0021849443509797,0.1200587435175155,0.8831867297746896,0.1200786237297107,0.0144141018950045,-0.3902671783421916,0.492919551432498,4.25356838366233,1254.8026731803873,5.615173085195179,4.47346224743727,0.1410087906077352,0.0711731107012783,11.1791034324165,1.1326333929302386,4.788443639602533,-11.156188225815184,0.8849876595719206,0.7843127353775844,0.5913144982964339,0.3532222146594216,1.6636914060499857,0.6887806391184859,0.1247659329289065,0.0258638929508447,1.6895552990008305,139.9535368032186,41286.29335694949,4.508737220534458,4.07047576917372,0.0946485714796552,0.1520677652766711,10.01652368674982,1.271433859929424,5.071502692950627,-7.463239812652931,non-void,17
0.9118720854339428,0.8400306787927944,-0.0098727779175518,0.2883273578308609,1.2317997243221717,0.2884963379620868,0.0831326652737253,-0.6644485541074159,0.5673511702147558,24.552890420172712,7243.102673950949,3.394305667092851,4.989607583677387,0.1217859444414295,0.4673302531870175,12.680324410250725,2.072753244448049,7.6386516206405,-0.5683413435488485,0.9127819459737692,0.7753684337288809,-0.7791765717273518,0.4166266147758646,2.290492307000425,0.8835688236172583,0.1735777361395966,-1.7932834942647566,0.4972088127356683,230.30469049017375,67939.88369460126,3.5601364526176167,4.634743459572152,0.0669759941630851,0.3561505030633959,10.70190693253926,1.3845754557125316,5.165579671057209,-2.5715079840623174,0.9036332321618534,0.6659303314111641,-0.8977571928768392,0.401534678898534,1.8917481192356504,0.9834622899329952,0.1612300983581488,-1.6685146087348506,0.2232335105007999,285.32343233747406,84170.4125395548,0.723528871911775,1.9677603510266355,0.0157741069221555,0.5481152546718064,11.191100420424014,6.786031970822977,61.46350980772839,0.8384420858695938,0.9264864148249488,0.7563255828818045,1.2662149261575169,0.4773068610255729,2.17153205160097,1.3531895945528738,0.2278218395820855,0.2875860732628006,2.4591181248637715,540.1810132478205,159353.39890810705,1.941295828688172,3.7154932064406414,0.0442587449742657,0.4535642448286014,11.147293457016335,2.6280202155333443,11.124034208230787,-0.8090029775332779,0.8564065436123666,0.7453363045222713,0.2524245269012395,0.5885121000113741,2.741287397994417,0.6403628921487504,0.3463464918597976,-1.0960533342451144,1.6452340637493024,120.96906692412809,35685.87474261779,1.142277096540398,2.4435323464034204,0.0211301092163056,0.5291793192316061,9.867399523009752,3.87493612764782,21.332972348165693,0.5074733235427077,0.8716480901527046,0.7422260292224652,0.0030476490065711,0.0821111515524509,0.5067033457059599,0.0821676905707883,0.0067422412092695,-0.1671655180380067,0.3395378276679532,1.991701165252361,587.5518437494466,2.7781507153015443,3.1197623766613023,0.0508088995878177,0.1558155992832376,9.440626657167872,2.5461098471963903,13.260612026136318,-7.338263808021306,0.9031641784733888,0.6704892881357993,0.0582430235737171,0.1551969339216953,0.8032089571401623,0.1657659135458905,0.024086088298695,-0.2807585754114072,0.522450381728755,8.106109737642576,2391.3023726045594,2.327173189712983,3.5417022619129592,0.0565656052170721,0.2490115904739346,11.120531244033886,3.002895716338112,13.099542389375411,-4.794136706858361,0.8660087406402078,0.7737573834344746,0.588651312099154,0.3127045472526694,1.6228890062296075,0.6665541996781302,0.0977841338724969,0.0246712236543138,1.6475602298839216,131.06687782702303,38664.7289589718,3.498199636714714,4.0183109227825655,0.0824683525136773,0.1559083471550724,10.21958579890538,1.7231273880035003,6.406550291817778,-7.335202374907399,non-void,17
0.8707310872619209,0.7095001608275346,1.1365242994183742,0.7213285784688517,4.144779640922364,1.346106385574454,0.5203149181158943,-1.1506210206193264,2.994158620303037,534.5407083788746,157689.50897176802,2.287095705651422,2.396729958701668,0.0368894247433823,0.2412395329194677,8.35825500031085,2.589715144929591,18.632574005113057,-4.976562162142296,0.8963998375260225,0.8100376206476603,-0.5966529136469815,0.47015535657037,2.5407715965586952,0.7596319889757436,0.2210460593118118,-1.8828135015812644,0.6579580949774307,170.22702380919702,50216.97202371312,5.887968993053698,3.875481702617554,0.1471946993103885,0.0695018248828115,10.723705865003318,1.119164704385368,6.946918864894193,-11.26719316977189,0.8892451496260686,0.6305233787569365,-0.8017346674562058,0.4064648495789386,1.846124097031704,0.8988838361792596,0.1652136739432291,-1.8498463516782588,-0.003722254646555,238.3576845285809,70315.51693593137,2.610304088372683,3.423613207488505,0.0681951479531648,0.1859020634816354,11.175882960007009,2.480085107498148,11.490193286886749,-6.413924425968316,0.8954633220521317,0.7112938054143229,1.7174521510005332,0.4973865900158024,2.56175900429531,1.7880255341867763,0.2473934199275479,0.465774993044438,3.027533997339748,943.1254167166524,278221.9979314124,2.2420285291362405,3.304235114591629,0.0532387895687054,0.2102161147148201,10.59186059502376,2.6091398529633025,11.936881344764153,-5.748422629742014,0.8463633014574136,0.6189811501000344,-0.0880536907670156,0.6702070718584378,3.1268000238317133,0.6759666941697308,0.4491775191690611,-1.3462644231182688,1.7805356007134443,134.79463662989252,39764.4178058183,1.699040976996461,2.7165084616057604,0.0289054453766039,0.2416153049575005,9.547376394649392,2.8585287373892143,13.056931449580633,-4.96765118944766,0.7713408274688863,0.4726009485829758,-0.2709263780177033,0.6493754967373452,3.47275336858661,0.7036260640913363,0.4216885357628738,-2.5879330310963957,0.884820337490215,146.05144323025627,43085.17575292559,1.0107510361117384,0.9964655229272414,0.0019560622221419,0.2245086661519078,5.445284885251177,4.111918392676466,37.6616698972092,-5.3834383920364,0.8666228881486885,0.4779578314014566,-0.1246467578219805,0.5144225391187282,3.054065718441017,0.5293083817481931,0.2646305487533594,-2.1878481984521376,0.8662175199888793,82.64937208172279,24381.564764108225,1.3258928675716923,1.3323632583777838,0.0071118586154153,0.1784253303998095,7.682355012373374,5.51335708603699,51.43518215347457,-6.631905310970481,0.8667534579058336,0.5976949735078232,0.8787024177081629,0.6782846259485319,3.731547047064276,1.1100396266279462,0.4600700337981397,0.0409652292933665,3.7725122763576415,363.4954519418716,107231.15832285216,1.2221963278763603,1.7814923397268496,0.0177528469858855,0.2538840143943428,9.530236190637952,5.181343849794239,44.04218600972993,-4.681709881165791,non-void,17
0.7953566948492893,0.509263812390933,-0.0142827554849556,0.949622500187495,3.474784606141617,0.9497299036918824,0.9017828928623488,-1.650254355642455,1.824530250499162,266.0861325401446,78495.40909934265,0.6108013409282653,0.976853235288318,0.0026417623036459,0.6693466503394223,5.781315594655671,6.932665213949447,86.15942741703675,3.0627816774609857,0.8537321115966982,0.6710457695789597,-0.4765590567334329,0.2475826441690401,1.79119172886218,0.5370341704662682,0.0612971656937335,-1.3457408327132236,0.4454508961489564,85.07968157327589,25098.506064116384,3.340970939788181,3.59752526622816,0.0432968092218373,0.1802431634792685,7.298888273160675,1.4592901817126815,5.141903993146573,-6.578262429560825,0.8184277579268753,0.5796266560275076,-0.5517598099211151,0.2257891664954572,1.2049392822346787,0.596170810716944,0.0509807477067132,-1.0798185418088784,0.1251207404258003,104.84879248751498,30930.39378381693,1.5100433529813713,2.496979636945688,0.023069519834709,0.3166788152370027,8.818393680783638,3.2784303230009675,16.460597279815886,-3.3400587138427,0.8194434350857899,0.6251176880523136,1.1696300797687769,0.4216369318097833,2.1478865338737543,1.2433069716549825,0.1777777022659679,0.1247176093341578,2.272604143207912,456.0146066009355,134524.308947276,1.5185441848773804,2.0482302843027544,0.01178892483096,0.315113373662544,7.747072972864156,3.422800404905102,18.78196471696161,-3.3715185010980706,0.826377596373547,0.4439118222201958,-0.2341209936537065,0.831778446563358,4.503348892096775,0.8640995450969475,0.691855384167353,-2.3041456559930715,2.1992032361037035,220.26706703184172,64978.78477439332,0.9379222945057266,1.6709904330739724,0.0053792511158169,0.4493898662842423,8.320209886164873,4.771885904991214,30.1738023505534,-0.8822092518127701,0.6236092472314361,0.2501086513727406,0.4234234112573029,1.4040866759106223,6.833299740240565,1.4665424571660075,1.9714593934697409,-2.796130681993416,4.037169058247149,634.470299707801,187168.7384138013,0.5835945962401141,0.4376736161242491,0.0001114727983412,0.4429413791145911,2.974741861727542,5.64644018651781,79.61215756020333,-0.9955464609791984,0.6845053246845569,0.3358519257008063,0.5270232153778962,1.6410873145552451,7.607131023550242,1.7236359950817353,2.6931675739941463,-2.5789077773666644,5.028223246183577,876.4217078447141,258544.4038141906,0.6173665978267594,0.5012894505030563,0.0002493611761978,0.3897192456035115,2.9112574324597182,6.529203514685538,106.68914087534468,-1.9477782119079188,0.6939381765559854,0.4058110477481091,1.877862078667944,1.5303495873654411,6.3717414858348524,2.422464828650494,2.341969859549576,0.1335925274929465,6.505334013327799,1731.1590745843569,510691.92700238526,0.9223183643748945,0.8312612474029667,0.0012972807403775,0.3398115368668767,4.268059877506366,5.352914985984303,69.01568981481081,-2.8842981125982337,non-void,18
0.7467398666137148,0.4837248282654057,-0.6735763906110129,1.7681347085269612,6.511387039487772,1.892090246654816,3.1263003474977222,-3.510726350354774,3.0006606891329985,1056.1016229384531,311549.9787668436,0.6253280629894137,0.6679694047862536,0.0011669526629954,0.3471295479013898,5.457393305629816,7.008931642110888,110.16317623499846,-2.7433543086461225,0.8027607508417457,0.6804961575692116,-0.4038314174378329,0.3962696080398182,2.317432022475174,0.5657821276479847,0.1570296022560312,-1.3906925954188631,0.9267394270563104,94.43227770993477,27857.521924430745,2.997316560433281,2.6915636655424846,0.03116686366401,0.1562992299836067,7.852406353903718,1.6521191971868845,8.42256146349129,-7.322316064017654,0.7930618023954966,0.5055656688670226,-0.4497243778443882,0.3423905626109615,1.5948965981601586,0.5652285496969991,0.1172312973650508,-1.1926929661711476,0.4022036319890109,94.24757745080902,27803.03534798865,1.2426478399234997,1.59616439679085,0.0099332975525924,0.2545447530975,7.6159371289200015,4.593110839728529,35.44381013478389,-4.666574260880827,0.7957751695020004,0.5791044759443497,1.9315355697041008,0.6991198565429184,3.2954740273887166,2.054166067007421,0.4887685738125907,0.3431330949392774,3.638607122327994,1244.781478099197,367210.53603926295,1.4130879958684797,1.6855848255265964,0.0106332208870877,0.2522215103041894,6.901459334717401,3.724436242933404,27.82648110836049,-4.719908462065491,0.7416728083908449,0.476824094222909,-0.2475375652355192,1.296329002206048,7.38097837855276,1.3197513887711037,1.680468881960528,-5.043671284869639,2.337307093683121,513.8143998081607,151575.2479434074,1.1457795075001873,1.4134459596167963,0.0058088404317402,0.2461683574378432,6.313549799946309,4.382689870046363,34.0958576422812,-4.860421354294163,0.5684224845485866,0.2407206708328484,0.0099490735024249,2.456895530873105,11.633731703273872,2.45691567492411,6.036335649624236,-5.120811162078087,6.512920541195785,1780.748216937899,525320.7239966802,0.5694059352335885,0.3280966143292157,7.620898775024943e-05,0.3394928822703913,2.479339222500576,6.703576642900479,149.42800944510876,-2.890468285992207,0.672163376173411,0.238124801064535,-0.1863380549684141,2.73989733144316,12.444252845836424,2.7462263667765554,7.507037386849348,-4.410782954351452,8.033469891484973,2224.818980985734,656321.5993907915,0.5927559751628548,0.3515016904475654,0.0001026980767517,0.3754695934177035,2.979499791413808,9.68266473952638,216.95855447739788,-2.2097881538855297,0.7365909079322143,0.3389532011056578,2.936658864103273,2.587657692839894,11.008142261363576,3.9140691894024826,6.695972335313482,0.2717937038749691,11.279935965238543,4519.381597731793,1333217.5713308791,0.6648871263109357,0.5553741405656873,0.0004460242160854,0.4040264458141574,3.75007419421508,5.587752342127119,108.17990571419234,-1.688171956502289,non-void,18
0.8601088382910568,0.6203131509046979,-0.2315732367101771,0.3306732978423009,2.3241198871859936,0.4036966607074311,0.109344829905903,-0.9676754048542724,1.3564444823317214,48.07644319056757,14182.550741217432,2.306101736802023,2.3157755746800857,0.0269070268357632,0.1516654470887137,6.480373173056904,2.9130232892240167,17.444292439751507,-7.476805052187043,0.8462152927436611,0.7296437007099371,-0.5297277900086591,0.2279090626968048,1.9735020101177805,0.5766750145157965,0.0519425408593361,-1.5846621223764707,0.3888398877413096,98.10345134820426,28940.518147720264,2.8716062966635927,3.06144894513831,0.047811442520749,0.3133478337103246,7.888519456838123,1.7889202872572525,8.587044651423515,-3.4071009663058605,0.8831852462321513,0.6533501467344671,-0.5403336297905402,0.2146671272901328,1.4443416564106646,0.5814141441533897,0.046081975538998,-1.2105033635448186,0.2338382928658461,99.72251007137749,29418.14047105636,0.9318285953502796,1.835107612570455,0.0123848077428778,0.6124126424925053,6.948865437714908,4.342231678924986,31.28131315816044,1.986745456136672,0.8733256928685749,0.7183917394114743,0.8715314845301205,0.2720300437956583,1.9755234479191337,0.9129991638850188,0.0740003447274677,0.135479365787042,2.111002813706176,245.9024046101493,72541.20935999403,1.800540143116164,2.8090136692584124,0.0411427388790843,0.4840360761342262,8.897175440588265,3.0661645802692026,17.42963508687828,-0.2774160461757368,0.8567902470249888,0.5475862551483686,0.1319191731545912,0.9074805899044884,6.1067448993233535,0.9170189143628332,0.8235210210533981,-4.186437400564283,1.9203074987590707,248.0724883432608,73181.38406126195,1.254899426199899,1.828599965422836,0.0117254109730533,0.2672197718107679,6.9304021559619775,4.0399001711313485,25.28378094839601,-4.381051537778865,0.7209492698010369,0.4161643175562395,-0.2490424162165752,0.717652549776999,2.943179011734961,0.759636299340953,0.515025182201428,-2.129225648310902,0.8139533634240589,170.22895564654328,50217.54191573028,0.4455567272229307,0.4886010792207093,0.0002381132166553,0.6092417665860038,4.967646389569219,7.061827957479878,114.15804241729856,1.9288153126656316,0.7906371027983027,0.4693015986940034,-0.2034643285813463,0.5248102995028271,2.326787945292842,0.5628708408412229,0.2754258504642471,-1.5083905784391507,0.8183973668536914,93.46295712344502,27571.57235141629,0.5359695303664337,0.6319123984512486,0.0007303158009102,0.4525382753322918,5.619668983499676,8.712194607790169,137.0137802761352,-0.8269844379107809,0.8135075047196516,0.5723012857941564,0.917268344671758,0.945205461213616,4.635638982957691,1.3171160085751414,0.8934133639080447,0.0500817599746393,4.685720742932331,511.7644011132491,150970.49832840852,0.9732174565422652,1.450375244470442,0.0058404585025192,0.5027170644850798,6.8694570589458825,4.383212615193206,33.798393917902764,0.0472007099209821,non-void,18
0.9184475867916428,0.773142077254767,-0.401922669806074,0.0729750543526233,0.3661247332400165,0.4084938078622621,0.0053253585577683,-0.5341156788396012,-0.1679909455995847,49.225821363234175,14521.61730215408,1.2395334033717695,2.9179912323207504,0.0402280455829027,0.4688860287512933,11.440507962608406,4.297012141673468,25.43824659275148,-0.5412042674822635,0.9121222795233346,0.8379057134166974,-0.5348026994120754,0.0655198092608961,0.4386780941622448,0.5388012367320874,0.0042928454055842,-0.6901922051360083,-0.2515141109737634,85.64049794768792,25263.946894567947,3.075768201587407,4.652945852225997,0.1092336059858532,0.3409577040683054,10.341777286932464,1.8150952158615865,5.958770521835718,-2.8621277118610307,0.9292281194167724,0.7478377403546654,-0.5679817106807576,0.0698175223452216,0.331180372864842,0.5722566820005385,0.0048744864264255,-0.7127592463878188,-0.3815788735229768,96.60592447780832,28498.74772095344,1.0782375058344795,2.7607824663031124,0.0330028678109266,0.5667345227263789,10.25615958276786,4.815907648211342,30.704632423414,1.1662558695225025,0.9077793420183132,0.8341937957624274,0.8815119334150668,0.0871113374190409,0.5180909542027596,0.8858056637096554,0.0075883851069339,0.5407091546303333,1.058800108833093,231.4722437887304,68284.31191767546,2.457441181045776,4.224393995627539,0.0844642100976365,0.5069480228355607,10.30056382839255,2.3305341864823257,8.905290926157138,0.1207073413636326,0.8823080506274205,0.815866945278342,-0.0481396852685032,0.1553924386760756,1.2699421034889662,0.1626783307495146,0.0241468099976979,-0.5447794141055197,0.7251626893834466,7.806950592157299,2303.050424686403,2.657335576700608,4.305980582890697,0.0547641913905947,0.3257533470032689,9.870191652432522,1.892311329243858,5.905225739073102,-3.1592991077735366,0.8122387421174485,0.6693449466741974,0.0836538439063104,0.0315881831937329,0.2136031576953823,0.0894191194196307,0.0009978133174808,-0.0426788568448601,0.1709243008505221,2.358754780745743,695.832660319994,1.89278086880564,2.5361784008284687,0.0309541507483836,0.2283416290238661,8.423833931486435,2.870794899826372,15.859020428397162,-5.288398958440313,0.8894567405975827,0.6979776681955212,0.041592975978395,0.0443023431525061,0.2370087338057719,0.0607673700232431,0.0019626976088024,-0.1191642307070008,0.117844503098771,1.0893386115648174,321.35489041162106,1.9371668652194671,3.155670446423768,0.0286785501633794,0.3204341967076022,9.711261375609055,2.5846899432920267,9.738701910299284,-3.264926456995168,0.9289611174406108,0.8315370292346939,0.169574991829824,0.0969381948392249,0.684045353576327,0.1953271396216419,0.0093970136186875,0.0485457799462316,0.7325911335225587,11.25504398446786,3320.23797541802,3.410468851802104,4.9742466155113085,0.1097902347634787,0.2755302550399288,11.231239788944436,1.7181856091165002,5.692458413978919,-4.1985095314624985,non-void,18
0.8693756995628684,0.5265090871588594,-0.207761008773221,0.6403547667629047,3.321560455012671,0.6732153177716923,0.4100542273159741,-1.9606801529805615,1.3608803020321092,133.69956490432,39441.37164677438,1.0487903421919984,1.468509605546945,0.0080051217678912,0.343149156195188,6.37584320267633,4.8247969337927605,46.13967471237125,-2.819838263320189,0.8578609045354946,0.6163767291471699,-0.4233744767531575,0.3424078479139958,2.579013247848226,0.5445081100214249,0.117243134313094,-1.4901242529377916,1.0888889949104343,87.4642791543357,25801.96235052903,3.516973715416222,2.7536680696834344,0.0429496576322302,0.173639011752953,6.026643482724597,1.7555073638676386,10.518132677968271,-6.775224974471202,0.8290064771312967,0.591170132147512,-0.4249420310989463,0.2694802569941786,1.388976258640642,0.5031851932481186,0.0726196089096485,-0.8009017931581363,0.5880744654825057,74.69262491772321,22034.324350728344,1.45172182018067,2.325397509558468,0.0229174921740475,0.5429582679544137,6.590864464558784,3.3033519680490504,19.612647636506228,0.7481059555294336,0.8479737043196679,0.7012296250497513,0.9689671490532062,0.2529939697332578,1.7586429517500948,1.0014505902268425,0.0640059487213925,0.4573436541354953,2.21598660588559,295.8564689763789,87277.65834803172,2.5322983968653383,3.1186274583824494,0.0445847344474426,0.2216623016045809,8.111774750489552,2.011211751616683,8.739360487799857,-5.4547622471127735,0.8462077291610092,0.6211823756142605,-0.4425770593920639,0.6462390562852103,3.458047407293144,0.7832620068460652,0.4176249178683991,-2.767399173590733,0.6906482337024106,180.982314553715,53389.782793345934,1.84606633857199,2.7348844778794668,0.0244070597762373,0.4499383043832949,8.00499865499465,2.580201424400001,10.940680761532898,-0.8725843565169035,0.7101998933989044,0.3170106586579165,0.608389920572254,1.318968707638165,5.637971889629466,1.4525208250426584,1.7396784517286918,-0.6956060823001587,4.942365807329308,622.3959404188686,183606.80242356617,0.4026735875521175,0.6298779295382683,0.000697449280336,0.863699296498594,3.1894882593510725,7.565285378938417,108.40565048627576,8.018644685593808,0.730621705042219,0.3261210061712419,0.5288927400276887,1.433995686575967,6.604308858659841,1.5284211329252406,2.05634362911848,-1.0516321800784036,5.552676678581437,689.1409920738805,203296.59266179477,0.4496137096055982,0.6922547627405785,0.0010137046305019,0.8392889120980094,3.176508960680408,7.9783307384753614,126.87130515396386,7.178656447762658,0.8555709973571459,0.3523448362204975,1.1760881799635254,1.9173429195304856,7.634786130340928,2.249308177667882,3.676203871073688,0.0207811319507783,7.655567262291707,1492.519247046464,440293.17787870695,0.4448256694528089,1.2195140980916586,0.0082434355027363,0.9003281719870482,6.184509823640211,10.45110060697668,152.1526965452468,9.55828416379185,non-void,18
0.7901382095217608,0.5654160189536173,-0.597665284897943,0.9921018262321042,4.241514275859084,1.158218384582638,0.9842660336130764,-2.7329230470853783,1.5085912287737058,395.73359878363857,116741.41164117336,0.7012910864716277,1.4172414643757882,0.0034841043465353,0.6887723598706997,6.587900307121366,5.183193411861348,36.63952543196588,3.4499755107337284,0.8713334546769259,0.7482954599592835,-0.2307524276706362,0.2713276849835032,1.7862435719249312,0.3561816889094656,0.0736187126385071,-1.3441099865944766,0.4421335853304547,37.42529167674781,11040.4610446406,2.9300370631582355,3.1566898353697552,0.0433684383808084,0.1834357651814288,8.594628580877108,1.880623926855508,7.860383710923268,-6.485063360376902,0.8285964779430349,0.6490994720550912,-0.1563225325210416,0.2742323383911317,1.436533573876685,0.3156582164196908,0.0752033754194681,-1.0996089532094566,0.336924620667228,29.393832330011804,8671.18053735348,1.3785488777289587,2.1796826329446506,0.0216305351953284,0.2923286578374714,8.608672763988102,3.684420371731442,23.44794806606121,-3.8396021373916422,0.8075284229165871,0.6568200988006998,1.1291238591662456,0.5413452153241949,2.614613180349532,1.2521882172792056,0.2930546421543989,0.1566231404951288,2.771236320844661,462.5527227903982,136453.05322316746,0.8145363531022178,1.6306153537307924,0.0054013727489387,0.5383821108797997,7.1077749509972925,4.665802067021801,29.81022673823325,0.6680799027734973,0.8657102357041833,0.5929641077241176,-0.0212954031634634,0.5738813849666375,3.891471528437543,0.5742763604808407,0.329339844011226,-1.6441541000929851,2.247317428344558,97.28903477110056,28700.26525747466,2.480740114088553,3.143561231870203,0.0270331295799429,0.2875276584423691,8.274818670587283,2.0880963197465023,7.007754269826879,-3.940883815963264,0.6704591098233641,0.4604064158450214,0.12215669519749,0.4269634442649631,1.8795788856472344,0.4440946305914684,0.1822977827386002,-0.8253595315168545,1.05421935413038,58.17991207145098,17163.074061078038,0.7798058311961266,0.8451271277266558,0.0005024709506395,0.2699781395257939,4.40956405495984,4.374516870401795,32.84449998179932,-4.320072647875662,0.6721706404313592,0.4627004659756133,-0.1611001134180347,0.6382378697937805,3.135549616538053,0.6582558962760656,0.4073475784389027,-1.455414144014865,1.6801354725231883,127.8237433697509,37708.004294076505,0.9407121338854664,0.9794087054695028,0.0010342753731742,0.3740573604066494,4.855096368733846,4.567328886419117,38.09632969769253,-2.235963319894323,0.8249981447050304,0.5495474211609207,0.8415070151314749,0.5021754151628847,2.566985863830642,0.9799562256088276,0.2521801475940156,0.1579865916645803,2.724972455495222,283.2926902123024,83571.3436126292,1.0424832439061218,1.526607892351191,0.0070836379846375,0.3559533662195726,7.377262418363246,4.683897850867978,32.952753305012685,-2.5752421011855056,non-void,18
0.765676206577922,0.4327848084619042,1.0650262065899827,2.4163636645719166,7.968416836357407,2.640661693626594,5.838813359463423,-3.305943134008837,4.66247370234857,2057.062783155128,606833.5210307625,0.3359554729705101,0.4812872361834686,0.0008068697696806,0.7523040363318209,6.301981527669121,18.389630111353505,611.7763340143586,4.824744623515374,0.8094651312776828,0.4347863202319037,1.594938362262042,1.4736147133820607,4.716183336966273,2.171489973016504,2.171540323496093,-0.6063070064708572,4.109876330495416,1391.033767358809,410354.9613708487,0.3628902956258069,0.5667093028881821,0.0007915554987608,0.6740963121892635,7.575325023327566,14.54817516546102,314.2133403668171,3.1563267642039823,0.7791047465061244,0.4354742518151059,1.5047882773335055,1.3004245023981342,4.117967145667484,1.988841785069334,1.691103886437435,-0.5912023205189614,3.526764825148522,1166.8700355811436,344226.66049643746,0.3172911723067588,0.3045774164110384,0.0002878273983477,0.6989545524819746,7.162826586169259,27.44960263996957,1255.4839680692105,3.658168738302305,0.7576429457344463,0.3825335373579159,3.557709246658919,1.728195430318426,6.282494570297267,3.955243927893179,2.986659445373489,0.2743603183869996,6.556854888684266,4614.96658609508,1361415.142898049,0.4215012015691852,0.4506644405925302,0.0006803339757963,0.4897421558914284,5.976727317780304,16.52374470855597,517.2085378313446,-0.1782220106238567,0.8242725661281788,0.4200518014803774,0.3964184304018491,1.7270653597205234,8.598287701743793,1.7719769549034343,2.9827547567465813,-3.725745000322968,4.872542701420826,926.27118696911,273250.00015588745,0.5052272759486539,0.9008965168906208,0.0019893405820806,0.4911332074064428,7.348471666956509,8.809844209796568,106.9017379387092,-0.1540481134696003,0.6680872954131478,0.2808323841921537,-1.2832899068668182,1.426795843129419,5.845653940343098,1.919004784527031,2.0357463779713894,-5.505742167455382,0.3399117728877168,1086.3609120961028,320476.4690683503,0.4662385285613076,0.3884028375599534,0.0001303222325743,0.4129553311952214,3.857916694613942,8.596780962254318,159.5412711448039,-1.5276807122216844,0.6693826261430841,0.3554537886586489,-0.3302572167909784,1.4442289442748857,6.990885630655517,1.4815083775409013,2.0857972434813505,-4.240021363859377,2.75086426679614,647.4857864535428,191008.3070037951,0.5606158154585713,0.4455896637289969,0.0002570297152222,0.3900884022815617,4.653823819545737,9.654285104464162,180.2044630198836,-1.941038532217772,0.7432972192510772,0.3854042096585138,2.466190615353968,1.7132578945419672,6.722071609937903,3.0028900686622477,2.9352526132103742,0.1815357852854312,6.903607395223334,2660.1178855187554,784734.7762280325,0.6007119418395335,0.827420027943634,0.0013396728839645,0.4744229454133015,6.278438544156326,8.007512054904435,98.41075020675537,-0.4447071125111628,non-void,18
0.7388258324555839,0.4532479378073688,-0.2200789445609428,1.148356598841158,4.7952766984191815,1.1692551560464,1.318722878102032,-2.0460501023976354,2.7492265960215465,403.3114978826218,118976.8918753734,0.6832114004357703,1.0694783622432984,0.0039099380969227,0.4486600186161765,6.0298186186693,6.617199745224193,74.33725093869485,-0.8950211718749189,0.8302372435757029,0.6514450392621688,0.5248263556713364,0.6282551433746976,3.056824861159434,0.8186252065408307,0.3947045251767618,-0.5252095070126582,2.531615354146776,197.69343249128525,58319.56258492914,1.866461580687808,2.3497134744909403,0.0155121452856302,0.4302949188527471,7.490536969599596,2.451873192962563,12.63517886681955,-1.2188387486536252,0.823505605586194,0.4592176014927634,0.7054018544550771,0.6128784367523235,2.4707768670745707,0.9344580003962903,0.3756199782359717,-0.0047961940759771,2.4659806729985934,257.5974675788668,75991.25293576572,1.0090827685415733,1.6132044015242692,0.0106998397885195,0.4389140434639933,7.704114466027783,4.815586771750466,38.76772745885488,-1.066499215548936,0.7889172320815946,0.5809107760191531,1.485246173721721,0.8393809663524242,3.3932185563882937,1.7060236232918178,0.7045604066747294,0.159858611042725,3.553077167431019,858.602397952774,253287.70739606832,1.1966729348488745,1.7282953733327229,0.0113535308755076,0.518943323828104,7.291279670584326,3.5822044930428767,26.84929222344122,0.3292368300816547,0.759158793633064,0.6050566363967177,-0.0491892290530679,0.7301119437535794,3.5558797525832904,0.7317670603863398,0.5330634504116298,-2.2127187726148154,1.343160979968475,157.96749404660716,46600.41074374911,1.5652605252130751,2.202026649279041,0.0119302135161727,0.2984047545726306,6.959721958953828,2.5884636085423662,11.653162997159376,-3.712808985039513,0.6657571029192149,0.3170387236078228,0.3058961463790353,1.220319454916157,5.410414762636469,1.2580747292654797,1.489179572046866,-1.3778326829665324,4.032582079669937,466.911847202841,137738.99492483807,0.541495369813596,0.5322247302542952,0.0001221784538081,0.4249322855825041,3.459535420459228,6.250852427549115,70.20829812757258,-1.3139925675131403,0.6923680926662502,0.3971519648012956,-0.1017883126888426,0.8022592052837465,3.991222562428812,0.808690727696658,0.6436198324625084,-1.58953479451075,2.401687767918062,192.9243044534523,56912.669813768414,0.855641691325886,0.7029149888642766,0.0007282431241513,0.3980508271067215,4.213055738191144,5.391833992471014,65.77320216073394,-1.796212913184147,0.7631334538499321,0.4609913691384861,1.3515833364157834,0.972336481300894,4.625896035990789,1.6649972216629747,0.945438232868604,0.1136749379401362,4.739570973930925,817.8036457029004,241252.0754823556,0.7169710232759269,0.8372765328846008,0.0019425034136845,0.3183052606934983,7.196470225541689,7.809053970443978,108.11597544865644,-3.30746126125427,non-void,18
0.821536206790192,0.7586583030715376,0.3329839468304643,0.6010647510509586,2.888251118139181,0.6871369177993162,0.3612788349559508,-1.2318438119350077,1.6564073062041742,139.28635742180956,41089.47543943382,2.243391178108286,3.03424852518498,0.0395904685691844,0.4091567605635347,9.59852646523052,2.2943178994976674,10.70689423231576,-1.59582539025217,0.874795439305645,0.7820722011627249,0.3556131596333547,0.2944443527649139,1.4521687888461772,0.4616905848937867,0.086697476875149,-0.5623534417969154,0.8898153470492618,62.88166787297223,18550.09202252681,4.229764550966976,4.1109743966895085,0.0842831542360368,0.2511210526793666,9.359294271054512,1.1512041160748625,4.364454813701422,-4.745284975792354,0.8864174496800173,0.7635528855804119,0.5308281326718427,0.2756007130545357,1.1265863367100917,0.598108902685827,0.0759557530361685,-0.1112399921772187,1.015346344532873,105.53160654425298,31131.823930554623,1.862433257543357,3.2624098733017743,0.0371710120078173,0.579448216985338,9.8373473933181,2.531177907024317,10.832613098106762,1.391951530027153,0.8686239623263777,0.759967081079589,0.9324214684365606,0.4167010974943106,1.7789371633745066,1.021297997380958,0.173639804652963,0.1013841015477652,1.880321264922272,307.6996318390348,90771.39139251526,2.409282969341585,3.2456119476258327,0.0408427803937269,0.3666459695256487,9.40708624092797,1.9584669173455032,7.988853606734383,-2.3739962315203926,0.8365575713332489,0.6942963188230096,0.1370816445440572,0.5740971431319808,2.9282428898478914,0.5902363145581653,0.3295875297523021,-1.4807298735275949,1.4475130163202965,102.7717775718456,30317.67438369445,3.0705648321829795,3.055932223943617,0.0343157112678861,0.1231595765469875,8.427251294682097,1.7024541731598528,6.535032682520546,-8.524523758061793,0.779636694226702,0.4892417766344354,-0.0426162247013764,0.3438462161829037,1.7129069040358416,0.3464770742648037,0.1182302203833001,-0.8909846390503616,0.8219222649854798,35.41367708237401,10447.034739300332,1.327545096758546,1.7647728063658132,0.0041245577258245,0.231520880990837,6.985191563792143,2.9368119417377545,13.102416107723297,-5.210419046718743,0.7506454183713513,0.4464820704736856,-0.15855451020994,0.6584505901994061,3.1426796085181103,0.677271520471561,0.4335571797339462,-1.4723943892028988,1.6702852193152116,135.31553017034872,39918.08140025288,1.0086280156698173,1.076895729637844,0.0017892782551022,0.2352987855952711,5.950896198661325,4.578825279706092,35.241085231734004,-5.118720940714773,0.8433082892942548,0.6580097348073453,0.8720832768162446,0.4081577400388302,1.6630176665277692,0.962871737281848,0.1665927407536052,0.0631515343702856,1.726169200898055,273.5009848245684,80682.79052324765,1.7698406791935417,2.4537706905386774,0.0274404756658933,0.2710565856384677,9.28398065619269,3.3486552612077265,18.637423347496807,-4.296338530584118,non-void,18
0.756147976492991,0.5871921793054179,0.5327890848129357,0.9135022716093788,4.125877048421424,1.0575209733765574,0.8344864002354954,-1.3275008639959902,2.798376184425434,329.91342969373386,97324.4617596515,1.683451684839002,2.348852258096629,0.0182688336554492,0.4962396325396265,6.493577358099431,2.53908294298332,13.03747771976618,-0.0653255040497294,0.8184698329579964,0.6688449770085236,1.1439079595340516,1.2248390597284091,4.449074137744331,1.6759344086573706,1.500230722236373,-0.9496873728576496,3.499386764886681,828.5830619259106,244432.0032681436,0.5153045855593158,1.1168266848013535,0.0037522751584048,0.725958118412991,7.561245595489835,7.494524458466887,81.06585849067758,4.230946256061347,0.8190722327526043,0.4217816315621423,1.2292861512120854,1.2122827499371014,3.6561726699394304,1.7264917918591107,1.4696294657950606,-0.2771507926949078,3.379021877244522,879.3283026702806,259401.8492877328,0.3076164072062073,0.4472818843631817,0.0008134272230538,0.7977667009585357,7.056023709043371,22.858390496106967,746.5697237252409,5.960232381907671,0.8132161705008938,0.6122015672245328,2.127920537213829,1.542671334378624,4.860119589357882,2.628284736973891,2.3798348459135243,0.0898752822109163,4.949994871568798,2037.824794289925,601158.3143155279,0.3972240364751189,0.7734579062819069,0.002506281137321,0.7388129407386695,7.4788417992501826,11.53503442633779,198.0089649202724,4.515828381237458,0.7803580332210939,0.3736867314918276,-0.3318270149453076,2.711849046141348,12.308082861141749,2.732075111871058,7.354125249057739,-4.54383486196925,7.764247999172498,2201.9491529870493,649575.0001311795,0.5944195481829232,1.0861619352426968,0.002868410160337,0.6182848660359364,6.187832550282592,6.097959341739515,57.55781210351522,2.0944923738107115,0.6822146904465253,0.3952006650132048,-0.3771796333219642,1.2921010129489183,7.054453453766165,1.3460273041274131,1.6695250276636209,-6.228713409313723,0.8257400444524412,534.4779035196711,157670.98153830302,0.7630302470154695,1.0836542620536196,0.0010697434981311,0.5091101616937769,3.6913041076449935,3.559961771714187,23.870065889192134,0.1582772355152933,0.7430732679399763,0.4216421987508557,0.1165485681385398,1.1589361784202608,7.17125435399868,1.1647817968986731,1.3431330656513585,-4.529424540400689,2.641829813597992,400.2314071440182,118068.26510748536,1.2801272066492726,1.380683332163031,0.003690321317644,0.2588641416301652,4.566562531604843,4.143285500547803,28.912533877257392,-4.56825930841884,0.7906241144363745,0.5652122134345561,2.586992975737662,1.9849956922452656,7.731748461401246,3.260788333324974,3.9402078982322624,0.1173453560491729,7.849093817450418,3136.6584636507378,925314.2467769675,0.9451623112578544,1.5798529364027578,0.0059083763371212,0.5794775969954543,6.600644763430946,4.028369912166831,27.891707589044664,1.3924751306080652,non-void,18
0.7866357141888928,0.6135566130912159,1.1833810355935708,0.636832061120548,3.546987340437729,1.3438548096701362,0.4055550740710454,-0.280912146828904,3.2660751936088253,532.7539960946995,157162.42884793633,1.3833387666661865,1.5921556294737305,0.0059862349278784,0.2222038010681958,6.673262225770658,2.957653714255,20.200302603713222,-5.441143325310398,0.8036172681516784,0.6290060517014731,2.3745301498037685,1.0529961859289567,4.368307047912508,2.59753621724665,1.10880096758093,0.1036025516500303,4.4719095995625375,1990.4223479728705,587174.5926519969,1.3370825180415205,1.9602437045613468,0.0097634150061754,0.4135644996007286,7.5553825050395,2.9634320183021665,14.947140928908205,-1.5167700096284686,0.8085614741886912,0.4523317106208867,2.3825508413651173,0.8799942054536777,3.238829004563472,2.539869743376947,0.7743898016320495,0.3643343815046646,3.603163386068137,1903.026802429895,561392.9067168188,0.7609080620953645,1.1857971618390752,0.0048095692841194,0.4984775330048716,7.647553103571647,6.027569613917019,61.799454744047495,-0.0264480415401503,0.8212907873099413,0.5254232454719351,3.594368139336819,1.443813056328152,5.850296503688726,3.873509837692848,2.08459614162364,0.4955721646864673,6.345868668375193,4426.203146497465,1305729.928216752,0.9089642453981276,1.3342316292676155,0.0052386805023199,0.4311713786731401,7.168176960534878,4.6510438357831925,37.21218714133279,-1.2033151582433406,0.778810346314181,0.4701034121974187,0.6075174196459543,1.4577382059612,6.668051669926831,1.5792650481449453,2.125000677118978,-3.563392736774253,3.104658933152577,735.7530372262157,217047.1459817337,0.8323382313119985,1.1627285595061685,0.0028433614859398,0.2731690089808979,6.691307701008203,4.967754714244924,40.43805437910487,-4.250020096045024,0.6860418145014086,0.5082707148808437,4.575987443868664e-05,0.5173924626736786,2.793946536765822,0.5173924646972548,0.2676949604315339,-1.526610789355313,1.2673357474105094,78.97001394502249,23296.15411378164,1.334053210170466,0.992194644985907,0.0007541181073907,0.1664911069340338,4.390215196963243,3.000613742628393,23.498815649752437,-6.995191969736659,0.7368055021850766,0.6132434580252519,-0.0985388329227339,0.5193529123577781,2.5882373868570747,0.5286183397956227,0.2697274475745059,-1.0626163060527165,1.5256210808043584,82.43401800464272,24318.035311369604,2.0754778894018706,1.6175504450421292,0.0036238014480464,0.1602711858322833,5.44262186015903,1.7912332984562302,9.252698131377873,-7.192836052934791,0.7871963887108288,0.606201026648565,1.5493896659197015,0.8003762034988753,3.6968320126184935,1.7439066500205902,0.640602067127273,0.0940602811076358,3.790892293726129,897.157069175881,264661.3354068849,1.5667634610374463,1.8890755825093837,0.0121981335667049,0.2279828993183191,7.440585724236034,2.9828408489754894,16.786711531320375,-5.29724647901452,non-void,18
0.8058243792905454,0.7027577301705904,0.0570879396422213,0.2720666086900502,1.2515217274881534,0.2779914970222988,0.0740202395641049,-0.389220661837968,0.8623010656501854,22.79738536292615,6725.228682063214,3.315542465256647,2.662446194503896,0.0218934220348171,0.1764341643056669,6.837729291197472,1.0113393890012368,5.693795056365803,-6.691156364083977,0.8524841524067829,0.7586165147067899,-0.1857384718742709,0.2440713568912904,1.990878239454936,0.3067076901366267,0.0595708272547556,-0.6423787768817423,1.3484994625731936,27.750534120738777,8186.407565617938,4.004507537830524,3.677777020516222,0.044633522146009,0.3065587362744434,7.930431458935423,0.7357807630472633,3.150802866427789,-3.544959827785429,0.8686044764185981,0.7185909378037635,-0.110055440479418,0.2108050730582677,1.296983359418589,0.2378044970269072,0.0444387788271016,-0.4148264239114557,0.8821569355071336,16.682538747835,4921.348930611325,1.469250194477207,2.4927316042423038,0.017260084567954,0.6204854654963521,8.160569237071494,2.5430157645859843,11.62676884606774,2.135032006024463,0.8421471059110723,0.7600549983676235,0.4306081772889468,0.2060981709374322,1.5886747787099984,0.4773885821967929,0.042476456063755,0.0243303758992315,1.61300515460923,67.23045823149992,19832.98517829249,4.504975034724674,3.3382133024087217,0.0652023471062672,0.1016936711706723,8.077761553607031,1.0952354437195222,5.1643962016222416,-9.461305295783626,0.8505160184594982,0.6799479948373554,0.0797051516117779,0.3744016742462213,1.7364879088446927,0.3827917513111145,0.1401766136783736,-0.5869497206140964,1.1495381882305964,43.22620983718989,12751.73190197102,2.885285219238873,3.1946582404458845,0.0330077065051334,0.2502082751254549,8.753653519376881,1.5086639740050245,5.491566095168429,-4.766389735368053,0.7464061742991072,0.6057889135860224,0.0670775344319851,0.1201203049191697,0.7395875317525951,0.137580097686215,0.0144288876538743,-0.3104733581794248,0.4291141735731701,5.5838435674078,1647.2338523853014,2.1675462514695454,1.651485601228426,0.0064470455723719,0.1972471437082719,5.397113735558649,2.383711887955726,13.707510769796794,-6.095711333479912,0.829863285591232,0.6009104579526027,-0.0192621036500472,0.1976684853928667,1.1145041151929558,0.1986047802912485,0.0390728301175099,-0.4772439691500933,0.6372601460428625,11.63593833258786,3432.601808113418,1.4268572635386745,1.8421180414342255,0.0095559160075924,0.3321076464873059,6.595375594605492,3.221579067845409,18.45953042491196,-3.034275956400748,0.89410986373318,0.7070137848855452,0.3744579320118573,0.2543283783991024,1.2606657906384031,0.4526606531450615,0.064682924059117,0.035077018704109,1.295742809342512,60.44599173718555,17831.567562469743,3.4262240887268667,3.8234648073730537,0.107270330892988,0.143274098444511,9.80651761320346,2.0261612492338976,8.188955545977251,-7.766742109042795,non-void,18
0.9314154046649364,0.7987547576000303,-0.1273016173480347,0.0582096772522712,0.2965534209832282,0.1399788137727957,0.0033883665258135,-0.3284537768496141,-0.0319003558663859,5.780250150045516,1705.173794263428,3.126428523785795,4.861577992571751,0.1234027153410509,0.3849435842802437,12.521734176845296,2.1261508813185257,7.719783505415291,-2.035178494637801,0.9008451119356538,0.7706009533471215,-0.2427426517633585,0.053992975372219,0.2623864935140605,0.2486749612941604,0.002915241389545,-0.3560533857073699,-0.0936668921933093,18.242574730522392,5381.559545504104,3.8289201350822175,4.877712045589996,0.1295849320754258,0.3859131271322831,11.511906167273914,1.6674674266382743,6.521887011860262,-2.017402516439016,0.9174109054452868,0.6011612866800258,-0.1713363905938309,0.0636203714534152,0.2785009291977711,0.1827668197611162,0.0040475516638705,-0.2992715729035846,-0.0207706437058134,9.854094569649742,2906.9578980466727,2.353005083254224,4.346330213561737,0.0914643668933439,0.5519250004810689,12.75880301111977,2.6612004614602824,10.213755572724466,0.9052936074623896,0.914829461821912,0.7157367899431384,0.3321605910100226,0.0671294038805352,0.3446508600059897,0.3388761058048849,0.004506356865356,0.1483846084232757,0.4930354684292655,33.87691945021765,9993.69123781421,2.6331237180670937,4.416936852731787,0.1050448191877767,0.4288907682799667,12.02988257719247,2.3787040664781727,9.464539680140652,-1.243724773405396,0.869618146633367,0.7453295716957385,0.0085541029172462,0.1622311274451522,0.7606629557462788,0.1624564907562762,0.0263189387121252,-0.3632469618482641,0.3974159938980147,7.785672859708997,2296.773493614154,2.7712404708402856,4.169156265111609,0.0829609365272466,0.4022112023870921,11.33910865952962,2.1292082432703725,7.406922307079474,-1.7209360887252605,0.8566315065678239,0.6228155314366809,0.0657360243116617,0.0224874259656314,0.1099284227559046,0.0694759614461228,0.0005056843265597,0.0181640198283473,0.128092442584252,1.4239382195646275,420.0617747715654,2.1622796220635987,2.915227557578896,0.0480428126851577,0.2033768654242842,9.601707074306136,3.0980720723120188,16.233042649324457,-5.929512379179882,0.9135097684378902,0.7731893595915784,0.0218667728875924,0.0263214801154401,0.147450385665416,0.0342195276411737,0.0006928203154675,-0.035082092054376,0.11236829361104,0.3454379412355919,101.90419266449965,3.335256875508141,4.564412588892118,0.0928875381153911,0.2231908826782561,11.258816214088466,1.6565527385887957,5.320266493389024,-5.416378050081224,0.9141521407956936,0.8528914393423185,0.1634574768011375,0.0753103575711723,0.3779539048214918,0.1799722108540434,0.0056716499574978,0.033573525146875,0.4115274299683669,9.555049020509216,2818.739461050219,6.923754495592042,5.155593461626198,0.2321785082761297,0.0771528543471509,11.941179164987767,1.2021213930896526,4.65877717982497,-10.777777528311129,void,18
0.9474816885650036,0.8714077023163853,-0.112555186531021,0.0327917669727131,0.187464301401077,0.1172346791535067,0.0010752999811927,-0.1890325762069321,-0.0015682748058551,4.05447114888657,1196.068988921539,5.266566518872575,6.429548170019282,0.2538318358429133,0.2079879133757446,13.587152827400654,1.5772726711953842,4.919704429010048,-5.806936289182856,0.9203948145341478,0.7646296786628717,-0.3640917342484688,0.0590091362697237,0.2953197507553197,0.3688426075053647,0.0034820781632988,-0.508828973325243,-0.2135092225699233,40.13323638785017,11839.304734415797,2.4030981932195865,4.1353482139988,0.0751428526979336,0.3921055800744776,11.785475948646589,2.6369690332578,11.521528385896396,-1.9042512608688749,0.921577536711145,0.6698091329866747,-0.3459867006387606,0.0742479492954836,0.3081891725807384,0.3538637520197287,0.0055127579745847,-0.4993117930703654,-0.191122620489627,36.93976872307663,10897.231773307603,1.3230810054681623,3.14219485261259,0.0426245044253547,0.4756036836308266,12.47603015215185,4.447882210302096,25.89720782189376,-0.4241441795252248,0.9061777131723175,0.7025065829887102,0.5161050508174092,0.0929729564003517,0.423277406112555,0.5244124274853355,0.0086439706218217,0.2974431207338744,0.7207205268464294,81.12747625981336,23932.605496644937,1.718695671369048,3.614339290630441,0.0537339295801626,0.45284316857233,12.48128118586786,3.725221442877274,19.621601485681765,-0.8216400213461467,0.8714944179643065,0.7493946897460758,0.0099095605565337,0.1854948705492167,0.9931355760512076,0.1857593776650166,0.0344083470000706,-0.4629999809716728,0.5301355950795348,10.179431185195815,3002.9321996327662,1.6781324772749886,3.25472723665335,0.0358386717236375,0.3613599815425295,10.659509051490808,3.1537254593750004,13.93187005819017,-2.473160727766526,0.881159195048885,0.669466959076883,0.0651266450804149,0.0145446961626494,0.0727342354863569,0.0667310129242328,0.0002115481864637,0.0234097752353416,0.0961440107216986,1.3136432853387676,387.5247691749364,2.85659877199267,3.353697895365949,0.0552166516241086,0.1738898131412664,9.80614535707882,2.083816526282256,9.78307451724226,-6.767636206505843,0.8968129152449371,0.7987336265140601,0.0048431673988071,0.0239024705349085,0.1258976930390849,0.0243882014122616,0.0005713280976721,-0.0753729344449434,0.0505247585941415,0.1754613885968869,51.76110963608167,4.50813600921818,4.926359997843711,0.125983438789016,0.1483813398585191,11.288909662013312,1.216502959256169,4.000485350527798,-7.588657581526124,0.9216905484045153,0.8772031313395618,0.1783620646206982,0.0879848438582197,0.4833143478592765,0.1988827766412,0.0077413327487553,0.0509891983469053,0.5343035462061819,11.66853585913147,3442.2180784437846,6.64690341178188,5.846368019527925,0.2619083361875368,0.1003272118582653,12.170092620919853,0.9835507317802832,3.7443347194058254,-9.526658234817152,void,18
0.9278570716147592,0.867867947302025,-0.1770601183729725,0.0229997455061049,0.1391815869512091,0.1785476793789173,0.0005289882933455,-0.241217470073002,-0.1020358831217929,9.404385774421016,2774.2938034542003,5.804705336042385,6.105658794285641,0.2377066085113768,0.1176128181476658,13.724162909391357,1.6190054447106452,5.182460704042776,-8.752043486988761,0.898977902868679,0.7672503213709645,-0.4482851447059933,0.0711417998951578,0.3142230142600846,0.4538950612822264,0.0050611556923226,-0.5697177364272945,-0.2554947221672098,60.77611436363686,17928.95373727287,1.289352270543587,3.070837201321752,0.038085844123002,0.5809326897503253,11.908532851740151,3.9380006950341655,21.93310066370861,1.4184203477945865,0.9285317373209592,0.6703829761871121,-0.472401674393294,0.096290363732263,0.3676055485968253,0.482115314128559,0.0092718341476915,-0.617343130851701,-0.2497375822548757,68.56837695459737,20227.67120160623,0.625042496966285,1.9206098905893356,0.0141120853910992,0.6263401170446141,13.108490854234464,8.069727236065049,77.5611092233521,2.243337576449732,0.9050008985865686,0.7357263909598853,0.6761514603993583,0.1146925419767434,0.4659651601530075,0.6858098691221,0.013154379185087,0.3935826863318262,0.8595478464848337,138.74887709265522,40930.91874233328,0.8267849612874518,2.364239655829452,0.0250886074374716,0.6186066173138807,12.592899191669558,6.061607489808577,46.60993386617096,2.100414092421091,0.8748933620871624,0.7436183444444501,0.0276281882384324,0.1991536826214259,0.9519008867493616,0.2010609511740504,0.0396621893016756,-0.5104597761101481,0.4414411106392136,11.9255242956691,3518.029667222384,1.6502198597189852,3.0831721101590186,0.0341226089861945,0.4383719652241395,10.982711389369214,3.136615745560875,14.430587512007405,-1.0760600539897354,0.8962291361656611,0.7193696784213899,0.0649087123776275,0.0131845674095335,0.061025466588972,0.0662342340508148,0.0001738328177765,0.0309418575980241,0.0919673241869962,1.294157259287945,381.7763914899435,2.7529681904354915,3.1466626073911117,0.0687849595216388,0.1461030163547222,10.00095348215262,3.040201773799299,16.27623548597702,-7.667459905759857,0.8981741734077745,0.7304634146192163,0.0116721847988005,0.022175772241039,0.1120350090911962,0.0250600233931213,0.0004917648744864,-0.0533566171982097,0.0586783918929864,0.1852614078768174,54.65211532366117,3.2173305662828438,4.352621480438576,0.0720596949341744,0.1584136810875112,11.634019263336812,1.914226098921526,6.200650252599978,-7.253058858002348,0.8880957795704483,0.8001770869327147,0.191866392611383,0.0928858008851213,0.4640862757316361,0.2131677382245629,0.0086277720060704,0.0482437915594943,0.5123300672911305,13.40494296283386,3954.4581740359913,4.426534864134422,4.365489825544631,0.1139582070469228,0.1384444964573714,11.35086678930926,1.6338032963506617,6.128314775772941,-7.940075566532286,void,18
0.9413902125933128,0.8633114516850978,-0.1796011126569881,0.0242488839383805,0.124820326298731,0.181230703910472,0.000588008372257,-0.2449462366972405,-0.1201259103985094,9.689147571766132,2858.2985336710103,6.480867107151028,6.392047479371523,0.2686537450177271,0.1740949026876586,13.70256065647235,1.2603722477271817,3.875001464865704,-6.761439628000136,0.8966117260689643,0.8090446150598948,-0.5394153300305928,0.0598142413627558,0.333951301703368,0.5427215139846728,0.003577743469802,-0.7138007692908037,-0.3798494675874357,86.89125931383555,25632.921497581465,1.5805236276743244,3.357905153698719,0.0494667255686635,0.5492494975782064,11.19662962462095,3.3069513410327622,16.2049478862817,0.8583345361384097,0.9183395886871246,0.7261393607697366,-0.6098299430570698,0.0832018080990725,0.389627322866779,0.6154795693765506,0.0069225408709548,-0.8025738439523686,-0.4129465210855896,111.7504545943835,32966.38410534311,0.7524022716323462,2.23171749585581,0.0218111875498795,0.6388718174850404,12.517381025714403,6.676182505553641,54.72374103021388,2.4775235052664284,0.9119669959839004,0.770375786822002,0.8345946870577794,0.0982752178149309,0.497897622229109,0.8403608213747501,0.0096580184365721,0.5913193393039419,1.089216961533051,208.3308614799852,61457.60413659564,0.9780085773731764,2.66587681290359,0.0347047210849144,0.6179679023848275,12.048282393490302,5.338187046113927,36.86841994553746,2.0886606675509385,0.8770088593973058,0.775551331535181,-0.0038474166993907,0.169637270788599,0.8836959188097875,0.1696808953767725,0.0287768036406044,-0.4688085777955208,0.4148873410142667,8.493523845479658,2505.5895344164983,1.6690386189974733,3.2750779923539977,0.0480708382091334,0.3782362744200972,10.896053852309432,3.268071124908128,15.06564356274087,-2.1586220321924,0.8810458253902165,0.6987148058587004,0.0599595078842783,0.0145249040621845,0.0682892149136136,0.061693722725578,0.0002109728380156,0.022376333128138,0.0906655480417516,1.122804050003448,331.2271947510173,3.2303936824242925,3.6531862559904575,0.0781256743831613,0.1798210282404606,10.191999334604262,2.145031251048648,10.340480635591202,-6.5906775520555305,0.8965436415416346,0.7953563098304516,0.0035426287468087,0.0264154267865147,0.1298268904670397,0.0266519228340364,0.0006977747723137,-0.0673355876426677,0.062491302824372,0.209545872271673,61.81603232014356,3.8352712130646447,4.618001769007541,0.1080600603602276,0.2182299541406775,11.069391053654796,1.386346908266159,4.562227973727246,-5.541645843320245,0.8967940428922793,0.814690218151565,0.1638051647204524,0.0804730680492586,0.4416100622505099,0.1825049223181533,0.0064759146812606,0.0302794402571183,0.4718895025076283,9.825873767754778,2898.632761487658,5.333785569208244,4.926559497592942,0.1324300738205596,0.1293882739188086,11.443563864096149,1.270613817518336,4.631924678820848,-8.279295788095451,void,18
0.9234621491780955,0.868148182953278,-0.1983878923336999,0.0269815487390028,0.1539502696613131,0.2002142846975782,0.0007280039723551,-0.2788491823211279,-0.1248989126598147,11.825299140104056,3488.463246330699,3.560054581444878,5.252672220382864,0.1235474173876333,0.3395289728876675,13.162430427899256,1.9681437467146028,6.7369269567117405,-2.889768994311268,0.9123149377001328,0.8127763677731185,-0.607397684008683,0.0404935157719409,0.2052921618470424,0.6087459826222135,0.0016397248195724,-0.694490223068126,-0.4891980612210836,109.31864305081186,32248.9996999895,3.196492248733488,4.64772567046553,0.1138960940513725,0.386974062340815,11.018708075629418,1.8731347739856503,7.091847023010476,-1.99796974736486,0.9256944784666136,0.7179236816365566,-0.722820405392193,0.0467303494737507,0.2125662480374911,0.7243293891685421,0.0021837255619388,-0.8042891628333788,-0.5917229147958877,154.7726538839156,45657.93289575512,1.098345264012326,2.916036483523988,0.0436139726710224,0.5376123899430517,12.538991328832832,4.990070496434993,31.08384931372871,0.6546308959193017,0.9167069370996296,0.7798158066416052,0.9654673945075872,0.0564199017337964,0.2741202683832997,0.9671145201934052,0.0031832053116512,0.8028617209056974,1.0769819892889971,275.9165960748315,81395.39584207528,1.768092912630547,3.773877110177993,0.0796451763667899,0.4874856196434921,11.915495135552776,3.397960684791597,16.215545972351382,-0.217442390046837,0.8257824510117657,0.7588306239747129,0.0120549904494286,0.1232511669651533,0.7362753535110771,0.1238393029413841,0.015190850158272,-0.3959060783725466,0.3403692751385305,4.524171021137335,1334.6304512355136,2.334211603891264,3.708363888237318,0.0453336035116817,0.3191866858452476,10.096910557763213,2.2230487124215,8.190910649103653,-3.289832706622504,0.8963998375260225,0.7509341049208591,0.0641550860169483,0.0104857456347349,0.0578263074063731,0.0650063529461421,0.0001099508615163,0.0325293478497471,0.0903556552561203,1.2466186473907288,367.7525009802652,4.429869931152395,4.269358430938095,0.1035749559255257,0.1495706384164289,10.0203567826781,1.424696684828276,6.759735865326994,-7.547910711482045,0.887558641348999,0.7628484481416103,0.0150372807642801,0.0261023085207261,0.1511492898299684,0.0301239161281358,0.0006813305101111,-0.0559131622317822,0.0952361275981861,0.2676978452540141,78.97086434993417,2.066484631337659,3.6401045115499326,0.0512807538610321,0.3442723921127169,10.956628886339123,2.477380432053946,9.203581147525318,-2.7982124133117017,0.9153100339515792,0.856848467448884,0.1306983696421595,0.0582012488881701,0.3552689423044465,0.1430714828303015,0.0033873853721427,0.0495440341458016,0.4048129764502481,6.038487513782077,1781.3538165657123,5.035520704397978,5.440906195063719,0.1505399746260825,0.1302588531990526,11.929110060908403,1.0761850668715236,3.44475294917379,-8.245827368839636,non-void,18
0.8561446302309618,0.7398430428816369,-0.127231056777872,0.1041450371546542,0.5611976344265847,0.1644199822794006,0.0108461887639443,-0.251129621793235,0.3100680126333496,7.975009518963731,2352.627808094301,2.0063238823482665,3.684899343580138,0.0809415583382833,0.658045571445412,8.713645375970742,2.984657898933808,13.660753969368676,2.8428774450065903,0.8786503462418715,0.827177799843954,-0.6263307530684493,0.0456969769986006,0.2425814277194394,0.6279955620433167,0.0020882137068106,-0.7543129464148117,-0.5117315186953723,116.3416356540999,34320.78251795948,3.135367746741332,4.235890200631719,0.0868090940626808,0.3124640016330138,9.986372768434476,1.7342166005003266,6.619365019303014,-3.424954329544139,0.8568948953682836,0.708355304479855,-0.7580396044184695,0.0527906920148638,0.2592197603313765,0.7598755812830926,0.0027868571634082,-0.8942255223322807,-0.6350057620009042,170.33621521394377,50249.18348811344,1.2568826409073195,2.713179146602904,0.0333453010616236,0.4700212348238523,10.438737688994996,4.164759417135143,23.67215772487452,-0.5214098130237506,0.866086590216126,0.77152538299546,0.997209769011009,0.0663018260546987,0.3356144756563195,0.999411454581734,0.0043959321381875,0.8239677384490933,1.1595822141054128,294.65286038700737,86922.5938141672,1.8987570258126356,3.403281274810284,0.0542598057623255,0.3925318801670638,10.023160061008312,2.876968515210739,12.978073029072316,-1.8964854886808515,0.874200619218139,0.7193409778720695,-0.0102556060812697,0.1333342139004256,0.6305666480955225,0.1337280451234468,0.0177780125964444,-0.364547172126622,0.2660194759689004,5.275541065498896,1556.284614322174,2.5785863382237286,3.7065687865291146,0.0486931519146854,0.3028233212478371,10.440677092219197,1.9537893950909893,6.9448175661462805,-3.62153530649934,0.842105395346241,0.5321381634222735,0.0266784972887554,0.0665313198631505,0.3811481067606962,0.0716809510282821,0.0044264165227328,-0.2687662205359481,0.1123818862247481,1.5157568283940988,447.148264376259,1.5371135597189065,2.2489949530871285,0.0258880305557693,0.3377503893719101,6.071665117188293,3.733908234323203,24.74204311282971,-2.924257894917288,0.8539582190029545,0.5062891235880204,-0.0079316190393552,0.0865421715983107,0.4618422612955321,0.0869048792964866,0.0074895474649514,-0.3440330757560098,0.1178091855395222,2.2279751234333904,657.2526614128503,2.5129350512106536,3.617936695994412,0.0652423410517996,0.2802810501064515,8.641700871690327,2.2770391746685013,8.415450646325134,-4.095691620719414,0.9037721486014608,0.7661353815034483,0.1548779905111589,0.0811579626014593,0.4169787915565736,0.1748536726477157,0.0065866148936198,0.0391460334066424,0.456124824963216,9.019273017326384,2660.6855401112844,5.296464187598148,5.339076559467481,0.1712774574364942,0.1499470606294789,11.746993273908451,1.0781250510524891,3.7536403628581607,-7.535079972309711,non-void,18
0.8776177575344626,0.6585283743553638,0.4862176629639524,0.6558693938370225,3.4674679231627965,0.8164387775885409,0.4301646617721433,-0.7425786091152068,2.72488931404759,201.30482782018183,60794.05800169492,0.8303838608587594,1.8448806515052936,0.0129885688691353,0.6584655036727216,8.615531993620396,5.4244251624481095,43.97094176403649,2.850984521939173,0.8599745179505731,0.6977994981395494,0.3528356475412489,0.1942137819853867,1.419565797121117,0.4027554931827992,0.0377189931130673,-0.4032898302915602,1.016275966829557,48.98802016125377,14794.382088698634,1.2037322152887486,2.351103939704965,0.0169124837368367,0.4159204865348674,9.538666170460536,3.716638133824324,22.41139791619662,-1.474616600155726,0.8527125833884189,0.397467670434769,0.8199498245740385,0.1580123613612109,0.7735186150684074,0.8350362993079657,0.0249679063429459,0.2819385862597342,1.0554572013281416,210.58025759090663,63595.23779245379,0.5403077292648808,1.1283812400448563,0.0050407326639901,0.4803338719693333,10.040825217248214,9.975341639284844,133.5005832792937,-0.3418119565431593,0.8768552486643744,0.6092511574719995,1.1100204117632282,0.5421481084262185,2.625491426079219,1.2353420117526697,0.2939245714701268,0.341959453918423,2.967450879997642,460.87310557234224,139183.67788284743,0.5349164885404248,1.2022585125514198,0.0048503091617329,0.6342959182316881,9.276812279544936,8.084053816098423,91.67659925620008,2.391621092097666,0.9187781064176236,0.5203900038344018,0.2650537268443393,0.6338368750641447,2.890175390092158,0.6870244990574599,0.4017491841910802,-0.7368944041120569,2.1532809859801008,142.54480401615643,43048.53081287927,0.8874769102634728,2.018377316233979,0.0160031119779744,0.4203098377133368,10.320229540076648,5.853317063019376,47.180897007429046,-1.3962637487696796,0.8236253282479401,0.4131406108270577,0.5791790095176592,1.447837632256651,7.517007226620258,1.5593851783457489,2.0962338093785458,-1.6957569975316011,5.8212502290886565,734.3680046022097,221779.13738986733,0.5663612437500813,0.8268348055761863,0.002449131721405,0.6590767251813628,5.466979942735243,8.783321198102476,158.41011321898128,2.862793236308396,0.8373434183488571,0.4708868729716344,-0.2124659549301741,1.0505634960178518,6.465173108181512,1.0718327486924637,1.1036836591652508,-3.3621981547958018,3.10297495338571,346.9452832332318,104777.475536436,1.2618664305742129,1.677532180029228,0.0121302563975413,0.2171799377475195,9.344617039830489,5.534370043159076,48.75494770008811,-5.568422429389175,0.8560658655892626,0.5892073578621132,1.517314247702522,1.3229768371510244,5.835425014387563,2.0130847567649006,1.7502677116381282,0.1223129965313885,5.957738010918952,1223.858091851598,369605.1437391825,0.7469716421281325,1.714324413929048,0.0117623422947246,0.7492565966550553,9.203510467812372,5.802001652421961,48.30152478624998,4.754010590459772,non-void,19
0.8815239030999974,0.7178401010566287,-0.2259881876947374,0.4094614595761646,2.095592162074266,0.467685094754788,0.1676586868782431,-0.9461965582334207,1.1493956038408448,66.0562630524501,19948.991441839924,2.3916451920617194,3.059333557627094,0.0243740014300078,0.4389798311063543,8.286261269817388,1.5785839944452136,5.804095205487721,-1.0653390728737917,0.8949460791415396,0.6494126966906969,-0.4966620131073375,0.2250594313505527,1.4595212554249613,0.5452750708620993,0.0506517476398341,-1.1091387324975586,0.3503825229274026,89.79212067690753,27117.22044442607,2.5546620003462186,1.865052781106339,0.0217292543649698,0.1038697564134863,8.120824263846941,4.111320854234473,32.924142085693056,-9.358820204296034,0.8730257851987931,0.6860117521980001,-0.4582631463068667,0.2317518993164238,1.1574676074751409,0.5135309670310434,0.0537089428367698,-0.7195285101794713,0.4379390972956693,79.64164433815124,24051.77659012167,1.76553168566755,2.350440583427252,0.0279160731507168,0.4262037908047821,9.228369657212168,3.40103429218047,21.766754029995717,-1.2914036463573806,0.883495387920608,0.691818815261738,0.8605074341089081,0.1982303223591284,1.082035177702206,0.883044905347005,0.0392952607026039,0.2918035834276148,1.373838761129821,235.4900280675089,71117.98847638765,3.038806986499319,2.775214625920356,0.0518756078064891,0.1223543431179485,8.549622904609729,2.742755917298863,15.023882685151047,-8.556998164501842,0.9017367363410704,0.564202724450725,0.4832126928145477,0.8494482352737458,4.412468340476732,0.977270080840894,0.7215623044096809,-1.3329943960296171,3.079473944447115,288.42715689384374,87105.0013819408,1.319413732913861,1.803830381682827,0.0164414849740607,0.3345216475516775,9.469468191657317,5.101931815890741,42.921123060803545,-2.9870970561561645,0.8120112855510697,0.5653403106280056,0.2032325688935362,0.703319997082663,4.12764330664016,0.7320945945405027,0.4946590182963571,-1.513757834570946,2.6138854720692146,161.86067359733778,48881.92342639601,1.374400886153213,1.807587011770564,0.0080682683593503,0.3989222970190966,6.43957874456441,2.97111010129459,18.070614635391408,-1.7804230694258982,0.84752408220838,0.670163626071497,0.4214900911478462,1.1603297056908388,6.332042854165908,1.2345116130860854,1.3463650259085886,-1.7908442471257482,4.54119860704016,460.25371469901137,138996.62183910143,2.035663934782961,2.143029160000547,0.014360563080725,0.1568912643870385,7.912111347049041,2.709397323830412,13.838785515702986,-7.302848260963787,0.8752880723165445,0.6432480571067077,1.2701265013579464,1.1839834879147688,5.261209869950601,1.7363865436896817,1.4018168996548217,0.0443365938492828,5.305546463799884,910.5415451901928,274983.54664743814,2.06692995547024,2.6639697004410032,0.0366493426310278,0.2716122947486452,9.063315789500775,3.245018144965795,18.119835737273423,-4.284131817645193,non-void,19
0.9501233619741764,0.7216665366705368,-0.4116810642325825,0.061713211403552,0.3670339814694766,0.4162809377204428,0.0038085204617395,-0.609301318492545,-0.2422673370230684,52.333525371042185,15804.724662054738,2.9191560618893218,4.910388539240192,0.0863459541695123,0.2759331028824776,12.750206070506662,2.315137407353837,8.086459145678027,-4.189748779358863,0.9006690723038406,0.8257273995333613,-0.53621513748641,0.0341370210455404,0.1974075603508839,0.5373006699004136,0.0011653362058636,-0.6192056636604445,-0.4217981033095606,87.18498698238083,26329.866068678995,6.34170684391474,5.734358085562306,0.21801283243658,0.1258753771600932,12.38734409700661,1.1525798110427967,4.203636965517334,-8.416324900988265,0.9061037041766844,0.7901464474782884,-0.5657992074395601,0.0240349788356431,0.1355414694562935,0.5663094766528848,0.0005776802076298,-0.6236165905836284,-0.4880751211273348,96.853339850753,29249.70863492741,3.238597267967705,5.065796903586905,0.0856419113763784,0.3047568174462685,12.96992973987191,1.9207911749659317,5.835711234723248,-3.581832610901557,0.9231963383333508,0.7752291828905316,0.8830882596401366,0.0533233346431304,0.3081003004985556,0.8846967007577844,0.0028433780174632,0.7110818885474133,1.019182189045969,236.37185220417604,71384.29936566122,3.3925556884671644,5.324591209543115,0.0795736335175347,0.2930106621533931,13.031161591370866,1.8586894196297128,5.54293011979124,-3.825294289513268,0.9696943029372872,0.8315960921550295,0.1066499435926096,0.1228673137424622,0.6791184143707933,0.1626978403501272,0.0150963767862886,-0.1971741101365117,0.4819443042342816,7.994117350887838,2414.223439968126,3.994659086123421,5.425675081475214,0.1626567955384011,0.2145469214403228,13.108322873413812,1.8499258052801348,6.297839678521848,-5.635979561250136,0.9242067481976702,0.6249144920832028,-0.0908449319446959,0.1029067456289206,0.4609155192562489,0.1372683501611781,0.0105897982959353,-0.340856472683606,0.1200590465726429,5.690465186703484,1718.5204863844524,1.8971498781653893,3.215536846346412,0.0575557925803915,0.2447388948301677,11.919468372583088,3.8683364087917744,22.568757481359945,-4.8939412100183874,0.9032511545303612,0.7842787515785994,-0.0707465513520269,0.1971794294162529,0.9976468715805612,0.2094869970024967,0.038879727384919,-0.5381174178453122,0.4595294537352488,13.253210177763467,4002.4694736845663,3.864277570965579,4.82713434832861,0.0867937296071019,0.2552535461240943,11.279674371806353,1.4496359746695775,4.9066231172260215,-4.650366588103675,0.9684355868276968,0.8593143680670005,0.2751420316791322,0.1161673427739944,0.6785142478716268,0.2986603239864501,0.0134948515271707,0.0393292544579749,0.7178435023296018,26.93779271535479,8135.213400037145,6.451674807133583,6.297833802391027,0.2338677872263249,0.135628695740487,13.61284381663537,1.2089333165621667,4.152693248158852,-8.043487477473384,void,19
0.9477391878094448,0.7667990680423135,-0.5510650936267437,0.0819287229061331,0.3971096549817176,0.5571221168207935,0.0067123156370299,-0.7284849531861257,-0.3313752982044081,93.73628602136633,28308.35837845263,1.7199317784494552,3.6330488793267377,0.0603945875650985,0.3845548122245885,12.492805414767156,3.419401020447687,15.746480827535336,-2.042311260419803,0.9189986805014666,0.809097204699517,-0.5363241633773154,0.0356195090041719,0.2101175211775459,0.5375056814993453,0.0012687494216982,-0.6376449792543023,-0.4275274580767563,87.25153200851084,26349.962666570264,6.204372942552357,4.637144130611102,0.1840212089748495,0.0976104462595591,11.629992179533929,1.3173847458414258,5.755423460517411,-9.65897694430112,0.905435251674806,0.8367580910622681,-0.6094334280978175,0.0270984101393353,0.1345952534833088,0.6100355949574889,0.0007343238320796,-0.670783598208471,-0.5361883447251622,112.38731498877152,33940.969126609016,3.8843251685525897,5.100017764453981,0.1321522821377194,0.2863137904943425,12.150508790440968,1.7433488820524876,5.706718647090131,-3.966649784782892,0.9175031329115928,0.8039457088130951,0.9834150232279876,0.0658462595717604,0.3306581425241067,0.9856169833206482,0.0043357298995916,0.7922862848303159,1.122944427354423,293.3751330186486,88599.290171632,2.397268582790792,4.362915445310185,0.0838444464950328,0.3671528449630792,12.547553983239226,2.4948625081573157,9.059121116083318,-2.3645192850172982,0.9330260237667908,0.8010534168449438,0.1253724212721972,0.1292417631235093,0.826331113229799,0.1800602047953033,0.0167034333352732,-0.2986084947184163,0.5277226185113827,9.79134655997983,2956.9866611139087,4.883487461603536,5.059833532094272,0.1924488092247857,0.1394049711523455,11.601356126574109,1.8336544352865367,7.595798238287792,-7.905205683345607,0.9342616496819438,0.6785282348733288,-0.0606964066507936,0.114577827376844,0.5148338986851819,0.1296616069108986,0.0131280785263978,-0.3399047521781962,0.1749291465069856,5.07726395662835,1533.3337149017616,1.15308042336796,2.3399180509723627,0.0341359137213349,0.3592759877225064,11.603858308955296,5.859659684538296,49.43635557962217,-2.512428068273118,0.8774028343236584,0.7836927797192713,-0.0849940192170354,0.2474781941147514,1.317815407235604,0.2616666579160676,0.0612454565622985,-0.8068359994239176,0.5109794078116863,20.67777083921924,6244.686793444209,3.176108793146338,4.007538889252976,0.0787927010041457,0.2758874917443349,10.137616149054695,1.761997238781972,7.169299775740661,-4.190740382187531,0.9377944318738322,0.7986204798335416,0.3088896948652394,0.1492997184480489,0.8489104942095012,0.343079071822528,0.0222904059286666,0.0460263301218093,0.8949368243313105,35.54638135582742,10735.00716945988,4.911801071844648,5.352572405928472,0.1954977865523043,0.1358669288714736,11.874475327081566,1.8538705033941916,6.784198187736575,-8.034668633942218,non-void,19
0.9053180595934546,0.6975754398155126,-0.6878629648429023,0.1367824803024808,0.5232142028721319,0.7013308101888626,0.0187094469176985,-0.9540899221586132,-0.4308757192864813,148.54320140669026,44860.04682482044,1.3523245644346693,2.5874876827171898,0.0239098120722421,0.6907511718299045,10.95044709538795,3.534813347375923,22.43767628073989,3.490135687697693,0.8948703004205303,0.8284104248775442,-0.5283477058291016,0.0349234209192219,0.2349853182430691,0.529500654941593,0.0012196453287011,-0.622696548748902,-0.3877112305058329,84.67202496223995,25570.95153859645,7.5782064580828035,4.302433003152692,0.1777344198993543,0.1003006322578515,11.49291689401231,1.0368033198708095,4.442263988290294,-9.527936754158976,0.9106858868862816,0.7981561359391697,-0.637235682253241,0.0218895497480336,0.1278595307093939,0.6376115330865065,0.0004791523881716,-0.6871016928244551,-0.5592421621150612,122.7776370717274,37078.846395661705,5.16601627061674,4.384292779026801,0.1376669159907885,0.1651035778867973,12.23581200128027,1.454198011786801,6.154755325381961,-7.038759967622181,0.8982819796196236,0.7526877637233733,1.0811243218036344,0.0997723249869374,0.4434826666836283,1.0857183410206663,0.009954516833299,0.8624273693682954,1.3059100360519238,355.99286344065763,107509.84475907864,2.407437042433802,3.619401850197456,0.0433733935880664,0.5741648361166173,11.335881573756636,2.19259553829802,9.31064251256841,1.2979507243147896,0.950801766451892,0.7649726314008005,0.1170811261540585,0.1187732537528662,0.746310000761229,0.1667785235231003,0.0141070858070427,-0.2102606505340589,0.53604935022717,8.400152924380688,2536.846183162967,6.065481549796795,4.155857870293958,0.133971576230478,0.1210072470276959,11.663020792449132,1.9919013525998177,10.632957087663682,-8.611739086764217,0.9207740249691012,0.7102091385164314,-0.0904572605588708,0.1285477142846567,0.563405954074744,0.1571847029313768,0.0165245148478097,-0.371327765060663,0.1920781890140809,7.461523312358807,2253.3800403323594,1.6001498092851427,3.023765138791541,0.0515006644593665,0.5844380715307694,11.580115017477528,4.518643303551935,31.74745543466732,1.4810274738330858,0.853897708491207,0.7701213571133021,-0.1415480373384177,0.2161031371869587,1.2057615861617017,0.2583339172009816,0.0467005659020455,-0.8551733044943958,0.3505882816673059,20.154396658473893,6086.627790859116,4.897283984615722,3.856512468859503,0.0820063255667393,0.1003185765330964,9.832500914009696,0.9322730735845154,4.964988358884682,-9.52707390336592,0.9216833228623488,0.798646358225154,0.3111571880626937,0.1497989447142122,0.954827047477314,0.3453382682538588,0.0224397238374916,0.0469865623924121,1.001813609869726,36.01607289521339,10876.854014354449,6.104971947962297,4.466820723132167,0.1293590560834385,0.0866362269172561,11.293796148852774,0.9960227809319894,4.905353876929088,-10.229442483377476,non-void,19
0.9049802323244795,0.7117159622116038,-0.8214545912106502,0.2141098606202913,1.8174031869913645,0.8488996865566021,0.0458430324148405,-2.443282438223965,-0.6258792512326007,217.63046470644093,65724.40034134513,1.5075494195211714,3.0866100528667144,0.0476208034225901,0.3905786002696808,7.626376942758365,3.987527389304495,22.016292102595145,-1.9320925076962048,0.8758438843655297,0.8354544985062732,-0.5238460975257421,0.1063940363637932,1.213972547015835,0.5345413219450199,0.0113196909737801,-0.7897762956249865,0.4241962513908481,86.2917963097523,26060.1224855452,5.291429262852454,4.6577672570716295,0.152436175168365,0.0682245749650447,9.38545855900806,1.3794001140991103,5.504259066835156,-11.353702917713903,0.8879809639238457,0.7772142581630849,-0.663138445812914,0.0321799044946954,0.3512542725030434,0.6639187785930255,0.0010355462532877,-0.8229958278435351,-0.4717415553404916,133.11801965967337,40201.641937221386,2.3721722019243874,4.178774559573806,0.0881555434521994,0.295330992564339,10.149391987141994,2.756403790249853,10.88457652848735,-3.776761025087092,0.8849700945661013,0.7403798858175336,1.1897602286495983,0.1778309466733407,1.5535833610832088,1.2029768274040369,0.0316238455947365,0.9735552637123948,2.527138624795604,437.0402806758666,131986.1647641118,1.9369826991778307,3.697035057063515,0.0562417201286788,0.3706204891368908,8.663269478173444,3.049561256071556,13.003054476913656,-2.2998317008879123,0.9522808056533884,0.8045235391557455,0.0910474299072351,0.2274146290143562,3.175966156441209,0.2449633604897887,0.0517174134897372,-2.13042019225976,1.0455459641814489,18.12212849069996,5472.882804191388,3.2829476732939,5.135740749514018,0.1451091052444903,0.2664475440418042,8.833894545588974,2.387623434137839,9.228334592509816,-4.398194516271648,0.9306977968778264,0.5576204852825247,-0.2339894687874769,0.671031504942739,4.347378527742179,0.7106576898403075,0.4502832806257171,-4.246032949266696,0.1013455784754827,152.52037434300715,46061.15305158816,1.0274270518612174,2.3636227510114964,0.0292480570079933,0.4374185888897255,6.681664693124537,6.787612841362076,59.27280534824301,-1.0928814132331317,0.8830254788246901,0.7353861654121617,-0.0357099942602223,0.3530673625000489,5.129874331118367,0.3548686604263697,0.1246565624627409,-3.7151256266931822,1.4147487044251854,38.03139337814744,11485.480800200528,4.002734412742738,3.8778000017277465,0.0644832976367706,0.1189992834641564,7.620972056895095,1.6668065410103297,6.693398189871312,-8.69431913135365,0.9324929182818424,0.838864595401723,0.4099177848503129,0.7231463032663802,5.819558365623958,0.83124795714902,0.5229405759278315,0.0268233031061243,5.846381668730082,208.67389621185453,63019.51665598005,4.607086833016037,5.059603179144882,0.1631492101760965,0.1961712125024305,9.73616294611494,1.6331232848679935,6.194823488270341,-6.1252827579457,non-void,19
0.7650423326555816,0.5381263845334919,1.8871874831254687,0.5539320213793122,4.721562160105507,1.9668038236628516,0.3068406843093708,-1.436132739535093,3.285429420570414,1168.2318187939934,352806.0092757862,1.4151269691094734,1.918901776514144,0.0100913675275414,0.332900265001434,5.21595817886292,2.6834943694350457,16.363909290403264,-3.0187662694789363,0.8570855191393053,0.2316276431647612,1.903877055029168,1.022890550668227,3.7415664035228495,2.1612618812427358,1.046305078646349,-0.9694061007317816,2.7721603027910686,1410.6579816324918,426018.7104530127,0.3303030733067889,0.5653553576007938,0.0012913524242609,0.7853106543042211,8.203553554412496,22.918304303051425,742.9361687740947,5.632309971864835,0.8413068915840658,0.1668454090678572,1.7820985651579084,0.865238291657706,3.106128400114672,1.9810382624494207,0.7486373013507456,-0.7061407114991854,2.3999876886154863,1185.2028043811638,357931.2469231115,0.2967193470443577,0.3201728725557098,0.0004342030654883,0.8312228874074633,7.15869119517884,32.21509074513916,1615.2845213587648,6.924039401204141,0.8091604893362728,0.2970117201228718,3.4028879877516904,0.9403383115621596,3.8078675236831385,3.5304224672659674,0.8842361401915732,0.7191535895651836,4.527021113248322,3764.092604807649,1136755.9666519102,0.4177663117521028,0.684661519681131,0.0017331496117637,0.6557094588078809,7.360915887664882,12.73394672906982,270.52484100021,2.7978635722649563,0.9002883726491677,0.2569523796067677,-1.13897597281922,2.061361577647548,7.111405976221659,2.355096138262953,4.249211553801587,-6.56851863014979,0.5428873460718685,1675.0363017792445,505860.9631373319,0.3506028605621258,0.5618920743632255,0.0014301285064788,0.7242527209521047,9.07281020279754,23.167715725837034,756.7072958332683,4.193788997815051,0.6878922807559368,0.4962666342557131,-0.3380541306478771,1.8513299103337253,12.316562812232934,1.8819412934904136,3.42742243689628,-8.378854345808948,3.9377084664239863,1069.5943157076,323017.48334369535,1.2310671638280684,1.286312339690779,0.0038232617947935,0.3235695381212652,4.101912460089438,3.3128103410605263,34.67914787704814,-3.202555280025052,0.7962516329584153,0.5631663918135872,0.1675933340928402,2.019576427314572,10.919424043786355,2.026518312623166,4.07868894576469,-6.673610348870458,4.245813694915898,1240.2464943619073,374554.441297296,0.9014868766608218,1.5304481826448677,0.0058791519946148,0.495153951126673,7.3428499335876944,4.787074706782046,34.60153871049924,-0.0841871274005266,0.824371834927125,0.5033188338347856,2.5895384512493247,2.5474002303336123,10.388480153798447,3.632486383181978,6.489247933503741,0.216651140201302,10.60513129399975,3984.877111848752,1203432.887778323,0.4321812843162153,0.8488674996784121,0.0020642922263895,0.731331494893458,6.99782485551182,9.725217497004024,140.10761002147885,4.348975179059101,non-void,19
0.873273573090469,0.5412022153200826,-0.2651681750090042,1.6172611835352628,8.598891766399825,1.6388556668625474,2.615533735769879,-5.0576459261506965,3.5412458402491285,792.325129558208,233735.9132196713,1.3999597990058148,2.1946498107756507,0.0191295300801075,0.3469514994723344,9.283435908618038,3.791661021933832,20.79715428052834,-2.74676667808554,0.8944904796410511,0.7467316903512939,0.4858203152711892,0.9807999486446312,4.804872262338573,1.0945272577654288,0.9619685392613114,-1.8442856000152397,2.960586662323333,353.4070258074953,104255.07261321109,3.596507274850776,4.329031469482812,0.0533280232431598,0.3468473231450156,10.467891683393072,1.324666601195868,4.059726393920057,-2.7487636392351105,0.8739053814449949,0.5357648952283586,0.5947559072477051,0.9414941692296924,3.943198676599033,1.113618363668429,0.8864112706935087,-1.0514853493848166,2.8917133272142164,365.843028670367,107923.69345775826,1.0164394558931291,2.0529791752071014,0.0145187088610184,0.56367957791972,10.143321659420218,4.802447443694217,30.14570554145624,1.1122675996073146,0.906166279110403,0.5614071145257491,1.7549317553322006,1.4297545974135504,5.576749131556312,2.263621804696744,2.0441982088251835,0.1623528551534543,5.739101986709766,1511.5751840360704,445914.6792906408,2.751638135110454,3.826439895008568,0.1171128062575742,0.1975584260804058,11.411032115132988,2.964082143954823,13.829280666672744,-6.087178634749014,0.8815783316165647,0.5838181957170139,0.9176056360207456,1.876347427481072,7.975468910618231,2.0887028921969426,3.5206796686148354,-2.9197681663691086,5.055700744249123,1286.9905327022025,379662.2071471497,1.133830045834102,1.9158962911744888,0.014427288462003,0.3421605959128166,9.40513724160696,4.293999797670435,27.72055519397513,-2.838898902082917,0.7327776519591398,0.2372823061829917,-1.302688849550607,1.6872887912135286,6.715176616000919,2.1316523411894104,2.8469434649548107,-5.911750783726687,0.8034258322742328,1340.4628025909967,395436.526764344,0.6233472137189752,0.6558807518205257,0.0005896740737824,0.348445661173948,4.971918102442714,9.664591291293554,133.4215003122823,-2.718155800896311,0.7609739384045656,0.2642841924855248,-0.9315295984555896,1.7503621426390434,8.795532402402552,1.9828048373914096,3.0637676303839427,-6.415830031924702,2.37970237047785,1159.7969318389185,342140.0948924809,0.7484687559948677,0.56178859417319,0.0009363583664295,0.3926546272262351,5.987601249672906,13.410775398422713,292.47223290784854,-1.8942500729337652,0.8257257824503342,0.3886588950385763,2.753175226488204,2.2930683964950918,8.12379610012016,3.5830345377560824,5.25816267100457,0.0978336210815858,8.221629721201746,3787.2502671321176,1117238.828803975,1.0141341791867649,1.085688946339863,0.0055815411090966,0.3110813390852428,8.889358328158323,7.872135884818101,98.6584013697355,-3.4529398899066965,non-void,21
0.9341386140344548,0.8713119556089325,0.14037916930401,0.2447557413378702,1.6054665932897838,0.2821554254171525,0.0599053729178504,-0.88400875277215,0.7214578405176338,23.485446807238635,6928.206808135396,6.641566566426548,5.400582506519273,0.2051033622720011,0.0825657725025806,11.59014710912479,0.8400077796005171,3.2893001539195024,-10.457748875965557,0.9316475944872366,0.8384258055648496,-0.3274859650730602,0.1856998653497573,1.0509850611931013,0.3764724389789399,0.0344844399909179,-0.7349697804218237,0.3160152807712776,41.81079170667172,12334.183553468169,4.062955473771331,5.565625091703256,0.1420434009670217,0.4355264865007678,12.49802168679861,1.5417966246218628,4.830571088985072,-1.1262899579287886,0.9619048182469616,0.6454218996044789,-0.2710693199889001,0.2287031498813242,1.0354212931429727,0.3546599878825975,0.0523051307656394,-0.6053427103802007,0.430078582762772,37.10619356644084,10946.327102100053,1.3505915020400856,3.468429674712268,0.0464934707938142,0.6595854991903841,13.409215370242162,4.131261104615375,21.44073384270953,2.87263048109533,0.9565745348035622,0.9016162340102256,0.5574632607587634,0.1906871818245188,0.8939901870209419,0.5891747520116338,0.0363616013121771,0.0684532768982917,0.9624434639192336,102.40243208035122,30208.717463703608,4.517424282447566,6.208860292383985,0.2138527416315797,0.3054597241883048,13.735164339507646,1.7237673228511274,5.374378884855438,-3.56743478598779,0.9136270409215588,0.5269582996856141,0.1076728126303785,0.6052097066750406,4.007489975646541,0.6147131230366123,0.3662787890536886,-1.8148590168118648,2.1926309588346764,111.47230597186044,32884.33026169883,2.0931004538541678,3.450086238694984,0.0447265728213649,0.2673648847292919,11.774761294306224,3.2107012431146957,14.388925611712605,-4.377833633256068,0.8758673501396524,0.3886740675031542,0.0317762283657349,0.1321001742932565,0.7426300974238274,0.1358682624363029,0.0174504560483087,-0.3622607837041804,0.3803693137196469,5.4457544975507295,1606.4975767774654,1.2290208236998337,1.8443880093290737,0.0139423390218161,0.3772919291447947,8.876674795514841,5.236518154884665,38.818401010129286,-2.1760697813905647,0.8863405345250348,0.4207990396412358,0.0379369461020891,0.2358362554550514,1.2969623891720263,0.2388680624667372,0.0556187393870602,-0.5643400855729519,0.7326223035990743,16.832095623650858,4965.468208977002,1.5917621353629683,2.4646255164844453,0.0279382074662449,0.24991198735442,10.60732401225617,4.6931439020939845,28.00502650888539,-4.773251358452447,0.9335965105439022,0.7328718486041836,0.4991917773998297,0.4518826496048473,2.15945117482783,0.6733426762336533,0.2041979290138972,0.0367058660879615,2.196157040915792,133.75015609306203,39456.296047453296,2.258732749369184,3.725205939259748,0.0858104252532019,0.4169185108578566,11.870290514369888,2.9924642217973867,13.669750501036887,-1.4567807621439124,non-void,21
0.954886481394092,0.9086715925817004,0.2100343954091548,0.090323846604812,0.5144296093261894,0.2286325535009807,0.0081583972654896,-0.0383518308692463,0.4760777784569431,15.42048913351175,4549.044294385967,8.594112475597619,7.403125735958508,0.3777328248724144,0.1365952135078502,13.507289815242975,0.5407474776163298,2.358555387400629,-8.007789601118544,0.9668482347093492,0.9425906788214864,-0.4721242758207828,0.088821142805011,0.4969744939683384,0.4804066269614594,0.0078891954091881,-0.7084159741831851,-0.2114414802148467,68.08320553240362,20084.545632059064,11.853405140086888,7.507291380060669,0.4173721463502289,0.0590905484158709,14.879647531096966,0.1806103827785941,2.007243121576664,-12.020297812442442,0.946056319976086,0.9498481875570433,-0.4869019199360138,0.0832392316466099,0.4304860077363717,0.4939658382140351,0.0069287696851179,-0.6456127422752567,-0.2151267345388849,71.98066355013583,21234.29574729007,8.137441918594568,8.998662332888616,0.3480348856182965,0.332795850700443,15.715149038639648,0.7426011287636612,2.059637525879771,-3.0208082631885738,0.9716326144032622,0.9478365789942071,0.7175234918434816,0.1105697052727241,0.6088984348240751,0.7259928519423314,0.012225659724097,0.3574556254817362,0.9663540603058114,155.48435821605122,45867.88567373512,10.708633296149188,8.600518034477492,0.4192946896676765,0.0983359411914915,15.370808143850844,0.3075453531089787,1.7472151566101355,-9.623324645225924,0.9261385939464276,0.9002735635842535,0.0340911639473752,0.2102613392744183,1.301710797241051,0.2130071319293297,0.044209830793472,-0.620867493871808,0.6808433033692433,13.384751284563867,3948.50162894634,8.877015641102982,7.443447441893749,0.3869544853551614,0.0838596414455036,14.58323261932702,0.8274699354414712,2.6671225741178897,-10.384090098540517,0.8935242775251643,0.7893074314183046,0.0439932336445474,0.0315207673180568,0.1765565370850003,0.0541198981782376,0.000993558772319,-0.0319240865952448,0.1446324504897554,0.8640441967527307,254.89303804205568,4.283999782955551,5.989123252820626,0.2010842682376885,0.1648360540333965,13.13840281468711,1.868698647038093,5.75598239879681,-7.047194342587973,0.921386790344884,0.7632068069800386,0.0276982261113207,0.0697595024446452,0.455075986872959,0.0750571776117268,0.0048663881813244,-0.1725181952067562,0.2825577916662028,1.6619060737563018,490.2622917581091,3.2189705611929584,5.3397627748942735,0.1197598800391761,0.3046845636210054,12.857476604608308,2.1055281122716543,6.483678937013962,-3.583314104302655,0.9602303240765856,0.8272276710976584,0.1862749578794307,0.1386947064946471,0.6673612522935849,0.232238200007277,0.0192362216096363,0.0156339471178147,0.6829951994113996,15.9107015550729,4693.656958746506,6.435959509543762,7.115607523418621,0.3292526520393254,0.1243727285010249,15.262859714908258,1.329483130212872,3.7946863007101994,-8.475941117684771,non-void,21
0.9581768591136544,0.914540190078464,0.2946725554309051,0.0818584658943358,0.5741185895781122,0.3058312007672761,0.0067008084385741,0.0086808205602169,0.5827994101383291,27.592153392012428,8139.685250643664,10.711056673047793,6.874065078853501,0.3791975541768257,0.0891940713606078,14.116353510190969,0.2606368632544104,2.567535291691676,-10.090898433173033,0.9487770858415664,0.9489046023949064,-0.5262350989152115,0.080584955469326,0.5133790289391389,0.5323695280332034,0.0064939350479932,-0.7934473528462543,-0.2800683239071154,83.60810774159721,24664.39178377118,12.76242684243688,7.7746840450594785,0.4703604894213098,0.0520829655765523,15.265443407688805,0.2370605661964492,1.9125647407084123,-12.600745908840423,0.9687611293075364,0.962702745482758,-0.5744744888277418,0.0463349506510212,0.3086274854699834,0.576340061045324,0.0021469276518325,-0.7241467703573697,-0.4155192848873863,97.9895204598897,28906.90853566746,14.252779647701107,9.436323668364848,0.5164379952280517,0.0401898613292054,16.73915899133872,-0.0034459615318779,1.490558885326473,-13.780686976286631,0.9706571869794164,0.955334724879588,0.8382999737789834,0.0798189054606333,0.5266168486698091,0.8420913867905178,0.0063710576689335,0.5799396060712416,1.106556454741051,209.18978159349933,61710.98557008231,13.280892240505674,8.974385678834318,0.4953041520384575,0.0598403451361782,16.054039847411683,0.0459554764803788,1.6191571351053176,-11.962074931842558,0.9334703329007726,0.898603806867242,-0.0018226037149798,0.1765947052087622,1.1221731255852103,0.1766041103487444,0.0311856899077696,-0.4805999174704616,0.6415732081147486,9.200758478661092,2714.2237512050237,9.16272281369298,7.391666404768987,0.3304552043513695,0.0793822431158775,15.006488042059653,1.0302584276248117,2.971591655045626,-10.64355976661233,0.8886653259846734,0.7495172030569687,0.0336399120655781,0.0244950945807109,0.1390374028607721,0.0416131390584489,0.0006000096585179,-0.0304852701701892,0.1085521326905829,0.5108377359778526,150.69713211346655,4.987117357824983,5.835028177910535,0.1777480516870463,0.2361878739067931,13.694845463100688,1.7879499090794817,5.529220762910322,-5.097288840126214,0.9324853411088276,0.8406124549640837,0.0218518823138778,0.0540328551653387,0.2932724774616974,0.0582842534307341,0.0029195494373184,-0.1140611451895386,0.1792113322721587,1.0021309884035223,295.62864157903914,6.141244417966412,6.731848977824408,0.2138989500446647,0.1486097091617608,13.686733174191067,0.9376186357304698,2.6709993954968128,-7.580814788717055,0.9688887501134916,0.8092787719901197,0.1541699366263678,0.1120238812618501,0.6356519077020307,0.1905720843469666,0.012549349972969,0.0118754200667866,0.6475273277688174,10.71372720304247,3160.5495248975285,7.165671406054852,7.86971315589139,0.2647684454866217,0.2262937033723843,15.305261203678018,1.2667470919113892,3.35479590558511,-5.339036580924339,void,21
0.9683928891116766,0.9037032942806458,0.281582887344176,0.0701844374648214,0.4209036455480211,0.290197825125097,0.0049258552622534,0.0769859299212219,0.497889575469243,24.843359423664232,7328.791029980948,11.913079914359916,5.962972754548371,0.3736319890585222,0.0564024732773284,13.992673870604175,0.1400582749073189,3.059155414203786,-12.234886061676509,0.9424932090990412,0.9257309133920968,-0.5112773786170328,0.0769675714132073,0.5218788380800228,0.5170382625442259,0.0059240070492471,-0.7818293500761386,-0.2599505119961159,78.8619266557518,23264.268363446783,11.44672139323973,7.836410299366667,0.5020746424652222,0.0950818453598773,15.08976186580344,0.5518624188516044,2.062450649606374,-9.785116792083226,0.9674589870888058,0.9451645525075624,-0.5547570599276093,0.0448040595765978,0.2890396507311534,0.5565633829979011,0.0020074037545433,-0.6814295691569399,-0.3923899184257864,91.38002579175016,26957.107608566293,13.242618565289714,9.355720344762853,0.4689481586112761,0.0660406046882888,16.284147088766666,0.2191877896408707,1.538280936196378,-11.505168631915272,0.964734926751586,0.9341720991647968,0.8096029017672975,0.0764806079089867,0.51054549908806,0.8132073179307701,0.0058492833861281,0.5791511855862572,1.0896966846743172,195.08531187116617,57550.16700199399,12.50353706856646,8.734278156537442,0.483820800626964,0.0735524311425457,15.761032956051643,0.3475974459473092,1.7096157880616685,-11.00223787794632,0.93162662367573,0.8828785222414532,0.0087742927301325,0.1635890916579655,1.051548969233108,0.1638242324028783,0.0267613909094782,-0.5243681734103395,0.5271807958227686,7.917321841105728,2335.60994312619,9.397267040560164,6.546355632084796,0.3461351665130634,0.1190939876719573,14.214494086160212,1.3783982835546196,3.9223186698903407,-8.690397335233937,0.8910256425063384,0.7427664609071802,0.0353262144351351,0.0243933488835075,0.1231454251234638,0.0429299067791867,0.0005950354697525,-0.0181212320395414,0.1050241930839223,0.5436781843405523,160.38506438046284,5.214155277309439,5.686856279785922,0.2042628476778087,0.1532830202346872,13.547891661479476,1.5488951913953504,5.053747352626851,-7.422440761092728,0.9358379995628384,0.836273634944594,0.0284908718571845,0.0503937883693668,0.2800639758970502,0.0578901000638196,0.0025395339062165,-0.0967972461607437,0.1832667297363064,0.9886227871927188,291.64372222185204,6.804426395888622,6.89845724055813,0.2692460809151256,0.1446262007147421,13.58266805119523,0.6903827707040708,2.2442859581104004,-7.7190892248454706,0.9720594010604136,0.825356228058503,0.1440215521406511,0.1062563514471427,0.5213435664001153,0.1789765898207388,0.0112904122228587,0.0083723220199428,0.5297158884200581,9.449622812639,2787.638729728504,7.592661619414345,8.377931037703203,0.299948496029065,0.1830799500404618,15.551676480512038,1.185728510270124,3.172667345907921,-6.495387655145151,void,21
0.9492236260273922,0.8072189697662343,0.4352302200657948,0.0929343811766404,0.5281520356589147,0.4450417324961844,0.0086367992046851,0.118147521682711,0.6462995573416257,58.42833238064559,17236.358052290452,5.777830922987976,7.173903997961845,0.2049645669388736,0.2121164946451579,14.040413511521344,1.0784761769897306,2.99633348753077,-5.698875612725988,0.9503878423854736,0.9457069561289208,-0.5345218592099013,0.0836690199376536,0.5776689197403815,0.5410306117684442,0.0070005048973274,-0.7960275311532987,-0.2183586114129172,86.35066624680843,25473.44654280848,11.064163777643165,7.543201356448804,0.4755916538653221,0.0533773210912913,14.721565344793376,0.3438789790595132,2.110059907782812,-12.488201049671074,0.9474265509627496,0.9146106401537976,-0.5931548138463683,0.0597380868984674,0.4429961538556912,0.596155409449087,0.0035686390262888,-0.7723292023519609,-0.3293330484962696,104.84337530354551,30928.795714545933,6.768574721240545,8.349256395981568,0.3162011548857956,0.3354275526573017,15.7233283055172,1.0957609996387945,2.7771003017112768,-2.9694358908772545,0.973430251987811,0.8905007041514289,0.9141297329707432,0.1026857830860179,0.6255744831045374,0.91987908920094,0.0105443700479887,0.5797580671871237,1.2053325502916612,249.62237393099957,73638.60030964484,7.016055959960935,8.22911950949398,0.2932223867869785,0.2591057026562013,15.250315463725372,0.958529397643172,2.5429808032259844,-4.562792768047267,0.9321450589660508,0.8171414895503287,0.0246004797041105,0.1573754907456492,0.9944915681595334,0.1592866243257928,0.0247670450874339,-0.387580094613392,0.6069114735461414,7.484807463286349,2208.0182016694725,5.993615984987301,7.00570384557623,0.224308497405773,0.1440458713769977,14.290493810590666,1.3924645821713697,4.09995398435778,-7.739496730306817,0.8975224250472291,0.6388870006619068,0.0315707594208389,0.0314123126778045,0.1938781514206079,0.0445358983088547,0.0009867333877681,-0.0645039656993549,0.129374185721253,0.5851166402621124,172.60940887732312,2.497448849949844,4.062237366006024,0.0954815865554738,0.3367246022945284,13.04751641078996,3.348891148659922,15.201894953853335,-2.944190144807348,0.9167069370996296,0.567963557158453,0.0253043495821563,0.0646624428653184,0.3458744628504129,0.0694373215575496,0.0041812315173105,-0.1220377792975118,0.223836683552901,1.4223547794005331,419.5946599231572,2.403681454344229,4.037640595768362,0.0736585477022541,0.2816980931936181,13.43539063837375,3.161298642731248,12.4978564444034,-4.065231063550048,0.9636377301776994,0.8441805680218113,0.1498451422252663,0.0986085691198243,0.6089119109209495,0.179380089620809,0.0097236499038591,0.0071089046589835,0.616020815579933,9.492278882948996,2800.2222704699534,6.344238734160287,8.124463970269467,0.2814736554800408,0.1101620440433937,15.390028208699029,1.628736893993403,4.538959350928848,-9.0727893142988,void,21
0.8676497610374189,0.4086913519206007,-0.4753690420231724,1.8275410047277896,8.58842874009467,1.888354270277557,3.339906123961459,-3.754133282279065,4.834295457815605,1051.9351457722687,310320.86800281925,1.0575825042297051,1.4312882370514095,0.0085112277329387,0.379995654007713,8.48209738976875,6.132231045930496,51.9916298753618,-2.126161040990172,0.9074763345824792,0.8039242145833335,0.5516148967708451,1.1829193000002125,4.170692332567465,1.3052115018848487,1.399298070312993,-1.2151672905099111,2.9555250420575536,502.55523407248825,148253.79405138403,3.215148548457844,4.780229283175014,0.1115658258783552,0.3960872308939849,11.704536097857783,1.9118430526389127,5.902092854825146,-1.8318337052521936,0.8946175005434697,0.544516824862365,0.5862302234471685,1.1625804149729382,3.4195977510716995,1.3020211581082566,1.351593221278649,-0.6774602085084994,2.7421375425632,500.101433367662,147529.92284346028,0.864547332602702,2.205871164828938,0.0301336582854278,0.6216835536275485,11.907769079089316,6.218350408663296,48.669999441840616,2.157141569458068,0.903064438486466,0.6855985189819036,2.229916601197953,1.4114495961922706,4.712820790220869,2.639075218876786,1.992189962591324,0.1392741892731921,4.852094979494061,2054.591813212419,606104.5848976637,1.3145796913787209,2.73149350561664,0.0522209859584761,0.5213022690300666,11.44774892982397,4.781921445185746,31.128340297882747,0.3702824633625474,0.9105505608674632,0.590314078496727,-1.084760377309,1.1878276406028851,5.439826175343201,1.6086141799573264,1.4109345037802168,-4.666647487556945,0.7731786877862565,763.3536760881354,225189.33444599988,1.7714921769147922,3.272781052989049,0.0690336132893127,0.4981358829126502,11.119608407260063,3.7940022426489866,20.643393137894414,-0.0323831802386268,0.7672236299643281,0.2965803696383031,1.115107782370311,1.2994429053931085,4.596845193244303,1.7123134148511818,1.688551864376483,-0.2660748731418835,4.33077032010242,864.9450830503981,255158.7994998675,0.4065984571583982,0.4261778824893297,0.000423150743497,0.5681397686578318,5.815492003699659,13.967097510033245,346.6868521446593,1.1911197703476406,0.8113189418528134,0.3244429731977612,0.7649420562859586,1.7085298909938322,8.963220260977534,1.8719537221561824,2.919074388419396,-1.8182542384086169,7.144966022568918,1033.742167678844,304953.9394652591,0.616194666650048,0.5245610936597066,0.0007242815651406,0.2779839677321093,5.630617239516783,10.701582425429786,245.9755134818253,-4.145270916991786,0.8386140090262395,0.3434099563827227,2.1432970944209826,2.104790990473889,8.468083675946573,3.0039752909325808,4.430145113580056,0.0463222908629913,8.514405966809564,2662.0409268173776,785302.0734111258,0.5595881760869271,0.6972982211375283,0.0022373361580202,0.4468311030077853,8.673696056681287,13.674654628838251,318.36130475504865,-0.9271435720480526,non-void,21
0.8446523593327537,0.471284591861422,-0.6138583507715353,0.9630896402357472,5.224934239449283,1.142087444087085,0.9275416551294208,-3.473670277444909,1.7512639620043733,384.7873003327042,113512.25359814776,0.9596589254997652,1.3243270888045038,0.0048817761430456,0.361761448215722,7.36136000331181,5.678449818698438,47.29228555340124,-2.465607499108414,0.896405033165308,0.809482793266706,-0.3827466220851275,0.4001257630782329,3.29878973849243,0.5537107575228366,0.1601006262789381,-2.575966368145015,0.7228233703474148,90.44570288397148,26681.4823507716,5.182580051150076,3.9527924943141546,0.0848697236572565,0.0800621271128637,9.83826545729922,0.7929059618711283,3.74238278203086,-10.603313736156949,0.8660091520764557,0.7296160825490352,-0.435510505952432,0.5055372940738889,3.283945031093954,0.6672610857037092,0.2555679556995496,-1.4893973810571224,1.7945476500368316,131.34502016587538,38746.78094893324,3.0007732321685667,3.5996903241458886,0.0535117692107591,0.2348218762247145,9.433641883029454,1.597831763334427,5.642350752478925,-5.130239912324763,0.8608781791667051,0.6589079490981176,1.27558824246685,0.6550353617269145,3.384796537640105,1.4339444513063877,0.4290713251127097,0.1824754364157642,3.5672719740558687,606.5780233825511,178940.5168978526,1.2425422438773723,2.3094728757411547,0.0247519664480818,0.40797259280045,10.24404745364349,4.381403767451678,28.15559674680308,-1.6171082369990653,0.821288374414988,0.6794383287785495,0.3504193218759319,1.3878422407547155,7.136273768573624,1.431397843496719,1.92610608522307,-3.184961083591683,3.9513126849819415,604.425436978282,178305.5039085932,2.267306151703721,2.762909972501616,0.0258388904271858,0.2307186974267654,8.095061421911723,2.2625141320317983,9.85300939611304,-5.23002385849018,0.7384717006749693,0.3946476047474553,-0.8634659518403983,2.30465823658633,10.317923068988716,2.4611019965561884,5.311449587465212,-6.747406770331287,3.570516298657428,1786.821796048593,527112.4298343349,0.4877251499379387,0.7114006144414632,0.0006452987503279,0.5591970180207314,5.994392691988418,8.770090835449547,114.27112493608396,1.0332032301979426,0.7264380862947143,0.375112496684692,-0.4533150005804329,1.9820864750532632,9.757272115304886,2.0332637026072904,3.92866679458907,-5.890527573534343,3.8667445417705433,1219.5775788803908,359775.3857697153,0.7389982662624832,0.7750200786749556,0.0010310925808788,0.2938788840460929,5.04317447636716,6.783497986481479,80.96865446675429,-3.807108168733073,0.810140241835183,0.5371993832200666,2.863291824086279,2.0103840524339844,9.069207626931648,3.4985831572452613,4.04164403828089,0.1567121022514076,9.225919729183056,3610.8248119072655,1065193.319512643,0.7926714472584795,1.2475859775302858,0.0039317791726276,0.354318198578283,8.321804874253937,5.866790089934439,51.09336455860296,-2.60625086711288,non-void,22
0.8840896572627808,0.5933341499029336,-0.641584397959386,0.5901756178059404,3.719747862368871,0.8717441135777925,0.3483072598526234,-3.0610800555522397,0.6586678068166315,224.1816508694717,66133.58700649416,2.053427194945611,2.3406632180735536,0.0225927581185799,0.2319521478099691,8.248226030120591,2.688934955173166,14.049876525109989,-5.199898805076936,0.9428100200597356,0.885287767918676,-0.2636146340876661,0.275790462748744,1.8926179114530437,0.3815141604820724,0.0760603793431663,-1.4306690504393054,0.4619488610137381,42.93815112126045,12666.75458077183,7.380409212847102,5.626955761583257,0.2661638788148325,0.0645878598125085,12.549469077212208,1.124297307204459,4.5342961237312895,-11.608521048745173,0.9049940751058758,0.7295750013684797,-0.1769824021143414,0.2792376795301523,1.6511693154876323,0.3306001396363082,0.077973681669384,-1.1556958282253982,0.4954734872622341,32.242453436626214,9511.523763804737,2.391496255013877,3.447723087247039,0.0758054987192538,0.2356317730599825,10.97261084553882,2.991205007706741,13.914043401652616,-5.110687739701721,0.9207479352766308,0.6244690718205594,0.8502967191417161,0.5401692289924072,3.026475543496726,1.0073665204549027,0.2917827959502516,0.1223731324988595,3.1488486759955854,299.3622554273583,88311.86535107075,2.242216640398716,3.3527392316341733,0.0743086197905921,0.342345436112298,11.09309045244489,3.3015476485458617,18.69562427126972,-2.835332955497732,0.8640240443507444,0.7616397198304485,-0.2433586599986235,0.9831275110764496,4.981721314139636,1.0127996546364435,0.9665397030353742,-2.644584123824229,2.3371371903154063,302.6001264273514,89267.03729606868,3.2109287860891538,3.5084890400443824,0.0819801690457888,0.1393852710275819,10.015053172565937,2.483601369190047,12.489650576177205,-7.905918905541075,0.7851819596955232,0.5405230439744921,0.2418328543794653,0.846912437706931,5.009676386400592,0.8807631955298859,0.7172606771426964,-2.83181961416752,2.177856772233073,228.84442294700477,67509.10476936639,1.811393237843452,1.638980482914388,0.0063176808621454,0.2107927653645822,5.805393407214622,2.1933484576225006,12.637236204270067,-5.733353563144286,0.7460181993768579,0.4671458981524873,0.0189795937562045,1.091311182550426,6.901618717084476,1.09147621235589,1.1909600971596093,-4.531397368700619,2.370221348383857,351.4394950309341,103674.65103412556,1.3563018969377194,1.1772272425254482,0.0037949696062257,0.2013818703484138,5.585090753675914,4.552760873905558,44.04940489759144,-5.983187948601032,0.904904450698379,0.7090780399599093,1.4241024973680911,0.9822216380025648,5.480410109282574,1.7299789794013325,0.9647593461604412,0.0772786112677354,5.55768872055031,882.8840444052901,260450.7930995608,1.557732632522263,2.893038716249304,0.0492355000193826,0.4525150344675323,10.678843321020834,4.161876614198091,26.07137339934901,-0.8273918461727324,non-void,22
0.9089374907138212,0.8163269112288314,-0.470189806939899,0.3052674170318807,1.6621247232771417,0.560594907621801,0.0931881959013161,-1.0759808876321575,0.5861438356449843,92.7086618831912,27349.05525554141,5.041880059198574,4.599570846534373,0.145333866766981,0.1249884830176944,10.705981779045262,1.346214843502817,4.9480253370996845,-8.451437639843943,0.941600273860948,0.8449687934371094,-0.5426293847504883,0.284546871901829,1.3159737363374064,0.6127100223627889,0.0809669223091159,-0.9377306073137944,0.3782431290236119,110.74700359362372,32670.366060118984,3.022631646713516,4.770005334746413,0.0860833143975551,0.6131182847025985,11.245070440729773,1.7566492121910129,5.7904058805067855,1.999660639662076,0.905298174428846,0.7239648617787174,-0.7165298646945384,0.4546037627046083,1.749188240795653,0.8485750574135215,0.2066645810651878,-1.203559015447181,0.5456292253484721,212.42349027898655,62664.92963230106,0.7042375682238684,2.1058335722433394,0.020255951596266,0.8581251859466811,10.837923513821234,6.350450703183989,51.8743060781818,7.816453435482554,0.9047115162525232,0.7903216841536995,1.153100584691033,0.2830528070958912,1.2418206604531223,1.1873330830140572,0.0801188916048638,0.4046080131770767,1.646428673630199,415.8791557558016,122684.35094796147,2.3570997389147914,4.059478096574793,0.0714410521888415,0.5779070779248916,11.159700059801343,2.3279550420605517,9.046401601138262,1.3644994430835469,0.8692584668517822,0.5838417860604221,0.2541245912498108,1.2625300504090744,6.777292038776968,1.2878514805923171,1.59398212818594,-1.8246427391517737,4.952649299625195,489.2756236388278,144336.3089734542,1.5926567051064486,2.5953779675015105,0.0350088356860885,0.4015040442609801,9.550064568599906,3.813146472997647,23.250892132659946,-1.73371295809061,0.7823676315697481,0.4882572522778485,0.0974235753095479,0.6480609172503558,3.4433754804103964,0.6553428915411135,0.4199829524673724,-1.3227980721748098,2.1205774082355866,126.69492012057296,37375.00143556901,1.3598026770305416,1.6806848532551124,0.0072994888970094,0.4146689913380791,6.443383851264856,3.877618964601763,24.45177026141776,-1.496999713838698,0.833073686918827,0.4589276925450282,0.2546373105836551,0.496106102713954,2.879226201344223,0.5576391531190266,0.2461212651500283,-0.9998764542598356,1.8793497470843876,91.73362040193504,27061.418018570832,1.1664216860618049,1.704566680560489,0.0126088306426107,0.2703747100991016,7.939807549957191,5.740905400271614,48.038265351355584,-4.3113381163546975,0.8541479109579397,0.5171411368681353,1.1636718318672807,1.0221863990326046,5.008535710846657,1.548869641593054,1.044865034367243,0.0526617146200563,5.061197425466713,707.7041641613358,208772.7284275941,0.9294396252817374,1.9944496795239743,0.0198636357252955,0.6389739041183444,9.729522150008622,5.473040454292932,43.890572973974585,2.479445268942508,non-void,22
0.8842216885017463,0.3487778207449244,0.8975483238615718,0.7729881596600429,2.097184529318357,1.1845267783555324,0.5975106949746198,-0.0824609186477534,2.0147236106706035,413.9155881491943,122105.09850401228,0.372218788025384,0.7003451631142105,0.0020114527231472,0.7428532662780074,9.745531757938144,15.102633149018782,312.885975938647,4.607220250094127,0.9191837334425318,0.4422323338185044,0.353315458447695,0.5962430189662968,1.7947412519637247,0.6930638865531435,0.3555057376660437,-0.4443321209029127,1.350409131060812,141.69957749902386,41801.37536221205,0.4044450481239637,0.9269064769493742,0.0038489010232127,0.7298103637306627,11.031069595450454,13.360685442041232,229.22560043128357,4.315413396941804,0.9327334339900076,0.387686759850098,0.3869387948732976,0.6527750002013158,1.7755886670357377,0.7588391343794992,0.4261152008878278,-0.486949303606514,1.2886393634292237,169.87186540041918,50112.200293123664,0.4090032445656593,0.8131563737787717,0.0031673885121471,0.6867763632854031,11.470342109555084,17.146134809092768,410.54403197277577,3.4096081204636706,0.9247676294282458,0.3354016403695242,1.2914132609099045,0.8896796394755586,2.519802204580798,1.568208554801087,0.79152986089736,0.0793447946948364,2.5991469992756344,725.4870310486373,214018.674159348,0.400157598133823,0.6436093154991896,0.0016772318592026,0.6574032086518532,10.187894370914492,15.600808308930883,360.760165059454,2.830485282902264,0.8858738234884287,0.5161637732436386,0.0644078797571825,0.858810248074159,4.625930448858337,0.8612220487028963,0.7375550421971984,-2.288508175476074,2.3374222733822627,218.8025080657441,64546.73987939453,0.982373859953303,1.7245062195191907,0.0154819550750635,0.3236268232717499,10.472725000628966,6.5744794394419,61.98660582785472,-3.2014186597880085,0.8348234211974358,0.6839925656271341,0.1064603618049527,0.3019451538051019,1.6147305630089437,0.320163527813566,0.0911708759063866,-0.7412316585370528,0.8734989044718908,30.238881939898285,8920.470172269996,1.1320125617093746,1.906533706770636,0.0089358720239837,0.5385291574825908,8.351895936350374,3.524262218058732,19.84386088633242,0.6706495670138714,0.8622325549740284,0.3742011214110162,-0.0640864878086663,0.6687578187039236,3.39942465284432,0.6718214777731359,0.4472370200776299,-1.8919767867011092,1.5074478661432105,133.14650890919768,39278.22012821331,0.5696341601973,0.7141926574404683,0.001985065889068,0.4728659036180974,8.387464902684554,11.036809415758505,211.66165933058755,-0.4718310837166945,0.8819410208776548,0.4502128815704432,0.8146161427092399,0.7949545520020888,2.9514505606745987,1.1382232644395045,0.6319527397488417,0.0575417711492815,3.00899233182388,382.1878989148401,112745.43017987785,0.7936385405270086,1.069330004941344,0.0063923924541282,0.3247003291839801,9.964485801250984,9.634150556790496,142.70668441459154,-3.180138090589849,non-void,22
0.9314891478554242,0.7461554917625408,0.1971642277850394,0.0721348706747669,0.3446185308163459,0.2099456412630095,0.0052034395672653,0.0021040336016034,0.3467225644179494,13.0027658241742,3835.815918131387,4.243411168271564,5.290035978377224,0.1393037232144202,0.3801735011957305,11.580219698675196,1.4082731531182522,4.888921712998146,-2.12288278420482,0.9410620752167302,0.8474719201704647,-0.2159966202410606,0.0608353557988121,0.3790449738662262,0.2244002684283801,0.003700940515168,-0.41559129262901,-0.0365463187627838,14.85486673886507,4382.185687965194,6.832782092599544,6.503773717986888,0.2053066047241275,0.2687224867658571,12.26593128457806,0.647479388827435,2.794747762022421,-4.347781865926647,0.97499684997806,0.7898045775825159,-0.2292762645176851,0.0775607774902679,0.4492800984491168,0.2420398307636128,0.0060156742048948,-0.479752900903476,-0.0304728024543591,17.28206750444312,5098.2099138107205,5.048603707660799,6.746844362825506,0.2230999057566109,0.3176806688277146,13.713161201883365,1.536740571399582,4.682637162825427,-3.31996873925303,0.9549271931540944,0.8587490319674689,0.3860114322516972,0.0633332977440541,0.4204094954687717,0.3911725098113922,0.004011106603137,0.2431318007037057,0.6635412961724775,45.1397000674824,13316.211519907309,7.336587677527867,6.772874053104063,0.2957947901728415,0.1081887857350445,12.864068608936236,0.937370495498544,3.5297518476466254,-9.16090628909171,0.8846118786478122,0.7172483650185247,-0.0017237959103834,0.3076763223373616,2.162970335554298,0.3076811511928943,0.094664719327044,-0.6847590868207799,1.4782112487335184,27.92696878581849,8238.455791816457,3.207140618920878,4.532367332888723,0.1386399919292718,0.168557033453488,11.071845116284594,2.7883549292322134,11.1957553270575,-6.930855831498852,0.8493546618597452,0.6467775966440028,0.1253273807471042,0.1402361655010406,0.7631402995702525,0.1880774693560206,0.0196661821144352,-0.3205735113035045,0.442566788266748,10.435074671412645,3078.3470280667307,2.6230429911838486,3.1451489323786026,0.0386995970840645,0.2195003429723776,9.369332075470004,2.4382870709960622,9.877668609891728,-5.509375057349972,0.9120320754437052,0.6383056867095629,0.0148337465608256,0.0751866765109703,0.3887214955722217,0.0766359991244069,0.0056530363247652,-0.1953251489489877,0.1933963466232339,1.7325575267298492,511.10447038530543,3.324103671861321,4.419727103335094,0.1047736204481678,0.1669289227923782,11.460992778610132,2.235624243353857,7.654078314380236,-6.981504495822826,0.905763608342772,0.7992129736547003,0.3069822268964174,0.2041465503266273,1.4625474876860698,0.3686650263322325,0.0416758140102622,0.0394878484980965,1.5020353361841663,40.09460098396098,11827.907290268484,6.1362587820276335,6.04928590906207,0.2634098553557426,0.1669231513169183,11.864468931857552,1.4732224535448433,4.761274326328819,-6.981684847045901,non-void,22
0.9218016005470984,0.8440336347155378,0.10947068709952,0.0488774823582132,0.2888280357408613,0.1198867783190393,0.0023890082816774,-0.0516181882497355,0.2372098474911257,4.239987686636949,1250.7963675578997,5.15982602193858,5.155849748960682,0.1606316006105417,0.2156274514306932,11.466481736404138,1.0340925258827502,3.797681782471679,-5.608183106084391,0.953361950624742,0.8316253331131935,-0.3650163969053114,0.0590243342992212,0.4527681527546229,0.3697578153997587,0.0034838720394662,-0.5163017079053107,-0.0635335551506877,40.3326484045146,11898.13127933181,5.08210183355278,5.575173615365136,0.2378911381865688,0.1190182164112198,12.63843853519228,1.5831564491514447,5.502832442527045,-8.693534613640338,0.9265193795970672,0.7843307915390718,-0.4625139736871604,0.0998672787589498,0.9128821820104408,0.4731729590991069,0.0099734733667178,-0.8612903627534559,0.0515918192569849,66.0483315206685,19484.25779859721,4.0169618798972895,4.468993341142596,0.1715590299802796,0.1555137155548892,11.47727709200703,2.232541201588034,9.849120367954928,-7.348238949018949,0.941136909000098,0.7967145920053192,0.6036297059518724,0.103041297449041,0.8041614513841283,0.6123612748104876,0.0106175089799817,0.1466911651446586,0.9508526165287868,110.62096761182003,32633.18544548692,4.175674832144821,5.015672504126317,0.1978130356061151,0.1837381775717425,12.341537701790765,2.114505945019372,8.485691079896657,-6.476300733121914,0.9121822957059778,0.7206247853401796,0.0862260305154403,0.4753737739702632,4.742500968489698,0.4831305758458892,0.2259802249787309,-0.8708611016870588,3.87163986680264,68.85747022856826,20312.95371742763,3.318687580358065,2.9248934500071693,0.0632439378824657,0.1123356838621642,8.837626003116753,2.565857311155395,14.722446887622988,-8.977310278336146,0.8610852117996017,0.777048005927483,0.0884435487053051,0.078065906284992,0.5759411646347442,0.1179684153987195,0.0060942857240971,-0.2398289623112609,0.3361122023234832,4.105381374347028,1211.087505432373,3.728715340439464,3.631107547492924,0.0376969220044227,0.1843753501203475,8.91813895577278,1.025384798238276,3.4733463091780754,-6.457874766486215,0.9340176226039004,0.7768520360033823,0.0176207935869597,0.0596605818539403,0.3887924873439194,0.0622083386193921,0.0035593850271507,-0.2259739982353237,0.1628184891085957,1.1416138311665631,336.77608019413606,4.076281621420151,4.638768427484836,0.1368344700592207,0.1930983064214682,11.330860351203793,1.441225344460685,4.864629170210415,-6.210421465768256,0.9449015581159872,0.7309505160770193,0.2925457795355089,0.4069625838066833,3.8522337871646286,0.5012001374128406,0.1656185446186117,0.0196604850002625,3.8718942721648912,74.10446543408185,21860.817303054144,3.192587087143496,3.379823621993469,0.0997084458813626,0.0899722696258525,9.76997211501499,2.447346296859378,11.62683611849519,-10.049459496073824,void,22
0.9688191554688844,0.8579636479306486,0.1497084229797374,0.0310358442388469,0.1758580028082023,0.1528915809935195,0.0009632236276179,0.0556524415993899,0.2315104444075923,6.895871483915897,2034.282087755189,8.85371263201207,6.0879759414295,0.3137647926027879,0.1016128700919359,12.724824436813313,0.4879546713377858,3.115830599932438,-9.465146291212363,0.9358741507442276,0.8848508645370199,-0.3542966013456298,0.0393661733434144,0.2328589014230317,0.3564768959256236,0.0015496956037037,-0.4367427673471697,-0.2038838659241379,37.487354311986536,11058.769522036033,7.8612414228646035,6.570132402474195,0.3227140587178835,0.1090276016365262,13.150919207468762,0.7583704161141251,3.274438729028192,-9.12327734337074,0.9544565709674218,0.8488963003731459,-0.4527855580515477,0.0449945687105199,0.2527519817145121,0.455015684118138,0.0020245112134457,-0.550678703589983,-0.2979267218754709,61.07658547408167,18017.5927148541,5.121366529974137,6.635794658530983,0.2528844283974822,0.1979348657265544,14.177021659118209,1.5573873053344476,4.746682262365451,-6.076873119533703,0.95494216748906,0.8508058920154857,0.5955695193053092,0.0527999368882762,0.3403250132465718,0.5979054153132943,0.0027878333354059,0.3748841670186315,0.7152091802652033,105.4598112699841,31110.644324645316,5.975761571750164,6.796956079010975,0.2925502822566199,0.1516681085997701,13.996930302071643,1.253331797875769,3.935353889805961,-7.476715002524443,0.93162662367573,0.6866089422663619,0.0294905554666287,0.2018468611151266,1.2075901100415685,0.2039898237750097,0.0407421553420292,-0.6215753014289911,0.5860148086125774,12.275495220109065,3621.271089932174,3.392119857204225,4.432416354877878,0.1130642365621141,0.1663860517482661,12.619971100234698,2.3984447940283027,9.612320374507354,-6.998480550913876,0.884773318182855,0.7968223590115143,0.0771983797543814,0.0508908250445209,0.3403834691529081,0.0924633219737087,0.002589876073712,-0.0781552469140727,0.2622282222388353,2.5220924435720526,744.0172708537557,4.538925303664021,4.660947295130798,0.0903874307605284,0.2393488771674869,10.248117212723274,0.9859962866318424,3.2004511260509427,-5.021540929707252,0.925737191097612,0.7864070540802468,-0.0115936037722482,0.0417697781560682,0.2588947472705537,0.0433488871326017,0.0017447143672071,-0.1168936839202065,0.1420010633503471,0.5543421746123384,163.53094151063982,5.564574765560947,5.350273673177562,0.1922965313542269,0.1407114810207385,11.91269036046408,1.309349437166793,4.265934077979942,-7.858094299326735,0.9667516920913712,0.7486623868191088,0.1929827077888622,0.1216475015127187,0.6278521745263563,0.2281237386371885,0.0147981146242869,0.008901157983653,0.6367533325100094,15.351929838293454,4528.819302296572,3.962784766817796,5.176044775994484,0.1825609921859734,0.1111498446891754,13.861899421940429,2.5944794247631022,10.01322391338944,-9.02919686628255,void,22
0.9364075630185664,0.8581028770873964,0.1408847114178353,0.0251921035896206,0.1601731174719282,0.1431193348033623,0.0006346420832701,0.0584038075321812,0.2185769250041094,6.042527478394293,1782.545606126317,9.500129382749696,4.332611732502904,0.2413057461024861,0.0752786109494295,11.945247337306157,0.7906808617548536,5.465948080183187,-10.893391008577265,0.946712934375117,0.8698072333461948,-0.334988786352679,0.0390548194951431,0.2191852903460023,0.3372577143785431,0.0015252789257982,-0.4331996267778905,-0.2140143364318881,33.5541159428125,9898.464203129692,7.52574829601496,6.005319641714617,0.2533700000954751,0.1246761072851598,12.937191720666103,0.7537191173885828,3.6746406909920535,-8.46385492117864,0.943322600779585,0.8216201211732419,-0.4162529241688544,0.0494734656515372,0.2944257215075632,0.4191826817542631,0.0024476238035738,-0.5732640330665333,-0.2788383115589701,51.83566560139528,15291.521352411606,4.506177111984144,6.190896377072012,0.2455059713924432,0.2450749416955661,14.00863414081419,1.71453285445158,5.381027077489102,-4.886049112568179,0.9619068008943086,0.8272493607559246,0.5538638728955687,0.0563457264236893,0.3285787262562838,0.5567225795538491,0.0031748408862132,0.3917010833481791,0.720279809604463,91.43230902260208,26972.53116166761,5.280208203703076,6.3088488134821885,0.2428594771571666,0.2198989056377197,13.904386652613876,1.4106422830121663,4.532621798727337,-5.49927801409498,0.8989215493789522,0.687460224650075,0.0047386143380026,0.2007319614200346,1.243312425133124,0.2007878850961347,0.0402933203355342,-0.6247239344010759,0.6185884907320481,11.893153566406689,3508.4803020899726,3.431557785369825,4.527315998788755,0.1221588532106549,0.2522671454457887,12.228774836452455,2.0818322800290026,7.569750556026571,-4.7188576960156094,0.9069287702756528,0.8279083664637832,0.0807609245145506,0.0449300846608199,0.3205091698088306,0.0924177441624355,0.0020187125076284,-0.0398670978659718,0.2806420719428587,2.519606633641648,743.283956924286,6.6124667139536495,4.472699499382323,0.1193032692979156,0.1120105010085443,10.46618958836362,0.2305097540151987,2.708778802833728,-8.991490449445184,0.9282526884709807,0.8369853843900071,0.0021519149531067,0.038694155280427,0.2721923665819241,0.0387539467774729,0.0014972376528658,-0.1167688526566745,0.1554235139252496,0.4430511752952055,130.70009671208564,6.945555704658892,5.302422832690823,0.2123318994372435,0.109359605531505,11.82668685368956,0.7531402607248576,3.492448848930356,-9.1084539608662,0.9527947021454404,0.8053998535193663,0.1901600933167644,0.1191546119042088,0.6639078004302489,0.2244074032385812,0.0141978215380426,0.0368860421377845,0.7007938425680335,14.855811375343542,4382.464355726345,4.462611087270425,5.670784280044589,0.2041833862071729,0.159009751452704,13.322594476374402,1.8647967689919267,6.221589154708345,-7.233671973162376,void,22
0.9492826049265972,0.8724191995780383,0.1530922526627322,0.0220438314811323,0.1802031522987347,0.1546711619265802,0.0004859305063685,0.0681835894175759,0.2483867417163106,7.057334657856931,2081.913724067794,9.41436478314606,5.271183045924772,0.3005129824517916,0.0893400501296816,12.398504868535714,0.4200337262467328,3.859436058971951,-10.0830977633927,0.9447543739890386,0.8917140530836782,-0.2866186166271438,0.0343664364666499,0.209363759836183,0.2886715839023195,0.0011810519554162,-0.3848315076819062,-0.1754677478457232,24.58272858903881,7251.904933766447,8.265130635752852,6.0539901568162735,0.3086310413117193,0.068257689454902,12.75087040421021,0.6409217579286277,3.226086151177425,-11.351440956300012,0.9439549575684036,0.8756045997474211,-0.3358534418020255,0.041488727211252,0.3208015654291734,0.3384063369026593,0.0017213144856096,-0.472321437367361,-0.1515198719381876,33.78306041248348,9966.002821682632,6.380381926797268,6.044413064825142,0.2728406623626891,0.106343918672115,13.055006962669514,1.1823206172827825,4.186290724874514,-9.244576914002636,0.9600977669370336,0.8826277202619248,0.4686359569380895,0.0464073313711281,0.2627248126619336,0.4709281267245232,0.0021536404049896,0.319154454495938,0.5818792671578716,65.42312365937923,19299.821479516875,6.820962229798088,6.207125297341757,0.2763086837293557,0.1054861877884486,13.41956837959297,0.9702400793880928,3.5202949826766345,-9.283914074177185,0.9207032409393322,0.7502153323992378,0.0064603106612027,0.1768112409940348,1.078114125369815,0.1769292247077625,0.0312622149418506,-0.3648559365503484,0.7132581888194666,9.234665413928528,2724.226297108916,3.868254834138523,4.560654762376871,0.1066589292626746,0.2184420663092561,12.066586346612777,2.1001084563527472,7.603990005428634,-5.536248985233754,0.8998419936987658,0.8191290610753128,0.0796635067553133,0.0409024528198667,0.2226930413308245,0.0895504603853898,0.0016730106466814,-0.0387804779682561,0.1839125633625684,2.365689061794405,697.8782732293496,5.113564579539767,4.699687857255488,0.0858954129831222,0.1850877517372273,10.51443180744386,0.6364066748141841,2.603157291718832,-6.4373313180653415,0.9419278115064325,0.8493707458627057,-0.0023995881494379,0.0300818217540154,0.1741434719726016,0.0301773760179257,0.0009049160000403,-0.0834210500080358,0.0907224219645658,0.2686488368815473,79.25140688005644,8.389911257596804,5.209262234515488,0.2624029506311658,0.0656761531993318,12.0970906089938,0.6364275288298724,3.8666637037268,-11.530895011830848,0.9509016682032252,0.8344744144223847,0.1707104351737949,0.105317884791834,0.6716165252567201,0.2005839214250546,0.011091856857026,0.0462228929753541,0.7178394182320743,11.86900331260448,3501.3559772183216,5.322243878056442,6.128054924546544,0.2243666742835633,0.1467339500613814,13.350338794298002,1.452753188592414,4.661410948129195,-7.645538500262237,non-void,22
0.9354706883717262,0.8691091961490202,0.1507088776472541,0.0244291805340241,0.1604028317451093,0.1526759662267083,0.0005967848615639,0.0627879586490861,0.2231907903941955,6.876435445661396,2028.548456470112,9.476101573885254,5.323507445991714,0.2965101413342827,0.0557784196493839,11.814382483951572,0.6654117297139477,4.153978586696233,-12.286073388960776,0.962552313294019,0.919975118353168,-0.2409394209513174,0.030084965710123,0.1944782782081671,0.2428104399117456,0.0009051051617792,-0.3226349522238675,-0.1281566740157003,17.392288370389952,5130.725069265039,9.300393962226032,6.478429587983348,0.3998154612626116,0.0658492821783797,13.33291996195543,0.8439061336700217,3.4890253225967864,-11.518657166845518,0.9407105704921817,0.9268214188804924,-0.2559497113937799,0.0346238892162837,0.2236661864489367,0.2582809874284608,0.0011988137044614,-0.3543281264918643,-0.1306619400429275,19.67917519777112,5805.356683342479,9.399304539744264,7.72658918181192,0.4806626940200736,0.0647701915805876,14.078619420540448,0.6961985428244757,2.5912366056014133,-11.595429818210858,0.961340884572316,0.9348388230858856,0.384046047143909,0.038530021198457,0.2256879114961551,0.3859740002388958,0.0014845625335535,0.2459347296713769,0.4716226411675321,43.94789901382247,12964.630209077635,9.337662309928248,7.795773268386112,0.4358312828243956,0.0652539082610024,14.371145308580328,0.7778260233010245,2.7544386780103345,-11.560870106487794,0.9164809495372882,0.8066427057414836,0.006305844968642,0.1504153943595354,0.7808686457138212,0.1505475158915055,0.0226247908603345,-0.363417164382446,0.4174514813313753,6.686043589625415,1972.3828589394973,5.477719842175427,5.863571056556912,0.2390245054246604,0.1114671015793027,12.796688574355912,1.517696803788714,4.6569525534816965,-9.015267985513695,0.9196719924028882,0.7913381277039688,0.0868694430777913,0.0477979261272137,0.2712131269482977,0.0991511063110655,0.0022846417420625,-0.0200531488170267,0.251159978131271,2.9001278553989227,855.537717342682,3.489050189751027,4.0306323454497415,0.0616843029895319,0.2116660400656138,10.050444461718609,1.334433386194304,4.270937344129852,-5.710590321613125,0.9282927838439684,0.8192581221042489,0.0026603962913376,0.0335663801139463,0.2171263406777226,0.033671643594884,0.0011267018739539,-0.0782527438841393,0.1388735967935832,0.3344649768023651,98.66716815669773,6.095739591788854,4.683236636849388,0.1789691835534635,0.0981439099687973,11.335924819900065,1.0898696438875426,4.497838759324035,-9.63273800599643,0.961162161025714,0.8830239188016545,0.1631059241800067,0.0838196486724808,0.4006304811874192,0.1833828672646172,0.0070257335035781,0.0173696000019191,0.4180000811893383,9.920636421826703,2926.587744438877,7.4848114981978835,6.486786251276708,0.3664363506592892,0.0695834554340978,13.780687618154364,1.1836253447727112,3.840537677610826,-11.261714044090551,non-void,22
0.95774416966257,0.8724557369370565,0.1430626715600308,0.0246338369024076,0.1733640912785974,0.1451680195994547,0.0006068259205344,0.0503585704666129,0.2237226617452103,6.216757404756166,1833.943434403069,7.029817142092222,5.69464106102853,0.2335538196001605,0.0901734821321294,12.368282214956826,0.672232806761147,3.5204647542860883,-10.03879602927219,0.9417529251993408,0.883818358311736,-0.2343673524866268,0.0366712276590138,0.2309298181035783,0.2372189597178312,0.0013447789380192,-0.3535454182663804,-0.1226156001628021,16.600486280634954,4897.143452787312,8.687122782531636,5.739181333275996,0.2720669658393214,0.075920947339348,12.414403768264462,0.4172098591858826,3.3302195478030026,-10.853474044886491,0.9525765519132444,0.9046083062532548,-0.244346504250425,0.0412673613598111,0.2096761340626282,0.2478067982380713,0.0017029951136012,-0.3373851898081783,-0.12770905574555,18.11542172963624,5344.049410242688,6.007351181561248,6.223560016632171,0.2421892281868903,0.1185910964417228,13.237971527388918,1.1228716684657676,3.6730335163102494,-8.71125296059359,0.9610142410130498,0.9151388209361762,0.3694864125006116,0.0472714395218694,0.2849796490441564,0.3724980510244877,0.0022345889944697,0.2170355453532748,0.5020151943974313,40.93266541502736,12075.136297433071,6.407768479160918,6.527656465074418,0.2921875271154449,0.1065191357946051,13.38292192482479,0.9855288533419224,3.2908391482477946,-9.236575789134305,0.9080409010636186,0.7444690481626007,0.0641661211087982,0.170759201365843,1.1466850088115346,0.1824170933581869,0.0291587048511005,-0.3987847378834928,0.7479002709280418,9.8164188050286,2895.843547483437,3.6609161545910114,5.054159395828123,0.1356037217907096,0.1658518857627187,12.398281323786923,2.0052974544571103,6.5380379477639154,-7.015227557640591,0.8766265240025359,0.655522843617231,0.0299921698250395,0.0912393247280941,0.4971954749315149,0.0960424105676894,0.0083246143768386,-0.2665981279774847,0.2305973469540302,2.721122665157525,802.7311862214701,2.299503359075654,3.30391311046633,0.0503691164825433,0.1920199094488735,9.66027704947784,2.406568436247641,9.365285687485638,-6.240543885729623,0.916888050043468,0.6791746667663358,-0.0284118551980834,0.0687837333230607,0.3475752166994017,0.0744206657162834,0.0047312019698579,-0.255236834793512,0.0923383819058897,1.6338384682681677,481.9823481391095,2.7415690563189847,3.853834960343979,0.0820094248877148,0.2436583197812317,11.06322110104773,2.470032287821591,9.928023296879292,-4.919367759027312,0.951003460113848,0.8040373287083171,0.188100425519806,0.1125024710031954,0.750444170165863,0.2191770427361336,0.0126568059818248,0.022696643697648,0.7731408138635111,14.171379938454292,4180.557081844016,5.829699452789975,5.706822770622355,0.2837731392579624,0.0971592146628071,13.339032548924992,1.3235332300669598,4.290946946153728,-9.681271601449984,non-void,22
0.9301137816437036,0.8390596107279535,0.1607112056616188,0.0303897155850764,0.1619413718994286,0.1635592444301238,0.0009235348133418,0.0800830004399087,0.2420243723393374,7.891729799373136,2328.060290815074,7.547985906852617,5.338477242247217,0.2216969868554655,0.0640292393271578,11.761369074612,0.4596655893760711,3.356829214694757,-11.648837322997206,0.9260506990658516,0.901827608805096,-0.2865800867652849,0.0453540844459339,0.2540072322758016,0.2901467544301109,0.0020569929759289,-0.3973345305553227,-0.1433272982795211,24.83461603636649,7326.211730728111,7.279569077381898,6.598915022453065,0.2648722555640905,0.1304980315287604,12.845970625529796,0.7972809118779152,3.0143777467234028,-8.23666566395895,0.9358565922584926,0.8417019797222686,-0.3341504120602344,0.0603822249167717,0.3158476035913582,0.3395622343045882,0.0036460130858996,-0.4840441146007759,-0.1681965110094177,34.014240734947606,10034.201016809544,4.9251724664782,6.323049366838045,0.1785160334125366,0.2699391287040462,13.448738661199709,1.3487445084761538,3.901533384919328,-4.320932167424976,0.935592110379842,0.8754489996221646,0.470796326709473,0.0677502418274012,0.3605739094807943,0.4756461673458582,0.0045900952676713,0.284645917030617,0.6452198265114113,66.74058657068723,19688.47303835273,5.654980519899453,6.719582915788136,0.1774915613342464,0.2453143008718926,13.594693908013458,1.169464011543828,3.455252742672284,-4.88043242240321,0.9216521539836944,0.6749085457603248,0.054408059639995,0.225471806860118,1.2206137985097838,0.2319434686352596,0.0508375356887663,-0.5026391641920651,0.7179746343177187,15.87034292955392,4681.751164218407,2.834272150521429,4.3026490987122825,0.0741433985846027,0.3981896242209604,12.1027258405456,2.5570279808730496,9.466703288218795,-1.7936973124057682,0.8696591767060011,0.6548120928938794,0.0868268995473226,0.0765998068643635,0.5057050947542414,0.1157861861219146,0.0058675304116577,-0.1516128399192427,0.3540922548349987,3.954900064514303,1166.6955190317194,4.367667480720581,4.275613088072882,0.0637229494046131,0.104909058427072,9.58908605918612,1.1275441713436434,3.449183702785827,-9.310541350668334,0.8933446018353512,0.698406519282083,0.0029929689872996,0.0605686255569467,0.3204744501003719,0.0606425285193201,0.0036685584018576,-0.1635673667996551,0.1569070833007167,1.0848672982388838,320.03585298047074,4.893872787064708,4.94030122337055,0.1319731743574141,0.0891106168292683,11.16520091734491,1.390019069334744,4.623326312692968,-10.09536129480178,0.9477264403153756,0.7427274517249218,0.2313102844005275,0.1318229196117956,0.692921807282455,0.2662362293235668,0.0173772821349779,0.0353226909037697,0.7282444981862247,20.910110292307102,6168.482536230596,3.748785382879224,4.826203367985533,0.1481605232571441,0.1728704004658088,13.078469110426475,2.2283010384316326,7.941226769098917,-6.798529212325779,non-void,22
0.8523432420630098,0.6794245895719182,-0.3551515708732209,0.3170175481537126,1.673257918054042,0.476059622454066,0.1005001258373914,-1.462545263433549,0.2107126546204929,66.85666541867683,19722.716298509666,5.477114811785909,3.717049243820364,0.0531391116902437,0.1666398594724707,8.827288522356115,0.3270656014178612,3.019381695479924,-6.990538317398976,0.8464807031971867,0.5807994255060274,-0.5840426666868926,0.254929833464774,1.59063913061332,0.6372558799266697,0.0649892199903774,-1.504598553667447,0.0860405769458726,119.79804166782864,35340.42229200945,7.725279928565682,2.969396445975019,0.0792328081990547,0.1508394142837172,9.068368261082671,0.1690083174984016,7.857650254678869,-7.504749887489628,0.8782677726327752,0.7341495609214892,-0.778961076071073,0.1964501819144348,0.995593651577693,0.803351126225649,0.0385926739742145,-1.1972550111195164,-0.2016613595418233,190.38504444236548,56163.58811049782,5.161040640979548,3.9285917235999848,0.0982548833562965,0.0938064686018838,9.600063616998144,0.9382913354293108,4.486991943210343,-9.849881658941744,0.8665896237071574,0.702914808627336,1.0968470180673144,0.2739114302052414,1.5808466967294137,1.13053122585811,0.0750274715970808,0.3743981675493134,1.9552448642787268,377.03975152887097,111226.72670101696,6.666116543347934,3.674882291965313,0.0908316369520695,0.0990293708742519,9.88649984372914,0.3874259809479261,4.913148412310339,-9.589466107751823,0.8319340716532669,0.7080900132314144,0.0152812629638037,0.7836945239592761,5.5216267862897945,0.78384349450737,0.6141771068837564,-3.227211180951897,2.294415605337897,181.25113404505,53469.08454328973,2.596782327379894,2.411746976359748,0.0238221382951164,0.1906972195696208,9.062841988916336,2.773751223568159,13.63098362172762,-6.277666714133353,0.7858530632913863,0.5313488843124141,-0.0137372134281507,0.574250267149212,3.587233231911162,0.5744145544410516,0.3297633693209413,-1.811388580500932,1.77584465141023,97.335863704345,28714.07979278177,1.675303819409676,1.3940341694484937,0.0037131219297578,0.2107483269029287,7.134618482924726,3.753966614278602,23.75833839735417,-5.734513756013611,0.8062109512665475,0.5338677398695328,-0.1850826769186996,0.4212493836677277,2.515405817323113,0.4601158990252697,0.1774510432404404,-1.4161731724264557,1.0992326448966578,62.453458958070506,18423.7703926308,1.749968806360089,1.50140083297315,0.007121188232601,0.2300613075658771,7.572311476209482,4.062126140809414,28.03107376966398,-5.246125611909069,0.8517629230834617,0.6990212343051091,0.8938030420376786,0.5976499534135857,3.1393274457569995,1.0752066521237067,0.3571854668152611,0.0960249464896769,3.2353523922466763,341.04045670746547,100606.93472870233,2.4753437679402603,2.4200152680573392,0.0280897528221209,0.1693786378591917,9.7955375245288,2.5553278934709227,14.712856825968949,-6.905444601231581,non-void,22
0.8881645796229722,0.8351609219205919,-0.8727765346097778,0.2553743262407899,1.8006740196239377,0.9093706207418348,0.0652160465029374,-1.8483951089016637,-0.0477210892777256,243.9517031311751,71965.75242369664,5.391405326995691,4.312800452866111,0.0940070268894299,0.1125362704416178,10.432835589883926,0.6653773685649854,3.53377722352916,-8.968580923422866,0.919112297929951,0.9391644272848964,0.1363655910177656,0.3618940763312495,4.250875503910254,0.3867336252477573,0.1309673224836482,-1.7193012486594008,2.531574255250853,44.12105458469546,13015.711102485162,11.697470485913186,9.75914740951127,0.6608674623942266,0.0671804087402239,15.84394695124388,0.2492494529440748,1.5504259858611742,-11.425550158356057,0.9205659632527424,0.7149179267345988,0.4643465980639658,0.3533295846391567,1.951042803641745,0.5834891245900451,0.124841795381279,-0.3647010192126422,1.586341784429103,100.43556976188286,29628.49307975544,2.8941104276069725,5.889793658934447,0.1839697504056978,0.3210533832823311,14.312187977918777,2.7701089734792137,9.868083490039592,-3.2525837727150813,0.9143570470155662,0.8907865753162592,1.1023244862403954,0.3191521710961225,2.831942118032037,1.1475963494541623,0.1018581083153686,0.1644862526141284,2.9964283706461656,388.50832747775337,114609.95660593716,6.975619154102441,7.431463642102117,0.4698400727769212,0.1460054793367425,12.81781305467989,1.0119563791957242,2.9307588618464404,-7.670859289265257,0.9152060780846034,0.5932737343191178,-0.1645566696912411,1.438044194130098,9.133375667575947,1.447428755349,2.0679711042712827,-5.605638440680116,3.527737226895832,618.0397505342908,182321.72640761576,1.7989639735473375,3.336915152775625,0.0706876507358015,0.2942974057554183,12.124452314420328,4.247683964206005,22.86192136250689,-3.798352801503043,0.8030329012156467,0.5814847577279545,0.0842596790649201,0.4655971084433379,2.209433115802152,0.473159973906205,0.2167806673907973,-1.130112813874018,1.079320301928134,66.0447064675416,19483.188407924776,1.2267783047065643,1.4440119169445815,0.0092343058572996,0.229846009654974,8.33792805134721,5.07007727177714,44.72252089958108,-5.251406014175784,0.8405173697068593,0.5958285695338503,-0.0429124424024658,0.3744011348989648,2.432627702704957,0.3768523418085363,0.1401762098136329,-1.2898351785565652,1.142792524148392,41.89521782034048,12359.08925700044,2.2761304036145247,2.921121909787514,0.0573540389522793,0.3303052366578818,9.9098085296447,3.6740035249089034,19.57703254801344,-3.0696144370986174,0.924790482451658,0.7638589241613543,1.291122356139291,0.8910393435320235,5.459496420694332,1.568740912402253,0.7939511117219794,0.166693211882649,5.626189632576981,725.9796748221729,214164.00407254108,2.714893848292217,4.230195277913534,0.1114334223059513,0.2111869555915007,12.500026603793213,2.8262837831208505,11.598922151524867,-5.723069941932925,non-void,22
0.8677576848522776,0.7777640865857343,-0.8766398001503751,0.2026083691221116,1.3770366696693157,0.89974857068295,0.0410501512383218,-1.7084989319237571,-0.3314622622544417,238.8165096815734,70450.87035606417,4.506628870116849,2.8784295145948806,0.0736584152502834,0.0861472646834163,9.283212028222314,2.0288274599261777,11.63902553970558,-10.256347213458469,0.928063150751648,0.8722190266938613,0.1684049285782963,0.1700259868639884,0.96285341072436,0.2393095405088026,0.0289088362090731,-0.2805445334197411,0.6823088773046188,16.89437157266761,4983.839613936945,6.989651084946779,5.085419780617829,0.2079196690828322,0.1115820699497001,11.571794781922124,0.8720617326511584,4.621649577029763,-9.01022897985331,0.9045408324027804,0.7982584007485043,0.5191613802583538,0.1623660412787992,0.7378835538330009,0.543958886417262,0.0263627313605487,0.173461788299215,0.911345342132216,87.28792468313078,25749.93778152357,2.66722416280083,3.9341349419459575,0.0852902164202204,0.3585065066564289,11.306189250762614,2.4338165790839583,10.266730602441518,-2.5269521233907914,0.8738275160149459,0.7887562767875552,1.0549525676513694,0.2231208119890132,1.2194963366940936,1.0782893010397785,0.0497828967426365,0.6552083884063438,1.8747047251004372,342.9988059373718,101184.64775152468,3.670280467994554,3.355004243992678,0.0816652835699176,0.1824655964469444,10.182061311929695,1.9471839197194103,9.745326309245067,-6.513250456511671,0.8867738463416559,0.6246679397311016,0.0222818908203913,0.9206767397642984,5.104179315936256,0.920946329490242,0.8476456591430176,-2.265518359342813,2.838660956593442,250.20193183145707,73809.56989027983,1.6737281963071102,2.703806428035203,0.0472788383934244,0.300747831395288,10.975220044871348,4.245316341831495,28.500803773133377,-3.66431317445131,0.7574551284218306,0.5189558402371212,-0.0173123859467499,0.7064546393768878,3.911512072120808,0.706666736308069,0.4990781574971286,-2.4264892718415285,1.4850228002792796,147.3164734802679,43458.35967667903,1.2764883845296633,1.3560168268180508,0.0029305669070513,0.2431846384106819,6.177034845005868,2.857557290226272,17.636674420761754,-4.930538008228912,0.8513284789939156,0.4948315659772383,-0.0336463553706558,0.383040897787554,2.2559473181564584,0.3845158080074523,0.1467203293778954,-1.1736931257621088,1.0822541923943496,43.61645994924905,12866.855685028471,1.6043865867842966,1.759040895035343,0.0165890073359028,0.2199069440035186,8.342968309238397,4.247406335642659,33.13097043114002,-5.499074685139424,0.9155877358668006,0.6297593402337492,1.037653049591713,0.6470305814151984,3.768020737964729,1.222854212330101,0.4186485732864897,0.0736359610259539,3.841656698990682,441.1348652609741,130134.78525198728,1.932840872845245,2.7342770895684967,0.0498104364137962,0.1651952959727421,10.744233824409894,3.744358014775384,22.52994051568648,-7.035872111212166,non-void,22
0.8579320892277954,0.5005807738082849,0.5037702107379103,2.5007377281669703,8.629573073222438,2.5509750312977624,6.2536891850777,-4.569021087692337,4.060551985530102,1919.7047150398628,566312.8909367595,1.1389885626085254,1.6136592906070335,0.0058613475430158,0.3394427762084031,7.868805442489949,4.166313452742962,26.17212005906854,-2.891438755736198,0.8791077878589341,0.7367406521446865,1.813239111949224,1.8456752377188348,8.781844904346116,2.58734480891722,3.406517083128477,-4.038501163627159,4.743343740718957,1974.8341822681111,582576.0837690926,2.2722141584720497,2.924721822972879,0.0294257511476288,0.2798264519924098,9.334381296609877,2.115255021867879,8.482288743214385,-4.1054839971406585,0.8416100608667505,0.6010088855594168,1.9598117298533768,1.5056507228197205,5.319564757457957,2.471405696278624,2.266984099127547,-1.0041897531464303,4.315375004311527,1801.814604101537,531535.3082099534,1.2892435800231492,2.0954881606396274,0.015946775036011,0.3380468495473179,9.373875379615155,3.8259428339730506,22.13883855607552,-2.918503605840767,0.884068579242161,0.6089439036081036,3.743358007475993,2.301509008020456,7.097747763505406,4.394277288261852,5.296943713999305,0.2525593126502017,7.350307076155607,5696.353501409511,1680424.2829158057,2.240906037668166,2.804007496289404,0.0340974699234592,0.1853714046725273,9.100148523980584,2.2640020137028456,10.148447327670446,-6.42916909857316,0.8403274392656735,0.5818817871039113,-0.4997770875802625,2.5490809955399145,16.548685380383084,2.5976125690897347,6.497813921822761,-12.41740071407151,4.131284666311575,1990.5393624324263,587209.1119175658,1.4396669442664658,1.8847109408953195,0.0116946759037814,0.1865189785405351,8.11660326444918,3.483466689388957,20.689517923915496,-6.396243968796349,0.7664246436810127,0.4436243194708102,-0.3674138326020102,2.77047360874046,13.43181610193227,2.7947302090031307,7.675524016727388,-8.173301428814549,5.258514673117721,2304.102497628832,679710.2368005054,0.9033911809921328,1.2788801023734102,0.001740712253818,0.2857233520633866,7.283143246836159,5.077514030091956,35.68617105424314,-3.9792071527210986,0.7370990416280603,0.3993146152679257,0.5203862423496304,3.078986006676712,15.574405783121724,3.122652185328646,9.480154829311005,-7.054632040780279,8.519773742341442,2876.5322178086426,848577.0042535497,0.941347987824754,0.7709876739577664,0.0010120291098445,0.2682218920216857,5.446046348986633,6.437340709923812,86.88822859152395,-4.358851912265212,0.8444408695727026,0.5478913248268319,3.86372321407602,3.062794083146221,13.279995121145513,4.93042236230786,9.3807075957555,0.0686785692660067,13.348673690411518,7171.1740778699,2115496.3529716213,1.6314226188440135,1.5792997029149063,0.0080478901594823,0.2438342942022472,6.913659226322976,3.4726980223686823,27.14353655205936,-4.915221898609142,non-void,22
0.8667590801514597,0.4778485628450933,0.0485952819133445,2.5172998046042108,14.728062928526302,2.5177688153769475,6.336798306260398,-6.740703609410092,7.987359319116211,1870.052143266968,551665.3822637557,1.233035683405299,2.467058623266272,0.0169823098024028,0.535852722365642,8.024272083673694,3.715469521040182,19.856694390617715,0.6238963394371815,0.9109837900106336,0.8115332923403746,1.0642521972385637,2.245097511460364,16.461843416670572,2.4845715073816304,5.040462835965518,-10.36973802998615,6.0921053866844215,1821.0631947113247,537213.6424398411,6.1680237641812505,5.153251695726515,0.1886131637135349,0.1722471574007268,9.75074493990446,0.8345013651058338,3.874440439577291,-6.817486173254297,0.8835910583523136,0.8034934498616618,1.2685800968831726,2.067512672765645,10.55764154728627,2.425676011806742,4.274608652046543,-4.622929586116505,5.934711961169765,1735.7517137051252,512046.75554301206,2.616395489439323,4.062590026253545,0.0726180540429404,0.4190570675518991,9.755630792829171,2.1494464068982357,8.172939401038851,-1.4186030298037775,0.9159274977799952,0.7515949125997392,3.8507499624377632,1.888884386090767,10.764387307490376,4.289074433631565,3.5678842240174933,0.1571804800968283,10.921567787587206,5426.867051683418,1600925.7802466084,4.139213551610579,4.803821940134734,0.1290911147184795,0.2445328597707318,12.06152515433601,1.4561901591183706,5.15561966689487,-4.898783521141162,0.8783345517004687,0.5586361697047878,0.6281974265288738,2.2332796428793604,11.419345185468885,2.3199504240385966,4.987537963299364,-4.796033008890723,6.62331217657816,1587.7401411490748,468383.341638977,1.912774758407687,2.8526723228510336,0.0421006628205864,0.2201015090497513,9.460018106499785,3.475168609003379,17.65409229755108,-5.49415059844422,0.726333346564432,0.420505765479471,-1.019140303564383,2.352344018263061,12.605493967586575,2.563624258468332,5.5335223802580025,-9.16019105674282,3.4453029108437554,1938.789954889155,571943.0366923007,0.8431982221029489,1.2738784696395509,0.0034500718163156,0.545961775763135,5.429209528517953,4.562967450547016,35.41758806620507,0.800698212093965,0.7520902416783893,0.3103692572812652,-0.5268525850846508,2.553482913797213,12.828336064437693,2.6072684245134186,6.520274991054305,-6.405619226528713,6.422716837908979,2005.3653480520816,591582.7776753642,0.6705257453697102,1.021576850295836,0.0033994673511109,0.4385485656226223,5.153102822067269,8.327011208153202,106.40280929511523,-1.0729450078689495,0.8687599984683656,0.5992681316780178,3.463317825156034,2.5995418034771687,11.922384967676187,4.330379653802753,6.75761758802533,0.2082938168935809,12.13067878456977,5531.895444090312,1631909.1560066422,1.0230607368555185,2.3808449691803784,0.0325651903428238,0.6099957153336028,9.235649208692426,5.853292239065978,45.59046415187366,1.942574062014052,non-void,23
0.8974281414382641,0.5590057454266614,-0.1309545771720957,1.802538192168639,13.15017717777792,1.80728886332786,3.249143934226585,-4.791007495133979,8.359169682643941,963.5564454751276,284249.1514151627,2.0562216234171284,2.559740318146638,0.0284514662236004,0.2168698000374243,8.46826278011833,2.672495122683971,14.357448148923208,-5.576348930094193,0.9333338552118084,0.8659092168055175,0.0228759698036354,1.4006262843435495,10.536125261135822,1.4008130847434557,1.9617539883940185,-4.719635966903355,5.816489294232468,578.8718030246002,170767.18189225707,6.488494511089342,5.375443062385834,0.1913302475166612,0.1282250763240862,11.912560099639832,0.997004044955166,3.7511720830715887,-8.324314062459674,0.9247158358438964,0.7110278259130008,0.0477981556048239,1.133169802371741,6.653516220528612,1.1341774396832418,1.2840738010072104,-2.591484664865678,4.062031555662934,379.4757470824979,111945.34538933689,2.5268725251995177,3.86142386893616,0.0782664294357237,0.3454450405684444,11.141153523148777,2.250105859158391,8.5823894790681,-2.775671556989108,0.9489734878674332,0.7984596644272396,1.957674381511825,1.637815561824991,9.359457300429424,2.55243585591956,2.6824398145561106,0.1644605688222058,9.523917869251628,1921.903995582226,566961.6786967567,3.727391778624864,4.97714319334055,0.1769174800456323,0.2219752733297214,12.31525419754704,2.045390377808555,7.83948927052213,-5.446888002242497,0.8858656980911592,0.6730034932961664,-0.107698138673576,1.6281206568295068,10.646427357773156,1.6316788171293692,2.650776873194945,-5.974235061411273,4.672192296361884,785.4008498692657,231693.25071143336,2.804407453671997,3.3455730137088278,0.0621540360059465,0.1863978275389874,10.51148599970032,2.8504487286260725,13.434839860274202,-6.399712531836919,0.7888975669774587,0.4482368023444094,0.1064467900638264,1.753153942535411,11.51014822016426,1.756382550967285,3.073548746227456,-5.9600655097050765,5.550082710459183,910.0395012759924,268461.65287641773,1.3744531131487123,1.3043723394288138,0.0026957224476452,0.2443270103487915,5.461985309650917,3.20476864448499,18.665687857149468,-4.903624184274396,0.8036114546545363,0.3974456566769623,0.0603889114346695,1.7252032417372118,10.327808762219288,1.7262598431073026,2.9763262253005847,-5.246190777479082,5.081617984740205,879.0920485478306,259332.15432161,1.1149377552829445,0.919038724520424,0.0029355919421439,0.2514213455216589,5.356083221640034,6.635806683375369,85.29148036588259,-4.738352928956948,0.8634371500316709,0.6963260648918858,2.232644292840067,1.9345614322591496,9.29498204330538,2.9541882935141244,3.742527935184573,0.2215984070433801,9.51658045034876,2574.532399693089,759487.057909461,1.5621955465085584,2.5354873509555955,0.0342419491131246,0.3951507672099718,9.556440498297162,3.60047661736886,22.59012729427745,-1.848843046197671,non-void,23
0.9543461082574418,0.8857123456485292,0.3103025969907328,0.1507438653404849,0.8822560542887042,0.3449803105062423,0.0227237129377902,-0.0715022571542134,0.8107537971344908,35.108367317910094,10356.96835878348,5.4333099475501205,6.338664347680492,0.2130025351324775,0.1935720564353015,13.060889322935877,1.0738407424004397,3.0990482297018,-6.19722901844955,0.9537556315439272,0.8983940268428168,0.148845873657356,0.3543538337314255,2.0612964118268438,0.3843458515256543,0.1255666394801587,-0.5985819451019696,1.4627144667248737,43.57791140756921,12855.483865232918,7.219486817193226,6.6594574321115365,0.2817700548474031,0.265304932291846,13.513403787294418,0.7014969568344586,2.9536873847406744,-4.423617998678574,0.9455270446762322,0.8726455304273644,0.2191443910777855,0.3940704941178053,2.4066620488859742,0.4509055538304056,0.1552915543342513,-0.8650933333012729,1.541568715584701,59.9781664501559,17693.55910279599,3.334379658425182,5.623638038542759,0.1374880401227088,0.548911934219165,13.398521892819636,2.038382403959665,6.788050934971287,0.8524133598262363,0.955841222410601,0.8770885274330665,0.6249364360737921,0.2819635039583237,1.9788221123572856,0.6856011717442354,0.0795034175644556,0.1785046520692096,2.1573267644264957,138.66444517563522,40906.01132681238,6.2327436943441015,6.603655345542277,0.2871444819459463,0.2183906063112743,13.52796096267994,1.066193955249316,3.5771267074714577,-5.537558157576388,0.9201058864599954,0.7822036693478082,-0.0721167260162771,0.4281309456090103,2.503155670944393,0.4341623299635427,0.1832961065880653,-1.2764228973446663,1.2267327735997264,55.60659398401478,16403.94522528436,4.322540071323423,4.899436486931847,0.1521521466632413,0.1575873298174407,11.49257125405418,1.7053120164128472,5.833383141721112,-7.280035927945436,0.8835823163062088,0.6183945007424718,0.0605818622829377,0.1589950714603614,0.8295269710607192,0.1701458044923655,0.0252794327486854,-0.363571239648185,0.4659557314125341,8.540130461974512,2519.338486282481,2.5649028528339066,3.329315037064536,0.0427716911646933,0.2132746678554511,10.020286719465648,2.3351634013702443,8.714623596415343,-5.668838576667556,0.9175767772707368,0.5166091978163753,0.0288178744766293,0.1479291097832279,0.8729298243369183,0.1507099579012915,0.0218830215212583,-0.4949575175755989,0.3779723067613194,6.700479966129679,1976.6415900082552,1.720878708949077,2.7558757954403834,0.0363536309881686,0.2525299957799161,10.913239950180548,4.046626529303154,21.453666858853744,-4.712807959546311,0.9431672715257275,0.7858326608804118,0.4149879754271092,0.2606626079959387,1.2646951109644309,0.4900612359249969,0.0679449952072444,0.0383234232864444,1.303018534250875,70.84720441211897,20899.92530157509,4.397981108959217,5.602824167341412,0.2104525986516011,0.1632432193997707,13.577538473294348,2.423012459897896,8.588578251150574,-7.09764088066196,void,23
0.939735799728132,0.9180860190911748,0.1198311346068726,0.1097307899462744,0.7204806434686478,0.1624818361645505,0.0120408462622334,-0.2388429837206574,0.4816376597479904,7.7881023896041315,2297.4902049332186,8.449489754438435,6.117376289318506,0.3555191340338739,0.087254704304888,13.083117247041631,0.5327509352082331,2.787621797124748,-10.195607397413305,0.9366004601172978,0.8357393903018704,-0.3329195325848332,0.354728223046187,1.879674691295692,0.4864848686259515,0.1258321122255054,-1.110248427391699,0.7694262639039929,69.81692058359275,20595.99157215986,4.776108408897215,6.064525033773055,0.1771571318807528,0.2935452302139263,13.214685739493644,1.352996129411863,4.326828030583794,-3.814093335008857,0.9267173420364055,0.7177531215922086,-0.4619024745176662,0.3867842341676392,2.0151315190054824,0.6024582473219123,0.1496020438006471,-1.4205774102272286,0.5945541087782538,107.0720022310262,31586.24065815271,2.3920230623759613,4.4105017623416565,0.0809603242003821,0.4039835651941799,12.762481633156163,2.709225250747231,10.869009863471533,-1.6889453761402562,0.9504245750005486,0.7942604152323374,0.6946882922725318,0.3787241619319753,1.7266007090572026,0.7912166670714182,0.143431990831077,0.0717717575104096,1.7983724665676124,184.67702520422307,54479.72243524581,3.961986772900316,6.201729184000033,0.1767506146381993,0.3481438443808385,13.908786266737442,1.9665575259061112,6.233372823730701,-2.723930501002523,0.916356403584148,0.6459381197560448,-0.0253204755686983,0.5736886363446374,2.610324032400796,0.574247140135669,0.3291186514709696,-1.4137506838221994,1.1965733485785963,97.2791344964284,28697.34467644638,1.8972453322659728,3.3330581599738447,0.0600604430986004,0.3196222162221825,11.562837226252972,3.213825984945731,14.974056605038786,-3.2811316563219144,0.8867724809629981,0.7551456278618071,0.1137169779993494,0.0852065040640868,0.4351856018491255,0.1420974996969607,0.0072601483348232,-0.075259194539859,0.3599264073092664,5.956551328937691,1757.1826420366183,3.907592000692306,4.152602327202379,0.068147568002749,0.1655305240480404,10.229411466744152,1.200457037861863,4.485466800268506,-7.025323568576118,0.9368127766208928,0.8332750186668841,0.0420376308125002,0.0648765714306334,0.3894797824928985,0.0773054456356222,0.004208969520594,-0.1314316231051328,0.2580481593877656,1.7629589178520335,520.07288076635,4.790562319003904,5.194408278058432,0.1586963321743671,0.1811024369141844,11.727499248334428,1.316745539820945,4.277207188520944,-6.553052683500411,0.9508075320000668,0.6542445306397022,0.5012864687247989,0.3234802707623229,1.4018859641684405,0.5965966889776079,0.1046394855724657,0.0531416416641846,1.455027605832625,104.99864474321816,30974.60019924936,3.4525655968884075,4.917268738250165,0.1098692644200448,0.2716034255765663,12.361149874453169,1.8780053223472175,6.270896589923241,-4.284326511387973,void,23
0.941717539490442,0.8999942455746158,-0.0829334544203548,0.0993485700705898,0.5539278690905944,0.1294144359689597,0.0098701383750709,-0.3345650780570249,0.2193627910335694,4.9406883899633725,1457.5030750391943,7.41084488486524,5.965949680839611,0.2447510442834696,0.1451231240810881,12.885482945564124,0.725567097225361,3.058638015081224,-7.701669418873401,0.9614578100771788,0.8183964546448893,-0.5774541706897579,0.3186530133153574,1.9947262785427768,0.6595400383160627,0.1015397428949573,-1.4097026725746793,0.5850236059680977,128.32295333187625,37855.27123290349,4.953893443027583,6.448532736023741,0.1610382748339726,0.3108058617815623,13.133949917754858,1.3001376734248462,3.8518879182127512,-3.458523737373553,0.9508734148549124,0.6738030402888793,-0.7863015330611083,0.3500177174219914,1.828747044455921,0.860687227396544,0.122512402509301,-1.5157890879868297,0.3129579564690913,218.53083850404727,64466.597358693936,2.2114700353628614,4.522966384605368,0.073405818944256,0.4402336127892146,13.204206083641695,2.9722748299789106,12.032984812220528,-1.0432361748506371,0.9517543013865144,0.7309419765164002,1.0114211451386868,0.4117656238068148,1.845231433701449,1.0920273173243733,0.1695509289490153,0.1215040772549511,1.9667355109564,351.79448022588696,103779.37166663662,2.963735867069752,5.359281655266462,0.1286917776407952,0.4263277243783768,13.24641726401076,2.285475170997254,7.776315107315691,-1.2892028568802048,0.9380296716574436,0.5942412207344285,-0.0482165975671019,0.4978169926139514,2.5399952298240667,0.5001465769313501,0.247821758135199,-1.2640533373789644,1.2759418924451025,73.79324653276333,21769.007727165183,1.9304555083105,3.329922261318711,0.0565691772358914,0.3493980603457981,11.41742789692141,3.379304610453478,15.927885954768657,-2.6999486391101324,0.8698939140879375,0.7235183406315779,0.117149391462806,0.0780614238219882,0.466707386564527,0.1407748763424136,0.006093585889116,-0.0922607436588414,0.3744466429056855,5.846181913720445,1724.623664547531,4.696731141915045,4.060602782453212,0.0835118466338377,0.1437472138414178,10.042481234620048,1.1877461879022029,4.617985560306535,-7.750025504315662,0.918568206030586,0.785015735186102,0.0553886991163687,0.0554152851480145,0.3443076359781113,0.078350250911145,0.0030708538280357,-0.0843690760855984,0.2599385598925128,1.8109347362626185,534.2257471974722,4.856973001746875,4.649879976054742,0.1317824854288367,0.1115285008292554,11.67259734459805,1.503247808629693,4.871838785590853,-9.012576062732435,0.937177880014288,0.7608606130640793,0.4419367435990881,0.2842443327495588,1.2208961561524334,0.5254549705190809,0.0807948407002419,0.0820693119248744,1.3029654680773075,81.4503631827464,24027.857138910196,3.522784131975057,4.853160824273637,0.140262487064523,0.2009942847333747,12.205522256970502,2.3600468428023493,8.83440785050814,-5.993661767362032,void,23
0.9316762967507436,0.8646621325434549,-0.1449404071350627,0.0924288859530013,0.5053351734767213,0.1719035211361032,0.0085430989585129,-0.4084513800764949,0.0968837934002263,8.717492070802251,2571.6601608866645,9.523543086805317,5.216732610928819,0.2855908250479999,0.1085350936497565,12.447033253594444,0.8481637343224561,3.948652958055189,-9.145340535686206,0.9617531846956596,0.8579445434450305,-0.4408739546253723,0.2972363722546787,1.5924347472718368,0.5317135552702571,0.0883494609911219,-1.1149483658525652,0.4774863814192716,83.40219493315035,24603.64750527936,6.960415646163729,6.199992784686895,0.2835981960693149,0.1476834086669056,13.175925285300211,0.7990735870327729,3.194195938846945,-7.612692338367763,0.9419231056317596,0.7331360973220515,-0.5836348591197302,0.3277689889185175,1.90547003020877,0.6693744534088335,0.1074325100966672,-1.5226532214034434,0.3828168088053265,132.17833686853052,38992.609376216526,3.711222412584165,5.222364229212278,0.1468537287750657,0.2663400297574008,13.069210634426687,1.8525275474767924,6.225329010517326,-4.40058379304156,0.960609620130208,0.8091806249414828,0.7962093166679087,0.3555038795354053,1.814975789314046,0.8719703460058158,0.126383008364724,0.0783808734632983,1.8933566627773444,224.2980238724831,66167.91704238253,5.530557102257726,6.364560419318452,0.2626708009924456,0.2215674943946627,13.760138868855144,1.2692874842957946,4.019891914307962,-5.457149156844723,0.9195383454267934,0.6836054939310079,-0.150523978540128,0.4237351416198959,2.499938786741238,0.4496764818835672,0.1795514702436332,-1.569962254242083,0.929976532499155,59.65163681595874,17597.23286070783,3.1717738978195005,3.869839951117368,0.0879515286691762,0.1825491594503535,11.58729859769911,2.259218346997321,8.892737000013481,-6.510818067577006,0.8652472131903494,0.7738118030786596,0.1221803422809703,0.065041784277571,0.3761918754423952,0.1384141240694212,0.00423043370201,-0.065156151245412,0.3110357241969831,5.651748573862019,1667.2658292892954,5.934893594204,4.266511662815084,0.1239509165305414,0.1125839557877024,10.21343991261833,0.75590725109132,3.790117325231737,-8.966507501041505,0.919482932810651,0.7817708999185266,0.0659558372909441,0.0517144424691097,0.3868298882867336,0.0838126245421318,0.0026743835598908,-0.1232032549211063,0.2636266333656273,2.072244029628907,611.3119887405276,6.396661622042952,5.081120351895021,0.1935462494614106,0.0658523249227394,11.800201076259215,0.9590220778717908,3.5371281909271115,-11.518443389330688,0.9607758306793776,0.793915190270656,0.4025768199376336,0.2575342077911783,1.5774918962115128,0.4779037184765647,0.0663238681826298,0.025616900150475,1.603108796361988,67.37562941944967,19875.81067873765,3.9595388410048726,4.836239630707615,0.1528429535902095,0.1598545514700523,12.919146713760409,2.179564588256913,8.609386789331385,-7.20629471717214,void,23
0.925737191097612,0.8587984026653095,-0.1242844697059102,0.087993440406142,0.4933936697938968,0.1522809080764513,0.0077428455545092,-0.3688082753724935,0.1245853944214033,6.840895114553643,2018.064058793324,8.001877372365524,5.292995101766,0.2480779911357935,0.0972424289997663,12.142892751521805,1.1261436104780425,4.292973825058335,-9.677153240299845,0.9400605951175665,0.8755530399011542,-0.0079200113663236,0.2787829272020483,1.467806341250037,0.2788954052676115,0.0777199204993425,-0.6585525299046346,0.8092538113454024,22.945880888418657,6769.034862083505,5.622660394691128,6.146612087777999,0.1926471968030908,0.1981763803521062,13.093814064823102,1.130685407541868,3.668732438164762,-6.070269527829386,0.9477386311257626,0.8233397619115637,0.0362501777390038,0.3117591029446753,1.802085085755197,0.3138595444700989,0.0971937382688686,-0.933855413401376,0.8682296723538211,29.05980502821852,8572.642483324464,3.270832055386286,5.199848472314389,0.1140260795789186,0.3076411372121437,12.322790389865462,2.0328900703287283,6.74342012608532,-3.5228684743271605,0.970877346833154,0.8864700281438068,0.3770727787975986,0.2393659440873099,1.1093499640969406,0.4466317674538522,0.0572960551888091,0.0244113839779344,1.1337613480748752,58.846581031190816,17359.741404201297,6.503932879150374,7.424134147111276,0.3694056849231965,0.1175268154885029,14.052660571001123,1.2697665536717735,3.621895403225862,-8.75564546841334,0.9307616986089492,0.727090991827047,-0.1434405862905008,0.5054134052791632,3.439749479265884,0.5253740686703543,0.2554427102358796,-1.320772350603506,2.1189771286623778,81.42528404921646,24020.45879451885,3.024624987318328,4.284027959653083,0.0736474875669334,0.234330507958779,11.275387926133488,2.190712045164338,7.49545300331514,-5.1421250881928255,0.8656189164897462,0.795290056122477,0.109059320472822,0.0839884099526645,0.4743663417448164,0.1376516922829884,0.0070540530063768,-0.1404574743264627,0.3339088674183537,5.589656574569311,1648.948689497947,6.20332933046614,4.334915264235073,0.090568014080596,0.1079125603876886,9.741395724738696,0.3488318239626879,2.79138452753569,-9.173354074134094,0.9372372231383608,0.7455942980022845,0.0602471976730019,0.0561141044087435,0.3127293038571673,0.0823317529331493,0.0031487927135953,-0.0792038275973372,0.23352547625983,1.9996626746083184,589.9004890094538,3.999897433663045,4.589955301114665,0.1046017872251938,0.1529365364274035,11.714108271049271,1.724735523897821,5.864628719213391,-7.434046747554055,0.9252184000277016,0.7973367524973867,0.4517557417124286,0.3125078683657603,2.075506662688856,0.5493126777716476,0.0976611677905113,0.0651790607134516,2.140685723402308,89.01460329839409,26259.30797302625,4.049455930905388,5.071090941717161,0.1771791847485609,0.1387017554512371,11.93560995120922,2.058814038727231,7.398099233518592,-7.93071603158676,void,23
0.9258963542289372,0.8518363868287039,-0.0436474487165964,0.109623013147277,0.7251025454399007,0.1179928166921868,0.012017205011488,-0.4184719921289861,0.3066305533109145,4.107079913332019,1211.5885744329453,6.427298813455511,5.1260818711594816,0.2068096009024356,0.1202639689269848,11.655273616845312,1.1503479717476188,5.604551386326368,-8.642168404517296,0.9486716852292626,0.8682095111134838,0.2392493634164578,0.2915549964622955,1.7209941783920062,0.3771532498299722,0.0850043159621291,-0.5706491113990325,1.1503450669929738,41.96214928790628,12378.834039932352,4.3300481970449525,5.523594478144847,0.1563587288018979,0.2023073652944114,12.870323728610742,1.5798557682909131,5.066192272318757,-5.958238874269338,0.9429227168768098,0.8121071265167215,0.3692943043381607,0.3092748056296451,1.7849324676336549,0.4816940819792795,0.0956509053972547,-0.6346200913682403,1.1503123762654144,68.44861064108895,20192.34013912124,2.745683302084105,4.497466276421698,0.0866968314631702,0.2810800950899459,12.788377912484409,2.444717818998099,9.287700877733991,-4.078504160701498,0.9539598011359371,0.8147289155698532,0.5473143034760469,0.2977299455423586,1.538869161644778,0.6230538237280357,0.0886431204726558,0.0957858697256597,1.6346550313704378,114.51783984232723,33782.76275348653,3.226787476353355,5.195116957039879,0.1288142551094837,0.2297021914395463,13.478974661002518,2.188962242921178,7.38943582261508,-5.254935234722739,0.8971886700723753,0.7909341967687622,-0.0574270592878574,0.4056830448574506,2.5140540982565485,0.4097274704279215,0.1645787328848122,-1.1834271007107136,1.3306269975458351,49.52359700686269,14609.461117024492,3.1102792461320186,4.215437388329248,0.0847545083580565,0.2039751999459854,11.632105356165216,2.2200539814082227,8.245965114737846,-5.91349230476113,0.8850106922665585,0.7870772935030164,0.1625215454246174,0.0918680496814309,0.6983248402617318,0.1866895585711099,0.0084397385522698,-0.0835286951552932,0.6147961451064385,10.281632427445382,3033.081566096389,4.603990310527819,3.993067270522575,0.0883329353176843,0.1363092732906151,9.821725869400296,1.1531609038768134,4.579201623546843,-8.01832841608769,0.933329262629542,0.7181911901257655,0.0899286740159001,0.0578347281935345,0.3698688168778009,0.1069206350312139,0.00334485578522,-0.0548813924307819,0.314987424447019,3.372446547666026,994.8717315614776,3.4082498690518346,4.04883133627549,0.0940116833785592,0.2075566217417958,11.584961284277938,2.262098219860272,8.663405502482782,-5.818316314415705,0.945129565909765,0.8481639782896649,0.3868230622928172,0.2540266363526166,1.291167887710298,0.4627759863024628,0.0645295319766245,0.0573924438319787,1.3485603315422765,63.17767598197409,18637.414414682364,4.930513584557363,5.281558004927286,0.2136073685997949,0.1004613322850869,12.715369416634935,1.656356063766189,5.741015241056905,-9.520209015873984,void,23
0.9380936945458144,0.8384778834214109,-0.0049360454941026,0.1132357992226942,0.8600211495739067,0.1133433313906124,0.0128223462256023,-0.4577253129594341,0.4022958366144726,3.789779677363044,1117.9850048220978,5.125355846600958,5.657486230727629,0.1938930443314902,0.1956780466385576,11.74640229225482,1.2413176275464357,4.408540365894552,-6.138878127767274,0.9589596231730568,0.9013950420948882,0.1775107036891041,0.3610379728840738,2.505660291489176,0.4023163777283273,0.1303484178642412,-1.3655553967970735,1.1401048946921015,47.748247997590425,14085.733159289171,4.847854322222504,6.440474189917127,0.1955092008956172,0.2861947505929907,12.81939346029989,1.2868185891554564,3.844665832585415,-3.969180734902997,0.9578658227514616,0.8341725763146007,0.2840938520844883,0.4039236140395906,2.019606542384591,0.4938254780496925,0.1631542859788042,-0.806122105483449,1.2134844369011422,71.93976281744716,21222.230031146915,2.199589112132387,4.603400800409968,0.0882413394878135,0.4167076896575294,12.934222119138518,2.780852666769774,10.68150509274252,-1.46054736162176,0.976345829785269,0.8570150615368434,0.5462391886622008,0.3466865011791378,1.602068004958907,0.6469689183648405,0.1201915300998323,0.0165433669828035,1.6186113719417106,123.47779049240064,36425.94819525819,2.979179611112283,5.656198396526747,0.1278528127732502,0.3573089458811889,14.15357077218026,2.3015568954934005,7.739283613803344,-2.549583649473833,0.9230936465923436,0.722368538399173,-0.0577529153111544,0.4704940383702781,2.736085879170871,0.4740253573058198,0.2213646401419727,-1.4382882836202786,1.2977975955505925,66.28651161382851,19554.520926079407,2.368449458140813,3.848953787930364,0.0706063074157927,0.2522207553744617,11.960689245352285,2.647941995302661,10.3603316073881,-4.7199258448299295,0.8777423000727042,0.6897324423106713,0.1073520386610642,0.128958060605728,0.8214504561134828,0.1677934492162231,0.0166301813951906,-0.2634698404906962,0.5579806156227864,8.305619271963792,2450.157685229318,2.333298975160069,3.6747607385074814,0.0402842471009813,0.2548439142216923,9.631039417746129,2.0752002230454614,7.0682500425609325,-4.659729825164071,0.939645416069666,0.542755573236797,0.0621014510795215,0.0950266675463621,0.5541194014154782,0.1135194158333676,0.0090300675449668,-0.1593368531961783,0.3947825482192998,3.801564042488968,1121.4613925342458,1.1633287233941665,2.315254579725468,0.0261772048405023,0.3353395984007101,11.51779809739246,5.638339932682816,40.809826944662646,-2.971149626467713,0.937864289745078,0.7816255934778129,0.4363485268250038,0.2744837005681491,1.4066686025947628,0.5155010560027365,0.0753413018775853,0.0383551945774866,1.4450237971722495,78.39369492828126,23126.140003842967,4.2289482344390485,5.421276559515856,0.1975834305115428,0.210928804569173,12.58318098991129,1.7155722103871474,5.430709471108837,-5.729802978703829,void,23
0.9017739493653084,0.8534464041048536,0.2455294934963742,0.2752492280290435,3.175891835228973,0.3688453194865979,0.0757621375305843,-1.4418506573441154,1.7340411778848577,40.13382656361529,11839.478836266511,7.319589723333506,5.0071647053517365,0.2452079529119629,0.0962393482522502,10.963252554116202,0.98035447947916,4.778264297706247,-9.727007535679638,0.9318111206837966,0.8976078288609145,-0.99654330627386,0.1417153657164742,0.985382712660352,1.006569325063798,0.020083244880154,-1.5427947480492084,-0.5574120353888563,298.8886328170201,88172.14668102095,6.283054083510993,6.156073483500773,0.2984264976973337,0.1799861022832329,12.420191655269262,0.9603251530191724,3.5271742224352303,-6.585822362489799,0.9318114665570122,0.8390969078684163,-1.085305229969164,0.1315387705561797,0.6371279023628518,1.0932474058317505,0.0173024481594313,-1.3938178378357091,-0.7566899354728573,352.58101765556626,104011.40020839206,3.699341968661188,5.160758454777596,0.1639797298270608,0.307064390809745,12.806534199405103,1.863416382723676,6.410164329976032,-3.5346341989259398,0.947275105666978,0.8781154171848957,1.5185023446539294,0.1963904160210758,1.252654927673319,1.5311494264846957,0.0385691955049312,0.9803266086270994,2.2329815363004184,691.6034770362016,204023.0257256796,4.876500094776121,5.6137725135175,0.20042269040609,0.2571758978256985,12.83347711000849,1.3261642748864395,4.678343653498224,-4.60655719801795,0.9459531319469102,0.7665268630060996,0.074111725442772,0.1709015774114997,1.1578041911793675,0.1862790836617028,0.0292073491617388,-0.4510333983024157,0.7067707928769518,10.236469617903884,3019.758537281645,5.51283878905801,5.863682445846119,0.2431534511594877,0.1093229068264219,12.558541454877188,1.4812251186323546,4.538645327039318,-9.110091072903453,0.8841200300873372,0.7364166187460714,-0.0167656316507864,0.3150357907293455,2.472122105997661,0.3154815935123851,0.0992475494404639,-1.9515859652694465,0.5205361407282147,29.36094757430857,8661.479534421032,3.8066754217629017,3.836234393578917,0.0776639914163491,0.1357358536355089,9.084211078434969,1.53549675970599,6.086577404951464,-8.039519168111365,0.9190244890391692,0.7234233443725469,0.0320835073809345,0.2438993517304065,1.2857605773917928,0.2460004984148915,0.0594868937745125,-0.6058686438887715,0.6798919335030214,17.852292340010642,5266.42624030314,4.577912574456268,5.399871878864618,0.1171063526838771,0.2161271950892133,12.22701909843584,1.3203784645022296,3.679363849364917,-5.59536179471089,0.9369469113766108,0.8364122231139414,0.3746366716953347,0.2332212303723108,1.9802218663011744,0.4412989667734704,0.0543921422963744,0.0375403857429328,2.017762252044107,57.4497095322231,16947.664312005814,6.219254329898866,5.925652626052115,0.2896068622715653,0.0835925697059203,11.775910748784174,1.4047481501493273,4.630898896106132,-10.399209201943162,non-void,24
0.9022686857442228,0.791173197274128,0.0449297173228619,0.6958325950211898,5.70837539257438,0.697281635920978,0.484183000293923,-2.408753680273495,3.299621712300885,143.4294955388274,42311.70118395408,5.660679191383899,2.9534951263268248,0.0645878015680692,0.0848333172743884,10.114546654993475,1.6657358192500462,8.523411771648457,-10.32933751082677,0.9492012162069076,0.872976408839144,-1.303483982404702,0.2622325517103592,1.5449539781050006,1.3296000915922608,0.0687659111765262,-2.1117327332485702,-0.5667787551435698,521.5117390508337,153845.96301999592,5.806955222369906,5.476768811950359,0.2513536277444689,0.1843817680549377,12.57462924567764,1.112441348220318,4.564953362154745,-6.457689491937895,0.9185926485685364,0.8345822056100424,-1.444966919926709,0.2525079897697019,1.2680372829859676,1.4668638943610333,0.0637602848975359,-2.058365402660129,-0.7903281196741619,634.7484569511049,187250.79480057597,3.114993257503401,4.254863889960593,0.117303819900113,0.3274579576596912,12.278629863996075,2.2871612193387496,9.976527730627184,-3.125638889591885,0.9546543049821622,0.86183327846181,2.054217574723369,0.4311820075472091,3.1422721420339124,2.098982555414599,0.1859179236324414,1.0433729739747668,4.185645116008679,1299.689691540766,383408.45900452585,3.9783296850328735,5.49359794632492,0.1744931593079721,0.273851757099976,13.163283308894714,1.7067909020134526,5.570249460018329,-4.2350975883570365,0.9137611230282756,0.7689740685914968,0.0231028409525485,0.5035103090314298,4.225793840595522,0.5040400505525376,0.2535226313009259,-1.4865958228190168,2.7391980177765056,74.9466299054964,22109.25582212144,2.91091057967724,3.345351353807755,0.0816477642238641,0.1385807774380318,10.77183945082542,2.7215937129054724,14.008152666599145,-7.935115650473305,0.842998649361225,0.6577021716476136,0.0354796388687047,0.563693505068856,3.606172776861065,0.5648089698571244,0.3177503676568123,-2.102495972758879,1.503676804102186,94.10770586716448,27761.77323081352,3.0859351466627034,2.5945490374186964,0.0265784778983801,0.1198292520364621,8.217125267388166,1.9519292671490271,8.408463466686595,-8.660040822177546,0.9054960487869682,0.6106640276651296,0.0255282212467322,0.6545833922740104,4.095896821891721,0.6550809931000694,0.4284794174409509,-1.8065905976280887,2.2893062242636315,126.59367671868708,37345.13463201268,2.7500006200108484,2.144174995130975,0.0282771630452962,0.128948153822239,9.51024011778368,3.7526826037756,23.213826092546885,-8.296288768377705,0.9023605559444674,0.7627039930368295,0.8561750284316458,0.5188072601680843,2.8678044459818777,1.0010977237577976,0.2691609732031144,0.109174538270373,2.9769789842522507,295.6480124913479,87216.16368494768,3.424154431818214,3.603853450539562,0.0781104167145765,0.1863817861930273,10.34996323372002,1.7230787311669584,7.520549762350138,-6.400171926030055,non-void,24
0.9105797741086452,0.8691907250985671,0.5306535968871641,1.1110404489903098,9.64027789916425,1.2312611904798567,1.2344108792925892,-5.605135157862345,4.035142741301906,447.22121515865285,131930.25847180258,6.730811948759868,4.404753485931991,0.199363792348646,0.0556285787074543,10.266431378817256,1.0827585175089778,4.634499085858904,-12.298448716468322,0.9397747503056524,0.9045802026923678,-0.9534860439484152,0.6403452115322306,4.354552115491794,1.1485545811743805,0.410041989932257,-2.397853162029464,1.9566989534623305,389.1573996513136,114801.43289713748,3.87224402865662,5.161964353445453,0.1400721679294657,0.4113172905139296,12.45308121976353,1.566790716387487,5.239691259429246,-1.5570431374311509,0.935069894795764,0.816396471277682,-1.0321378674443904,0.6186109070346221,2.757656044736085,1.203323743518282,0.3826794543021978,-2.369964841640972,0.3876912030951128,427.15646935588137,126011.15845998508,1.342027740092108,3.2022555305189204,0.048784609370242,0.6217146164757148,12.004851151815878,3.942065479122247,20.355120689455028,2.1577151675364243,0.9402060263072508,0.896166558716031,1.9155205287288333,0.7835501776222072,5.920847520857281,2.069582029500977,0.6139508808517925,0.209878405326035,6.130725926183316,1263.5350841658478,372742.8498289252,4.4563689009290215,5.604156984683215,0.2132198478495332,0.3272553994246925,13.234269450077193,1.6325898895134503,5.6269824371483805,-3.1296339998420075,0.8739902427782894,0.7359779224427203,-0.0937820190038178,1.1448476325162722,9.312163230349762,1.1486823619985405,1.3106761016781134,-3.0830788216755987,6.229084408674163,389.243994786131,114826.97846190869,2.403719425569576,3.435709534243481,0.0721105002228091,0.2641660040924166,10.538738807650644,2.976875369854148,14.785638378339796,-4.4490292166499845,0.8348831015380991,0.6702419785968526,0.0967412144784225,0.9921594262701592,5.9152333117873965,0.9968646797411832,0.9843803271367316,-1.8731853135318373,4.042047998255559,293.15306096607014,86480.15298499071,2.86133668288326,2.5587796323577643,0.040382332209085,0.1176431235733895,8.223113390162798,2.786549082663515,16.108791471989157,-8.750777274224053,0.8848090700243292,0.6768738899834436,0.0310054747891106,0.975821430731636,6.5283209218046245,0.9763138860745736,0.9522274646751372,-2.0299129122353485,4.498408009569276,281.1906972219004,82951.25568046061,3.296954443765112,2.803195378148864,0.0572398047588976,0.2301928868130368,9.554709833693936,3.63205608850527,19.209656727821397,-5.242900203288347,0.8952412790276458,0.8151425232161145,1.5640756962009914,0.9055751648413596,6.288668299873125,1.8073182239506336,0.8200663791774557,0.0293451693323498,6.318013469205475,963.5877529741016,284258.38712735986,4.052661693107892,4.1693578366062765,0.1361760584633379,0.083194078946344,10.921336570202408,2.352629278170727,10.360601418340533,-10.421849912552776,non-void,24
0.9205896280689064,0.8351855210390968,-0.6499747512511439,1.025787601120548,6.622797250247643,1.2143753043753134,1.0522402026126487,-4.249061856029472,2.373735394218172,435.0386770636073,128336.40973376416,7.281457109830372,5.035221248566823,0.29297150047821,0.0724664026685291,11.091927935542277,1.861894461745549,7.357845759937637,-11.071929466447685,0.940944586895387,0.9351441486590396,-0.0951659667081411,0.9983473796542852,5.732749298120088,1.0028728990665132,0.9966974904625774,-3.247026435944426,2.485722862175662,296.6974452462115,87525.7463476324,9.275194118989168,9.345580380233194,0.4468220454228262,0.2534844686352102,15.287840991854022,0.8976300065976421,2.4969279454382383,-4.690874930316867,0.945440934465392,0.7995924231631342,-0.0909425895903448,0.95793471946348,3.3321100690086984,0.9622419037617173,0.9176389267535762,-1.4459700302601668,1.886140038748532,273.14329699971734,80577.27261491658,1.5392804057459974,4.197062163128838,0.0708334517703934,0.663020345412319,13.923456251775365,4.7028019625177695,26.658455028860583,2.939231746079814,0.936906784227786,0.8918059498790782,1.7005560830496118,0.7172725572030778,4.407933220566789,1.8456356392619,0.5144799213166426,0.0280841410828944,4.436017361649683,1004.879419309536,296439.42869631306,8.757897474156076,7.653311223866192,0.4736325836133443,0.057542365518379,13.861152782965576,1.019530033242896,3.078943462480303,-12.14274125014632,0.9200685562485832,0.733130511353854,-0.3455220331461469,1.0057775016141124,7.401767633931353,1.063472546962343,1.011588382753126,-3.994178779101998,3.407588854829356,333.637288152059,98423.00000485744,3.719606385650117,3.716048406913378,0.1130071185784428,0.1090097924897102,10.81730021221359,3.549437483422457,20.759242766807247,-9.12407417932202,0.7668858634991015,0.5622583726638521,-0.1047417988232212,1.402177654983339,7.124950320735228,1.4060842864335334,1.9661021761345745,-3.323859487802269,3.801090832932959,583.2365410638131,172054.77961382485,1.535207183628823,1.5868357345417217,0.011476211159042,0.1870372952465019,6.972106658237123,4.97572266360357,43.472925916917184,-6.3814240893391005,0.8856281421186613,0.631389128380738,-0.1333863491916594,1.321171699205659,8.072506547451045,1.3278880137017006,1.7454946587819684,-4.31078706726345,3.761719480187595,520.1695401951312,153450.0143575637,2.3097840883760683,3.0000731154993203,0.0395513262013308,0.2748725664966319,9.517716306074556,2.9884484373603875,13.11452303999605,-4.212829384432634,0.8775728436284019,0.6378973268558246,1.9493161876268408,1.0351327722985486,4.552471351390365,2.207109751605144,1.071499856286479,0.3308832924598189,4.8833546438501845,1437.0433694110034,423927.7939762461,3.201506373738672,3.869732030063853,0.1116552477359887,0.2454609627791916,10.442182273142674,2.5043710682757774,10.70058428173187,-4.876992802085309,non-void,24
0.9177995149036964,0.8053730330904363,0.1992272485437705,0.7152840967346933,3.9507372438173674,0.742511168672827,0.511631339041566,-1.4848210094431835,2.4659162343741827,162.64023650314675,47978.86976842829,2.867995914223639,4.144018477608614,0.1071196663838353,0.2583203706259044,10.962741327116328,2.3173710839417336,8.819811468138445,-4.580576958287929,0.927625639450038,0.8520033287392246,0.5057372975710246,0.3612419816824246,1.8695609536880808,0.6215030036003755,0.1304957693298452,-0.2841755667993714,1.5853853868887096,113.94846512786506,33614.797212720194,4.841649400768761,5.503505705483869,0.1402999655227911,0.3057563975867243,11.622327291363172,1.224090212176198,4.5043858660943545,-3.561363329627497,0.931879157806746,0.7317142491385135,0.5591754589659873,0.3163722295316574,1.326543820606161,0.642470685345763,0.1000913876188317,-0.1022646230618194,1.2242791975443417,121.76673155095304,35921.18580753115,1.6266754958319394,3.3333310198672934,0.0481383564853706,0.501576200328286,12.164644985991355,3.6146029207606194,18.70049084859264,0.0273814985467922,0.923168247137052,0.8119520717717454,1.0271304419383036,0.5434707497744979,2.5603945144320948,1.1620487944216584,0.295360455860455,0.1366703158701764,2.697064830302271,398.3554331819648,117514.85278867956,3.429169540909497,4.216098706594515,0.0985603105128375,0.3140777103353777,11.421820967478215,1.7181559137195697,6.169478969775378,-3.3923779950182475,0.9344945841318996,0.5804751779178057,0.1469792401810353,0.4926176251178902,2.2666311068414053,0.514076863534029,0.2426721245767902,-1.0249408908135074,1.241690216027898,77.9611313781905,22998.5337565662,0.8744408599618163,2.0383019130192124,0.0204768815388932,0.4294873433143341,11.746911045755,6.830986865067858,57.76921949439343,-1.2331491351385104,0.8653266034390902,0.6452188839455676,-0.0233131890646816,0.3921206931180463,2.279126237449402,0.3928131142868611,0.153758637971377,-1.3633625649651453,0.9157636724842568,45.51913211294407,13428.143973318498,2.6951829898621145,3.0508281523559333,0.0436855439045137,0.116314218366,9.127556108369996,2.3379001645708266,10.457739123932123,-8.80665060054252,0.9293283849951351,0.6742060415092289,0.0444575860167152,0.5949889181226081,3.8455673224422826,0.5966475422250102,0.3540118126887117,-1.2329782874041677,2.612589035038115,105.01654544472784,30979.88090619471,2.181570909046448,3.619381709407777,0.0481793433218781,0.3817538060834535,11.468297961855402,2.827274425154067,11.222494241516287,-2.0937807562695703,0.9321384336497572,0.6991303723013127,0.7697903275327357,0.4266008739523585,2.8522192912458117,0.8800940029450676,0.181988305656916,0.1215848802813259,2.9738041715271373,228.4968089358624,67406.5586360794,3.670808118403955,4.541658947422126,0.1377574091593434,0.2269629958545805,10.865802143704906,2.265022657870902,8.390466791540671,-5.322452274367777,void,24
0.9578701422109736,0.841236453825869,-0.3896679505875003,0.2756745805841787,1.5116161451967969,0.4773233559080527,0.0759964743802628,-1.1406413365185384,0.3709748086782586,67.21208789812104,19827.5659299457,8.893759416597288,5.681183822959645,0.2855744268312987,0.1644355912346664,13.016228524586216,0.7646444688467013,3.121848111277054,-7.059841071033351,0.9432648702930484,0.8198153450062174,-0.0811016117830047,0.1762065843057989,1.1209003903403727,0.1939748225582842,0.0310487603527166,-0.5399707510423621,0.5809296392980104,11.099738377022769,3274.422821221715,6.694466285545129,5.864260258374271,0.1860839961518592,0.1549160214855829,12.07474420561798,0.6044224879731892,3.099881756135688,-7.36803530980366,0.9400959975511518,0.8471227144792599,-0.0441562909042592,0.1394186213710726,0.7766090522139378,0.1462440768422163,0.0194375519850105,-0.4135586702250183,0.3630503819889195,6.309262353372464,1861.2323942448768,3.4087561907234853,5.279727036799194,0.1250699562335934,0.3320950565054136,12.89506363365336,1.9981674346512417,6.822504534324009,-3.03452244996638,0.9623765459558864,0.8823830540700478,0.4749728413946392,0.2474913085964401,1.1810069266579342,0.5355848652578556,0.0612519478307783,0.0419716773306725,1.2229786039886068,84.62108862851625,24963.2211454123,9.536649417511594,6.879952980629718,0.3202485858273983,0.0993665987144897,13.99360338438126,0.5874690495821555,2.626437066914523,-9.573076212045178,0.9585589573430384,0.6459084712187632,0.0431396704621788,0.2080637091669279,1.179263129747345,0.2124889132163966,0.0432905070722999,-0.5228527455977043,0.6564103841496407,13.319703780766176,3929.312615326022,3.0367334435975,4.1005603741734,0.1035940971167174,0.1577424271534916,12.613887296098056,2.720410943711693,11.5094927088697,-7.274964039001689,0.8735933582432365,0.708693230346884,0.0372741629490869,0.2026590694559654,1.1834409544833076,0.2060583938021281,0.0410706984327578,-0.5787724630865353,0.6046684913967723,12.52571818861231,3695.086865640631,4.00726506185116,4.113123118409741,0.0788275861182272,0.1430728921611463,10.572746941554616,1.59827750129,5.617636877006566,-7.773865235103385,0.9256944784666132,0.6063258004956142,-0.0213601641344528,0.3179230584097764,2.1747162956792443,0.3186398086876102,0.1010750710686261,-0.9433801161856804,1.231336179493564,29.95174166574068,8835.7637913935,3.422450127265386,4.690395054207274,0.0700826320021271,0.1862143811782552,12.14523222729026,2.0558195059421918,6.637204673566037,-6.404967920274272,0.952188860778609,0.7492535950309875,0.3844584000520001,0.2033092870631623,1.2454623273804777,0.4349056536499326,0.0413346662061313,0.0326602532748908,1.2781225806553684,55.797163635119176,16460.163272360158,4.700259712481971,5.451940619165301,0.188660741327439,0.1388540154605262,13.005795212791035,1.5553869818769954,4.998655207545499,-7.925183351502744,void,24
0.93477342751097,0.8650940287924977,-0.7144887001074051,0.2166065930682259,1.2706489315680916,0.7466006420716457,0.046918416160624,-1.314675437722709,-0.0440265061546173,164.4366930288291,48508.82444350458,5.081250524845359,5.290442303721281,0.1683905949229662,0.2053525315337549,12.231032992874027,1.22723108968991,4.444399515554321,-5.876744421976196,0.9248526464196892,0.8280614150307636,-0.3669342006498515,0.1443954099072283,0.9263360829836904,0.394323144145537,0.0208500344022765,-0.761209944558412,0.1651261384252785,45.86976889260248,13531.581823317729,9.195478646412464,5.575320402406997,0.2882514956139095,0.0829374294205393,11.89907362675005,1.1200209070549498,5.358691576116251,-10.436483901493292,0.935535254462904,0.873095037743499,-0.3541289011918626,0.0872444237509523,0.5556393430028281,0.3647175182726924,0.0076115894756357,-0.5751486069639102,-0.0195092639610821,39.24056609982255,11575.96699944766,7.933128949920935,6.511028606401199,0.3686785304402902,0.0819147649537746,13.145337294743689,0.931932489203432,3.537443244298824,-10.495207898490936,0.9379775098759938,0.845283401064895,0.8976105053066264,0.2005430368992896,1.1906869082026827,0.919740250769535,0.0402175096487898,0.2215294477502318,1.4122163559529146,249.5470280212541,73616.37326626993,6.058068339166054,5.192004003798457,0.1807489788627685,0.1154159622418145,11.81897213270164,1.294109971280952,5.779981313613546,-8.844732194928252,0.9630493567379588,0.7370551955772696,0.0021747319052742,0.1643507598466055,0.9191297781236106,0.1643651475253084,0.0270111722621566,-0.4389518890329278,0.4801778890906827,7.969691007699842,2351.058847271453,3.638171821044189,4.455369782506822,0.1409289570097379,0.1673110648725051,12.471209439014515,2.448030217139576,9.44200438225732,-6.969581280623903,0.8765160885182989,0.7631001178395528,0.0352504417457888,0.1939724803219035,0.9951656812791284,0.1971494782278272,0.0376253231222312,-0.4985201264163237,0.4966455548628046,11.466035445823833,3382.48045651803,4.728295204930342,4.378600629983468,0.1092008170759592,0.115817499747961,10.757033231633184,1.282075647182646,4.515456161203849,-8.827677274217788,0.9330474834943404,0.7556469226033549,0.0371637765585071,0.2746070103737282,1.4449185711865922,0.2771103686881592,0.0754090101463969,-0.7270243010942565,0.7178942700923358,22.65309614817383,6682.663363711279,2.965338863244274,4.813229328413195,0.0889296678429174,0.3306367346669333,12.30133678504388,2.0290667889724583,6.281112024352916,-3.063107709292619,0.9432271732054311,0.8037069982476543,0.3435139718183577,0.1570736326904837,0.8580239681204529,0.3777220868853296,0.024672126086585,0.0502509710330647,0.9082749391535176,42.08882260169751,12416.202667500764,5.061277772327294,5.629968905657727,0.2155778446089679,0.116191731262707,13.253179226197696,1.6714222321351233,5.149827063910427,-8.811828340351722,void,24
0.9563322235610352,0.8736413063779558,-0.4230019415135195,0.3565733814619561,1.88210673184708,0.5532406518789276,0.1271445763672137,-1.2229585708792297,0.6591481609678503,90.29218957296912,26636.195924025888,5.19268355157596,5.847693054925298,0.2032440416082387,0.3076394778188823,12.910070226093312,1.355817138747804,4.421851847602304,-3.522902306470856,0.9276870957376347,0.8321546448984883,0.0308416677220275,0.4012021938923595,1.7405550542701669,0.4023858954435635,0.1609632003840424,-0.6669368444485103,1.0736182098216565,47.76475061131593,14090.6014303382,4.76105390612276,5.676947335360417,0.1309676543313433,0.4721656620359455,11.767917775737564,1.1308880957415124,4.050016319252601,-0.4840323880952512,0.9328880591195482,0.7295744024327689,0.0675116015809461,0.4073851710305382,1.525281378530056,0.412941271761016,0.1659626775755809,-0.5843068337524632,0.9409745447775926,50.30354570746356,14839.545983701752,1.877952857790051,4.139693189524263,0.0668114039520427,0.7231494131988263,12.73851193449256,3.1666278081375845,14.010789323923644,4.169825903409899,0.9619955554279208,0.8658768045364247,0.7537579532162381,0.2652528409465424,1.251178075390473,0.7990682834820467,0.0703590696302117,0.1763508727200327,1.427528948110506,188.36048589174865,55566.34333806587,5.136586314509921,5.890783025255081,0.2025883443777872,0.3413535721110808,13.152904684595397,1.3677188996772325,4.625903204202454,-2.8544788826594063,0.9230449807585503,0.606224744363343,-0.1897467545550592,0.2286837269249651,1.1358196056063354,0.2971532901121405,0.052296246960292,-0.7315484459315708,0.4042711596747647,26.048522958218623,7684.314272674495,2.941441485198511,4.1527530714680925,0.0992101164967985,0.1540279826361827,12.062232335722848,2.6571728986311225,10.888040846765126,-7.397563688527091,0.8738928063869985,0.6421832590524966,0.0802683697538985,0.3289733694487204,1.7494525415472952,0.3386244069605628,0.1082234778064443,-0.7384796014085769,1.0109729401387182,33.82661425187089,9978.851204301916,2.775219221395445,3.7517407570002304,0.068971574396178,0.2479680475806397,10.01116692087608,2.025825344714298,7.981032825749391,-4.818405700566718,0.9367861847229244,0.6579921458239687,0.1717909023829573,0.3038465991508526,1.738383925839968,0.3490485209209311,0.0923227558155389,-0.654268486807733,1.084115439032235,35.941286637341456,10602.67955801573,2.6513947179419057,4.505588472121485,0.0660368839939512,0.3147118205907103,12.158217001793396,2.293763883039857,7.768737196882332,-3.379601849481221,0.9350980617751368,0.7317498398802887,0.51805914125871,0.2375208684078947,1.3591341256288376,0.5699135344690038,0.0564161629292404,0.0739974843663467,1.4331316099951843,95.81642384743098,28265.845034992133,3.1269181983154306,4.738758579030909,0.1308810604501216,0.2017098218690412,12.590152580874422,2.211239820382648,7.8807032731522035,-5.974337389856443,void,24
0.9354266010446396,0.8475335385421571,0.4223241125633878,0.2700454538397427,1.5498829849328226,0.5012805633494737,0.0729245471395126,-0.1986803199395256,1.351202664993297,74.12824994162987,21867.83373278082,5.439184667430148,5.706797651536299,0.2305526515098876,0.1837215318725017,12.521383670765545,1.5024139909147338,5.304512638954019,-6.4767828184193785,0.9372475281384678,0.8672421172149525,0.5856614534554212,0.1759550748338742,1.0412575041258414,0.6115223024741703,0.0309601883597942,0.0453015748743034,1.086559079000145,110.31806029487664,32543.82778698862,8.067047026272007,5.373983592738183,0.241367073149564,0.0848155044717546,11.888678025526836,0.6339012126826947,3.8978209310448295,-10.330333988872264,0.9555274848937224,0.8490943075288322,0.6468927931729246,0.1369617946997958,0.7653532182513321,0.6612328024731208,0.018758533207389,0.3177978507887494,1.0831510690400814,128.98250162460488,38049.83797925843,6.006339260190762,6.6811509997689065,0.2739825049224442,0.189157589279491,13.465769672244406,1.2694129880035905,4.011250203531972,-6.321126786128052,0.948218089106064,0.8526630750044183,0.9954762081211124,0.2673904780401605,1.437502958994831,1.030762120317648,0.0714976677465455,0.3536260020323841,1.7911289610272152,313.4288118611114,92461.49949902792,6.068523833930504,5.546252669950252,0.2025554271586382,0.1444285121498083,12.041316689659224,1.1284466597353284,4.2982448201833225,-7.726033638174154,0.9641094572373764,0.6772483454285207,0.0181072469466521,0.1963414679773213,1.1899428138047314,0.1971746546579366,0.0385499720474895,-0.4126895952325443,0.777253218572187,11.468964109645585,3383.3444123454474,3.559147292039321,4.94630316302908,0.1619023702290996,0.1615409705652737,12.671992721657787,2.232403838082586,8.038921863231154,-7.151991563509613,0.8839510488864544,0.7478054527613,0.1104794154287072,0.2029526799896172,1.24096440215718,0.2310746449709202,0.0411897903149679,-0.5006371042492715,0.7403272979079084,15.75167000678887,4646.742652002717,4.184035666292054,4.103903390811878,0.0952601866745444,0.129701353835266,10.418165230063028,1.7991401261041478,7.649141102560319,-8.26723796378214,0.9398334231755956,0.6619739379513246,0.0758594344472686,0.2729230214654363,1.5399536264615483,0.2832695349671095,0.074486975645823,-0.6395693973616738,0.9003842290998745,23.67128068494233,6983.027802057987,3.055330230336546,4.260726009820694,0.0672498173085232,0.1891585289818299,12.43957648458318,2.306677564019881,7.786696666801152,-6.321100242607778,0.941777068665355,0.7816549085976044,0.3754243522123401,0.1776837673912298,0.9556912447724322,0.4153492090138079,0.0315715211943406,0.065324669146801,1.0210159139192332,50.89191480137678,15013.114866406151,4.152935888277527,4.656045333313869,0.1507512220182785,0.1492671239010552,12.602657348782408,1.954501048944454,7.105333635257065,-7.558290495701232,non-void,24
0.9008535801608438,0.8143258279320047,0.5220493424879299,0.971144695930933,6.320161886840968,1.1025686084896775,0.9431220204347844,-2.9875963719404157,3.332565514900553,358.61897324592496,105792.59710754787,8.076442288082822,3.768032130234178,0.1321446822915089,0.1149961219427449,10.382616704241986,0.4143590264896127,4.5136145859987655,-8.862619788693994,0.9040494810306036,0.8151641540646763,0.2207479732792232,0.3444320007372827,1.8956914400970373,0.4091003187957351,0.1186334031318875,-0.8681669274582053,1.027524512638832,49.37210589743778,14564.771239744146,8.112874515019804,4.116008495616776,0.1647980199907311,0.0735076643206776,10.49968693180794,0.278287092575061,4.951944684397234,-11.00509205984064,0.9473971402660054,0.8570336525112452,0.2678706203314425,0.2303528472926085,1.1980598764541477,0.3532946411885745,0.0530624342558118,-0.4204112409183579,0.7776486355357894,36.82104553030628,10862.208431440347,4.505348923722137,5.37930103352905,0.1579687412782051,0.3242017158024813,11.732626029979182,1.4238792004842749,5.167895118642289,-3.1900177436684656,0.9631627523942806,0.8801031600667638,1.074529626837684,0.5943263344377964,3.363373942051592,1.227940434531822,0.3532237918062674,0.138709863681702,3.502083805733294,444.812124673669,131219.57677873233,8.876322326328918,4.83735578393117,0.2458431837338165,0.084933384494082,14.245804302909796,1.0336434994834776,4.800720594970279,-10.323742802643018,0.9251110304807252,0.7777704604777798,0.0516886256292825,0.3496901459038814,2.0650507589043645,0.3534896210098989,0.1222831981422778,-1.154886830399159,0.9101639285052052,36.86169908770799,10874.201230873856,4.405318075179115,4.250954397969918,0.0843996713314711,0.1234285135839975,10.604425656301864,0.984646271874512,3.7725860131927074,-8.51371839880124,0.8716892124649108,0.6756271695742128,-0.14038532177927,0.685063022729975,4.730527232528225,0.6992992089821061,0.4693113451119302,-2.835488232451969,1.895039000076256,144.26071818648478,42556.91186501301,5.410820591175578,3.6495995005425983,0.0554696087392359,0.0833187818909128,8.929173430332186,0.4336194542247272,2.825861884066176,-10.41475420530418,0.8968738969754395,0.7205550897219135,-0.1582797293914374,0.68098681744884,4.262665281176547,0.6991391265515945,0.4637430455390997,-2.5366105435955326,1.726054737581014,144.1946778912213,42537.42997791027,5.085994214213315,4.74393994560589,0.085733179833462,0.1056568687371664,10.71567944776316,0.804943818848138,2.6232553471097617,-9.27606439818718,0.942619816122938,0.8373478327121753,0.8742423898939464,0.5817817957211867,3.093552021637417,1.050128475054385,0.3384700578325686,0.1214723355846244,3.215024357222042,325.3170951654141,95968.54307379718,6.461007750237467,6.15971042756735,0.3137525764531539,0.0884618127425593,11.939936809716643,1.1774255029573388,3.8398664171326287,-10.13019031744408,non-void,24
0.9245547431009892,0.8336606870251333,-0.2185727556066665,1.0728237395163822,6.570018682373936,1.09486292546757,1.1509507760699142,-3.2514096699976403,3.318609012376296,353.6238235412048,104319.0279446554,4.518448364296861,5.376529624007637,0.1292223158689111,0.241501205591496,10.848367111320869,1.257183182323211,3.7051055367188113,-4.970355916527533,0.9109415186552408,0.7826755026458693,0.9895538921364582,0.6936590140380882,4.002796902105791,1.2084617218591185,0.4811628277562926,-1.4841335351504923,2.5186633669552982,430.81202129361816,127089.54628161735,1.3886581279930752,3.6044316915128354,0.0439410382249599,0.5594117680880335,10.689393386507144,3.914209842876328,20.095431900128588,1.036987052299699,0.8967564436348926,0.5890167538903305,1.0455342765662947,0.6179372746306575,2.666235012841624,1.214491004023072,0.3818464753779646,-0.1163820026055768,2.549853010236047,435.1215776616261,128360.86541017969,0.5883876959843437,1.7035760992236353,0.0120940804552413,0.5773194996009856,12.098391883781929,8.64064122506744,91.17506101400656,1.3540401365194346,0.9546776824823114,0.799889827079124,1.88210211470462,0.7692753651583278,3.515795532948889,2.033246900308736,0.5917845874394787,0.3040639274042532,3.8198594603531424,1219.557422496449,359769.4396364524,1.357738296633845,3.379263928581973,0.0522185671906101,0.4262283463769454,14.84100432149518,4.300781478318758,24.14060836036981,-1.2909675954819575,0.8876770782513076,0.5011704582955705,-0.1547321752016757,1.0871944197186247,5.207817721032974,1.09815015016616,1.1819917062673173,-2.869630740043732,2.3381869809892426,355.75045693143807,104946.38479477422,0.7144519456851145,1.4000304103129022,0.0085700282963692,0.4046692961827021,10.123727457462344,8.716003690364115,99.94035619751192,-1.676580275430849,0.8476440040321436,0.4415130127062533,0.4363641503262142,1.3315731856888016,6.464622036351962,1.401249735248982,1.7730871488454236,-2.9377304534994693,3.526891582852493,579.2327420579261,170873.65890708816,1.3955267908546882,2.088655070124824,0.0158672381653422,0.3022738580854783,8.673426326645702,4.359240656841537,26.397873401802745,-3.632844058915209,0.8882844410967926,0.4491677278108114,0.3473793850137179,1.5754749017532412,8.9919513298898,1.6133175766683057,2.482121166054385,-2.552982451467174,6.438968878422625,767.8241129401338,226508.1133173395,1.2999840986343765,1.9128331912662224,0.0114484913056275,0.2478393557759894,9.737033700847023,5.758182398221375,40.45917946740225,-4.821403342697566,0.8763813612051947,0.5468471407341488,2.0057886517843078,1.322512782700223,6.838538859386604,2.402546186035181,1.7490400604054874,0.1662001604239211,7.0047390198105255,1702.807311929498,502328.1570192021,1.4897536428925349,2.112809312241528,0.0231499764079322,0.2871833359304143,10.74377380094385,5.032730489370158,33.46475617279328,-3.9481860798621033,non-void,24
0.9231495464414852,0.8963319464823074,0.4309925877647473,1.9722025214745051,18.74263383360553,2.018746491369966,3.889582785710397,-7.11973244478418,11.62290138882135,1202.2245319434724,354656.2369233243,6.500737291972124,3.3706771940100246,0.1172574528079179,0.0846527389293792,12.35430685696306,1.292162485500822,6.107649856627941,-10.339448721197398,0.9132264141402746,0.8984173597436662,1.464172827603812,1.415577096616634,11.543921954073136,2.036580611112392,2.00385851646558,-4.381800115443194,7.162121838629942,1223.5598727398822,360950.16245826526,4.461380798868497,4.673427706970208,0.10122590390376,0.2905409370164323,12.218057822337563,1.1465939788792072,4.344072714670495,-3.87720008105276,0.8895158032430502,0.7309344672554652,1.4646530484091027,1.164429016410652,7.405597621688898,1.8711235893102187,1.3558949342590785,-3.410078434830978,3.995519186857921,1032.825528509581,304683.53091032634,1.275318144241855,2.283112943436942,0.0234389719557603,0.5291204912949052,10.96535603418078,4.119821910724735,27.121192792239796,0.5064478922763912,0.9323275066842024,0.9236816559840298,2.9943486414516207,1.6607160148223596,12.06691174421581,3.4240475271892223,2.75797768188746,0.5166608773934909,12.5835726216093,3458.6099331929354,1020289.9302919158,5.829740809258572,6.092304508604718,0.2129581239822081,0.1388869531509588,14.89378642978431,0.989818655642659,3.269571673964194,-7.923987186698282,0.9185767886482836,0.7586262762424673,0.4244789003869561,2.698651049658018,17.060003633288346,2.7318308557987336,7.282717487820323,-7.968161154373063,9.091842478915284,2201.5554482847424,649458.857243999,3.7705120259219287,4.245860920782563,0.1210781305140548,0.1688948337797147,14.061874618165104,2.075745180986797,8.432595231728637,-6.920396164450881,0.795979172235547,0.5765079762947969,-0.5466514522328637,2.3349989367840243,12.089799491453563,2.398134242491613,5.452220034782523,-6.984526056751795,5.105273434701768,1696.5591142781927,500484.93871206685,1.7371802816101596,1.69964417172433,0.0116924739648109,0.1809032443427282,8.314597068092189,3.426723938610111,24.03829686869224,-6.558888501135822,0.8655297321547717,0.7452997349161982,-0.4522420451183938,2.181281543883028,14.945111075701377,2.227669643609122,4.7579891736847255,-6.931035232783275,8.0140758429181,1463.9410521119898,431862.61037303694,3.1328519832270474,3.309126680711693,0.0667542831862548,0.1558746522256288,10.202703896171323,2.2442917437073646,9.39774024621993,-7.336314441145996,0.8379984534722186,0.7528974049812427,3.4980601478893347,2.437218683768632,11.524027923200553,4.263385944382993,5.9400349125109,0.1897229085924592,11.71375083179301,5362.055614674926,1581806.4063291026,3.5253764292631296,3.183148032619302,0.0746275133842275,0.1399508751202407,11.722003389318925,2.758518175616599,13.043925781590405,-7.88547639775765,non-void,24
0.908158445671213,0.579863411039796,0.1403456669952925,0.5838650548583715,3.957719968771828,0.6004958855222263,0.3408984022847691,-1.6144306180346413,2.3432893507371864,106.3756160160912,31380.8067247469,4.822772975776829,5.178993271505302,0.1326600012778465,0.1645002647744686,8.980908399608909,1.2576600380930083,3.8791841741356095,-7.057797126355362,0.8703774896042636,0.4943450813621571,0.1533860274493126,1.029022065949411,2.830057216122376,1.0403911214670545,1.0588864122107935,-1.706746118444074,1.123311097678302,319.3120372601052,94197.05099173106,0.3119764730289029,0.4657085050432253,0.000865292936796,0.791056337273437,8.469873244948182,22.871013529097088,719.6603066898643,5.7817821061956645,0.8454841770753733,0.2868583551249072,0.1307254869134453,1.164243605673454,3.0480841303178488,1.1715597834853682,1.355463173351525,-1.858911459135008,1.189172671182841,404.9029362526833,119446.36619454157,0.3035291837196358,0.3790019826389733,0.0004398074474711,0.7993811762642241,8.640764220570464,27.77450159888887,1047.095603397952,6.003822376219414,0.9076639496527112,0.4518109188402352,1.5970795317481747,0.5146827077995835,2.823685451251319,1.677963444308868,0.2648982897079114,0.1026761515493685,2.926361602800688,830.5905895288796,245024.22391101948,0.7590790594260017,1.347405054090909,0.0097542744734338,0.3621110023266864,10.857556457515866,10.037621374536686,133.75260885583043,-2.459033906650539,0.8329688690185065,0.4131268435173879,0.5068634751829184,1.9991521137847923,9.307166830004306,2.0624063024837533,3.996609174050203,-3.208578092573502,6.098588737430803,1254.7883281747886,370162.5568115627,0.5581119731601148,0.8416601544952655,0.0035856264557335,0.4335453347342506,8.858741405715111,12.1790718460771,228.17663305866145,-1.1613064068960128,0.8404866660706712,0.4617173823620504,0.6398066056440639,1.0314030278106956,3.707861531404778,1.2137317242302144,1.0637922057770703,-0.4948732440795036,3.212988287325275,434.5776860288405,128200.417378508,0.3187593586298853,0.6486037543460845,0.0014454102673443,0.8646108742807089,7.439052811220652,15.960595042275244,333.63642019687813,8.052369096444352,0.8193736957579253,0.6185950982927505,0.4328098979167873,0.9049224344639996,4.462948451296591,1.003099705976924,0.8188846123962515,-1.0416923102493791,3.421256141047212,296.8316609386425,87565.33997689953,0.8029986166326814,1.6150672419907366,0.0094835990830018,0.5716496605223227,7.211777660570066,5.685430579819385,45.33356929820965,1.2533083459113816,0.859276824134991,0.4075866807568807,1.8618568326346896,1.8073081114823977,6.121204624047135,2.59477811672955,3.2663626098300704,0.0399040282816274,6.161108652328762,1986.197675142272,585928.3141669701,0.5286583776225097,0.7800477612185546,0.00299558230478,0.4734773033569491,9.24931036372314,13.24317517625365,271.19258896224954,-0.4611793144364627,non-void,27
0.8275485029476797,0.4675498257628261,-0.2652199036247086,1.3269638604545937,5.694170921497206,1.353209031979634,1.760833086952558,-2.570339592960309,3.1238313285368973,540.1965318482211,159357.97689522523,1.2139290282654258,1.781963260520227,0.0100003111491086,0.5040813070111086,8.327529434499969,4.444118061554843,27.682419865266148,0.07090113935051,0.8459350966427872,0.7791407414079454,-1.3350863730023452,0.2163357467451254,1.3785516841406462,1.3525001954514937,0.046801155319771,-2.120354462537835,-0.7418027783971889,539.6307497154169,159191.071166048,4.478080809443405,2.852114005360193,0.0507307323273091,0.1061583031799367,8.40753728596423,1.3277637150334525,6.752711565290271,-9.253066404756057,0.8569216429915808,0.6521629689165457,-1.6012663508092586,0.2473871737788841,1.0098158836198794,1.620263663723995,0.0612004137503038,-2.0822141225030686,-1.0723982388831892,774.4500302953695,228462.7589371339,2.2466029506527563,2.81189558687024,0.0361664102942025,0.2090417333252277,8.993785068523467,2.6088099025564824,11.948948949506914,-5.779205703176992,0.8369799648614614,0.7162005699117883,2.4728819937956867,0.4129654315714062,2.20389600602908,2.5071270017515843,0.1705404476729578,1.4532137319235652,3.657109737952645,1854.2773118590076,547011.8069984071,3.476191273430534,3.032671840733836,0.050347183953151,0.1537081607942493,8.79322012740134,2.1577398393102007,9.408853660477432,-7.408232265860639,0.814208590557182,0.6166850359424997,-0.4145235004086694,1.4150479962733378,7.182920701375115,1.4745136703836437,2.0023608317571884,-3.973945373759627,3.208975327615488,641.3862164237321,189208.93384500095,1.6427132756834204,2.4295047022446234,0.0194667321920464,0.3153951950585682,8.681237886184054,2.932276855408686,14.795230216109038,-3.3658487020283774,0.7010609179227393,0.3176689397848253,2.38475628382921,2.4638737465705387,9.607794100870862,3.428955580392147,6.070673839039544,-3.192838398141714,6.414955702729148,3468.5322298292213,1023217.00779962,0.7168630288050015,0.8993166580236549,0.0010601750793482,0.3822174012431294,5.359182610484185,5.695462898859415,51.25494131712226,-2.085252159139775,0.7663335196470256,0.3782962292138335,1.6314534903881444,2.388102453934737,11.221184699233495,2.892174583559708,5.703033330489112,-3.354089586696976,7.867095112536521,2467.578777427688,727935.7393411677,0.7506710348890689,0.6981132415483526,0.0009876761599211,0.323302430585267,5.947056341116799,7.606413192661033,106.41637506502128,-3.207856469224095,0.7780457500245042,0.404369982055856,4.197947973815794,2.16190507825282,8.99593942938729,4.721927652795992,4.67383356737533,0.4362642362911078,9.432203665678395,6577.497223680642,1940361.6809857893,0.7172209524387542,1.0705599560221728,0.0029316066895801,0.4100623750793291,6.773714242670157,5.728353278778721,57.28308728989966,-1.5795617259333892,non-void,27
0.8982483668655767,0.8077449080508695,0.5831553248285233,0.6467325604833161,3.511614854809612,0.8708232528275566,0.418263004789306,-1.1903865123323891,2.321228342477223,223.7082756112241,65993.9413053111,3.649458795673928,4.81867122132585,0.0561492809442013,0.4283158425196487,10.826659287483109,1.2637082758288236,3.453921909711148,-1.2539201879255275,0.8870975405640799,0.7250919294424865,-0.356935224424703,0.3099022014588172,1.6030278804593183,0.4726966563284898,0.0960393744690213,-1.0448930321547991,0.558134848304519,65.91542802671965,19445.051267882307,1.4815064424670543,2.6980203768880178,0.0250822640864527,0.366088739535185,10.303690478262316,3.4004441146895847,16.28466895924017,-2.3844209543124557,0.8751414437536795,0.5988513338882462,-0.2831087624944675,0.3773189335831296,1.8487660319111288,0.4717204140605524,0.1423695776403101,-1.1920788260078574,0.6566872059032712,65.6434439672304,19364.815970332973,0.7886571756834481,1.7327466181708755,0.0096455062023685,0.4336681751019623,10.098156793415455,5.695878952469376,41.639176642750655,-1.1591341474863457,0.9352324313116772,0.7829203770603124,0.9891252054695716,0.4753175186289033,2.197804534989657,1.0974039436828902,0.2259267435155378,0.1622026986668471,2.3600072336565043,355.2671476051742,104803.80854352642,5.787998035955582,5.143121738412516,0.1088174594605577,0.153895217514497,11.47182687804612,0.6039054053816445,2.3548811582300777,-7.401990257006426,0.8632289318890478,0.5397490654481795,-0.2315125273998775,1.391625152848183,7.114241574696497,1.410751082361026,1.936620566039728,-3.628405304195649,3.4858362705008483,587.114491832928,173198.77509071375,1.264365940641103,2.3840668292675105,0.0230336708578343,0.3516010545602497,9.667422464373336,3.79143830157825,20.348225399586287,-2.6579213083919124,0.8632731549275907,0.5954651787228986,-0.4340208527369884,0.6196871234504137,3.236683732705204,0.7565621134981522,0.3840121309702481,-2.41508777698702,0.8215959557181841,168.8539383163333,49811.91180331832,1.93472678403988,2.473465318392181,0.0222701472611275,0.1478059121099796,8.928508306132036,3.346377075102459,15.974654535885016,-7.608467106889991,0.8247314003603871,0.698416255796449,0.034839094309063,0.720803868606158,3.661311713811044,0.7216453280454875,0.5195582169976035,-1.4101868220391354,2.2511248917719087,153.62773394951438,45320.18151510674,1.7720706411170823,2.611402268311481,0.0257394417146408,0.3288713785682511,9.02993189966002,2.812848995210195,12.955652569335705,-3.09779681592182,0.8742312343147431,0.6657452929872169,1.5014731783366404,0.9104697261244568,3.575193134440078,1.7559546769360184,0.8289551221891432,0.1432544991318322,3.71844763357191,909.5961640987756,268330.86840913893,2.267250864153465,3.306890836173645,0.0537442153284009,0.2013456845582438,10.128856635205912,2.630462999413904,11.149994987927316,-5.984165167943583,non-void,27
0.8903003072476656,0.8303107035713648,0.2259939272404014,0.2118314467900404,1.1514213221258631,0.3097512179131853,0.0448725618491617,-0.3283094346702703,0.823111887455593,28.30401601461697,8349.684724312006,5.75947245190366,4.487523728966318,0.1029141854051729,0.0755010877643426,10.792335580249164,1.0301190911374485,3.414347494574396,-10.879531923720853,0.9143011167885916,0.8566754506015217,-0.4664655016306867,0.1220705246874063,1.430093623690797,0.4821734928519265,0.0149012129974586,-1.1719989034981282,0.2580947201926687,68.58492677666291,20232.553399115564,7.919520694079794,4.709996979224377,0.1638832850458299,0.0654299289566801,10.0938872110779,0.0584140964956657,2.712904747334959,-11.548353707764807,0.8937259192456122,0.8388015081851714,-0.3885831534549986,0.1114150687922564,0.9683124212008238,0.4042402561633543,0.0124133175539832,-0.922085450128178,0.0462269710726458,48.206004487389215,14220.771323779814,5.760800853259779,4.632589995787628,0.1300163564857425,0.1022227961114112,9.928286602985777,0.4992375862332435,2.93310343853133,-9.436207804693886,0.9072762929501929,0.833490656808227,0.6815278592089399,0.1654299127510564,1.2941168011648854,0.7013182436745409,0.0273670560328221,0.197999207364173,1.4921160085290583,145.0949472786691,42803.009447207376,5.101576695590069,4.517340239967812,0.1353453709417415,0.1582800460227631,10.665448626369962,1.1332666731293122,4.400766263515166,-7.257414500996631,0.926736608112144,0.7565590459055374,0.0666769551181917,0.4770283518728885,4.293867584260715,0.4816657189736443,0.2275560484905644,-3.2710374696588964,1.0228301146018186,68.44055012614731,20189.962287213464,4.202473696997356,4.684378494195376,0.1094829481657943,0.1497621470719028,10.929757432041708,1.4003036287762698,4.324137939845384,-7.541383772012999,0.8117032341048833,0.6753108738259582,-0.1599206043155574,0.2071597407644331,1.859744761139584,0.2617054792667517,0.0429151581935871,-1.496993939350589,0.362750821788995,20.204478574080863,5960.321179353856,2.490461991319905,2.63765522788431,0.020470209542771,0.1639885191028887,8.628637594881628,2.1241884605399077,8.410968508790964,-7.073987953500573,0.8378706081355696,0.6813198140178666,-0.0698914673680742,0.2507481783061593,1.4968894283168117,0.2603064850031978,0.0628746489238574,-0.7543092681087998,0.7425801602080118,19.98904250974241,5896.76754037401,2.6013121857801806,2.7835201571007167,0.0339404637857159,0.1173996202149911,8.857603974387557,2.4906915949444666,10.785485957952734,-8.7609741685078,0.9223749103522928,0.8060804929921477,0.4852443566846752,0.364402254593785,3.415965182633581,0.6068369540884586,0.1327890031530337,0.069602493061236,3.485567675694817,108.6340712099706,32047.051006941347,3.563129478330926,4.476633513080441,0.1399826886691685,0.2770578955717686,10.729734186336357,2.145891733185067,8.387773266772875,-4.165329869153898,non-void,27
0.9275935703587234,0.8745921478571845,0.1331118439036208,0.0645524604457118,0.4276616707741629,0.1479384437427172,0.0041670201495951,-0.093816282722083,0.3338453880520798,6.456306025420053,1904.6102774989156,5.552130832085252,5.444538695064135,0.1683658897643864,0.2276583108874288,11.789432890685903,0.9793297303905308,3.6024492660534757,-5.305259541475184,0.9190880183472598,0.8181327561772386,-0.2539264723546436,0.0666233923419141,0.361959629750291,0.2625211034747839,0.0044386764071446,-0.4966571974939543,-0.1346975677436633,20.33061228203738,5997.530623201024,2.772180178058788,4.751526579507421,0.0884079245283855,0.6109557470361386,11.216286715301894,2.066762661493243,7.128008876346678,1.9601076173362155,0.9005900198886391,0.793219770449556,-0.1455978983118644,0.0718145956630952,0.348113023140648,0.1623455701369331,0.0051573361502538,-0.3769592991510562,-0.0288462760104081,7.775044822210338,2293.6382225520497,2.220072854242331,4.298216212485986,0.0585449806387229,0.6638805008730483,11.33045503178517,2.243316498225076,7.530830847298795,2.9559621458407497,0.914920373727983,0.8321759971479739,0.3316500696554474,0.0846606658800777,0.4734365706251987,0.3422852568395566,0.0071674283472581,0.1522914620267232,0.625728032651922,34.56196312966777,10195.779123251988,3.4082831817848573,5.119870388271668,0.1170626889788574,0.4599981572351103,11.493725466352863,1.7380617079543796,5.754620209885028,-0.6963914135525663,0.9355145523229204,0.7364545472030855,-0.0747357121459769,0.1831006431605821,1.467503075642011,0.1977657002510424,0.0335258455258188,-1.0661402420886243,0.4013628335533867,11.53782529775662,3403.658462838202,2.477740449473491,3.889181115824065,0.0809028162131429,0.2591382522102048,11.397254012626544,2.805099616883251,12.432270918629786,-4.562056443826937,0.9029544529622656,0.7266161525517353,-0.1654690929728442,0.043650907816963,0.2528032843248011,0.1711298410053043,0.001905401753245,-0.2776766386914238,-0.0248733543666226,8.639199632337723,2548.5638915396294,2.568759002641336,3.36628971822298,0.0611031393143889,0.1735428358203771,10.043787625427726,2.669266672629085,11.137601108407758,-6.778136166902172,0.8707920520949892,0.7722269264963397,-0.0582858592556014,0.0741187241245045,0.4339476319528764,0.0942911801549232,0.0054935852658444,-0.329001076114107,0.1049465558387693,2.622793863227418,773.7241896520884,3.690389409749228,4.010060932960564,0.0911040323894575,0.1253187006786212,10.399142538097426,1.735464390220134,6.721078624302315,-8.438339350151729,0.9379018144487212,0.7721642856060795,0.2522189502478004,0.1169321276176556,1.0755750801035393,0.2780063332611221,0.0136731224691916,0.034502006259569,1.1100770863631084,22.79981879332176,6725.946544029918,2.553919586595318,3.678065030902938,0.0961029473130297,0.3250700259217932,11.170761322378237,2.703806122981908,12.764208176538924,-3.1728178542153835,non-void,27
0.936608524699436,0.8537694245965531,0.0885004041514816,0.0778454747141315,1.0597244361638494,0.1178653446456763,0.0060599179334684,-0.5798267099078724,0.479897726255977,4.098210643191001,1208.9721397413457,6.863054811113553,4.556577160201392,0.1566114420985261,0.0799897770010766,10.423331221466016,0.6050779385877265,3.682553694190515,-10.60758139312811,0.9429953525281506,0.8422456509087523,-0.148312962302377,0.0373694146622793,0.4001765933593034,0.1529483832510422,0.0013964731522013,-0.3127020922924454,0.0874745010668579,6.900996342036771,2035.7939209008464,4.140669189448822,4.604369707302515,0.1294217422022495,0.1724351184422757,10.90960796803769,1.450504691478047,5.515853476915491,-6.811762942815954,0.9346771123634424,0.8502671469998114,-0.0296729668470079,0.0363109670341456,0.3638508526562406,0.0468931902141285,0.0013184863269548,-0.1783063457804166,0.185544506875824,0.6486965300952414,191.36547637809625,3.3863381253507416,4.443286740148804,0.1116569012812814,0.2145801772909072,11.042951273609969,1.777476779544762,6.3646607069619945,-5.635122273536868,0.9573995689854806,0.7856359540914043,0.1904051986403107,0.0568355436919013,0.5642494473935328,0.1987068662528051,0.003230279026754,0.073640757214466,0.6378902046079988,11.647903515323012,3436.1315370202888,3.446423477875137,5.036801197082764,0.1530472490623894,0.3038841296433483,13.600679588013604,2.05275304496217,6.941061159179764,-3.5997350466001783,0.9312306351573942,0.7600829131230135,0.0253029538590255,0.1283856300252278,0.9517168103511138,0.1308552997435207,0.0164828699969746,-0.5361842263681313,0.4155325839829824,5.051317293935162,1490.1386017108723,2.116416054551548,3.375140772214837,0.0709866354624629,0.2316908667550964,11.630622402259386,3.363567356347227,16.88043670490854,-5.206270796267344,0.915848243391641,0.6275128701972092,-0.1688901091140859,0.0392428597449257,0.3145919577048246,0.1733893624116767,0.0015400020409599,-0.3505603320693419,-0.0359683743645172,8.868841944270697,2616.308373559855,2.592190840812502,2.9860568134259684,0.044315445044889,0.1815532966691739,10.31050880411951,2.927970580106072,12.996798233630855,-6.539862397300484,0.9152017755624732,0.7597172313313051,-0.0619193823878327,0.0726947316586063,0.6685645075646847,0.0954910148977768,0.0052845240109167,-0.6081255944594374,0.0604389131052472,2.689967508231192,793.5404149282016,3.892791293762516,3.563835565835672,0.0955099394983535,0.0977534468304089,9.242850810823938,2.0340581940919007,9.97799443661526,-9.651931265133902,0.9213952402997876,0.6894459839096098,0.2212664258409128,0.0857127947875326,0.6247742657345559,0.2372878302709641,0.0073466831902896,0.0809429315420463,0.7057171972766022,16.61012674643705,4899.98739019893,2.674905631604385,3.230893575152643,0.0764341907493612,0.2042235177498355,11.214285267592626,3.519179988434769,18.603181904684888,-5.906853414411469,non-void,27
0.9495164726271624,0.8881884712243973,0.1001512641546652,0.0390245635190876,0.3176166112830809,0.1074857770573987,0.0015229165578553,-0.0432303308857424,0.2743862803973385,3.408191719541686,1005.4165572647976,8.304985877365787,5.25459663608089,0.2766129385253565,0.0622491492783887,12.416826159567613,0.5487635237276558,3.4577874677449425,-11.779539397875247,0.92479548066741,0.8327935407624345,-0.1921420398475389,0.062373702226824,0.283846543050789,0.2020124803230081,0.0038904787294805,-0.3568485518288879,-0.0730020087780988,12.038667450844857,3551.406897999232,2.004271690882957,3.871035076368849,0.054831918954865,0.5717990403364136,10.984069511631288,2.486508001305085,9.211269297439904,1.2559579238991807,0.907936303093828,0.8230908518399456,-0.0779050718280456,0.065072682454,0.2918331506818955,0.1015069170957924,0.0042344540017591,-0.2428361916632823,0.0489969590186131,3.039577994396162,896.6755083468677,1.6018184850359256,3.603182892169164,0.041108842753938,0.637457563318799,11.277504351034551,2.9932876634598933,12.24806562519012,2.4509243463134744,0.9273267958300978,0.8492728849922283,0.2390610568304089,0.0742677574813365,0.3290251819531882,0.2503315575275691,0.0055156998013066,0.1122017284211647,0.4412269103743529,18.486437164782703,5453.498963610896,2.1459410642007635,4.18000485423761,0.0656053131038518,0.5624086104705066,11.767486724627132,2.42021039430066,8.59044470365917,1.0898319747412977,0.9148959342628143,0.766665806492076,-0.0151119979423573,0.1918384527607118,1.1435157232528683,0.1924327530318933,0.0368019919576238,-0.5849612256419112,0.5585544976109574,10.923957509632933,3222.5674653417136,2.494418036827654,3.685708666003993,0.0716490711596655,0.3892592562358473,10.960683173170866,2.27652459145256,9.2380790281637,-1.9561794419198968,0.9149861596934004,0.7154060177914842,-0.1667802616281076,0.0261486982968108,0.1417581459866058,0.168817682993689,0.0006837544226176,-0.2240131618371762,-0.0822550158505704,8.407325976950514,2480.161163200401,3.247212953499613,3.6841175277754736,0.0672694772244732,0.1588561073746471,11.002934443854508,2.086821798213163,7.471904390257341,-7.238663017676773,0.9198768434224462,0.7891889510326336,-0.0591430397743588,0.0453138987292619,0.2606993700933703,0.0745067015227301,0.0020533494180458,-0.2090341486112522,0.0516652214821181,1.637618328680173,483.097406960651,4.413633186995216,4.483102986513917,0.1589475557156648,0.1382909961703372,10.769902744088425,1.7897321292333352,6.706970940669925,-7.945666839384316,0.9154473736919831,0.764753036198236,0.251655910471031,0.0880359348651728,0.4950416480515184,0.2666102456819477,0.0077503258275849,0.1048654017429574,0.5999070497944758,20.968901815263617,6185.826035502765,3.555729639342826,4.416807216189947,0.1161464837703376,0.1846966250539968,12.071779973852928,2.121209663761836,7.678403385910088,-6.448602723533298,non-void,27
0.9599904179424272,0.8983869376535705,0.0982907189499805,0.0335386968031561,0.2103731116240553,0.1038552339314591,0.001124844183254,-0.0277769808681543,0.1825961307559009,3.181843336412639,938.643784241728,9.86931980009633,5.729312796527599,0.3410509969032701,0.05402943070489,12.96899890230091,0.5018490997725608,3.472734093218448,-12.432470086085477,0.9378157293301927,0.8685702503859987,-0.0721443989694417,0.0295210092196446,0.1909836339074105,0.0779506529030279,0.0008714899853463,-0.1922472129192273,-0.0012635790118167,1.7925097649624575,528.7903806639251,5.221089827951156,5.723467279917042,0.1939624974394031,0.3325919738729428,12.18099075594864,1.1001014234722832,3.8024563771222737,-3.024795589357776,0.9495630541963054,0.9048271637632028,0.0504534532426692,0.030836919360946,0.1904837856668639,0.0591309271006611,0.0009509155956734,-0.0724721770542722,0.1180116086125916,1.0314576292361917,304.2800006246766,6.4641367252095705,6.882808970506643,0.2516655874475292,0.3334250024304669,13.075754640523485,0.9357105166964867,3.3085722127249806,-3.008507625333387,0.9744493718875384,0.9153184564152956,0.1404177352410174,0.0253286413479615,0.142492366292066,0.1426838478691618,0.0006415400725336,0.0802517459715495,0.2227441122636156,6.005810730611287,1771.71416553033,10.007188083432832,6.461510432475383,0.4115009651552285,0.0500738050072368,13.762507545000586,0.6614814818230834,3.310649777896372,-12.78078830466869,0.9449072411881632,0.8280113285438307,0.0439157837211144,0.0949888311588554,0.5627337021044645,0.1046492909902654,0.0090228780449255,-0.1846722615369625,0.378061440567502,3.230684860905749,953.052033967196,5.005463930427541,6.336298966549973,0.2397028506969198,0.1689366246238583,13.49453086174458,1.8701093017164945,6.16053848765193,-6.919103122229724,0.9188033069806802,0.7983628561854383,-0.1616750902053153,0.0177942927128676,0.1020729550824985,0.1626513807074752,0.0003166368531512,-0.2015939373090552,-0.0995209822265566,7.804364135584178,2302.287419997333,6.244308203098187,5.596048700020037,0.1845356396449771,0.1911138428082355,11.942091290761152,0.8785807349369098,2.9641727851888025,-6.265949729123431,0.8980976677022039,0.8413810813193633,-0.0611451903602696,0.0334486786807217,0.2190921208231842,0.0696961147387699,0.0011188141054861,-0.1851196283217384,0.0339724925014457,1.432976780855535,422.7281503523829,6.408560134017503,5.131134024664338,0.1789796642082376,0.1035773375288847,11.405430375684167,0.7735113971517793,3.2476842832379105,-9.372479555342078,0.9361383279614044,0.8591326559047943,0.2007699736332996,0.0442256921684362,0.2671123357373377,0.2055833022414347,0.0019559118477772,0.1406307299516076,0.4077430656889453,12.468025777345463,3678.067604316912,7.774925245785182,5.9895263387655,0.2906821991897053,0.0739666088327056,13.253827051600595,0.8867431679628216,3.632682307255248,-10.975906141769356,void,27
0.9056989535770992,0.8781166180590421,0.093413577950895,0.0766528456785388,0.4222093598532705,0.1208377229850258,0.0058756587506178,-0.1122022224125835,0.310007137440687,4.307517812380722,1270.7177546523133,7.590024157970176,5.281758257609637,0.2928884829320253,0.0636660744416616,12.01763447643325,0.9631763413360768,3.936124406417981,-11.675226462784256,0.9292519808005764,0.8604173726572375,-0.3781909889601805,0.1322279243048546,0.5076928797202239,0.4006402976444703,0.0174842239659703,-0.600338492254251,-0.0926456125340269,47.35123118851168,13968.613200610942,1.7525135099466127,3.611113308988653,0.0507562218771393,0.7409282985706445,11.730167974412833,2.73016576150708,10.850494191372588,4.563562083209344,0.9135008007901184,0.820831779865556,-0.2866246916228886,0.1492222490150396,0.6011663661978014,0.3231423733418793,0.0222672796011064,-0.5454424638319416,0.0557239023658598,30.804193067461647,9087.236954901186,1.186174380702441,2.972806891633016,0.0303615291843716,0.8132435136951375,11.44553844886217,3.857307090936647,20.645633588929687,6.389449162961197,0.9324660564353626,0.8568978559016165,0.4917162547711736,0.1942949346629716,0.6854400906555818,0.5287110712306659,0.0377505216356884,0.1507392563905012,0.836179347046083,82.46294206835405,24326.56791016444,1.3151361318239068,3.2158127177182845,0.0423676952142261,0.812492331196722,12.441863140427223,3.710404684191439,19.07426677933324,6.368002376946144,0.9076849792620436,0.7457820543409901,0.1821064736056763,0.1835842492191356,1.1527673809147472,0.2585845012572265,0.0337031765613537,-0.2790931125285169,0.8736742683862304,19.725453565682336,5819.008801876288,3.821789274254211,3.975025340051428,0.1216836557062218,0.1363344304220922,10.720686392691784,2.094321312145695,8.886054056885092,-8.017400562522424,0.893985791573141,0.7200063145987918,-0.1629940493342566,0.0483433365872352,0.3153351207395036,0.1700121710665587,0.0023370781923867,-0.332984265294009,-0.0176491445545054,8.526720801675623,2515.382636494309,3.2106247483582058,3.6566987213011752,0.0729951708380045,0.157879469047155,10.606227991511508,2.2683744771417613,8.38736731465592,-7.270485678814281,0.8816383766472673,0.8003422053225259,-0.0460243267084548,0.0833241029781482,0.6262976858499956,0.0951900456249477,0.006942906137113,-0.4216830945887392,0.2046145912612563,2.673037711893493,788.5461250085805,4.491932590346251,4.011116889376813,0.0909730854268276,0.136910578750997,9.500741204526296,1.0685985411393255,4.358353549299991,-7.996187723572064,0.9313320810518276,0.7597249309414675,0.2945515292717886,0.1344270210595463,0.8206055354246238,0.3237765083932017,0.0180706239909437,0.0706791295791845,0.8912846650038083,30.92521207925145,9122.937563379175,3.720821522699839,4.055042110427573,0.1315857441848237,0.1097340438758019,11.216508257196358,2.156321215886371,9.517693233810874,-9.091783776724077,void,27
0.9444651078398878,0.8890280575941664,0.1923872133037923,0.0413937179454637,0.4208481564827975,0.1967899380764867,0.0017134398853486,-0.0470143737903103,0.3738337826924872,11.42425251980351,3370.1544933420364,8.52220557324091,5.421029506464079,0.2562750881677672,0.0682611042212704,12.048498366972128,0.2920169447131209,2.646000535908753,-11.351208379924325,0.8974326975719832,0.8333553321244275,-0.6573942788062386,0.0477047456314195,0.1972006612942277,0.6591228873001853,0.0022757427557584,-0.7617109731427151,-0.5645103118484873,128.16067926606516,37807.40038348924,2.323709349093938,3.938778095543321,0.0574377247038778,0.5884768430984955,11.16272634582437,2.1310518701869645,7.843505766145449,1.5533511021771342,0.8953433621588178,0.8060998952812861,-0.616004865789264,0.0567619213634284,0.205097199767418,0.6186145087151749,0.003221915716868,-0.7200342059474012,-0.5149370061799832,112.89175356591056,33303.06730194363,1.5289288337514266,3.22115175042138,0.0292816447188346,0.6641950404488228,11.15025077905992,2.9375085635175977,12.466402707331545,2.962085293657484,0.9134664926932068,0.8336377186482139,0.9223994178531252,0.0709400072470618,0.2681053826699066,0.925123327283448,0.0050324846282131,0.7814707238911817,1.0495761065610882,252.47668535177925,74480.6221787749,1.9332344588524788,3.654390867705412,0.0488285506627181,0.6196203544777115,11.361137993376287,2.575638441418945,10.131471160627935,2.119084113381396,0.9083351389268648,0.771814984549074,0.0589163561359064,0.1508053440485468,0.8749335699555854,0.1619054934643465,0.0227422517936005,-0.2567895719842142,0.6181439979713711,7.732949700110398,2281.220161532567,3.109315536557114,4.044449416531898,0.0910094463062932,0.1983158090781726,11.026775004136733,1.952301759320374,6.926819804246685,-6.066459815041768,0.9002240575090362,0.7632492244197855,-0.1633639735942969,0.0258104904604072,0.1851013719264153,0.1653903542723242,0.0006661814178067,-0.2678822437230139,-0.0827808717965985,8.069420939465852,2380.479177142427,4.314679713976066,4.2671757005481945,0.0819116757838064,0.1324831182179678,10.437272117527163,1.1766160471080265,3.773028593096023,-8.161173089072715,0.8830655441822636,0.7762501839827916,-0.0585225445138715,0.0441931267277003,0.2730139139262066,0.073334307567118,0.0019530324499705,-0.174628384586209,0.0983855293399975,1.586486596572855,468.0135459889922,5.138940574821332,4.085811159134507,0.1191619835889029,0.0721766755977481,10.0473917279272,1.142107864706439,4.941828813014866,-11.090683412160104,0.9324863350569624,0.7166759029618638,0.2264409405621107,0.0875772756139043,0.5608549098402216,0.2427864880231335,0.0076697792039537,0.1006969540159444,0.6615518638561659,17.388857236149107,5129.712884663989,2.6824313878339936,3.731411136621624,0.0892827070905874,0.1235876641984309,12.059786327655136,2.8162679761103577,12.527924280451469,-8.507333511616084,void,27
0.9315064763643788,0.8613108144696612,0.2505867632713595,0.0554082711800242,0.4306690419878785,0.2566394405425157,0.0030700765151591,0.0641965775599652,0.4948656195478437,19.42982172038276,5731.797407512917,7.981246752877457,5.584140962446502,0.27666907764434,0.1305215888704652,11.659454031518711,0.499251867365353,3.0434929481677977,-8.235764018504167,0.8679281403925826,0.8135132014494679,-0.7441825138646361,0.0368662635491736,0.1873461734457315,0.7450951183103849,0.0013591213880771,-0.8426038688427108,-0.6552576953969792,163.7741869223401,48313.38514209035,5.406789432813072,4.112988657516025,0.1208313408269503,0.1063167607602189,10.15216922789548,0.9445386608534015,4.981143945248296,-9.245817409915023,0.8781097917724258,0.7816449754544534,-0.7250606857996116,0.043852252678787,0.2309623980802878,0.7263855850422744,0.0019230200650041,-0.8505788333426055,-0.6196164352623177,155.65262535637612,45917.52448013094,4.777909386477981,4.137749108076336,0.0781897044966717,0.1711165048271839,10.01839246085094,0.7640060935105001,3.87855329464566,-6.852015238386009,0.882179509778284,0.8137626673173771,1.0698400514765327,0.0641000794526757,0.2938812802332334,1.0717586276439062,0.0041088201858393,0.93399738322769,1.2278786634609236,338.856633999099,99962.7070297342,4.816804356750813,4.208009190372329,0.0896072317540504,0.1349110719346739,10.374256019377352,1.0739202153361864,4.850865875799941,-8.070131175950038,0.8561008745991193,0.7097392003767891,0.0704252046804568,0.1753924170776788,1.0097574566686585,0.189003199503698,0.0307624999683504,-0.2900956049282003,0.7196618517404583,10.538051779677229,3108.725275004782,3.514827060484841,3.9465478851489246,0.0763420192227005,0.2299992885699092,10.293550905164654,1.5964290029653987,5.639940990783785,-5.247646320301751,0.8583642129283593,0.8080327867071411,-0.1660003942903134,0.0267281850717981,0.1790711167033956,0.1681384155443716,0.0007143958772322,-0.2523652136363342,-0.0732940969329385,8.339805400622684,2460.2425931836933,4.424266072087522,3.5959604176791617,0.0822066905842089,0.0999307726641162,9.82075965670785,1.4929310338941673,5.937711418221907,-9.545765465719844,0.8849410560365312,0.7315761381878977,-0.0428562573980177,0.0454268268206066,0.2589473630620789,0.0624520247322257,0.0020635965949893,-0.1376747101603701,0.1212726529017087,1.1505753409805868,339.4197255892732,3.632369233018534,3.870584239224467,0.0790104300943216,0.1123918493643683,10.406743432353515,2.122944357739019,7.622400479481413,-8.974864138513963,0.8926507099162773,0.7748242046183063,0.2462868189912266,0.0850634727056436,0.662735458924847,0.26056283617884,0.0072357943887437,0.0733358067213503,0.7360712656461973,20.0284325212805,5908.387593777751,3.7390378864543137,4.577441814962519,0.1644413076822324,0.1098265442168618,12.54713095282457,2.359642647703021,8.940032931983005,-9.087673080618163,void,27
0.922595191285174,0.8566374647834993,0.3302030949054492,0.0286314610718475,0.1773365561206326,0.3314420680122634,0.0008197605631087,0.2339093821668694,0.411245938287502,32.40688411223252,9560.030813108591,7.964639579270463,5.023555865654243,0.220301638843052,0.1000746233066249,11.457385627271268,0.4035924798235869,3.4349795567365247,-9.538824146149578,0.9115774817020078,0.7700450894319725,-0.8042892125187616,0.0226445187676137,0.1585118545220772,0.8046079241495616,0.0005127742302168,-0.8811006771353184,-0.7225888226132411,190.98120392325865,56339.45515736128,4.9851650281675655,4.619546652935653,0.11842989137336,0.1653636373015886,10.390441041505127,0.9238625104299318,4.322085862094422,-7.030571293273615,0.9237895754268434,0.7658941832040931,-0.802963720837604,0.0259186579408533,0.1754984859743206,0.8033819227558114,0.0006717768294549,-0.8815397450581589,-0.7060412590838383,190.39964157419325,56167.89426438702,3.509109229071414,4.723397048817337,0.1159512567007469,0.2710780412700445,11.283243027078605,1.6352632174374826,5.849251454488616,-4.295866170871561,0.8864533611756562,0.8028884917797988,1.183915942462347,0.0318325469736366,0.2069701551937008,1.1843438140435982,0.0010133110468287,1.0849942031860775,1.2919643583797784,413.7877296096845,122067.38023485692,4.4840705913694805,4.780644259225902,0.1297441398762994,0.2049932213859826,11.249618042637811,1.1635634527894336,4.429330759949996,-5.886312694539231,0.8834392424771544,0.7334125995402314,0.0329911966301783,0.1424237260799426,0.9092259185976193,0.1461948590258413,0.0202845177504945,-0.3193982712926365,0.5898276473049826,6.3050163576477605,1859.979825506089,3.5338698182215498,4.314283032906489,0.0654061397601347,0.3355217985314665,10.25200499067301,1.3107271961484506,4.059855965125987,-2.967599953948586,0.9000482216081541,0.7443070238061565,-0.173623666320587,0.0198139811384002,0.1045291291307122,0.1747505975816833,0.0003925938485528,-0.2195430911700689,-0.1150139620393567,9.008642549770856,2657.5495521824005,4.617262596140344,4.127584776665148,0.1062690442394583,0.1657169714374884,10.600711155326993,1.363241944217536,4.994520588649905,-7.019462507960973,0.8909676008607281,0.7984107901936799,-0.0620710202503195,0.0315002636825669,0.1816953832814,0.0696065957146794,0.0009922666120712,-0.1539621041620269,0.027733279119373,1.429298059261114,421.6429274820284,5.082886533994602,4.498740441419621,0.1161473808764896,0.1099161616332833,10.514957031692084,1.0792853498071109,4.215078315815785,-9.083692705255604,0.9107105028058058,0.8416139099413282,0.2289293686031809,0.0659327727209829,0.4950344456866231,0.2382347294743734,0.0043471305186767,0.1305515306119538,0.625585976298577,16.742956966679728,4939.172305170519,5.075517088745176,5.670917477069259,0.1848751238614163,0.2284009411749174,12.605046023737025,1.1458736035304484,3.680474444831017,-5.286937880468223,void,27
0.9233299516752757,0.9027947016185234,0.3423799184279425,0.0649933132163,0.4995329397936811,0.3484941022536201,0.004224130762832,0.1236280909456787,0.6231610307393598,35.827201095139216,10569.024323066073,9.392477454539776,6.53185254936218,0.4000980516353516,0.0568244713150217,12.966357200540594,0.6559482472078093,2.239487373050656,-12.20057071991331,0.8531167580833234,0.8850278457816587,-0.7746477881660765,0.0690555779796951,0.6959992672993354,0.7777196593636452,0.0047686728501097,-0.913709623726122,-0.2177103564267864,178.43012122540776,52636.88576149527,5.545221101419226,6.318007691159742,0.362832397262305,0.1724638619603536,12.87815810914586,1.1492150099285194,3.731521690507675,-6.810888549306115,0.8961166046162802,0.7322161099285043,-0.7657468798681064,0.0768573899499128,0.4621395302647948,0.7695942712999189,0.0059070583899129,-0.901404502408078,-0.4392649721432831,174.72122601320768,51542.76167389628,2.602117717960673,3.978122411577286,0.0712196889257425,0.2505551453861842,10.596027620539513,1.886634222281422,6.29766023828977,-4.758363525376818,0.920704492879593,0.8040735715661889,1.144187508598237,0.096986058027292,0.6949695597594696,1.1482906210031998,0.0094062954516732,0.6386611372097382,1.3336306969692078,388.97854833375465,114748.67175845764,3.3058748570934515,4.561195737083401,0.1371353899214414,0.2206318904409939,11.204350372762228,1.6506299637515087,5.438146975841883,-5.480743423324894,0.8513476793037028,0.6879090037044097,0.001265850502951,0.4875879035655066,4.289855791927254,0.4875895467305484,0.2377419637034057,-3.188933597727303,1.1009221941999507,70.13435199386598,20689.633838190457,2.4837068454628257,2.2710898346976256,0.0296336031065021,0.1067256340909443,7.719650763737684,2.2871289052856567,13.20386925386029,-9.227161273769203,0.8723320880722837,0.7629150566973879,-0.1722127153778654,0.0677675798331704,0.6908844686484503,0.1850666480332499,0.0045924448764451,-0.7542535394197827,-0.0633690707713323,10.103650943207532,2980.5770282462217,3.5916989800295447,3.450960232442629,0.0974551424157462,0.0783922855648706,9.683182160791809,1.9162952792754573,7.6731516103128,-10.702727619996235,0.8608463910051986,0.7636151265878592,-0.0449816824950981,0.0823958586518506,0.7091927150429668,0.0938745401217261,0.0067890775229757,-0.5188708293209694,0.1903218857219974,2.599666638504344,766.9016583587816,4.896016984980897,3.774360891190257,0.1490619183749333,0.0919572308598929,9.756425612968302,1.7809931074002447,8.646951159802502,-9.94520408312715,0.8909232074618593,0.6869146796878608,0.3405988200254282,0.4059533265974254,3.168400505267461,0.5299109921281403,0.1647981033755159,0.1104886691654715,3.2788891744329325,82.83766957557785,24437.112524795462,2.654020282049,2.225508078715184,0.0323757811168645,0.0840304349681313,7.692422839878864,2.4693710150438952,15.832280223374893,-10.374444316927004,void,27
0.9057816976555172,0.7748221831796535,-0.0984148355804061,0.5096548620199117,2.452426396924637,0.5190698972612972,0.2597480783805352,-1.037850329232474,1.4145760676921637,79.48289968164181,23447.455406084337,1.014967389886659,2.5104909005780827,0.0166730790592489,0.7219351405788016,10.069361492534805,4.025596905726748,20.348569881071825,4.143520737632467,0.866166519210114,0.8080650814073232,-0.6927782764071635,0.0711746266834064,0.4064480781657765,0.6964248471624217,0.0050658274835222,-0.8744102495802583,-0.4679621714144817,143.07723248483472,42207.78358302624,4.001985929878439,4.052750724137958,0.0938985362571388,0.2828347852034442,9.793389152694674,1.3963757952344436,5.920422172309101,-4.0408637278521455,0.905298174428846,0.7761798556071834,-0.6606386117518085,0.0808720779269387,0.4042659761269566,0.6655701828699792,0.0065402929882208,-0.8470720040547538,-0.4428060279277971,130.68018215604536,38550.653736033375,3.0039754049133247,3.924622802373225,0.0783550663153796,0.3675881762923916,10.10629034856044,1.926164171018317,7.481776850927367,-2.356384335388161,0.9100599617919714,0.8226184358460822,1.082539929223555,0.1597876589424063,1.092264391788549,1.094269068517261,0.0255320959502947,0.6537534978502006,1.7460178896387497,353.24031432252195,104205.89272514396,4.995001502039905,4.599820042906253,0.1144906440139096,0.1180852840634032,11.257031828132844,1.135862001852732,4.029188790592202,-8.732307982555454,0.8867070698147527,0.7829232422285719,0.0296540257310854,0.4052150783527297,2.76089288262196,0.4062986844262098,0.1641992597244089,-1.242923836342135,1.5179690462798248,48.69819318510831,14365.966989606952,4.168891039150326,4.134911658054357,0.0692125405717496,0.1496133443987832,10.020343256029095,1.1568105012471646,3.884137223887413,-7.546461042428102,0.8338411819549174,0.6165765601268439,-0.1950325178797486,0.2144646465943376,1.422033620147393,0.289884059012131,0.0459950846388341,-0.876202473136014,0.5458311470113795,24.789666462457845,7312.951606425066,1.855655706169585,1.92428716533554,0.0142626810725819,0.2795727722910252,7.61420969800466,3.811580105360626,24.55947101090909,-4.110952433967428,0.8310028461161545,0.6041347244937305,-0.1177279024947257,0.517405131431598,2.750790186494748,0.5306297476183907,0.2677080700317493,-1.4360825677625684,1.3147076187321796,83.0625390719793,24503.449026233888,0.78166165506154,1.4095021017633067,0.0055009075589622,0.5438281272984605,7.570025616596454,5.564194989533179,45.6738622439368,0.7633316264122737,0.9009925566065876,0.713948304817695,0.6318451759543399,0.3625617069087739,1.6145442374878842,0.7284773968307969,0.1314509913166036,0.1292289671059546,1.7437732045938388,156.55039871954546,46182.36762226588,1.132399170286308,2.45765150056431,0.0313665530071158,0.3835592920759407,11.173743712820531,4.776933152055461,29.649192727223014,-2.060588018938389,non-void,27
0.882849075414245,0.7910389475727372,0.4908857603574615,0.3435339933704413,2.472735553664412,0.5991530975658604,0.1180156046010424,-0.6085990048205142,1.8641365488438972,105.90040812521582,31240.62039693866,4.923754396256685,4.464006233978041,0.1111022421513894,0.2272148537776269,9.515968325017846,1.0262688805200595,4.137396543842669,-5.316220448897654,0.9150529353946456,0.8245718974251118,-0.5567532416502545,0.085328303989736,0.5327468554017296,0.5632540204471083,0.0072809194617647,-0.8043471626737957,-0.271600307272066,93.59025200720028,27609.12434212408,4.720947385230861,4.815657372332065,0.143649717058499,0.1904197040414801,11.26956305141274,1.1726035058907345,4.415479275810719,-6.2854801966164935,0.911445042608462,0.769333355709487,-0.4988813742051725,0.099789817145309,0.5619917594776929,0.5087638284457097,0.0099580076058942,-0.7923255465988371,-0.2303337871211442,76.35798677474699,22525.606098550357,4.013003488909765,4.62826651929048,0.104807865478983,0.2744457146681312,10.848825993249498,1.2682448086846778,4.387937864093932,-4.222134443996834,0.9146646763096108,0.817168646481044,0.9501928167962822,0.1794819487193065,1.5032276224976548,0.9669954286382808,0.0322137699160797,0.5227034567901383,2.025931079287793,275.8486469071631,81375.35083761314,5.649638342638896,4.482338785236682,0.1367786126471078,0.1059074867250976,10.87256539186775,0.9160915500481718,4.227111319781256,-9.264557882045082,0.8774639954674063,0.7347354807308252,-0.02818065358837,0.4757774610730147,2.949534149062332,0.4766113109251099,0.226364192465084,-1.6403994546427514,1.3091346944195807,67.01171080201678,19768.454686594945,3.5941958739083777,3.6982108690141167,0.0797373023292785,0.247511573758232,10.106039397884045,1.6962606933100943,7.047496756105083,-4.82904312651266,0.8487001099982586,0.6579863364734371,-0.2524366563775609,0.2901063642204285,1.712513265262492,0.3845594466974888,0.0841617025611959,-1.3591120450159295,0.3534012202465624,43.62636057306222,12869.776369053356,2.6445571160484653,2.754032062708829,0.0329197110843227,0.130789917838565,8.48057058026431,2.3136272891371097,10.181423694062362,-8.225504839537185,0.8519065127347635,0.7597654898742192,-0.0154460243056526,0.3578402269175535,2.776567114794725,0.3581734323861235,0.1280496280004062,-1.6702986922984917,1.1062684224962334,37.84502126184082,11164.281272243044,3.0137533916697343,2.873689410074153,0.0276492660711473,0.2241035258438401,7.43969556432543,1.6372510870843235,7.516344896358617,-5.393550881499309,0.8959102547906724,0.7824503035748983,0.5949074019048166,0.386545858304223,1.9296876447695492,0.7094593134305078,0.1494177005721484,0.0195201735271057,1.9492078182966552,148.48309263691982,43802.51232789135,3.888980201190363,4.298839781168594,0.1170694985622502,0.2935703625318759,11.217243480346063,1.581932059409846,6.464302101180651,-3.8135670151579952,non-void,27
0.8879409336236264,0.8093269456827391,0.486346659465583,0.3768767817349743,2.3613397323632905,0.6152797589586734,0.1420361086109114,-0.9897370829920096,1.371602649371281,111.67790862635177,32944.983044773755,5.470797357582064,4.405521174018674,0.0873055216566573,0.0902552258430843,10.06974998797716,0.5010568878663582,2.5655071161601004,-10.034472116038875,0.8835624361988443,0.6883184906322564,0.0494658284382181,0.430589452228262,1.3339414503563725,0.4334214398865312,0.1854072763702347,-0.6979641542146625,0.63597729614171,55.41697264322762,16348.006929752146,0.704286302822626,1.6037424806361305,0.0102798916119958,0.6210305227754864,10.373446117574112,6.192911987257802,52.792156793248765,2.1450871316579896,0.8742842505067041,0.4822814733526399,0.150938484126049,0.4548100339916007,1.3989573477606905,0.4792020377770847,0.2068521670194409,-0.6740951845580095,0.7248621632026807,67.74220493786461,19983.950456670063,0.5848043151673711,1.238326590871763,0.0065063551821708,0.5083498077625331,9.939158076076849,8.646470867064604,99.34001910774018,0.1450645050876545,0.8998751457351153,0.7765753467859955,0.8522962747246136,0.2639109308797452,1.38109137801364,0.8922207794863711,0.0696489794378136,0.2324215555485236,1.6135129335621636,234.837086207444,69276.94043119595,4.65770284048433,4.668450291860823,0.100006843457338,0.1631715989124627,11.06533003564917,0.988520673959388,3.79897469157408,-7.0999184139329685,0.8553120541561375,0.5419451171220381,-0.3033801760089974,0.9876438278983416,5.11990627004908,1.0331891704721547,0.9754403307856891,-3.472485024308311,1.6474212457407686,314.9065592843771,92897.43498889128,1.3120154049508264,2.2832178843280846,0.0136691637560586,0.3520043945395955,9.544062259587614,3.4916700575319872,16.677179854938796,-2.650239752026311,0.8273021838995364,0.6882772872277974,-0.1480847437890928,0.2917891483592105,1.6451931548201992,0.3272155229252956,0.0851409071001934,-1.0191562498182365,0.6260369050019631,31.585649540766028,9317.766614525975,2.4267959998734785,2.8903992525867506,0.0198996593000821,0.2198073719898463,8.06443894557317,1.566190827580714,5.258885095128949,-5.501595879997892,0.8431359357478929,0.5983083661965966,-0.0056748136004862,0.4880320624385904,2.865166875900713,0.4880650545546817,0.2381752939680641,-1.3592950579498944,1.5058718179508186,70.27121175585202,20730.007467976346,2.0820338621253103,2.4278036991812693,0.0199064647626267,0.1749365053905341,8.086786104196712,2.3200784236762364,10.477008094982017,-6.736069250685546,0.9007697863294136,0.7092024421193561,0.9569950096673006,0.7049240451095152,3.4282471433467783,1.188594698752135,0.4969179093735618,0.0625538890368585,3.490801032383637,416.7634205809952,122945.20907139358,2.128793157197514,2.999312190169513,0.0435099384276801,0.2157790109246809,10.023932007830838,2.511166064266353,11.38738758210072,-5.604292635426424,non-void,27
0.8750043541397534,0.6663661881463102,-0.1494868901809256,0.9502662755645936,5.711516955899089,0.9619523505929845,0.9030059944754042,-3.59387069828215,2.11764625761694,272.9789358193536,80528.78606670932,6.251351874884888,4.612029395617136,0.2001997052155862,0.1042784819031657,10.236799266449196,1.2019389771116609,5.659725014233407,-9.339783064447367,0.8789371961236209,0.6858170830525372,0.1768862140236489,0.418187287489721,1.8620074063320315,0.4540587408360627,0.1748806074180105,-0.858226229326386,1.0037811770056455,60.819955338241066,17941.88682478111,1.9954343400320893,4.532611447910491,0.0981093505529244,0.565872712136789,11.463532278187166,3.25656389777535,14.368921105691184,1.1510166704650795,0.8937765482733144,0.4853514475512061,0.2700875983957412,0.4616276042493949,1.8322162934094748,0.534833951626311,0.2131000450050359,-0.7313841521529985,1.1008321412564763,84.38396996460347,24893.27113955802,1.0591546625355193,2.6980290763307457,0.0278498869879597,0.5032470267376623,10.124830125747655,4.7560577793989625,29.514240743444702,0.0564074302945795,0.9182718423273616,0.5979566730056146,0.9785873580434,0.6781856703225544,3.493833992604228,1.1906170756180234,0.4599358034308524,0.16848145203115,3.6623154446353774,418.18286112219823,123363.94403104844,1.975027905218052,4.3477572305416965,0.0837093181640123,0.6433527117524349,10.915542579763384,3.010769137780107,12.404800959399774,2.562102098072734,0.8846835159807791,0.6001752673444449,-0.1366025979715117,1.5158545310926703,8.686964960472872,1.5219971186591472,2.29781495943418,-6.221743469997632,2.46522149047524,683.3601926159902,201591.25682171705,2.15925419636355,3.2435003352032377,0.0388569366304742,0.4178178304915508,9.196441952565218,2.302650400296403,8.67910625226949,-1.4407193045879314,0.8497490954444789,0.4247834603247962,0.4059950252689234,0.9041926131203868,5.051314213640798,0.991159039793608,0.8175642816214734,-0.9643364002332326,4.086977813407565,289.80689143855324,85493.03297437319,1.1298226261960391,2.013572227452614,0.0128747325260734,0.4940505318756207,7.426021096306182,4.700145793050488,28.652659488463502,-0.1033577236934236,0.8467609346951073,0.6050468709200088,-0.2174958657203608,1.0312803964491335,5.798190556136252,1.053965705184818,1.063539256100282,-2.1241545061618705,3.6740360499743816,327.6988937731907,96671.17366309126,2.020103672357343,3.4334616701331924,0.0824112902786261,0.3198554546328762,9.377392225966757,3.458469103752906,19.01334339090306,-3.2764745792818606,0.8799410112369664,0.6423213532414271,1.6202659239802597,1.33583438893654,6.817924343535957,2.0999321843995498,1.7844535146654592,0.1119604675710642,6.929884811107021,1300.865977827734,383755.4634591817,3.066073206671276,4.26428546818096,0.0948218786670672,0.273909852949499,9.567170834443564,1.809741324343888,6.530653427296601,-4.233828885563202,non-void,27
0.8685172618574482,0.3848457118375309,0.8364072702015658,1.7591045070245968,7.054691640060742,1.947825913237701,3.094448666634249,-2.518647069581952,4.53604457047879,1119.2376075426837,330175.0942250917,0.9647605887101146,1.3023635345148694,0.007154940356604,0.4786083308983179,9.072856541735987,6.428685894677032,64.98557734062139,-0.3718383374843517,0.8494798516038863,0.6824119843865596,-0.5685302308143557,0.8570398899476893,3.3621062138626323,1.0284668182840768,0.7345173729615474,-1.7462302108403662,1.615876003022266,312.0344789118548,92050.17127899716,0.9958520567279032,2.060682775795266,0.0170244496580045,0.7396574049471776,9.21388206531393,4.069069127121798,25.79089285668607,4.534853800008368,0.8847250163342179,0.5012157265955929,-0.6440145195740334,0.9561237370491518,3.5809653215570685,1.1527910920765343,0.9141726005488354,-1.8841305069728809,1.6968348145841876,392.0335540814475,115649.89845402702,0.5098372699293781,1.4147929318778314,0.007116974503812,0.8484310822272838,9.590562699401632,7.416859552647365,69.67686288717526,7.480064208347477,0.8917449793517065,0.6067105334864962,2.351923490547163,0.805700304812598,4.516930107314132,2.48610077964725,0.6491529811751133,0.3296791442169634,4.846609251531096,1823.305640535986,537875.1639581157,1.748568441840772,2.4855192240665804,0.0288090162090296,0.2567090158348446,9.601611947524969,3.3131748623705786,18.80885930947115,-4.617177432395308,0.875304126088358,0.4423745682679794,-0.4160621479387366,1.936439693966087,10.11073425969364,1.9806328279908083,3.749798688367473,-4.56800663977501,5.5427276199186295,1157.257387797886,341390.9294003763,1.672360502680422,2.4818760201914545,0.028808955540993,0.1837708768447887,9.365286186559462,3.684979246803041,19.480299068860912,-6.475353988332982,0.7542807249713666,0.4537561192800134,1.4634527106307935,1.914106796670653,8.058090715037288,2.409460243563568,3.6638048290607887,-1.2527570246215514,6.805333690415737,1712.622106267455,505223.5213488992,0.6113759730519712,1.0812575348201423,0.0015450765147864,0.5054259471103697,6.61069712929582,5.629204335026486,44.11293011936895,0.0942620559389824,0.7562292379986848,0.3035676644025287,0.050481887050436,2.234124541641976,10.42124966547676,2.23469480880212,4.99131246756697,-5.361704270505048,5.059545394971711,1473.1889621037071,434590.7438205936,0.8367611884740972,0.989252758110727,0.00215503515727,0.4955219573483873,6.482655687574688,6.732480599136229,68.62306063534182,-0.0777936485216405,0.8168273726447269,0.5371244976071688,3.32566431887966,1.9136934945926176,8.603731792388714,3.836960509715394,3.662222791246106,0.2986841185300374,8.902415910918752,4343.068456169048,1281205.1945698687,0.8496499078105524,1.3493278477827937,0.0049508305209847,0.4604292551639959,7.89135720739368,4.747175695597561,38.124600374694296,-0.6888548405342926,non-void,27
0.8947249272898324,0.6573991620666497,0.3774487665154186,0.560999099616425,2.1055700520055143,0.6761564620074636,0.3147199897704395,-0.8748866832223908,1.2306833687831236,134.8703305287629,39786.747505985055,1.11653843677469,2.5738748469041526,0.0150104431181238,0.5205930191554715,10.577926561150472,3.84752145757238,18.23585949648464,0.3579398656638713,0.9010062130870364,0.6541237685817092,-0.6986366187337233,0.2497802334162993,0.8600917120714742,0.74194561124195,0.0623901650055009,-1.02632915958785,-0.1662374475163756,162.39257056215132,47905.80831583464,0.584743589144008,1.6629754404445083,0.0084413191617294,0.7260042617395653,10.41731657538311,6.924662299780438,58.60565599465843,4.231953624949539,0.9133555719692626,0.5710315510635288,-0.6834693500996231,0.3108831878183894,1.051966055764148,0.7508519887392755,0.0966483564681239,-1.082151987410405,-0.0301859316462569,166.31471915314893,49062.84215017895,0.4584981030437781,1.2872092719298005,0.0060462190342094,0.7166929917407134,11.14331868191809,9.59386297396014,109.30760627803213,4.030758399126481,0.8997211736882634,0.7334480218956446,1.187027477485562,0.4030078508461465,1.4921948913968786,1.2535747126315873,0.1624153278436299,0.3021681545192282,1.7943630459161068,463.5776202440632,136755.39797199864,0.9749515952601578,2.3939281546036177,0.0162122175002712,0.5984662051769055,10.58853593402374,4.269017827888514,22.428578236854705,1.7331752808127363,0.8626922051232947,0.6098770070842379,0.3025010818029534,0.921992064922974,4.0341686422393295,0.9703485313395834,0.8500693677809293,-1.3263724539050856,2.707796188334244,277.7650003205015,81940.67509454794,0.6724143327173606,1.494688432495808,0.00748637859532,0.5271152664825327,9.844318914283178,7.166716472809124,67.82654275373197,0.4715030099408823,0.7768781234007077,0.3367881729623748,-0.4985230766558085,0.7369159829811042,3.1065297110947765,0.8897024356105698,0.543045165973007,-2.700762629995992,0.4057670810987846,233.51327505975712,68886.41614262834,0.6820255645853381,0.7422598306318656,0.0013015325809944,0.4253799000450958,6.7752233359212966,8.751344743241749,139.0800641935415,-1.3060384844266104,0.8251705659751644,0.5697807273341006,0.1262023641035221,0.4946435406519778,2.1097938659005244,0.5104892447584404,0.2446722323087247,-0.4803474642116312,1.6294464016888934,76.87678435914262,22678.65138594708,0.8704555574469678,1.347489993465769,0.0053979414367561,0.3495923566597598,7.4988939087367505,5.2450451433822085,43.16222948369003,-2.696237073699963,0.8499237754473381,0.4499462603715134,1.0777582121663016,0.9122407584220332,3.63397692680616,1.4120006958986633,0.8321832013264064,0.0933440342166439,3.727320961022804,588.1550597394013,173505.74262312334,0.6314841142450844,1.1961832276826598,0.0050799856372406,0.5105442640597897,9.465656197677768,7.752224450670108,87.7745201748916,0.1831997891903425,non-void,27
0.8838617134015151,0.4633173527739475,0.2446938255213217,0.9513679365839954,4.655100114872665,0.9823319291402212,0.9051009507600892,-2.106915766537156,2.5481843483355093,284.6679256074628,83977.03805420152,1.0015869119887024,1.4569247847976898,0.0068611087655737,0.353761489066541,8.861237527564974,6.0065371979657005,51.70088614498017,-2.616822818215183,0.8991639115462143,0.5975246041936142,0.0699025666088288,0.835033145765346,2.2578997583872287,0.837953890942259,0.6972803545267696,-0.991034366623988,1.2668653917632409,207.13918338685505,61106.059099122205,0.4295536445909676,1.222021187061509,0.006748001581952,0.7829158467459314,12.159912462286924,12.25537286780594,192.76235863049644,5.57086961691374,0.906723764862652,0.4604787212013811,0.1070637562912026,0.8719795581097561,2.309457945710633,0.8785277443953992,0.7603483497612856,-0.9646407386488198,1.3448172070618127,227.684244313378,67166.85207244646,0.3652485673497598,0.8002627005328703,0.0027865049721894,0.7675519045051514,10.598336354373346,14.737328020617122,284.84318031066056,5.18781761410962,0.902044547356418,0.6813540449723058,1.527852609053631,0.3234503749172336,2.0117399848592177,1.561714999616155,0.104620145034099,0.5662037666842933,2.577943751543511,719.4913533076957,212249.94922577037,2.949661598449291,3.17833923597622,0.0666556081164871,0.1093446119855325,9.932626932805915,2.5271213471389125,11.264256453980371,-9.109123111964104,0.8778510742649551,0.513494079690086,-0.4459747134900207,1.23770430392759,6.428075248119118,1.3156007711435054,1.5319119439608802,-4.22503022906664,2.203045019052478,510.5875897648489,150623.3389806304,1.1846306666988546,1.5124713575751818,0.0097206603695824,0.1919136320719752,8.778841790144291,5.562015160771489,47.892506775952576,-6.243519556687534,0.8277302728660472,0.4859947444043766,-0.5072937341459255,0.7575306558776175,3.402018326441111,0.911701501204254,0.5738526945943733,-3.017407692923552,0.3846106335175591,245.20389005293657,72335.14756561628,1.3404872980871505,1.4144435431712097,0.0043545933944883,0.2260664481372132,6.315103847190855,3.696120306535294,23.308796347269976,-5.3446756379677804,0.8491527440707705,0.4159073794963503,-0.1333167261171686,0.8220506793233352,4.062967671544161,0.8327908914238656,0.6757673193759569,-1.859681484713708,2.203286186830453,204.59449730737427,60355.37670567543,0.7939640588769055,1.142386564998879,0.0047715137407154,0.3954329251836516,8.1465498911695,7.074076118710639,74.20012990439244,-1.8437166403940928,0.8734291606033613,0.5006155776935557,1.3378178646203247,1.2106977518244375,4.384222496717073,1.804313078478908,1.4657890462727476,0.1266219013761653,4.510844398093239,960.3859771251598,283313.8632519222,0.8859912343795593,1.6620963946556286,0.0125522277259611,0.4323303829152691,9.865023512576688,6.002932926441707,49.35197102912304,-1.1827989289430183,non-void,27
0.9145640584803204,0.6926454713398478,0.7869795070617066,0.2476320565945383,1.3517317458578493,0.8250202300479227,0.0613216354532406,-0.0396341532151232,1.312097592642726,200.79422209655655,59234.29551848419,2.671534004921616,3.8049846235139766,0.0618671261262764,0.2881206079623987,10.153376560727365,2.134057441261524,7.560618507104468,-3.9283209717812873,0.8765746980239018,0.4038042033482359,1.3401844448677824,0.2802626850317438,0.9192389451637952,1.3691754887109135,0.0785471726212024,0.7324340991091567,1.651673044272952,553.0192480715968,163140.6781811211,0.5139747532072225,1.311950444001892,0.0065744875807575,0.6716080834965849,9.948655944919274,8.719173673214431,96.00538016564488,3.1072345686445617,0.8785801181169388,0.4488831718582448,1.3222504563546404,0.2302559509191946,0.7979736215739335,1.3421490499433204,0.0530178029337025,0.8051063330608839,1.6030799546348171,531.4024013178085,156763.7083887535,0.6408411140145295,1.637197326437891,0.0091622267779439,0.6380037076666453,10.18146049183134,6.5979314474093735,56.1163281893524,2.461190808113093,0.9060512057576734,0.5487654347553287,2.0515796507279163,0.3842979415219062,1.5036307935909965,2.087262314884944,0.1476849078579744,1.1304639800153555,2.634094773606352,1285.215871485962,379138.6820883589,0.6948829323458979,1.770739937657682,0.010162940999491,0.6346214647831312,10.208806097964583,6.117394581894143,45.85458400579742,2.397717269736348,0.9010281040068212,0.607475119847168,-0.2113889012719636,0.5095517579513688,2.691602264502106,0.5516595522714153,0.2596429940313303,-1.567264211450114,1.1243380530519922,89.77683717562802,26484.166966810262,1.2232508574540424,1.8439438436730236,0.0126463056823417,0.2538381385634853,9.063273746138858,4.561822328016572,32.29916054807793,-4.682761727098518,0.851932379527764,0.4392562771473801,-0.1090586385954429,0.2532491441630607,1.5602372815772698,0.2757334141369416,0.0641351290193227,-0.6866570573726001,0.8735802242046699,22.42853012312618,6616.416386322222,1.5286456175230487,2.316441818505101,0.0151179517376158,0.2970076964525577,7.925597088883291,3.1644578790756026,14.404152895915596,-3.741828654494917,0.8247314003603871,0.5215090389226018,0.0204074867592725,0.3177964436547894,2.1298736396296727,0.3184510089722775,0.1009945795996317,-0.9420374110665528,1.18783622856312,29.916258309061178,8825.296201173049,1.5568209633016936,1.6171502334892007,0.0100016585056432,0.1725670362289424,7.193107913621323,3.820126814870196,27.87129402985823,-6.807749776349194,0.8732216235555726,0.6562141069438872,0.5387973282904891,0.4375678935050024,1.7193426460569303,0.6940952545575961,0.1914656614264051,0.070093341788717,1.7894359878456474,142.12162560781536,41925.87955430553,1.1975418116959855,2.437524318590073,0.0185953756639085,0.5317792208483034,10.125659952873248,3.7048223071988646,19.66711415568881,0.5528068014889957,non-void,27
0.9163077473033971,0.8013150854780534,0.8020728431565312,0.1444683059001494,1.2657969431084652,0.8149797157836878,0.0208710914096591,0.4249384883199707,1.690735431428436,195.93662145596383,57801.30332950933,4.691443467359511,4.586625457815846,0.1265528753012478,0.1821293796250973,10.900300857894472,1.2439736466322766,4.4215394755880295,-6.523045929279489,0.8975952035754305,0.6235490272879696,1.593252937546799,0.0883650348740818,0.5415596428289189,1.5957015079236472,0.0078083793882976,1.3416098771563862,1.883169519985305,751.1476742049914,221588.56389047252,2.960887431312906,3.964228705317113,0.0809078465202209,0.2557843130421645,9.901105082958187,2.1297184027318297,8.292601057850105,-4.638248716479611,0.8983588301543007,0.7476497395782538,1.5261565792523242,0.0754448089470608,0.5306035915525291,1.5280202300991352,0.0056919191970585,1.3246275766052689,1.855231168157798,688.7795179597033,203189.95779811247,4.297217440441537,4.5070500209115,0.1351593318248798,0.1590183020072683,10.519671388489437,1.4903110069706187,5.293032528948192,-7.233393665513049,0.9108075496362452,0.7504111807164219,2.351345138465035,0.1283631681508523,1.0440118205264186,2.354846292886412,0.016477102937724,1.995163004797324,3.0391748253237423,1635.8638136206584,482579.8250180943,3.5867851463144023,4.049463209589164,0.1227256484531608,0.098982499714903,10.777938743123205,2.1971609132506624,9.112695853024835,-9.591747770640437,0.876426259586906,0.6328840792514907,-0.0317309231172667,0.4839601565851747,3.4339592898640268,0.4849992625188421,0.2342174331619468,-2.5273560536330426,0.9066032362309844,69.39116396992712,20470.3933711285,2.5530232384126954,2.7076969391816834,0.0365376937157608,0.1763578899395027,7.941442003155281,2.792984390725088,14.173401279090893,-6.693436473341383,0.8554855353969818,0.70393838415503,-0.156398454136073,0.0921203318828977,0.6846164315019134,0.1815120712304516,0.0084861555462152,-0.3787359673650162,0.3058804641368972,9.719256440698723,2867.180650006124,2.6332948712031023,3.0632817201247757,0.03775824619389,0.2012431683391303,8.297595159523652,2.1516556405915463,9.126535391082824,-5.986934229595267,0.8500311411323156,0.7906311700776872,-0.0940690674381198,0.2024704966496568,1.6450444788895375,0.2232561118138454,0.0409943020135586,-0.9845946960000818,0.6604497828894558,14.703770981359687,4337.612439501108,3.5446545134948506,4.01990725954065,0.0659962058537593,0.1986429268519183,9.4890591484304,1.390975642224274,4.523831362283114,-6.057529647105724,0.8602531976435359,0.6693306232117544,0.4109017172349165,0.3862304841436292,2.490590758641861,0.5639274847960734,0.1491739868818222,0.0524426717642912,2.5430334304061524,93.81419139198552,27675.18646063572,1.4647702960364162,2.1456235685689458,0.0198378477885953,0.4988704477002839,9.009365968950243,3.5969698945044244,23.46182939882969,-0.0196223630371692,non-void,27
0.9164909444805202,0.3748552345385884,-1.2331444281616717,1.705731168053559,5.087782622544773,2.1047954766141848,2.9095188176693583,-3.902913210554508,1.1848694119902656,1306.8983795207826,385535.0219586308,0.4168485519339553,0.8302009656671311,0.002037715055074,0.6137898393503682,10.33188103229089,12.571620046870034,195.7471879135337,2.011959995937695,0.8832338221916515,0.4070286288169061,1.5373272370627382,0.3625152572479089,1.5152834437395362,1.5794911666585765,0.1314173117375176,0.7477747595137993,2.2630582032533355,735.9637419379786,217109.3038717037,0.5191360190909633,1.0002936309411312,0.0041262934570466,0.4602315595412357,10.123642779449856,10.194262216780876,138.97960037787072,-0.692310918169866,0.8961860410842762,0.4874668135467531,1.4481026161528838,0.2801278869732098,1.2113451951718006,1.47494841264666,0.0784716330600754,0.802109817757823,2.013455012929624,641.764481890826,189320.5221577937,0.66823056140323,1.4861927555599603,0.0084551221415274,0.426063046453448,10.225610727955544,7.064068413627168,63.894773283174864,-1.2939031940088876,0.90420597622263,0.3954778804802575,2.8662803645637323,0.940673182148458,3.2710738263308468,3.0166917581842703,0.8848660356133061,1.1723944449499564,4.443468271280803,2684.626603349587,791964.8479881288,0.4990552554296946,0.9036686346766284,0.0034020390655377,0.4975357783245293,10.049174790555648,11.457772906578969,171.44383021868333,-0.0428082614650231,0.8668384704002005,0.5253831403109863,-0.4582909031289603,0.7565789833691924,4.339474613139586,0.8845576917119191,0.5724117580759607,-2.8023128584469505,1.5371617546926353,230.820481440182,68092.04202485371,1.2221562959618195,1.8387977800925923,0.0088672543339429,0.3300379959142208,9.32999072791097,4.431824396356739,28.169595032990763,-3.0748623169543974,0.7963598223259897,0.4579697871531936,0.2533929524691711,0.6042912781951018,2.548313694301492,0.6552678362804888,0.3651679489026699,-0.7135897241902205,1.834723970111272,126.66590149279548,37366.44094037467,0.8420600523096905,1.125133302556231,0.0023442708884321,0.3896316307887709,6.56936595033729,5.144876673484188,44.12017294788647,-1.9493781305696447,0.8258827507389588,0.3751454449316631,-1.0805238802622563,1.5356609467932962,5.616160032436815,1.8777077513082503,2.358254543506083,-4.913584646568816,0.7025753858679986,1040.1069878003104,306831.56140109163,0.4221331950602577,0.5600474265702527,0.0004360365061192,0.4832613786654307,7.949210362156128,13.375905223583691,238.52531258673412,-0.2908883363406687,0.830019835347209,0.4102624462839099,1.6252563204667332,1.4478074938804724,4.886653411173656,2.1766039250524014,2.0961465393364542,0.076608917224502,4.963262328398158,1397.593370733288,412290.04436632,0.4489696769042626,0.5780261180123356,0.0007963005906006,0.4630748685036447,8.683462676219007,14.300810174205878,284.88616867800386,-0.6426252008980937,non-void,27
0.9291379686264316,0.8631106938770611,-1.493164365361219,0.0704047330343801,0.3996014903790512,1.4948232833409487,0.0049568264336423,-1.6764781355321947,-1.2768766451531437,659.1765112833732,194457.0708285952,5.693450716269675,5.47778430522408,0.1396054801021388,0.3269823772658689,11.601265731562568,0.573374385610673,2.590283721352106,-3.1350207909815624,0.8714930187332081,0.7515327033155883,1.954385858998364,0.0671041970308268,0.3010772328324023,1.9555375371267931,0.004502973259152,1.8593169461847805,2.1603941790171826,1128.1174824380178,332794.6573192153,2.6309236394586977,4.013343672953833,0.0706868542463789,0.4178970622444335,10.505665165107848,2.0919203074017028,8.478836978295954,-1.4393044461368976,0.9035915614786636,0.8000432596811173,1.7853339459328632,0.0511563675900403,0.2231769072465101,1.7860667043661091,0.0026169739450073,1.7109728767030363,1.9341497839495465,941.0601103713382,277612.7325595446,4.244564640741334,4.943211359056898,0.1323854811093336,0.3093368629652988,10.68812263379556,1.416373869888384,5.512153228747438,-3.4883454327729977,0.9223209988469222,0.82570537285408,3.0402307788900105,0.0751983448301485,0.3792426209196025,3.041160630413223,0.0056547910651939,2.9215336920119923,3.300776312931595,2728.354104092729,804864.4607073554,5.822911483428795,5.055190060029874,0.1407293859673561,0.2474634598514756,10.917520249186154,0.6521522899240226,3.389777101744514,-4.830164761645435,0.9133590491085032,0.7190302868127593,-0.0006675344706157,0.2107914662679025,1.084971649743142,0.2107925232394207,0.0444330422513722,-0.4252068964462817,0.6597647532968604,13.107878916824315,3866.824280463173,3.2082941278416306,4.457597919293309,0.0669038177705525,0.2852166045276196,10.794242533232644,1.5760628789063988,4.7464154351912695,-3.989996479572352,0.9142755305184184,0.7906811667233605,-0.1645966737307912,0.0566222052239336,0.3024313009809227,0.174063606557091,0.0032060741244212,-0.3361899385701266,-0.0337586375892039,8.937951042660227,2636.695557584765,3.2001491286990005,4.283759423950238,0.084157904108415,0.2974616821491933,10.235149225645513,1.5919998242874225,5.094931001159438,-3.73238960218907,0.9093885070457536,0.8359121877465545,-0.0095130352324695,0.0884490087460817,0.5125855996728542,0.0889591197545179,0.0078232271481644,-0.2626443881842624,0.2499412114885918,2.334548871312105,688.6919170370709,4.236855132635556,4.824786970044921,0.0887519761499372,0.3089756585660872,10.752839015138887,1.1183720413662304,3.443270354754819,-3.4956906703839428,0.935770832296933,0.7451853802606071,0.2602056278200956,0.1222226788266075,0.6384999761338401,0.2874810462774932,0.014938383219552,0.1001713509655101,0.7386713270993503,24.38037883079665,7192.211755085014,2.5351278199052025,4.604865716696045,0.091119949610648,0.5590412893431411,11.335662787489175,2.4357796396856903,8.668204887592545,1.030459619339124,non-void,27
0.9131928160122288,0.8424628045510661,-1.6251899610383371,0.1186006953102809,0.6412218445374736,1.6295117472383789,0.0140661249280821,-1.9458820802857888,-1.3046602357483157,783.3160176444228,231078.2252051049,4.6411500771602885,3.8748862206270656,0.0919333863215415,0.1156357632321158,10.61714610073042,1.0079552846171358,4.463049246287538,-8.835389932819279,0.8982882653339337,0.807420921122106,1.8097261543937608,0.1122945731975878,0.4144950145135093,1.8132067794563476,0.0126100711696284,1.6542291806508842,2.068724195164393,969.8770533946054,286113.73075140856,1.2041034906404346,2.777463974512535,0.0215251044105457,0.7343777091118846,10.229095839180529,3.33145448141788,15.454465196709858,4.416549699944625,0.896029008325183,0.819274592543455,1.6765024405490845,0.0862607423836222,0.3699803808202642,1.6787201520335693,0.0074409156765736,1.5203401574452529,1.890320538265517,831.3398979088649,245245.26988311508,1.6706667940050028,3.3285794733847403,0.0300783654436051,0.6870367298135152,10.557736808114289,2.5164450954614166,9.606015919256738,3.414865879431788,0.8986629549454859,0.8349099216338168,2.9582098740047598,0.1006133670974591,0.5538834333333944,2.9599203888445955,0.010123049638688,2.673544167773739,3.227427601107133,2584.532968947893,762437.2258396286,2.6134008509296374,3.718424995917347,0.0602942963207057,0.3902844140069868,10.453192870321278,1.8877012810271767,7.013210169864937,-1.9374608609513828,0.8888030012258797,0.7475120200372896,0.0175586859814117,0.2720061921453283,1.564988733108463,0.2725723317191146,0.0739873685654012,-0.9778963605203256,0.5870923725881375,21.91722442554455,6465.581205535644,3.0637560806901365,3.343562008950219,0.0605271603942222,0.1996386279648517,9.912483993654014,2.1167909263677296,8.95630008109819,-6.030415426242167,0.8744386916129683,0.6653381180665217,-0.1539686668597709,0.1024320727148985,0.7032776175001576,0.1849288509001378,0.0104923295206702,-0.4507745933514148,0.2525030241487427,10.08861056909739,2976.14011788373,2.224257264934908,2.2331890061017683,0.0177406663960393,0.1509746853986118,8.57133061900146,2.762704993440426,12.84151110191847,-7.500165019903226,0.8913945355102665,0.7310315948559191,-0.0673369918163363,0.112957828468929,0.8617305696625895,0.1315056709016358,0.012759471012416,-0.6452803925068079,0.2164501771557816,5.101653736390356,1504.9878522351553,2.935711575596245,3.451440526985101,0.0453154795375724,0.1974970303957409,9.51338482911114,1.9583094728507615,6.665685915537,-6.088860737251086,0.9025713025252694,0.8224237560533285,0.3200364956472435,0.1528552872725103,1.1495699797536747,0.3546661774025398,0.0233647388471616,0.0893808429144887,1.2389508226681634,37.10748873103231,10946.70917565453,5.439829703373688,4.508826403427062,0.125147481426548,0.1463005868729179,10.39256960766662,0.9724193855190604,4.122040548643929,-7.660589093014832,non-void,27
0.8918791031808917,0.7805559118158399,-1.97363981893738,0.6979095734143977,5.277294480081485,2.0934019937791786,0.4870777726634667,-4.268661852797465,1.0086326272840205,1292.7879127297986,381372.4342552906,3.10870711878456,4.099591261578039,0.0560524155166772,0.25906779602193,10.26125659836299,1.471545056944313,4.341413780438855,-4.563650406489626,0.8918670998854032,0.5682379484863652,1.1385081310626537,0.7323706887228766,3.260384178704516,1.3537236018464762,0.5363668257004206,-1.0525914056588517,2.2077927730456643,540.607439107878,159479.19453682407,0.4684825749648156,1.1942912233046072,0.0035215588438441,0.7464283521881094,10.31191579945248,9.046832808822154,95.75628116912668,4.688874344150552,0.905593558332106,0.4562488375657295,1.1026944892338777,0.6551247583234345,3.137152416841693,1.2826237115986518,0.4291884489683384,-1.1186056025005622,2.0185468143411307,485.3114577387549,143166.88003293265,0.5172677520426472,1.2449458092528434,0.0052298179620421,0.6927818140929961,10.8866237088639,8.768192770039853,94.10205737673353,3.531495584511612,0.882348366041363,0.7665521157019641,2.754469862055616,0.5224163687493476,3.502217020984862,2.8035732705442062,0.2729188623372543,0.8281885982598107,4.330405619244673,2318.706809576432,684018.5088250472,1.6048542854592585,3.036262852342704,0.0257775741252162,0.5051323248624512,10.197712333342814,2.7129479377596497,10.664761618466429,0.0891607475970231,0.8564899259708595,0.4235197016848334,0.8441255726778347,1.966916640703952,12.932163861476432,2.140399274417463,3.8687610714781178,-4.116974040712722,8.81518982076371,1351.4861709084062,398688.4204179798,1.1355144566880822,1.8385634933420365,0.0083960147092881,0.3090162138253864,8.343488638863345,4.365458241034811,25.429197727103062,-3.494865897274587,0.8435130571800367,0.5064337120369925,-0.3053680469427714,0.5788537658775988,3.4750292489888297,0.6544626241156332,0.335071682270678,-1.876655656610652,1.5983735923781777,126.35479127747458,37274.66342685501,0.779048649376721,1.3438392489547226,0.0041353598421877,0.3779545755368311,8.12957822329841,5.967002384078413,46.301593725799286,-2.1638249254736484,0.8370731842612241,0.5437014587380005,0.3201641870928189,1.2482763690846737,8.155525848714536,1.2886811088520007,1.5581938936152164,-1.9350668730141665,6.220458975700369,489.90620509204655,144522.33050215372,0.7560977155533077,1.4107743907201458,0.0069551159107649,0.4211274196463788,7.479957693751821,6.007032743690374,52.06807560575162,-1.3816945935686036,0.8634922204961786,0.5383546426005271,1.9319134212821327,1.714071151753365,9.020112326657928,2.582698081581187,2.938039913273108,0.0964852652369188,9.116597591894845,1967.7471672779272,580485.4143469883,0.9658717535463672,1.5624253686477518,0.0136158368341697,0.3664511195926928,8.164284130961898,7.257015024965756,76.74037298789821,-2.377640748494987,non-void,27
0.8514641922990027,0.6761429579439177,-0.4651782535768133,1.5355677315197227,8.008192719637155,1.6044809334128598,2.3579682580846275,-4.356636303881087,3.651556415756068,759.4359243771935,224033.597691272,1.6014924251400382,2.2334985256237414,0.0173296952877633,0.4550012217537503,7.836841289514549,2.844932835894533,16.102021959847868,-0.7838296586837085,0.8487938211378453,0.7106720760758479,-1.4871086287047288,1.0786503983972937,4.227358643790023,1.837111525066102,1.1634866819626404,-3.2863546724937307,0.9410039712962924,995.6187328815564,293707.5262000591,1.7307933978011023,2.6189330414293344,0.0181439493033065,0.4938049670249163,9.176313191296224,2.164357628970367,9.041162635806597,-0.1076242526898509,0.8379737038102855,0.6299067766697829,-1.530856047501976,1.1087727959509417,4.186246363484547,1.8902109277046943,1.2293771130408686,-3.367135527588325,0.819110835896222,1054.004718608201,310931.3919894193,0.9982465498805684,2.0513104124178327,0.0094058435567328,0.592624803441811,8.929458342543136,3.558728129130255,18.496048669725905,1.6278524128416527,0.8505927950352397,0.6805589213346739,2.973540298983808,0.8247989226166786,4.311101581260029,3.0858119146231746,0.6802932627496339,0.9636313511791796,5.274732932439209,2809.059375866951,828672.5158807505,2.6203022402251945,2.994602183219621,0.0354663282165273,0.1889110827405275,9.461310351709102,1.8178882602426607,7.621648714487564,-6.328110299708626,0.8433848651633528,0.6164594559958609,0.7155130575208992,1.8838642485904875,9.843486147691284,2.0151683410078443,3.548944507117401,-4.736656424977621,5.106829722713662,1197.9665155670907,353400.1220922917,1.5420043325768833,2.208251837582436,0.0141234041334493,0.2580376992172747,8.027817200075054,2.88838054162648,14.370800887871775,-4.586986783907648,0.744379415886398,0.5922374493282532,-0.8005027372353627,2.1240325713337094,13.054392276725492,2.2698720220329163,4.51151436408649,-6.594068396844062,6.460323879881431,1519.9341039403007,448380.5606623887,2.4650392023837195,1.6348026870851162,0.0111766812507359,0.183537275999496,6.134161738784041,2.7176820761538734,17.841353455804533,-6.482120798273864,0.7881648160998261,0.6021661467783118,0.5545896952742064,2.1298299185826037,12.737694611042894,2.200851019990657,4.536175482089578,-4.419103803721242,8.318590807321652,1428.9048375972047,421526.9270911754,2.1485520823768667,2.0309439154294244,0.0092815954559975,0.2405959943638599,6.130585199414774,1.5089963023795785,8.810017132107316,-4.99184490994733,0.8177116520919503,0.6797746706454381,3.2556860707657744,1.85942890690226,8.283498450914362,3.74926228092968,3.457475859823733,0.4220800444796574,8.705578495394018,4146.805457104596,1223307.609845856,2.2846182325348416,2.5135948363477145,0.0234804146816421,0.3281204597677691,7.950685583643493,2.08481769984735,10.916661837935742,-3.112581049249957,non-void,28
0.8866655420730687,0.7527366984290959,0.4896948525438166,0.4518175835983939,2.1225053643149603,0.6662883590883171,0.2041391288486917,-0.4431049317320004,1.67940043258296,130.96235234969762,38633.8939431608,1.0960771940107703,2.5089956425088022,0.0214832514037672,0.6936804267980546,9.870097359955158,3.776965786544908,20.70449855687229,3.5498469227346345,0.8546228650572393,0.78096302314888,-0.4392791328839524,0.6214447674860771,2.859669222141923,0.7610254631897028,0.3861935990358245,-2.48041114983763,0.3792580723042927,170.85212790881496,50401.37773310042,1.0232311270033034,2.343084978176795,0.0175714283308204,0.7288120334930906,9.441750238010798,4.000227976226714,23.706003519967336,4.293451202280475,0.8270892287143824,0.7657108871910924,-0.4314743763405214,0.642635251660664,3.151635044065706,0.7740479339907878,0.412980066676965,-2.785458681632608,0.3661763624330981,176.74931021404507,52141.04651314329,0.8559186933676566,2.0178249161246837,0.0130571414971823,0.7523331633045262,8.739551000961503,4.441197638847148,28.892011104549585,4.825423490928383,0.8744383045645998,0.7325720594904043,0.9503826285846292,0.8479522371452776,3.7324836211359056,1.2736758367791667,0.719022996479681,0.0673009688106563,3.799784589946562,478.5637904725576,141176.31818940453,0.6720717789554407,1.951578767722444,0.0159956022979509,0.8608076689714103,10.36100782896792,6.27619372423601,54.40288423490127,7.912908195810786,0.8297418773021183,0.7102362918884187,-0.3649549148791261,1.00213550705239,5.067943676861303,1.066521291109362,1.0042755744951504,-3.118874233876173,1.9490694429851287,335.55296099492625,98988.12349350324,2.1731901807653946,2.7680474033625755,0.0191320722447474,0.3948375266608987,8.1884325037697,1.9897164562926708,8.004889358268398,-1.854535664285847,0.843122410973839,0.6832111011132289,0.0197787281524253,0.5850316012490218,4.954633132991116,0.5853658450467724,0.3422619744599944,-2.3320218271802946,2.622611305810822,101.08268590145998,29819.39234093069,2.798563781273022,3.334663547178129,0.0407628024864404,0.2311751451207686,8.378072939124191,1.7879737761300054,6.572658958420042,-5.218862757361421,0.8457249247965521,0.595617978157021,0.0463022445223997,0.7125294975047012,3.725954048386677,0.7140323400673907,0.5076982848143019,-1.3397566827789786,2.3861973656076985,150.4034438853236,44369.01594617048,1.1965561802966382,2.5327767528997165,0.0172991574512882,0.6187067305117422,9.364969995184383,3.650325824173582,18.087663822698016,2.1022570123950968,0.87470831476223,0.7005423314162053,1.1857790690085428,0.7641276196423276,3.550107131302794,1.4106604905500886,0.5838910191002497,0.0651182620906245,3.615225393393419,587.0390907817099,173176.5317806044,2.5400855413211847,3.5978203460702973,0.0725069969546031,0.3772898389292067,9.722193868429551,2.518101597127851,10.978323657421804,-2.176108432335487,non-void,28
0.9059746817854744,0.8422191955579712,0.5005750498342578,0.1557658495466451,1.002248086769707,0.5242503031964386,0.024262999884988,0.0366935708599506,1.0389416576296575,81.07732221845954,23917.81005444558,7.041570116422563,5.252061470255735,0.206452348643636,0.1095063809171232,11.321509210684706,0.8508266425773382,4.501346442045641,-9.101913809616278,0.9250838899860104,0.8490091737993434,-0.1129060073654745,0.1999262719740338,1.4009056079654263,0.2296046182563581,0.0399705142254353,-0.7870198702226984,0.6138857377427278,15.55189281377114,4587.808380062486,7.12849498641283,5.235458371437789,0.2812664864395296,0.0757731262520018,11.789505150641697,1.4754129122824615,5.9806290758074985,-10.862633827257447,0.926513749098732,0.8441237560158426,-0.1048817269781644,0.1781861365715673,1.1197887050802875,0.2067618821742137,0.0317502992663012,-0.5281891880173161,0.5915995170629718,12.611390396465918,3720.3601669574455,6.988367498818474,4.700969954737007,0.2142277452621264,0.0482909291567208,11.26892508844256,0.8068593407297057,4.063696350205286,-12.946386389001074,0.8898899285764328,0.8847506110825459,0.5830541783071228,0.1742267551354698,0.9189039730450134,0.6085286657557137,0.0303549622050349,0.1467002070896715,1.065604180134685,109.2406054286966,32225.97860146549,7.613549058614685,6.449266550488447,0.3807496188435567,0.0714800412551715,12.73976677428774,1.0941993944938797,3.83889785796213,-11.136064427905032,0.878957684977959,0.6964386773273458,-0.0380135895157989,0.561686399874258,4.605086871111578,0.5629712646233204,0.3154916118037048,-3.1479480956844537,1.4571387754271246,93.49631021351628,27581.41151298729,3.6749196810218105,3.690487478638629,0.0993458606809879,0.0928161573383584,10.239577859542091,2.652983556753691,12.376859598318909,-9.900717219042363,0.8703630919296428,0.7735374634428819,0.0412128021733706,0.3159447279252566,2.2630081720605624,0.3186213523396475,0.0998210711037644,-1.2396722630114845,1.023335909049078,29.94827201919001,8834.740245661054,3.9757911264018775,3.808159990459601,0.0942677575001411,0.089335093132157,9.815458289166695,1.654375133014815,6.32174774664547,-10.0833650560697,0.8900501783074406,0.8048989347918705,0.0739178075749169,0.2104718414167008,1.1593406306290142,0.223074512901002,0.0442983960293368,-0.4654189711331133,0.6939216594959009,14.6798603002757,4330.558788581333,4.125901494141118,4.582239319988584,0.1320964577729624,0.1563828024363251,11.23858221650556,1.5490348232886997,5.412449756191515,-7.319564314442508,0.9372240601609568,0.7452353073794774,0.5553243439371635,0.3997915985799409,3.242908353609928,0.6842648969984838,0.1598333222951046,0.0589374701137217,3.301845823723649,138.12444253298196,40746.71054722966,3.594263404080536,4.268789929832332,0.1495865821988508,0.1558362689462532,11.33166850957604,2.5423080908266997,11.06949675330504,-7.337581468653598,void,28
0.9198768434224462,0.836782145627625,0.3149632080525565,0.1523230390694861,0.8365526591891179,0.3498630169911107,0.0232023082313641,-0.0893177523420025,0.7472349068471154,36.10921854414606,10652.21947052309,5.192898507533497,4.953088936326363,0.1405795889608634,0.2089913320652636,11.220492853851791,1.181897444784144,4.871899839943835,-5.780529658412041,0.916614689372376,0.7918979893412229,-0.2504209642189181,0.155245716319765,0.8966292367499062,0.2946385781868518,0.0241012324356369,-0.7206702198213855,0.1759590169285207,25.609508068011035,7554.804880063254,2.3093218175899635,3.9179010270914296,0.0671789156980976,0.3550158667241473,11.338766751416538,2.4787713896573367,9.988927448143668,-2.593012667840251,0.915250180807246,0.7555112590117355,-0.2367376540639941,0.1440479161006704,0.7188726630048928,0.2771182400793371,0.0207498021329457,-0.6107464419757014,0.1081262210291914,22.6543831004774,6683.043014640832,1.6730360772660289,3.2468702204627817,0.0460973483399111,0.3924030803374395,10.697924616478373,3.220132296990493,15.404671510574936,-1.89883154665636,0.9356772795107552,0.7710101329325056,0.5031632981436193,0.1812104765183193,0.9189355845537486,0.5347995338430662,0.0328372367999963,0.0749400566323943,0.993875641186143,84.37310971263449,24890.067365227183,1.831385402827866,3.68810526005589,0.0625178992582937,0.3838640484807102,12.10047484422386,3.216761833347231,14.41565213406453,-2.054991107054677,0.8524047621580421,0.7438869602460491,0.0209794029418549,0.5520290291024782,3.4596746243883447,0.5524275376188459,0.3047360489718247,-1.763046743932905,1.6966278804554398,90.0269743742883,26557.957440415048,2.9238983001634384,3.1341975041382035,0.0318752475739769,0.2089571107162439,8.734849372679303,1.6130655224022352,6.333571495940325,-5.781428763034457,0.8650944949745256,0.7191853843744865,-0.0114533269252268,0.3353296085717648,2.0491579433903597,0.3355251482117981,0.112445946384893,-0.8623057638691918,1.1868521795211675,33.21025189935199,9797.024310308838,2.980129805052317,3.3944082388928454,0.0452425852588634,0.1464187864749709,9.278391842804838,1.7131671728413085,6.206312347665327,-7.656480443910367,0.8581710863673393,0.7939160975040122,0.0094514091339194,0.1906249932832067,1.043302383875331,0.1908591553969559,0.0363378880642226,-0.665926956022132,0.377375427853199,10.746029073657612,3170.078576728996,3.727444226540845,4.575694662598438,0.1124214017162075,0.2238314313290867,11.090217343637004,1.5509758475980933,5.357038172515981,-5.400349786593573,0.8981370939805791,0.8104968503332146,0.5839267154826115,0.3364671121323733,1.7458447304795444,0.6739291703146629,0.113210117546699,0.0947153257643896,1.840560056243934,133.98325534729793,39525.06032745289,4.370205039713321,3.911417299067752,0.1232964907012456,0.1112982899726425,10.80162627350402,1.7636159279139676,7.528245103066038,-9.022675234923048,void,28
0.9254763247150064,0.8438717583501196,0.2219963038139326,0.1021402775962355,0.6044875190486149,0.2443665181944611,0.010432636307436,-0.1440907043583706,0.4603968146902442,17.615923588272757,5196.6974585404605,7.648023829588308,5.048039036426439,0.200183578071341,0.0941031220122578,11.73505247575705,0.694179160278657,4.174696005952335,-9.834747199080995,0.9299863323270808,0.8114042907805509,-0.4744381406237073,0.113738253780401,0.7224575246392098,0.4878810712166395,0.0129363903730149,-0.8059293666604156,-0.0834718420212058,70.21824219719122,20714.381448171407,4.999747681888222,5.111859848422016,0.1649042706413492,0.2379293681387633,11.145521742732669,1.4308169805983673,5.972216279257239,-5.055471708457029,0.8910276758230345,0.8069908674948306,-0.4596106940837244,0.1037499523636605,0.5441751153766052,0.4711751720237227,0.0107640526154618,-0.7146129313993066,-0.1704378160227013,65.49178260581749,19320.07586871617,4.037245646239022,4.4777552650553565,0.1042952241300124,0.2819524226123358,10.265957593838676,1.2765199662124809,5.321118279285602,-4.059773875200387,0.93904681050071,0.8163166858994577,0.7066519540239091,0.1428005373650789,0.7840832430859296,0.7209361813625145,0.0203919934717553,0.2723972861059393,1.0564805291918689,153.32594839128149,45231.15477542804,3.991282502539217,4.908650348723053,0.1456804616548686,0.3076036211190046,11.527313830409163,1.6863568135168825,6.5764421957972825,-3.523633426103693,0.8446827540024092,0.7735271547857091,0.030372558356028,0.4188273483801806,2.6775605665327102,0.4199271842263412,0.1754163477511732,-1.1791904216745002,1.49837014485821,52.01995781541775,15345.887555548235,4.853212240971351,3.9079299576657935,0.0621039841553397,0.1166683107786758,9.48653154793798,0.8595024318949638,3.466822465271459,-8.791709005851127,0.8808894534263632,0.7372708027271961,-0.002215144100259,0.2478182309203629,1.3912774743410554,0.2478281308485443,0.0614138755764983,-0.7100831510757456,0.6811943232653099,18.11854081976555,5344.969541830838,3.632305270932864,4.100517965625408,0.0715254951435782,0.1936511648701482,9.732377258201288,1.3255238247032166,4.935273516184667,-6.195028480588279,0.8966620084324975,0.8109471835131696,0.0742972319323654,0.1716244771983314,0.9761336793782605,0.1870161486246903,0.0294549611736005,-0.3835726621381951,0.5925610172400653,10.31763675469162,3043.7028426340275,5.628350970867823,4.9225654628017415,0.1352828420661049,0.1191647143639069,11.113101437359347,0.8262182159723507,3.585583332477462,-8.687470240587395,0.9196674781550191,0.7958441686218526,0.455982525593119,0.2545831861931961,1.4805020963271736,0.5222381280015459,0.0648125986922795,0.0460278779791107,1.5265299743062843,80.45613538987492,23734.55994001309,4.516282107181629,4.820539922321735,0.1850075667413447,0.1320149568069863,12.433495716093056,2.166432751175811,8.03709996304494,-8.178891027032977,void,28
0.9188485080893144,0.8768683231193928,0.2426663477028477,0.1306505242025484,0.8616265893467328,0.2756020968386127,0.0170695594744006,-0.2894767059385317,0.5721498834082009,22.40717215564283,6610.115785914633,6.9931973302188375,5.397473793555712,0.2789543825477305,0.1036454376493928,11.79011730997595,0.9984693227897694,4.551658694617114,-9.369296382745912,0.9076822232337796,0.6396557823375773,0.1368743219785104,0.6257105768345923,2.1997994640419387,0.6405062887901689,0.3915137259626783,-0.8669608567075855,1.332838607334353,121.0232502640278,35701.858827888194,0.9188529749602714,2.0962314582333,0.017046908122015,0.5296932699672067,10.91480746397903,4.971598450463777,36.26450012704255,0.5164326158523367,0.9081335432767264,0.5717292083890683,0.1470196937214243,0.6213323926280633,2.146672967177392,0.6384894145331268,0.3860539421289137,-0.8070602320884943,1.339612735088898,120.26227607890225,35477.37144327616,0.7069776038097961,1.6131989866945848,0.0102871292290863,0.5460797886488423,10.072551094029118,5.980228052654198,51.259142915416646,0.8027658223043572,0.9162302185456556,0.5923024850932698,0.9016609336747512,0.2843960529213203,1.62979072422378,0.9454488638908244,0.0808811149172264,0.2132822728343102,1.84307299705809,263.6926984985729,77789.34605707905,1.7484856677414862,3.0676211685819146,0.0474813326641294,0.2765030532860582,11.340144344745765,3.833592489153488,21.39161351845466,-4.177367710524057,0.8298039449249555,0.6476902330540609,-0.3475678704328686,1.1474091532972746,7.726474751971563,1.198895821006816,1.3165477650703683,-5.532203436098181,2.194271315873382,424.0186009401442,125085.48727734252,2.0068542035433703,2.248776781471478,0.0225324131070545,0.2219687224088774,8.346735268704633,2.7828970719057886,16.05436114264275,-5.4470527400351365,0.8631371653722828,0.7486701445949921,0.0285960869868524,0.3464336260269617,2.7080840100141192,0.3476118430565167,0.1200162572421888,-1.7734302623495195,0.9346537476645994,35.64602806277878,10515.57827851974,3.640600622441536,3.657251488440132,0.0491665631549086,0.1326837682531129,9.612371237909214,1.3284817235765674,4.935644035218588,-8.153596767314008,0.8909772295339412,0.7961312593486635,0.0573576811866498,0.2089462840069612,1.367835218347424,0.2166759174237577,0.0436585496003177,-0.6760155000494812,0.6918197182979429,13.849793691470987,4085.689138983941,4.0893309456264735,4.393462807351495,0.1245589041002842,0.1161754551005529,10.82433302682213,1.4369934845749472,5.21283373071821,-8.812516741877587,0.863457767465358,0.6856139774282944,0.8934147797271029,0.8983004328270999,5.443383670600268,1.266938686855912,0.8069436676173551,0.0974027267341538,5.540786397334421,473.51442269439394,139686.75469484623,2.5509464251852805,2.4770457305525886,0.0358735280463824,0.1222318572674734,9.116504651930462,2.805819497633564,16.183520975077666,-8.561954039323222,void,28
0.9153583586266208,0.852742206784417,0.3909776987547346,0.1373332062198032,0.8353123010548124,0.4143959102768257,0.018860409530611,-0.0874174251322894,0.7478948759225229,50.65857128397691,14944.27852877319,7.003272563378417,4.950997661505907,0.1781731809582054,0.1093591023452498,11.669917916203898,0.8502052394356941,4.8486379209185575,-9.108476921183756,0.9192439343805966,0.8419058441482367,1.5287975310411674,0.2060876175848144,1.085986554905448,1.5426256827368572,0.0424721061217847,0.8281367182457294,1.9141232731511773,702.0097291266096,207092.87009234985,4.647246424635267,5.24761472760302,0.1781615173044312,0.2458913250439502,12.050558497835755,1.5794328960484574,5.833022781810276,-4.86690728069111,0.9188417054252322,0.8506936885376167,1.502262035128191,0.1836772974224143,1.1727120922466094,1.5134492299961355,0.033737349588402,0.6726992616986958,1.8454113539453048,675.7059286738893,199333.2489587974,3.903683636685952,5.262754774756123,0.1688255742841551,0.3050211062186615,12.157640721478517,1.7435127265847217,5.84434945595383,-3.5764172201506907,0.92075662139698,0.857985218585018,2.1838594751119063,0.2696374088166527,1.6017807727711504,2.2004423508170827,0.0727043322333587,1.070603710909647,2.6723844836807973,1428.3742290844757,421370.39757992025,4.556293317058284,5.3238603328162055,0.1585937011435857,0.2736513488962639,11.985798168820969,1.4788719475787049,5.189935899298551,-4.23947540241422,0.9063779022419016,0.7257222343776633,-0.1808373579933679,0.4588626486720715,2.8349348355350603,0.4932109897319507,0.2105549303463489,-1.8310210528457,1.0039137826893607,71.76083871574927,21169.447421146037,3.405893137616642,3.7159473167686303,0.091763015133267,0.1370590799712258,11.044843512318357,2.3888312243800147,10.38651922479573,-7.990732506536417,0.9004225905079558,0.7852173856597375,0.0430950236944469,0.2254164625501276,1.239631552686052,0.2294989382455572,0.0508125815886131,-0.6560332739698991,0.5835982787161529,15.53757998347223,4583.586095124308,6.905873761279591,4.347081107173666,0.1081979499603392,0.1122941342536184,10.285131724319792,0.3175910473646245,3.030200692201184,-8.979120165400783,0.9151908548571658,0.7925130398158285,0.0905944969359285,0.1816408982019641,1.0707067560820511,0.2029797496665376,0.0329934158996163,-0.4645784871633584,0.6061282689186926,12.154229738533632,3585.497772867421,3.054868043303134,4.466833842853875,0.088594937231374,0.3000163738340814,11.392731572006593,1.8274643373028183,6.216897365377587,-3.6794292285203256,0.9384066898689892,0.8502440936160307,0.5009965001120756,0.2934793496966179,1.7897592301166885,0.5806269213728371,0.0861301286983497,0.0848996137107004,1.8746588438273888,99.45264843775512,29338.531289137765,6.09188160771432,5.444955386878481,0.2177441337643285,0.1115582693861139,11.920412011512497,1.115329246474432,4.400535671031451,-9.011271788604052,void,28
0.8596693542555759,0.6752196973011829,0.1719875246881919,0.5907084802095954,3.533480237888427,0.61523671642702,0.3489365085915299,-1.2823563234633368,2.25112391442509,111.66228408577092,32940.37380530242,3.249959814560599,3.430177673091041,0.0710248474467481,0.1237128170596019,8.968514830279844,1.923078272579316,8.14835903392502,-8.502317623224497,0.9201188872893696,0.7915160541140879,1.1807341513216123,0.6885485277514368,2.8035513980825546,1.3668329126728838,0.4740990750686711,-0.1940261241440664,2.609525273938488,551.1285022939225,162582.90817670713,1.1673717997418014,2.5545619137065265,0.0251390553965615,0.6463591373222671,11.168715429989827,3.7868673010340994,20.631515423764768,2.61911451367105,0.8946525496865141,0.7928681614304643,1.169489484541429,0.6478246669958516,2.616144557693575,1.3369302351361732,0.419676799168286,-0.18094407849719,2.4352004791963853,527.2778238182726,155546.9580263904,0.9793694598047974,2.2492075388008903,0.0161769517095621,0.6642991946412661,10.474411903898114,3.976827289926574,22.020223313582196,2.964113428488117,0.9048380262237778,0.7318408567437,1.833714620313873,0.8195252121040282,3.143340552481467,2.0085145959208277,0.6716215732741524,0.4328575913095736,3.5761981437910406,1190.068610197966,351070.2400084001,0.905770314212328,2.209873902773261,0.0177348873348435,0.6320469594552902,11.228966153945484,4.776743558179794,30.513807852192297,2.3495695044276044,0.8534132150390801,0.7198044087101836,0.1908617667386661,0.9640866070134806,5.615307369204535,0.9827976393059612,0.9294629858227652,-3.440990130309031,2.174317238895504,284.9379039484842,84056.68166480283,2.0772335962126904,2.7149464923983246,0.0227842556146592,0.2779273829774552,9.094185752325826,2.3516783615661203,10.316493896758022,-4.146495375962712,0.8628246808794671,0.5844832365194366,0.7322129840097675,1.479912660547133,10.633337073649251,1.6511442507546643,2.190141482847694,-2.303831299169236,8.329505774480015,804.2518143560537,237254.28523503584,1.714451286794136,1.986666029135528,0.0140528454249239,0.1950023990972648,7.140938450519887,3.1485787931893743,18.375155678970728,-6.157546315211402,0.868156631715338,0.4849305677717728,-0.154293889417024,1.0422992210087867,8.349770483955748,1.0536575679161404,1.0863876661155234,-3.907284553269801,4.4424859306859465,327.507309775952,96614.65638390588,1.5886171571897956,2.0962669269847134,0.0189907559328097,0.2643433457216666,7.886039363689367,4.052803241140595,25.20428646785325,-4.445067851140346,0.8939459771406333,0.6253924232006834,1.6167334362974723,1.4793700696615013,8.520755626187489,2.191429398144624,2.188535803010275,0.0777787881420799,8.598534414329569,1416.69702808049,417925.62328374456,1.893527025762846,2.5348894345259945,0.027974887809175,0.296230342673156,8.275980529523396,2.93464078611121,14.787251155628168,-3.758009975291536,non-void,28
0.8929057264100133,0.7678869156830019,-1.5997249700744574,0.9850627659002372,4.519456632535493,1.8786880083299489,0.9703486527630256,-5.320163575866749,-0.8007069433312557,1041.1932466296112,307152.00775573525,3.9172889469836183,4.840037332166477,0.0964358551778898,0.3996609766696546,9.228844869634,1.251368147101869,4.099651915559561,-1.767048283396421,0.8986678234867245,0.8091445334757776,-0.0689454043527021,0.2209425355214906,1.2261471946145568,0.2314499358047496,0.0488156040026651,-0.8573893004356271,0.3687578941789297,15.802876471286703,4661.848559029579,2.5853321325201817,4.733820508852956,0.108609992987107,0.5023639774835839,11.78319623357636,2.767039216180156,11.334166177378744,0.0410668090956849,0.9116888741994904,0.7576817855780843,-0.0392546650928004,0.2037388375820075,1.133702702298992,0.2074860059638133,0.0415095139392676,-0.6927741174403987,0.4409285848585933,12.699880587890595,3746.4647734277255,1.817857671624217,3.59005507672204,0.0553401112005311,0.5649786092360797,11.10539913004688,3.0155400909801604,13.5422005886382,1.1352139353992658,0.8929516408671794,0.7646960604425772,1.6311872995180263,0.982505034078033,4.516484159479968,1.9042290167145304,0.9653161419886768,0.815716250467924,5.332200409947892,1069.6960036887886,315560.3210881925,3.7208572530004265,4.789220295787164,0.0932039311086458,0.4267094992360726,9.431153627367951,1.32452902967439,4.276632615510847,-1.2824243404973097,0.867752936781007,0.6769447197584385,-0.0640712633373389,0.5989631545320906,2.838154424058604,0.6023802679974466,0.358756860487033,-1.4579138797748037,1.3802405442838,107.04428624543932,31578.0644424046,3.1857958394403663,3.574767645912363,0.0707976068741034,0.1302340398308446,9.759438461888386,2.1781751080417404,8.546644944414771,-8.24677893844812,0.8368762385423056,0.7185835335262455,-0.0355511888845179,0.5949054506128473,4.204416114403694,0.5959667626638063,0.3539124951688748,-2.179512433136447,2.0249036812672467,104.7770327489934,30909.22466095305,3.655369901639487,3.8589436280324456,0.0437207759803228,0.1513768589107756,8.511600783313742,1.291475131035986,3.805126661570254,-7.486553806151769,0.8550471095582877,0.5085936765710727,-0.7054756232689366,1.3385368665590025,5.716597090443216,1.5130686693485815,1.791680943137593,-4.99956285384739,0.7170342365958257,675.3661554584648,199233.01586024716,3.013782720159411,4.154550502071059,0.0617221953378735,0.4066910243046066,8.979057851194554,1.6654202658425683,5.689356066946602,-1.6401633058178466,0.8606694216310387,0.6202034811761041,1.2181772236679802,1.2342849830462628,5.468472161867223,1.734190060990127,1.5234594193735131,0.077697774259508,5.546169936126731,887.1874744528975,261720.30496360475,3.54128713179392,4.470175421048882,0.1151780341378415,0.2695915804138356,10.113869514334578,1.960516161307231,7.824728482712609,-4.3285944575032245,non-void,28
0.8394594925819033,0.751251990254612,0.1611496881929155,0.4465896742178575,2.0941290876019485,0.4747752722317012,0.1994423371180121,-1.0772771223104662,1.0168519652914825,66.49640994119237,19616.44093265175,2.0311047148284063,2.978126201911784,0.0321621511036373,0.442071478054672,9.311250989834129,2.306702491234475,9.56238887714208,-1.0108606775942324,0.8577907087170309,0.6629801447772008,-0.4588563162865564,1.107673941480382,4.2984409277561975,1.1989539939592149,1.226941560634685,-2.530225317580668,1.7682156101755293,424.0597504910722,125097.62639486633,0.9481411975879004,1.992018422970935,0.0129889648322452,0.4371698461982646,9.504744900668593,4.524051850316452,29.702022729439687,-1.0972715797958834,0.8742540165780595,0.4822580914184557,-0.4693855590160805,1.2077365980264974,4.529979396586808,1.295743220404975,1.4586276902126174,-2.8221717529904136,1.7078076435963945,495.2903955015095,146110.6666729453,0.7204992969483602,1.4276438889625072,0.0063625170691876,0.4086155359339792,9.028549207801948,5.8693258033151965,46.52464501364253,-1.605550363242343,0.8892117459563417,0.6635880701596375,1.609138379640727,0.8674827993373185,3.417119917732494,1.828073502892839,0.7525264071461105,0.1223120892272059,3.5394320069597,985.846555933774,290824.73400046345,0.903647608621918,1.9639630048563128,0.0137473922554743,0.6126912278100389,9.64956912083066,4.91575881023941,33.55570666402122,1.9918432892962008,0.8687560442442976,0.5564141391161852,0.6889620441331654,1.74289522355844,9.382188936610545,1.874127119103444,3.037683760302825,-1.6703171476656788,7.711871788944864,1036.1439752748977,305662.47270609473,1.3568247481244682,1.9141768567151165,0.0123593332760271,0.337293125345219,8.73291091077244,3.6225303578903945,20.75684032085777,-2.9331398624675136,0.8067073303335567,0.3989760276145855,-0.5424759486522177,2.0753918778513274,10.682634226899928,2.145118085681388,4.307251446651258,-7.587299773611287,3.0953344532886407,1357.4518224476278,400448.28762205015,1.019401672745574,1.0352721337239166,0.0032942699976354,0.3365044253021531,6.916678999403024,6.576794659083825,76.7609194969765,-2.948472506810232,0.8130775142943321,0.5868838861686761,0.3729856940093055,1.1719768047047248,6.109427715404115,1.2298975399200942,1.3735296307658966,-2.5910550909785424,3.518372624425573,446.2311478169424,131638.188605998,1.5223104573834227,2.3447304280264776,0.0195929001267631,0.3179836988362056,8.499142708692162,3.310914963393275,16.16378652843732,-3.313898981972043,0.8685317498923608,0.5422105775722112,2.370715282807628,2.0015596585263715,8.133067975276747,3.102665308855897,4.0062410666402055,0.1148434826016904,8.247911457878438,2839.8269455394675,837748.9489341427,1.3649460751630995,1.8776232437214568,0.0143078591540974,0.3543431326921752,8.641081779840862,4.150858748303733,27.91221785433031,-2.6057775422187097,non-void,29
0.908904579652076,0.7859049943294404,0.5716248195084469,0.1187513997173304,0.7484173420528373,0.5838294521629495,0.0141018949348251,0.2287339386230107,0.977151280675848,100.55276461780248,29663.065562251715,2.9385950216116945,4.079145926637053,0.0761974824117142,0.4420047709979686,10.404865456874669,1.967239749220741,7.686521392117386,-1.012035256004542,0.8990389895151543,0.7721763335466623,-0.5687467884945018,0.354688959496907,2.067777716249017,0.6702814091199367,0.1258042579889985,-1.9026807450832568,0.1650969711657601,132.53676438648338,39098.3454940126,4.419839537654916,4.120793003621776,0.0950021180455621,0.2633115936406427,9.724703506675809,1.2221986598970376,6.066382045731171,-4.46813852850619,0.8633732707603737,0.7569065250747924,-0.5797476383607553,0.364282346607072,2.001639039058182,0.6846962481527323,0.1327016280495549,-1.9690276248267629,0.0326114142314189,138.29864090915626,40798.09906820109,3.401397533691505,3.8534573229127616,0.0484255464909749,0.3858305233956107,9.426835991592233,1.2093013077759622,5.011543260203281,-2.0189164603145704,0.8727763163814792,0.7733670519700498,1.0396081433807878,0.422087499312023,2.192707646517932,1.1220262692375458,0.178157857075477,0.5194258323098727,2.7121334788278046,371.3881699134421,109559.5101244654,3.725777380293063,4.137790617701127,0.0642607218898882,0.4157608410917388,9.742651822905655,1.2185949517911678,5.201726133495597,-1.477470794027298,0.865305796923998,0.7542708341567401,-0.1898540919386607,0.7124130519500487,4.13546803996196,0.7372767003063615,0.5075323565887828,-2.529661115814883,1.6058069241470774,160.35519518031774,47304.78257819373,3.216307087101759,4.134957251851393,0.0636569196905488,0.279988570873756,10.0310110618478,1.520826368805302,4.975185836895468,-4.1019908632068685,0.8516124696457628,0.5054534080157665,0.2534041889286773,0.8483593114785891,4.837418099362241,0.8853966367335188,0.7197135213724258,-1.5578702714359318,3.2795478279263084,231.25852528001283,68221.26495760381,2.065813594894777,2.342092618956474,0.0174868546919246,0.2398948623442826,8.351266142252642,3.102360513170125,15.571718623799688,-5.008527206828307,0.8579342513456947,0.6939516373910569,0.1968698737585051,0.6614813694702496,3.4494968163986783,0.6901560326114136,0.4375576021562368,-0.6496203640245062,2.799876452374172,140.51302805822834,41451.343277177366,2.224542159400729,3.489694351564903,0.051574778429821,0.4530987517063951,9.639114777634214,2.4578122852508675,9.469407204881389,-0.817160487224365,0.888412221538592,0.7971829518540737,0.9167936395110472,0.9814830151641328,4.595297533758048,1.3430634707650972,0.9633089090556772,0.081566372029663,4.676863905787711,532.1267485185589,156977.3908129749,2.3113657782422905,3.932639226248328,0.0806111142023368,0.6176747624424578,10.780526416841726,2.367408451924896,9.178765726329862,2.0832688990532966,non-void,29
0.910761438779362,0.8590459078612587,0.575623020775771,0.127987674140038,1.401554980566984,0.5896801732963388,0.0163808447317765,-0.2158973713104842,1.1856576092565,102.57819849974608,30260.568557425097,8.08725421623079,4.621383134057529,0.2061475588625363,0.0714070220772019,11.104466976581074,1.206446693569461,5.499560940744464,-11.140844146112066,0.917018502534456,0.8633262598650233,-0.2445248551801159,0.7070880019128976,7.355239997481306,0.7481750111103889,0.4999734424491738,-2.440246099731797,4.914993897749509,165.13092493875902,48713.62285693392,6.288133604006992,5.405925479867486,0.2054918391894892,0.2058722887706081,11.63283553607404,1.086592048997979,4.634388701765572,-5.862924567363326,0.9292259540691672,0.8580748471577002,-0.2332787184616718,0.5269268208314074,4.228083466582678,0.5762558763245839,0.2776518745114941,-0.842810015619897,3.385273450962781,97.96089632459116,28898.464415754388,5.164011605058539,5.181424920772627,0.1667431550117521,0.3161166862990975,11.864730442602747,1.1058798221780437,4.444951857225226,-3.351345850582969,0.943274500830721,0.8996003716338578,0.9663835839986766,0.5528672151659181,5.521990908282257,1.1133550148211688,0.3056621576053176,0.3515280223384691,5.873518930620726,365.67001976309626,107872.6558301134,7.986679134686113,5.260662171095664,0.2941160527377455,0.0675102405763171,13.618590467677285,1.1244802978057238,4.557189771697235,-11.402744068725776,0.9108294283947408,0.7509928828269082,-0.1127818611471018,0.938698615022296,7.589742258124513,0.9454495428358836,0.8811550898447769,-3.9488284692296736,3.64091378889484,263.69307722433143,77789.45778117774,3.448401071899914,4.81201242238832,0.1558922886355728,0.1929574129665571,11.15504376116558,2.480329251720244,9.712896699218389,-6.214349844250052,0.8954785097634407,0.7654172731234321,-0.0407846490390337,0.4062012704602129,3.517435178795435,0.4082436278997237,0.164999472123491,-2.149393450810457,1.3680417279849784,49.16554361761479,14503.835367196369,2.972716524325732,3.716063630873995,0.0791446574109384,0.1829902994589295,10.713454136779214,2.268280277043886,8.638383538244897,-6.497991439328667,0.9066450387056214,0.7688648378890824,0.0764918535121802,0.336050773823776,3.2615497597781014,0.3446463785407987,0.1129301225875587,-1.6256972175248374,1.635852542253264,35.04043224117983,10336.927511148053,5.322214061711893,4.887648122159444,0.1623946266958545,0.1249129873658144,10.749718450183364,1.3301767920064609,5.016375473138167,-8.454436394152175,0.94335599192904,0.7497854312310781,0.7457142672555057,0.7894485769334068,4.403609222510182,1.0859644671952196,0.623229055622181,0.0292131363983964,4.432822358908578,347.8990530831261,102630.22065952217,2.426112526386745,4.658737063310462,0.1207338455132905,0.5093857926772811,13.996981083284782,3.0680206894019184,13.4550594096049,0.163067076424428,void,29
0.9474188898973552,0.8910809829498094,0.6296179209505537,0.053934050348274,0.4825523139182678,0.6319237360386678,0.0029088817869701,0.2739853003533669,0.7565376142716348,117.80164440987502,34751.48510091314,6.211767377335094,5.530616417854135,0.2468760409937958,0.1609573776632009,11.46054814307782,1.079635613425438,4.300175629929719,-7.170731032145941,0.937135565571476,0.8341166868498484,0.0949809330022371,0.2081616177477359,2.079562559630997,0.2288069857703868,0.0433312591033545,-0.7560987450694278,1.3234638145615696,15.444027837512348,4555.988212066143,6.872483767971898,4.66985966362194,0.2459359368814585,0.0753905011001712,11.575698475654931,1.7064980811195734,7.40711271558993,-10.886417144691707,0.9424956695349962,0.8747102063013602,0.1178665896295415,0.158506313316459,1.4934290784097293,0.1975266673441189,0.0251242513611754,-0.4617668768487085,1.0316622015610206,11.509951372061892,3395.4356547582584,6.356811465813178,5.557151635472095,0.2768393715006604,0.1177087909976452,11.30758302739327,1.2657776823025602,4.728271712238659,-8.748030443156718,0.9528666299157414,0.8957199058798148,0.6860743161299238,0.1414180397450391,1.3960131051123272,0.7004977010800764,0.0199990619653294,0.3837794177785703,1.7797925228908975,144.75562361944927,42702.908967737545,9.187134662021112,5.941762787020298,0.3838814794251012,0.0687846522355311,12.955834871798016,0.988836071515841,4.061170417775979,-11.315585292638982,0.9515146974448304,0.8173568933055149,0.1465708623726861,0.23663196970773,1.7902442601950277,0.2783481754645303,0.05599468908776,-0.4929867586631993,1.2972575015318284,22.855923501407723,6742.497432915279,4.054023972141542,5.379470299126819,0.1779154006970248,0.1964537402309476,13.348894363209393,2.21084367279327,8.146068794805439,-6.11750580636376,0.9015791663116748,0.7944682999993835,0.0149073947084935,0.2298286438390322,1.766574802816003,0.2303116061901431,0.0528212055288887,-0.3520485334735612,1.414526269342442,15.647813604035653,4616.105013190517,4.138244158109452,4.8838517089819256,0.1277503366737765,0.2075770375079767,10.400560999015736,1.2719807046054794,4.0605195546657376,-5.8177773975843206,0.911201630140362,0.8204871962644148,0.0987692501101352,0.1535044420586969,0.999244115098979,0.182534869269053,0.0235636137317518,-0.401258374646464,0.597985740452515,9.829098657225735,2899.5841038815925,4.938347119140229,4.533394203806662,0.163294450322741,0.0938944835406011,10.739085240598524,1.526465939951348,5.676810846767452,-9.84538691525059,0.9512184719549308,0.8923302823405382,0.3240246042443989,0.2425864321713963,1.4938900027131814,0.4047716902519083,0.0588481770736474,0.0436663733165488,1.5375563760297302,48.33283576266911,14258.186549987391,6.175196213553537,6.334547538731111,0.3196154926685168,0.1453253263144178,12.905578932337724,1.2786107719369249,4.244408045095793,-7.694595217560341,void,29
0.9285936023714192,0.8087747363802198,0.6018076749960264,0.073213019990311,0.543312552172456,0.6062446898573418,0.0053601462961016,0.275516465132575,0.818829017305031,108.42212407416623,31984.526601879053,6.674384694958526,5.640698242303544,0.2497731303574931,0.1444035602989399,10.843797416490467,0.9701170028612108,3.935214176991971,-7.726910305995041,0.9360233108841928,0.8278849174985943,-0.208074703921106,0.2124647843952997,1.0740278117612525,0.2973825264200926,0.0451412846081412,-0.7928998422828135,0.2811279694784389,26.08872827089915,7696.174839915248,5.073283153327406,5.302542236311951,0.2125104367892492,0.1452165182409117,11.747104409192891,1.46080537890112,5.551193830886878,-7.698400988578104,0.9338378285652444,0.7374085363793267,-0.2010863830757804,0.202572420449939,1.071262229866659,0.2854318114461777,0.0410355855269468,-0.7797220470798724,0.2915401827867865,24.03403910070668,7090.04153470847,3.468988215127466,4.374887689364281,0.1048639055928999,0.1934465109963628,11.22123277538863,1.7410082093849517,6.332765719041581,-6.200722708851176,0.9398865754855132,0.8261099270080813,0.7180038479380584,0.1480229182654146,0.7827599646029267,0.7331032055486241,0.0219107843318096,0.4379869513609152,1.220746915963842,158.5448914457721,46770.74297650277,6.775197945829751,5.474165944509412,0.2876489111918262,0.108610579437292,11.16404738571108,0.9675477108111676,3.863769258990292,-9.141953287316976,0.8923606465777129,0.6000250625262642,0.1518301062398861,0.5216248190999184,3.4988300504747025,0.5432723378397226,0.2720924519010226,-1.321172659624164,2.1776573908505386,87.06772575324214,25684.97909720643,2.3380348508183326,3.3682430095802043,0.066375971167224,0.2548771190503566,9.93966205639089,3.519734967797343,18.65383082396437,-4.658970499909732,0.8766551429103009,0.5914445850403943,0.0881524122990467,0.3775255889390508,2.39773588528068,0.3876808198736665,0.1425255703037771,-0.7140465291409972,1.6836893561396826,44.3374433388859,13079.545784971338,2.62023025484055,3.374332773109428,0.0577853710041439,0.1642983221552837,9.164705712154444,2.376246588570329,9.564301706619974,-7.064181443626616,0.8701658231128757,0.7425712733381465,0.063242358774765,0.2660078958357367,1.9608774533838784,0.2734223776327611,0.0707602006469561,-0.6873182545979151,1.2735591987859631,22.05413999415392,6505.971298275406,4.204161929798906,4.049825738654488,0.1112246450335168,0.1184349444542,8.866542471500846,1.7708698580836753,7.046010398772005,-8.717745025289572,0.9179161487721268,0.6155443408427588,0.550088603251623,0.4664799849112357,2.2529430867119267,0.7212496431542329,0.2176035763227867,0.0834111605516925,2.3363542472636194,153.45930908628193,45270.49618045317,3.545648391155252,4.629088404633317,0.1535163647895008,0.1101373419695167,11.840535077971229,2.7492201413789195,11.675265174012557,-9.073883901303578,void,29
0.8404169888667886,0.6995282756763568,0.0612688981431448,0.6473619982202204,2.6388724292056667,0.6502548997272929,0.4190775567396767,-1.898443012259508,0.7404294169461585,124.73527321270878,36796.90559774909,1.8435956983489783,2.655625278164219,0.0299991095494623,0.405472787763231,9.12331060202519,2.7258455488631617,14.666063497188809,-1.662100234267418,0.8816879314669906,0.7854757086607826,-0.7739403564638523,0.5096423695968887,2.674665945682279,0.926670934178755,0.2597353448883317,-1.5942367668217108,1.080429178860568,253.3221109742593,74730.02273740649,2.4941321211357894,3.2889931279423545,0.0525420686010396,0.401455245556869,9.58728323148483,2.2050595082156126,10.454569521685949,-1.734594917129806,0.8824047144209055,0.6918014947292415,-0.7926625042260957,0.5308394363467424,2.5808131520134387,0.9539938955710944,0.2817905071809272,-1.6104854155729995,0.9703277364404388,268.4807840721392,79201.83130128107,1.1713155885718485,2.2020054556497377,0.0220582576816829,0.5572505109072718,9.65388028248592,4.479502316930689,31.42753022651993,0.9989240695097596,0.8516859025717656,0.7332740657309836,1.437779825429638,0.3527661849518889,1.6999726010522895,1.4804238608108118,0.1244439812455102,0.6877727183391263,2.387745319391416,646.5381682591071,190728.7596364366,1.710219719781454,2.705762055391672,0.0318006352142622,0.4950026540620596,9.586680051996444,2.9926848422052594,15.582487051766504,-0.0868156791965767,0.8576418462227646,0.7415075366939495,-0.4077858472535551,0.7856869395081559,3.69806952958385,0.8852080343817449,0.6173039669136927,-2.465366040306041,1.232703489277809,231.16001291952776,68192.2038112607,2.652725311928668,3.48768870166522,0.0610575396564668,0.373960602920548,9.75894151996935,2.308573243207197,10.744408092329811,-2.237758130314849,0.7799426085775636,0.6152867036641335,0.2006000279563942,0.6876333854065216,3.495277101166072,0.7162960588623534,0.4728396727256339,-1.6077482304538435,1.887528870712228,151.3586129628133,44650.79082402993,1.8286762079358845,1.7265205342197396,0.0077849387732408,0.163092114031426,6.504999637058307,2.4711353206663444,15.160317591661832,-7.102446978102186,0.7733034804120374,0.589058488578292,-0.8500467650474322,1.4815162977148144,6.856710464390642,1.708060316019963,2.194890540394611,-5.292708118856616,1.564002345534026,860.6536627328536,253892.83050619176,1.7712688262273222,1.782297066991429,0.0126424205541748,0.1692144788356753,7.690608194617216,3.459871850059013,23.365123055649555,-6.910513982882494,0.8151439223755848,0.6205280276544873,1.5726540166036185,1.319432717230573,5.756827699512345,2.0528378774852016,1.7409026952984532,0.1546257929745709,5.911453492486916,1243.1722886151947,366735.82514148246,2.4097862472351617,2.589237209594172,0.0389644068289141,0.2362156016576078,8.190704334919662,2.617578972174789,14.770008622429955,-5.096622040359387,void,29
0.8881444113056246,0.6962475847392388,-1.973242974043127,0.3045032312338524,1.1598068151947012,1.9965996224687668,0.092722217831857,-2.6666044694294784,-1.5067976542347772,1175.9909654705143,346917.33481380175,0.9276898686161948,1.8910238652021345,0.0132473868772406,0.5450428108314602,9.35958802996261,4.863444777956382,34.60550907182552,0.7846008379960324,0.8974249715282955,0.6579491803470592,1.506820855218456,0.5155905902909772,2.355064340132251,1.5925899492706457,0.2658336567965983,0.5089635405519745,2.864027880684225,748.2211102227741,220725.2275157184,0.99830980322133,2.0831115141768053,0.0227116361284717,0.3809991517032734,10.683847559944352,5.842331201681961,46.22221108239738,-2.1076723536660364,0.863841502121073,0.5240364626156385,1.50768145026727,0.4599765637976515,1.903541183591488,1.576287345227105,0.2115784392430949,0.7098292215666013,2.613370405158089,732.9811294433184,216229.433185779,0.7274264290024302,1.3999238856345708,0.0098468550259023,0.3803980014813163,9.888016751291667,7.504588830835326,80.326141637325,-2.1187458317346035,0.8795653894494756,0.5387192350560683,2.9219314373118936,0.6853840305491992,2.62139692841076,3.001238843158507,0.4697512693318655,2.0413812543924617,4.662778182803222,2657.193205136607,783871.9955152991,0.648819898850419,1.2856893944585075,0.0075100429400509,0.4631701414668898,9.823379038416236,8.571529655550352,98.91594764585751,-0.6409610871122158,0.855439891365257,0.5399487377321568,-0.18260020841455,1.056735668396685,5.556852302383088,1.0723959665043628,1.116690272861789,-3.126257479117725,2.4305948232653627,339.2597671475737,100081.63130853424,0.9807953527596198,1.928603726103285,0.0150658578146564,0.3309773372271496,9.730050769298217,5.260611261748777,37.552356506564486,-3.05642571807066,0.7883428072119414,0.5418261817120678,0.006774368914924,0.9686160359673028,4.99074890965284,0.968639725185379,0.9382170251330112,-2.3673574094434886,2.6233915002093515,276.78756057612594,81652.33036995717,1.6353026333834155,1.3204639839770391,0.0043020361513092,0.1728606534905807,6.2359203569909525,3.514256698742216,27.480648684662256,-6.798825298856881,0.791858982350016,0.4777032207545578,0.0540637415558664,1.454597510267818,9.054145813123398,1.4556018703712754,2.115853916877336,-3.941917060833164,5.1122287522902345,625.0391574833648,184386.55145759255,1.0518171497000095,1.3578417644567755,0.0059311144849394,0.1867498190824213,7.761395145221202,5.355153803096739,42.71601464512539,-6.389639787863469,0.8397635290031706,0.4367442720508831,1.5477496944800635,1.3459359993875106,6.093872585493287,2.051115021448185,1.8115437144472568,0.0302769577244559,6.124149543217743,1241.0864852070645,366120.5131360842,1.0464775964993789,1.4861282340565063,0.0082928756224724,0.2032986617344423,8.758627071410697,6.10788766575315,54.00923305530605,-5.931610268559663,non-void,29
0.8956752105950737,0.8206468479488837,-0.6987247228576207,0.044548874072918,0.229267587824365,0.7001434428127022,0.0019846021811647,-0.8094700419784822,-0.5802024541541171,144.60924795151897,42659.7281456981,7.274232656909382,4.730858421107837,0.1469771432981909,0.0859103220677011,10.779056616942835,0.1312817215912125,3.0708415477511872,-10.26943407409282,0.8880746734587145,0.7995140775098744,-0.7738770399386686,0.1047345320114917,0.5270150381243819,0.7809321322239865,0.0109693221956661,-1.0222032400400562,-0.4951882019156743,179.90722356627106,53072.63095204999,5.805779711333932,4.3736497659272,0.1264078068793719,0.1857247208738775,10.291538567397357,0.8556518103404952,4.94808254606536,-6.419015304904008,0.9246297874062774,0.8100535405715972,-0.7714286805788191,0.1107280868106493,0.5220328537326344,0.7793349205754381,0.0122607092087467,-1.004253199314924,-0.4822203455822896,179.17206093635568,52855.75797622494,4.219455029915369,4.93395064712551,0.1244712245353216,0.3918686562739685,11.637741094251512,1.3395436450665954,5.030300731934731,-1.9085685726522772,0.8959636557998897,0.8041713445535841,1.3002994290370156,0.1289967012285999,0.6217058913097773,1.3066823462807822,0.0166401489278606,0.9726461395929328,1.5943520309027102,503.6885324541457,148588.11707397288,5.043274194645221,4.611353369254163,0.106545507083906,0.2659790373986708,10.395847545128444,0.7552161127169644,3.574185370508835,-4.408610504138276,0.928314932526349,0.7761658737122638,0.0073535284220904,0.2316632470257623,1.4430018041367343,0.2317799266605585,0.0536678600225193,-0.9787768943810378,0.4642249097556964,15.847970648818292,4675.151341401395,4.505548842431776,4.472700356703973,0.1414396263253586,0.1127166229835922,11.4301412940056,1.3651654762278391,5.151386078014367,-8.960743749258956,0.9010713363287478,0.7152916637335429,0.0391537463108063,0.0917909080980543,0.4980753180973094,0.0997927184700188,0.0084255708094654,-0.1336080200130606,0.3644672980842488,2.937783064592751,866.6460040548616,3.4738246818973977,4.022693914788734,0.0751914452544098,0.182671272082092,10.131001923854432,1.566811403915367,5.818972404565558,-6.50726498721493,0.9041831553201164,0.7752223331714235,-0.0172794617089019,0.0634680352400766,0.3301822157742408,0.0657781977115899,0.0040281914972356,-0.167292469322918,0.1628897464513227,1.2763975317845802,376.5372718764512,4.623806441861854,4.770143626139522,0.090544449443542,0.165640756098773,10.800592972488383,0.8900089624652451,3.035387098610568,-7.021858571075642,0.9395051614527994,0.8235881312065492,0.2117787098214137,0.15217447362476,0.958368746069597,0.2607820782887415,0.0231570704229727,0.0289849491691686,0.9873536952387656,20.062151245195626,5918.334617332708,5.882571280517695,5.96340122759333,0.2516859985717078,0.1099837515710745,13.087928216098314,1.199903376468321,3.871761516030186,-9.080694022104067,non-void,31
0.8974727592064073,0.8131492661079923,-0.1693140206779029,0.3534163551435821,1.1859101936070626,0.3918805400643056,0.1249031200829745,-0.6817748239115289,0.5041353696955337,45.30325551592211,13364.46037719702,0.991798966922848,2.4128777525938574,0.0127976937213743,0.771968865972169,9.528877272601717,3.635802344603587,17.06491586256498,5.296056384136165,0.9297298589917824,0.8295174627955387,-0.751409686979297,0.1946635298322639,1.0985961650549223,0.7762154388654492,0.0378938898467567,-1.1964242451910916,-0.097828080136169,177.74057022225912,52433.468215566434,6.282657182062249,4.503803356283202,0.1359548518829085,0.1313589298030314,10.669603621405717,0.7779098065431607,4.273495187102848,-8.203807556564856,0.930093343973992,0.7959567729562848,-0.8460036634850122,0.2013308220826014,1.5074564639634345,0.8696299779506902,0.0405340999204561,-1.415975935209819,0.0914805287536157,223.0956080724028,65813.20438135884,6.143444751895319,4.6477553558062175,0.1488313295942028,0.0842957721154789,11.30573025546903,1.04596925066833,4.371513075994386,-10.359494239364558,0.9157037806432128,0.8080677341244441,1.194551252963427,0.2922060365704289,1.537088032563838,1.2297711428410945,0.0853843678081988,0.2353048101915519,1.77239284275539,446.1394338105841,131611.1329741223,5.563283884727002,4.450551343890619,0.1102895234828382,0.1355680394225678,10.73330858742106,0.9077013558069522,3.988043433681201,-8.045734992201725,0.9191504418699554,0.6909621400242205,0.0178496904841255,0.3998384284829305,2.966245707036424,0.4002366554203633,0.1598707688916995,-1.077485327135732,1.888760379900692,47.25586720091321,13940.480824269394,3.932881952795076,3.0369852433614377,0.0500397706435262,0.0830046920549295,9.138384783366568,1.6539630012867084,9.078011676868448,-10.432644704188592,0.8645414321348014,0.672767954809318,-0.0219674243881228,0.1425463997162829,1.2137906036999382,0.1442291364680597,0.0203194760720743,-0.8177790350886799,0.3960115686112583,6.136602922865049,1810.2978622451888,3.004940337949169,3.124400402596552,0.0466176118903084,0.1264016700029846,9.13493665387852,2.0907139223785904,8.402339923433113,-8.395589806323143,0.8835269510853808,0.7511908379111127,0.0445716517099044,0.1593921629926039,0.7794307416310738,0.1655067785911195,0.0254058616234608,-0.25244267026011,0.5269880713709638,8.080785659084906,2383.831769430047,1.338970527256534,2.7624480397078632,0.0242772414219391,0.5401502000635952,10.621731992966708,3.499200786464688,16.77214636575392,0.6989854004870288,0.9372727158500358,0.7525697116379731,0.3564084769625766,0.2852313367377911,1.8772512569287636,0.456490873849643,0.0813569154572272,0.0194914654604754,1.8967427223892388,61.47325578286316,18134.61045594464,2.973456264102915,4.320606500419801,0.1099323172182485,0.2565748091452936,12.42857510666768,2.4419915068483795,9.790002961690838,-4.620232582386068,non-void,31
0.9042837605330316,0.7736248954034309,0.1920557714560899,0.2202548573960492,1.4116577252220908,0.2922287144620594,0.0485122022065539,-0.6861084076992218,0.7255493175228689,25.19229835906362,7431.728015923769,4.421426403638301,3.730173047176848,0.0755199820732918,0.1967268337195453,9.47947984977747,0.9858980614103682,5.203255185170608,-6.10999655483401,0.908086664760997,0.8456543126062074,-0.6312784596619,0.3913163738413759,3.728710398872316,0.7427253853676099,0.1531285044363635,-2.570540779435671,1.158169619436645,162.73409443049206,48006.55785699515,7.026140773448975,4.029866149884559,0.1675804315467129,0.0640414893434321,10.893732183341225,1.041477002665976,6.8203666309868645,-11.647951729415226,0.9004362768532223,0.8522074116351348,-0.7633544797767419,0.3265023083835848,2.5981721966756544,0.8302492512342482,0.1066037573798095,-1.9712300663531168,0.6269421303225379,203.34757665663375,59987.53511370695,6.034049536517765,5.276554309303944,0.189633937417513,0.1167970210670231,11.2870495955251,0.6701699713164981,2.6709763869561427,-8.78628757917278,0.9098910712295588,0.8546825788844569,1.0850147329565545,0.3861288231508485,3.05880831663246,1.1516737553667888,0.1490954680678592,0.1918154262546313,3.250623742887091,391.2739694461895,115425.8209866259,5.964090716340036,5.219169007907119,0.1985210989429612,0.0745307866286089,11.49146494545275,1.4276400497968922,6.321604770586505,-10.94026269833124,0.9115176188823162,0.8159309407694024,-0.1380352532945243,0.7725496199365871,5.669041759674588,0.7847844585720648,0.5968329152641653,-2.3365656172491565,3.332476142425431,181.68656069279345,53597.535404374044,4.079553834014519,3.866495064291253,0.1137053852541164,0.0965881838301598,11.07862889425735,2.093395985593926,9.048591598356923,-9.709617664021144,0.8732539354804947,0.6276610899782448,0.0317476507207215,0.4081463677130192,2.4747736413496897,0.4093792505777693,0.1665834574773311,-1.0929921709143264,1.381781470435363,49.439454387066746,14584.639044184689,1.8168518112748524,2.427229246438266,0.0309685795252672,0.2126511830803347,8.80176448912875,3.29884023342464,19.16337789379537,-5.684993755912461,0.8617255381800404,0.6957266372685665,-0.0119481536149001,0.3023993269088353,1.893762939488022,0.302635277668883,0.0914453529149166,-0.8721053742072984,1.0216575652807236,27.018492830467963,7970.45538498805,2.682622048462531,3.01291355972588,0.0324030550830975,0.2738497466992378,8.422010933393532,1.7673944799031094,7.330153212663469,-4.235141490897057,0.9343968824010777,0.7589976011292615,0.7223610248082056,0.5943573658562882,3.413234041936584,0.935449693200862,0.3532606783476256,0.053668841878446,3.4669028838150298,258.1445079103281,76152.62983354679,2.4903054527285877,4.003029172279617,0.1156226138590079,0.2767241032170205,13.429431669780778,3.304195972314305,15.611006883350877,-4.17257003647191,non-void,31
0.8705567835341038,0.7735542900665995,0.7863830210123802,0.3543193212542557,1.5997087545137365,0.8625198184103564,0.1255421814140765,-0.0504778565251065,1.5492308979886298,219.4624289594371,64741.416543033934,1.9999656640793224,3.35781275973537,0.0269314493876967,0.5011546490347609,9.781373573690315,2.019085053922009,6.743318337886238,0.0200583456020588,0.8962291361656614,0.7433212718209458,0.3764066847383773,0.5827033205108547,2.78236600980292,0.6937039368852623,0.3395431597343759,-0.8333733990151556,1.9489926107877644,141.96141985478303,41878.618857161,2.9947149604634697,4.182909321126956,0.0724793165652366,0.4557519322398413,9.94171433180281,1.8052598483920228,6.841249260270306,-0.7706837718249299,0.9098904230977432,0.7820815323645691,0.3506549749841753,0.5467973132301079,2.2410823307081835,0.6495738705003592,0.2989873017556648,-0.5764096483227149,1.6646726823854687,124.47413290486114,36719.86920693404,1.6979376589043642,3.4033517653079253,0.0372640990334608,0.6120021614373361,10.682599693394442,2.631827696727075,10.14825941981523,1.9792364977066237,0.8935011690561555,0.793776537016509,1.1400929359777745,0.5893215588888142,2.660979049937396,1.2833985360898474,0.3472998997711422,0.0844817468748611,2.745460796812257,485.89798171908126,143339.90460712905,2.1963500830829625,3.765139854900856,0.0577501771910016,0.5045861841873669,10.86882521569158,2.283207424477216,8.912028796117285,0.0796724143037021,0.870070197819368,0.7088140435711376,0.0104249987388165,0.9320510079036785,6.239429432367769,0.9321093079317292,0.8687190813342629,-2.2103089222109427,4.029120510156826,256.3041897702254,75609.73598221649,2.086123239645303,3.170996058003808,0.0320191925463421,0.2614846610228699,9.710395542826248,2.62855834417546,10.71583303138609,-4.509133022487212,0.8671396401592407,0.6898738257514234,-0.0075383674545161,0.425508500609013,2.7371193447008912,0.4255752707505568,0.1810574840905304,-1.9149041455862503,0.822215199114641,53.428721766950886,15761.472921250508,2.438761602737725,3.135336360739644,0.0360058297340549,0.2818529744867157,8.669390700744865,2.0995844227307456,8.737754887858479,-4.061907433088628,0.8391190887936684,0.666826933781403,-0.0120851494164036,0.397068274472504,2.341202029390577,0.3972521433913083,0.1576632145925718,-0.95566623400153,1.3855357953890468,46.55373330155164,13733.351323957731,1.7482666468682293,2.473147329268385,0.0179081241116152,0.2852739724274447,8.285712329288977,2.7353017119753957,12.475793380826946,-3.988774478308461,0.9036166256271836,0.7135358915724308,0.8972689496752448,0.6345547812325179,3.988763828322031,1.0989774057897486,0.4026597703850485,0.0790523974464285,4.06781622576846,356.2866448387279,105104.56022742468,2.887601969351329,3.7308241061598095,0.0913679967804356,0.1913089796240191,10.745744349738308,2.7773700944131887,12.579183218737017,-6.2604726530564285,non-void,31
0.8690718990308566,0.7952903158656867,0.449808411555076,0.077966959432264,0.4018321472436142,0.4565155570939647,0.0060788467631123,0.2575312588618899,0.6593634061055041,61.47990389129981,18136.571647933437,4.586359058583716,4.714911592368744,0.0649792855857764,0.3241547964383703,9.652993760885003,0.5917025547361634,2.4452970931357925,-3.1909477522983827,0.9199086410473948,0.8500840642264219,-0.2635494645409404,0.0931949803393586,0.4776001263494815,0.2795418119356563,0.0086853043604534,-0.494637186685275,-0.0170370603357935,23.052369262979614,6800.448932578987,4.802739273427383,5.38245724989344,0.1694158227302411,0.257635925460615,11.553184942730788,1.341530511488656,4.998591524126354,-4.596105190172923,0.938496973051862,0.7872971137464564,-0.3339867086911596,0.0869019075161712,0.4181840201812928,0.3451073211514104,0.0075519415299491,-0.5610875468113855,-0.1429035266300926,35.134223618129305,10364.595967348145,2.143952036835292,4.27261142933072,0.0748936476605262,0.4125712303769181,12.323351393965323,2.710905552724162,10.61247854944564,-1.534562685882623,0.9070501793801268,0.7967606501163105,0.6313810025214915,0.0837088481365132,0.4386051014765378,0.6369059126757934,0.0070071712563418,0.4293318027857319,0.8679369042622698,119.66649677240872,35301.61654786057,3.332732390579145,4.876233402318136,0.1150555686620413,0.3043624844572311,11.227688388166554,1.761969217650462,5.833252615866774,-3.589918703635082,0.9280743699241432,0.655348511073299,1.645229252513457e-05,0.1762817386669755,0.8737669325657582,0.1762817394347179,0.0310752513874518,-0.3420067586354873,0.531760173930271,9.167199239148289,2704.3237755487444,1.7243721288115843,3.5986189071830603,0.0647649899579234,0.2756663912150834,12.248446896985598,3.631649569464847,17.32100210473111,-4.195548148181362,0.879511951458633,0.6049321764891761,0.0106911134153508,0.1029868483929788,0.72882242720216,0.1035402861111475,0.0106062909419184,-0.4836107727444141,0.2452116544577457,3.162574300153598,932.9594185453116,3.041872548179492,3.574361434962097,0.0650278425724385,0.2047086298893936,9.115771588172986,1.931151123753724,7.3089038031652445,-5.893901073659804,0.909530444310418,0.717992590255922,-0.0373369685249992,0.0726210520911461,0.4111872027682305,0.08165700475441,0.0052738172068249,-0.2143127040762735,0.1968744986919569,1.9670205955112148,580.2710756758084,1.9455121029324012,3.453815133600595,0.0456987391099238,0.3559601751080183,10.22328251130349,2.722826714030901,10.92216488917748,-2.5751130349531115,0.9461907329676188,0.778094750630518,0.1975002485270094,0.0972489627879873,0.538284546729573,0.2201447454098549,0.0094573607633393,0.0407426179937728,0.5790271647233458,14.2967941348131,4217.554269769863,4.412426508976681,5.7315287854343815,0.1868368688497221,0.1865828432426255,12.253600779414375,1.778595727664115,5.802133458249714,-6.394416135371791,void,31
0.9316819123941456,0.8190784972729807,0.6144765902514936,0.0394641603710438,0.2005900282183723,0.6157425597771307,0.0015574199537914,0.4978782249627503,0.6984682531811226,111.84597547666354,32994.562765615774,6.908134889749622,5.942061023711591,0.1503739816588579,0.2962069256092236,11.609261595061884,0.3417689634408363,2.576687036648326,-3.7584974750069664,0.8936043746593746,0.7419454157616533,0.1921608880491066,0.2048347995794461,0.7838623583780691,0.280861357282509,0.0419572951187518,-0.2669408726207377,0.5169214857573313,23.270515094299085,6864.80195281823,3.0897992628562188,4.213595921699534,0.0619685689496396,0.5797610340071003,10.678945931454717,1.709889848340017,7.428293780101375,1.3975270461212854,0.9547654358819964,0.8109612962173507,0.1891880536855313,0.2296619456661149,0.7878284437660896,0.297551220707402,0.0527446092871455,-0.2671447707628614,0.5206836730032282,26.118335038617182,7704.908836392071,1.2089151939093188,3.458884662614383,0.0571502910076804,0.8334258902293633,13.109747032686526,4.527803261835486,26.147333212736733,6.99259487346139,0.9180131406271644,0.8121933652990898,0.7319098486586351,0.1042434857265695,0.4203041885659937,0.7392961050079538,0.0108667043164255,0.5471943001691171,0.9674984887351108,161.2348256095798,47564.27355482604,2.9084431075306663,4.584488232055038,0.0779883987069598,0.6007240393581283,11.377016717382318,1.9120667015357555,7.170870611142198,1.7740185075211643,0.948724103261502,0.7002382144366582,-0.1573992125422951,0.2363659720352325,1.3674653049421166,0.2839777893517289,0.0558688727361603,-0.8490451919112825,0.5184201130308341,23.789798529303,7017.990566144383,3.930594556600696,5.382794663470701,0.1654442186682948,0.2013406900717178,12.99889528877205,2.401272968902562,9.44575412324363,-5.98430003721253,0.932648990922748,0.7315349315481927,0.021222104419151,0.0556325333787741,0.2612204471478048,0.0595428961851686,0.0030949787701404,-0.1036926891737392,0.1575277579740655,1.045880163404742,308.5346482043989,3.482776766067589,4.61927987095426,0.0985102101317581,0.1766355180023294,11.421098552716328,1.7372798874390163,5.374049896737614,-6.68514073463807,0.9423681329092056,0.7478145496268619,-0.0290752840403442,0.0341951665840805,0.1894106339277025,0.0448852042408154,0.001169309417713,-0.1265662744250139,0.0628443595026886,0.5943310601232155,175.32766273634851,5.773996148973982,5.571756600046455,0.1717720132121603,0.152940705979147,11.934416452876077,0.8546486707111306,2.8298546162904263,-7.4339064889607265,0.9515618418882889,0.7055734534498378,0.2404935839423135,0.1684228576337955,0.8396978536981833,0.2936041942666221,0.0283662589735337,0.0125530541569643,0.8522509078551477,25.430009752830955,7501.852877085132,3.908193737026872,4.886245526891566,0.1461817766112809,0.1693399297852476,12.28747898645071,2.163451712957307,8.731590284557392,-6.906639558074367,void,31
0.8760552610592938,0.7231334494620998,0.3566261841969671,0.2452094644421872,1.0246338965055664,0.4327931569548129,0.0601276814520242,-0.2570815863401537,0.7675523101654126,55.25642542853945,16300.645501419134,2.4306353158660885,3.4341935011011264,0.0371540090988356,0.4339697816636075,8.659375216734631,1.8171648817248636,6.725204114394894,-1.1538012643553677,0.897456136847986,0.6864455210103365,0.2323324348421006,0.2526995020253196,2.498074630271224,0.3432716105411332,0.0638570383238445,-0.8510998687300275,1.6469747615411958,34.761442588033525,10254.62556346989,6.856408946014482,3.503940499888921,0.125094793262206,0.1147331542938153,8.995982267899038,1.3669971197255977,8.012822771318667,-8.873852634148271,0.9206316537419942,0.7482022754789609,0.3042342534383647,0.1329793972315056,1.0495439797432309,0.3320271089131935,0.0176835200880545,-0.3061740883967686,0.7433698913464621,32.52139031070983,9593.810141659396,4.892113737382832,4.465599038091672,0.1119490430534645,0.1402483506493286,10.278481604197475,1.0922009562834982,4.507800174348189,-7.874752492696084,0.9244153272993536,0.7634713089842184,0.5994845388001279,0.2366550318570653,1.658988837549648,0.6445054820276322,0.0560056041032686,0.0852450068912294,1.7442338444408774,122.5392583272828,36149.08120654841,4.881005790731919,4.94417491215093,0.1419265825237952,0.1244823214004421,11.389548880024051,1.2341062735070822,4.383489087587802,-8.471572373564625,0.9082623092831356,0.7004225025887614,0.0209487878646968,0.3800339701201449,2.986393672428356,0.3806109170245637,0.1444258184452792,-1.8755340600629504,1.1108596123654058,42.73507769669239,12606.847920524251,2.8461239861700136,3.5408385680743275,0.0629280203404021,0.1531575418110207,10.021476106265338,2.3553100919694643,9.815590819305957,-7.426642363048384,0.8292254543212068,0.5385498029469825,-0.0652050696044962,0.3231918516463736,1.9696290301437784,0.3297039188010036,0.1044529729706115,-1.4397122664445312,0.5299167636992472,32.067878851457934,9460.02426118009,1.842436417541496,1.1853572026083925,0.0056781538853591,0.230319947360146,6.481471341251265,5.278906758323425,52.871026640928434,-5.239786784103937,0.8270356739052361,0.6117164871743352,-0.1005695423060469,0.2975812427238071,1.8000762534501002,0.3141159481158083,0.0885545960210454,-1.3472124577178997,0.4528637957322007,29.10730451390448,8586.654831601822,1.7022986747096225,1.865329130800133,0.0084621021620276,0.2902457024457752,7.0799030469279645,2.81086403650408,13.817987747068942,-3.883422323816059,0.9340802460791844,0.6168662399728173,0.4742219767889699,0.3568636852105756,1.8488837945197385,0.5934965653579733,0.1273516898220728,0.0402290312078129,1.8891128257275511,103.9102610620548,30653.52701330617,1.8057781280098184,2.5065788389801864,0.0402707197391291,0.3582574063751326,10.659897186656623,4.419810026589625,29.38839107439868,-2.531656874846341,void,31
0.8792676706302851,0.7138154747484982,-0.5078888185544379,0.3564321530119848,2.408159601558897,0.620479598144356,0.1270438797007589,-1.5198973605302324,0.8882622410286645,113.57350485544757,33504.18393235703,1.133480343965099,2.586178206211914,0.0243083249731086,0.5711753385859719,8.001298448875701,4.017467230852615,22.140253657656007,1.2448969567958192,0.8611084739379983,0.7756597573620754,-0.1568365612839713,0.3727205954062698,3.393592696958598,0.4043740214150572,0.1389206422400042,-2.105138001504054,1.288454695454544,48.23791301263862,14230.1843387284,5.284456245000112,4.111320964737883,0.1000376802068139,0.1385842883369942,8.037753637769697,0.9248197360701416,5.1858041526027545,-7.934987882086569,0.8927511681585463,0.7894684725278173,-0.0059434453086608,0.1941030397938826,1.6243320038808309,0.1941940127793919,0.0376759900572255,-0.8474473137444948,0.7768846901363361,11.124837806811978,3281.827153009533,3.794266220498946,4.533746187336813,0.1082352149426517,0.1971296472545819,11.040519676871613,1.671349299686267,6.226793345737044,-6.098934705286317,0.9050195919979992,0.7850297964934272,0.7092571194569363,0.2884075831315442,2.443970945007829,0.7656530516546834,0.0831789340077785,0.1962512373707717,2.6402221823786007,172.93625567489818,51016.19542409497,2.15078101819194,3.817721514245132,0.0568494331837985,0.4173029859417709,10.670793190092253,2.4614227857310524,9.65745753964408,-1.4499129856982438,0.8883621344895759,0.7225798493995172,-0.0462460621200659,0.4910129534058169,3.739432696225528,0.4931859879131969,0.241093720412303,-2.437467692669032,1.3019650035564958,71.75356350880523,21167.30123509754,2.6148432993304205,3.490166889455111,0.0624948346234027,0.2315147354743287,10.613062613932817,2.6130163809719327,10.626188904713624,-5.210569054844338,0.7967689197363879,0.4924426700396842,0.1026871137950608,0.7134848492868173,4.248759601056169,0.7208365095508081,0.5090606301618325,-1.356452081548191,2.8923075195079777,153.28355568291073,45218.64892645867,1.4695279862945607,1.2965149011528672,0.0069989909584202,0.2433044456991063,6.906218358760928,5.174615250662602,52.89049802966256,-4.927711373335178,0.8578980165001256,0.5761562937621353,-0.1653095437399898,0.3871077838119664,2.346249920181699,0.4209271689251428,0.1498524362878121,-1.5886168383938537,0.7576330817878455,52.26800605410404,15419.061785960694,0.7811211469513404,1.364590972649757,0.0060299346405353,0.4332891268666184,8.481217279118447,6.311507357255968,55.749569341896326,-1.1658375399626937,0.9014512217014188,0.7390713794246738,0.6827175758726828,0.6884141815136958,2.9894043923607074,0.9695449312510712,0.4739140853091717,0.0187787745866608,3.008183166947368,277.30512524582,81805.0119475169,0.8125052674771932,2.2677335295498384,0.0225902187390305,0.807030819572324,11.082027575837133,6.026417739370897,47.599034477084295,6.214021680033783,non-void,31
0.8341738862788393,0.7108838479490269,-0.6878421554627122,0.2884139581784188,1.465130196925428,0.7458615435211366,0.0831826112721427,-1.5211696066236828,-0.0560394096982549,164.11128542060106,48412.8291990773,4.681830744172561,2.3020791435365844,0.0348726364416616,0.1380349709420819,7.9486915460901,1.2466570865651656,10.08670984441559,-7.955005158439405,0.8502743774643584,0.7902906643360748,-0.260475922477663,0.2639272371621045,1.4713301729879125,0.3708170609702462,0.0696575865160217,-0.9533138978347684,0.5180162751531442,40.56406134845033,11966.398097792848,5.7339706389654665,2.909344736135613,0.0857722851097749,0.091262493732334,9.082585601329727,1.4115568160535432,9.985159496589246,-9.981461194219513,0.9096233507880004,0.7541967434524836,-0.1007173174333925,0.1769659114878715,0.9199456391519428,0.2036195272062872,0.0313169338287331,-0.5911401925264445,0.3288054466254985,12.230968998615024,3608.135854591432,4.204889852585266,4.087459436316239,0.1133924716896266,0.1734409518626053,10.457168587536453,1.4603240350018032,5.841204001753565,-6.781222324920055,0.8687599984683657,0.7604890702420708,0.800361858788215,0.3077280319813732,1.692529390505213,0.8574821553070685,0.094696541667129,0.0988939969291093,1.7914233874343224,216.9063157676664,63987.3631514616,5.389472391257447,3.0389625885047478,0.0843495020407812,0.1258510180238527,9.53979233563816,1.884389314330504,9.216789068599374,-8.417287212053846,0.9129567921571504,0.6499192110387708,0.0144200258791355,0.5748678398247232,3.333426301891835,0.5750486678630762,0.3304730332647436,-2.1064879681502435,1.2269383337415911,97.55088627127408,28777.51145002585,3.675301359015666,3.3402413441330854,0.0592993625002985,0.1319474347283227,10.064191244925675,1.7626293260517236,6.968788790528077,-8.181450732477284,0.7798084573225335,0.580589474594664,-0.0227548042086617,0.6546058476691365,4.381272023561111,0.6550012190196315,0.4285088158026287,-2.887407153267844,1.4938648702932675,126.56284609057494,37336.03959671962,3.0945081989193888,2.0969843666528174,0.0133190197244053,0.105242713294355,6.3110686995907885,1.3541006776757134,9.30552315344552,-9.29513206219242,0.7917478217365596,0.5114958549520678,-0.1027381602987892,0.4805154024343599,2.74338706803733,0.4913758048156569,0.2308950519766548,-1.9133052146625824,0.8300818533747474,71.2278035596792,21012.202050105363,3.537682194892599,2.4399826177998745,0.0116190717284472,0.1262617394244994,7.180100557613526,0.3833076332115051,3.997678956488398,-8.401095840372545,0.8690178829752188,0.6747485170629919,0.7730716349568122,0.6352306637055062,3.335592388140316,1.0005787069923766,0.4035179961117378,0.0231036980996148,3.3586960862399304,295.34153592152825,87125.75309685084,3.598451735326055,3.65657614732244,0.0847565341938428,0.2407441539347552,9.448030409801406,1.7247493882361415,7.6119290345331985,-4.988323944792587,non-void,31
0.8982197014566247,0.7786747907425889,-0.4622835506929822,2.5532049864195856,9.040560651324768,2.594718054802708,6.518855702677836,-4.973758044876033,4.066802606448735,1986.1057262561485,585901.1892455639,0.6473019049917497,1.7570954536735788,0.0075999926621838,0.7569349562339306,9.775189108767083,5.533504333889863,37.53097358847997,4.933360564142705,0.8966704717136749,0.7970909309416241,2.175685999752541,1.643452019195491,6.3975530639413245,2.726636042620457,2.7009345393977378,-0.9562370810970842,5.44131598284424,2193.1905121305003,646991.2010784977,4.569368843786202,4.8275183017288255,0.0962611326204827,0.376774504639308,10.519157742106811,0.87222396049652,3.0097671914353485,-2.1856370391006084,0.8906444548713218,0.7374699238957589,2.1605356139743392,1.6419193494548614,5.597933935029503,2.7136347007962867,2.6958991501142755,-0.4026702025162769,5.195263732513226,2172.3249203628966,640835.8515070546,1.89490979373172,3.5211133162249046,0.0374381811432172,0.6624437641152032,10.446392229789316,2.298117543102126,8.22400272674907,2.9280288086058928,0.912934114312032,0.746721155916152,4.104012842772894,2.165178461133631,7.810773749446801,4.640142151077039,4.687997768556999,0.372725920555826,8.183499670002627,6351.621158749545,1873728.241831116,3.4494457181259617,4.657661492864306,0.0675199285073102,0.394644431987061,10.77069704185026,1.324408685296678,3.8562070631098018,-1.8580456160376315,0.8885860101454186,0.7348182705335699,0.1653509943046323,2.6899438960029194,12.074040099799834,2.6950211715236843,7.235798163643364,-5.815434962948667,6.258605136851167,2142.626038913463,632074.6814794717,4.269308076975833,4.300117361729918,0.0835083284627151,0.1599759751350626,10.317247752502492,1.084681578624147,3.571419756944929,-7.202369410375592,0.8036192730288187,0.5326930294773856,-0.2808841594786888,2.8573210353986425,16.260904880089832,2.871093765514742,8.164283499331571,-11.040116604735456,5.220788275354378,2431.737926061398,717362.6881881125,1.2414542500780374,1.5170476407554845,0.0047472103163281,0.2615755806534969,6.8727894768985145,4.017221493400284,26.440184093690835,-4.50708852112672,0.8077005127479082,0.5259932588208163,-0.0085685426386532,2.9637847858731248,14.753126735560208,2.963797172023746,8.784020256973003,-8.984569512877536,5.768557222682672,2591.3076346843063,764435.7522318703,0.8103349898834697,1.111543312800077,0.0024191421449758,0.5049563569630282,6.401019421451792,5.010618204226947,46.63410454010504,0.0861035595038158,0.8149803287509937,0.5829540032576177,4.213661894157467,2.5564556800304143,14.083155604160831,4.928530430283907,6.5354656439597685,0.2484864212517521,14.331642025412584,7165.671599659168,2113873.121899455,1.6506472695386598,1.9382024980141392,0.0186447484185905,0.2031349875036046,8.349660157137162,3.9949597942251738,26.71796409335316,-5.936000271842264,non-void,31
0.9426590505633494,0.8089338129680119,-0.1389626305427933,0.352977879182497,2.5125686140896786,0.3793468015939324,0.1245933831921734,-1.8775266411403784,0.6350419729492999,42.45167878446618,12523.245241417524,4.754571257060668,4.873198620173791,0.1603729639927971,0.1830402062601676,11.30171544550689,1.411322779214003,5.077211792031269,-6.496541865166575,0.9357517780493884,0.8752667775948556,-0.1184838873445441,0.321035225103,2.220834860733852,0.342201764047482,0.1030636157569339,-1.1741356824387277,1.046699178295124,34.54510395857652,10190.80566778007,7.518723602901895,5.955882020278252,0.2854512093695622,0.055619954038606,12.5765631080717,0.8150870540649989,3.113870253873761,-12.299161744042337,0.9622532265500302,0.8765742134285204,-0.1295514877975227,0.2545909824275119,1.5502982144844406,0.2856574107632382,0.0648165683334057,-0.9681491517007356,0.582149062783705,24.07204611556743,7101.253604092392,5.696146282956668,6.457587883675985,0.240273004719838,0.1982220886733012,13.02033573882136,1.069619275024909,3.3130368044945326,-6.069020383025294,0.9609168592408482,0.8053594691683369,0.4865476078990909,0.3253884213803324,2.2244563556696573,0.5853257208774549,0.1058776247683847,0.0126047807376057,2.237061136407263,101.06882885861012,29815.304513289997,5.292883883262995,6.18594057051193,0.2331306383802983,0.2065212709906015,13.40574474799898,1.3577874625385282,4.0103262577054855,-5.845704993172152,0.9368630009741964,0.8451693972819778,0.0432880577174975,0.42837481540315,2.367831863774623,0.4305564288367278,0.1835049824716828,-1.257714210062033,1.11011765371259,54.68675733172769,16132.59341285967,6.154775746797111,6.7376785933103935,0.2315786954512618,0.1729553916062342,13.6243463240872,1.0770666978978367,3.3853488345328024,-6.795948293791757,0.8748835038242603,0.617046628321727,0.0784088364569797,0.8274158046106369,5.418047152310323,0.8311226500066071,0.6846169137194678,-3.0844486408896223,2.3335985114207007,203.77563350943151,60113.811885282295,2.0849410801070123,2.348888739526137,0.0266901470324873,0.2249368319262155,8.401174266516199,3.5714713044870217,21.32687932251611,-5.372765250036903,0.8934483344235417,0.6296617456548907,0.0173615795636749,0.6000458803283363,4.861459099543925,0.6002969956146323,0.3600550584990081,-2.2993153846344425,2.5621437149094826,106.3051624684664,31360.02292819758,2.369685820727567,2.2399839692401304,0.0352612698343733,0.1172738155237146,8.4517648733891,4.228500421156504,31.107804469361543,-8.766249538993923,0.8980112444439238,0.7284652816706997,0.8678935164502329,0.695169781286733,3.818701674019904,1.1119802969075463,0.4832610248142442,0.0867059658676525,3.905407639887556,364.7675533096256,107606.42822633951,1.955915389509363,3.378185179470314,0.0692547909420358,0.4049460071174256,10.778300681991968,3.4240292493779,18.662024372632487,-1.6715925260173703,non-void,32
0.9038968994247272,0.8550075650335289,0.5039697254698691,1.053542643844567,7.669250916503119,1.1678773850833724,1.1099521023990002,-2.856334879131749,4.8129160373713695,402.3615880438068,118696.668472923,3.050812672170681,4.361307265253484,0.0773787583065423,0.3397901095575292,12.96011447539672,1.83342866984376,6.187037912647476,-2.884712924809752,0.9315327941354647,0.7801217282546213,0.2967492274551528,1.7049725302029828,15.184975383138877,1.7306043547680074,2.906931328746761,-5.633932887440062,9.551042495698814,883.5224726588874,260639.12943437172,4.802135295869009,5.414808038256209,0.2209266526645846,0.1667413925417669,11.097645763581266,1.681485837894085,6.074743461786007,-6.987363840870387,0.9532015938955644,0.8036096143260322,0.3769068901743787,1.45623635562124,10.745846410519974,1.5042217679896643,2.120624323433031,-2.5478251634242426,8.198021247095731,667.4915225517157,196909.9991527561,3.4090168847264426,5.199826112151709,0.1486158043796958,0.3663381443896387,13.06406250039127,1.966855764090442,6.480419670093667,-2.379754233243144,0.9603924123899428,0.7970726993176134,1.7073229619624957,1.9252689293137015,12.923475121985986,2.5732493362721613,3.706660450180727,0.1391419690645187,13.062617091050504,1953.3755832544095,576245.7970600509,2.931261619719721,4.913381884628244,0.1327219574547016,0.5865240058828071,13.232899181511812,2.274159584061755,8.547814019264411,1.5183549209809346,0.9366572366972896,0.641725659092358,-0.3575524948361482,2.0324647840594667,15.162909855446,2.0636755764909966,4.130913098441895,-8.643077910456274,6.519831944989727,1256.3332810766071,370618.3179175991,2.569833730316688,4.061629886932552,0.107127561153928,0.2484743575893953,11.587555326818988,2.983304873535731,13.164569672506133,-4.80662226988339,0.8686044764185981,0.6588369910770104,0.1184657321332267,1.69713282270452,11.697881080666956,1.7012624569980006,2.8802598179010115,-5.669497197095331,6.028383883571626,853.8167145393077,251875.93078909567,2.08171268445232,2.426811434046317,0.0258463534955058,0.3209043762059583,10.93224677766138,3.482652894639349,18.977665653923143,-3.255552921206629,0.8607314920300312,0.7537937406622575,0.1783615132946549,1.4919505867668028,11.29618460140637,1.502574252001733,2.2259165533538074,-5.983651451262211,5.31253315014416,666.0301679196773,196478.8995363048,1.2634534884569573,1.7099678872135753,0.0154707966318982,0.2453971621361158,10.543709195792252,5.252839340451384,45.28803332170209,-4.878488980220023,0.9009851251448714,0.7320110692641955,2.194620704696581,2.1434598615070843,9.341988042615355,3.067699498871245,4.594420177891969,0.1089333540484152,9.450921396663771,2776.180163535592,818973.1482429997,1.3193950823963698,2.399021969603873,0.0307027367566644,0.4072802397689726,11.45342388045509,4.978106709704491,35.500838229448085,-1.6295606637072186,non-void,32
0.9218433147347074,0.8189181917632482,-1.4016574181260246,1.2341040785592725,7.129894251075211,1.8675268122584865,1.5230128767166309,-3.906295532785222,3.223598718289989,1028.8586363787815,303513.2977317405,0.853896385167791,2.619159709609906,0.0195469178067356,0.8546530037817571,10.687702166693356,5.054513019184413,31.52671117330221,7.693837624273055,0.9063365713194992,0.84484698832951,0.4281123981492566,1.1924925422665695,6.111708906133743,1.2670117161299237,1.4220384633613865,-1.1243422720578218,4.987366634075921,473.5690131990957,139702.85889373327,1.1872666793574287,3.3435387138724617,0.0349176802115872,0.848216645839209,11.175300608976018,4.53599918306103,27.52149480229103,7.472826452686072,0.9423241389971168,0.7412203848571894,0.4495567544505994,1.3239643218847714,4.58960089812398,1.398206995081901,1.7528815256238026,-1.0478990271408009,3.5417018709831787,576.7199263233078,170132.37826537582,0.6126971382417564,2.154913694830773,0.0143786805008625,0.90431953970446,12.884311426122022,7.19189668675866,63.79331450954516,9.754986588628553,0.9039954373477428,0.7984296039898588,2.4806914349402147,0.9455833591096322,5.720069740489398,2.654799029005924,0.8941278890250557,0.3435260581863308,6.063595798675729,2079.147575901185,613348.534890849,2.157555025350577,4.318521798937512,0.072922090388161,0.4767319315002762,11.149213357756016,2.63654797610542,9.985619141284143,-0.4044999142005753,0.9604918814592848,0.7406799992683983,0.4072323412448731,0.6517034700891423,4.094467308117017,0.7684761497157933,0.4247174129262295,-1.8841844113825,2.210282896734517,174.21389984119304,51393.10045315196,3.1182994742303887,5.620616969264611,0.1306701596048112,0.3775891628407042,13.61404638030019,2.9074078930827145,11.543010859080928,-2.1705762451592454,0.8580531425554585,0.5955438097351635,0.0216099280009845,1.2235181829669974,8.526208123431747,1.2237090066838077,1.4969967440508631,-4.974847194941225,3.5513609284905225,441.75180124652593,130316.78136772514,2.159242018882476,2.8192071998487216,0.0392352769968505,0.1852371059810876,7.668515421131994,3.38490263162513,16.635199990506646,-6.433032546660327,0.8707529772658067,0.5355569130792757,-0.1742575301632355,1.5254106172455966,9.27994167319449,1.535331637798226,2.326877551205592,-5.8078063244004206,3.472135348794069,695.386755217134,205139.09278905453,1.1231630586160066,2.165334265418983,0.019925031926287,0.5367071569423826,8.338992197281074,4.844973414239805,34.3544403255897,0.6388179536236718,0.8799265757965226,0.632605538553566,1.5846998641141763,1.3906792960354928,6.89591360869164,2.1083791318795737,1.933988904421774,0.0733300570907854,6.969243665782425,1311.352456304853,386848.97460993176,1.1592594480136946,2.886288127965555,0.0400400275131483,0.698608284656874,9.633610935604436,5.714393799855902,43.49220022181126,3.651024213150811,non-void,32
0.932764891145058,0.8725393575202016,0.086188025086658,0.3674266404313349,1.8940561587135092,0.3773999360982932,0.1350023360986574,-0.8813200085242967,1.0127361501892127,42.01705997126377,12395.03269152281,3.228429630489228,5.019870711784372,0.1216237594611166,0.5215955634473841,12.185031943224637,1.838070807741673,6.06063238904841,0.3753869044211919,0.9357751090362468,0.8042640392459299,0.2226016937827245,0.6664610245215372,3.9505007322170265,0.7026534076493437,0.444170297206297,-1.308989371525931,2.641511360691095,145.64793432796426,42966.14062674946,2.397253091758737,4.208828894295042,0.0901714183133424,0.4715365139611226,11.687648730860465,2.792185398028924,12.636620300513544,-0.4949965677438488,0.9577195396049906,0.7969459612346982,0.2798174544725701,0.7454982409724588,4.028332098384844,0.7962822584489366,0.5557676272930302,-1.3829511483127783,2.6453809500720658,187.04930336055904,55179.54449136491,1.231375833796952,2.8177294105362263,0.0346566004962882,0.5330373108635108,11.265747792646104,4.432428311054859,26.890481141337865,0.5747542799978121,0.9501256565709524,0.8225661254955597,0.984388409832809,0.5488145558889661,3.641620918434167,1.12703946610967,0.3011974167556031,0.1458110194266909,3.787431937860858,374.7142976597871,110540.7178096372,3.551732390599595,4.739190696081198,0.1623882172900273,0.3110934044737729,12.26177168722054,2.086445065164373,8.25735586765464,-3.452695388469153,0.9337304892507212,0.7000964321479505,-0.061530707586354,0.7611760479261735,4.60131718658466,0.7636589578552626,0.5793889759365085,-2.987004426099232,1.6143127604854282,172.03662615421285,50750.80471549278,2.1604572713877275,3.899938680817555,0.0887888556323751,0.2575845212224823,12.407243457660226,3.778284218262159,19.64153916630264,-4.597272561145988,0.9184911320798068,0.70096770831837,0.0479711119210453,0.3886139450270843,2.845521911205479,0.3915635655273038,0.1510207982695137,-0.9855573396736388,1.85996457153184,45.22999762529428,13342.849299461814,3.899915776245538,4.296153016859091,0.0992285063735031,0.1319136805445596,10.988216053977348,1.8084079068912395,5.962437932640383,-8.182730733247698,0.8889609139872613,0.6245485080013073,0.0934821157280868,0.4759894588786387,2.3148088960209137,0.4850823341707866,0.2265659649635792,-0.8540335144149281,1.4607753816059854,69.41493692275073,20477.406392211466,1.9700718872567131,2.3917452656674,0.0266271015119479,0.2427559449680759,9.894765780462532,3.9349780347813343,25.71933009409436,-4.9406599794836445,0.9311690596110188,0.803796921905956,0.8684899430749056,0.4663980268647874,3.059154948715394,0.98580013222033,0.2175271194633669,0.0612087579486342,3.1203637066640284,286.68156070225785,84571.06040716605,3.2985618363167872,4.828935337690574,0.1511198217765037,0.223459105907026,12.536289331432156,2.528571936565542,10.000202408970518,-5.409662744841855,void,32
0.9286576776694574,0.8980979822438234,0.3543992518433202,0.1989187875323315,1.31671505310601,0.406408063084922,0.0395686840333328,-0.4011985263912078,0.9155165267148024,48.7244165534292,14373.702883261614,6.404678926179336,7.160154996365622,0.2934355118854747,0.2552807764906368,13.488572297907028,1.0105543702906694,3.329100075955159,-4.6497445109462365,0.9448691026156794,0.8762348986067855,-0.4218598360526239,0.2436739508453954,1.364036765073265,0.4871783201200058,0.0593769943206041,-1.231746180761056,0.132290584312209,70.01610110051051,20654.7498246506,7.720368285970439,7.282160821794271,0.291754315976497,0.2221369891423922,13.76399245448768,0.9054312036495172,3.2722325262464533,-5.442822378646497,0.9754533764818664,0.8943935752041147,-0.4974565872795279,0.2503694194100593,1.2222402153510168,0.5569092407237688,0.0626848461757302,-1.1787412237844312,0.0434989915665856,91.4936312090398,26990.621206666758,4.131644270040907,7.157986206395288,0.161267592254198,0.3979821781643368,15.318547126187733,1.8590242071286576,5.363339070995391,-1.7974572268000686,0.950563904870691,0.9106217515934208,0.7788133357724544,0.3257421062157853,1.6845469233042083,0.8441908147681504,0.106107919761896,0.0426706976174737,1.7272176209216823,210.23414886297957,62019.07391457896,5.086456150937581,7.115923179141604,0.2184284147397557,0.3320357801733614,14.160985087231822,1.4279080029153228,4.070185209913118,-3.035683132783721,0.952935076855356,0.8373735669496745,0.1131743255109881,0.282974789641333,1.7966923981699243,0.3047673859313423,0.0800747315725566,-0.7130192139029389,1.0836731842669851,27.40053206059001,8083.156957874053,5.800287070896027,7.661287408348997,0.2372513039023153,0.2369903368141154,15.316321060179249,1.4784301508884468,4.225801144237935,-5.077993995210526,0.9248526464196892,0.7160714330858146,0.0090209805680504,0.2622766056410808,1.5605062382635977,0.2624316976986892,0.068789017866607,-0.7291314085394023,0.8313748297241951,20.31676680731978,5993.446208159336,2.605288750074391,3.941841907926493,0.0792966894520421,0.2924042486481912,11.688050774408277,2.647196214403398,10.704287941928664,-3.8380153741213103,0.9297798311385628,0.7418638605812798,0.0878713651544589,0.2239786868984407,1.3885213301279102,0.2405988965038244,0.0501664521847497,-0.6790715944271298,0.7094497357007803,17.07690955466312,5037.688318625621,2.363169107290762,3.803976151456176,0.0820200336458746,0.254836455284045,11.922439676827764,2.8147181722442767,12.55497603353492,-4.659900436882208,0.9528199213854736,0.8269419081461106,0.424317977841355,0.1989865275940092,1.0226823434082135,0.4686591346419037,0.0395956381639214,0.0656973484702899,1.0883796918785038,64.79420842257292,19114.291484659014,5.733236677670392,6.7752341742976645,0.2628520492349878,0.0995061332966632,14.843351045963496,1.8373042717786645,5.599498779577496,-9.566309062543157,void,32
0.9326968086472224,0.6103029990090664,0.5960630462689708,0.5815692666257226,2.241975044685122,0.8327748597376279,0.3382228118835808,-0.8766119600284185,1.3653630846567033,204.58662026825263,60353.052979134525,4.910081909873216,5.990143676101824,0.1909815311389353,0.4322039288137488,12.776767408717149,1.3072423927157402,4.488007152984873,-1.1850367204409862,0.946747016788872,0.8460998710923704,-0.407119595989979,0.6183745695827103,2.759792185610679,0.7403603674871082,0.3823871083066022,-1.7400245526824083,1.0197676329282706,161.69937475496553,47701.31555271484,6.1767483889236505,6.441814443624024,0.2003816032564904,0.3470043033397212,13.34583232648838,1.3885167760816128,5.034839221412846,-2.7457545816121938,0.9661647534811236,0.738107606186608,-0.479273024020473,0.7234833209548555,2.620451382534041,0.8678310591662384,0.5234281156998664,-1.5123350794547752,1.108116303079266,222.1735704398106,65541.20327974414,3.2201462837696475,5.835619731896161,0.1378381756162685,0.6545362459920336,14.332681185323688,2.134927476365044,6.945697929640542,2.7753121356124613,0.9559128719351792,0.8726624758575015,1.3711228357981513,0.3388220139883222,1.967352988883014,1.4123661664066678,0.1148003571631028,0.4698897641408701,2.437242753023884,588.4595654630289,173595.57181159346,4.740406198068996,5.919036102956141,0.1608911495001792,0.4482005638973279,13.558565152687311,1.5335076536941403,5.12114827515004,-0.903088533811524,0.9548740286517362,0.7523117175202261,-0.1446115220508565,0.5147311896918194,3.250070483639222,0.5346594149095489,0.2649481976415557,-2.255159347249497,0.9949111363897246,84.32890353566926,24877.026543022417,3.4599117158004487,5.45678244447937,0.1512879866158436,0.2245588083851015,14.71397396640087,2.449639447879364,9.154866693095318,-5.382187715333203,0.8897100682840643,0.5503714443062543,-0.2754765890802867,0.7848616798970349,6.383807934075938,0.8318023850062615,0.6160078565707957,-4.643202188661446,1.7406057454144923,204.10908627212092,60212.18045027568,3.206910962492436,4.77100439696708,0.0878961921691926,0.3723066038446589,8.903627900606295,1.9499637417647964,6.440442602131382,-2.268468195129441,0.908548031604332,0.5083508398294241,-0.2028190435776403,0.828826158723068,4.812660868509678,0.8532809419068171,0.6869528013836363,-4.148537757772111,0.6641231107375662,214.7860679173086,63361.89003560603,3.3669588193246014,4.93670531095716,0.1204453153073969,0.3152852152045124,9.115374961227856,2.3516371686032693,9.113502121170525,-3.3680609894648583,0.92302637564466,0.5620409559836727,0.7908313874195472,1.039437338249394,6.021986224220237,1.306079730902716,1.0804299801469852,0.061512594802043,6.08349881902228,503.2240577250988,148451.09702890413,1.1315898148025685,3.017815831838859,0.0473572366113701,0.7445516149699763,10.82102428742294,4.997661672236032,32.66686176034972,4.6459164867142535,non-void,32
0.7799205699376651,0.3374312120169019,-0.6648853294616193,1.90034655197993,7.46529926502083,2.0133031363794416,3.611317017622009,-4.680742639127834,2.7845566258929964,1195.749908091812,352746.2228870846,0.970250519755902,1.3327728389664906,0.004235258132302,0.5546101628992359,6.938974767885572,4.89110744942642,39.032613882523805,0.9524752042041024,0.8423872698281651,0.6978539387310987,-1.2117387288773882,0.7520407809047371,4.336193639116765,1.4261402747293814,0.5655653361438069,-3.920557605733205,0.4156360333835598,599.9934445455326,176998.06614093212,3.61379534285792,2.3476085140478538,0.0314053471778968,0.1016262922011297,8.044372818653212,1.9092800832683725,13.14139572080515,-9.464509522332602,0.8038153677649464,0.6990794249679129,-1.4221558037035782,0.5506871085542467,2.7769722410865616,1.5250519406025511,0.3032562915278367,-2.778319910606923,-0.0013476695203613,686.1061093530042,202401.3022591361,1.9235533986724247,2.5783679788942133,0.01537241740558,0.307070967270476,8.144995172906482,2.266785154039202,9.792637609349596,-3.534500008804038,0.8426474660326271,0.6492352153900632,2.764061699843105,0.8792109776137603,4.100518626523302,2.900525646102116,0.7730119431565441,0.7836756337765106,4.884194260299813,2481.8494619903486,732145.591287153,2.7619213720644136,2.701149030251941,0.0372728743722603,0.1305458272592486,8.077302064162664,2.014869176340746,10.92944772687806,-8.234837013124263,0.7480334748530818,0.5364165407559219,0.271640243114177,1.652579694956852,10.183899478944246,1.674756122503456,2.7310196481836826,-6.749842698695915,3.4340567802483317,827.4183806095293,244088.42227981112,1.4263334011179278,1.5607435782468873,0.0056917219116511,0.2141679013771987,6.314606552465106,3.226998102057097,21.817021956850382,-5.645753832375362,0.6893912075456267,0.5228796340280625,-1.1800916366375571,2.449889491381652,15.070776473252876,2.71929674563924,6.001958519982249,-7.795511710022148,7.275264763230727,2181.399563299027,643512.8711732128,1.0604749075858888,1.4770832047970524,0.0024443156514751,0.4212908364589137,5.570658324304337,3.0595742670442063,15.616742431129609,-1.378783463795319,0.6887739632689643,0.4000121216681945,-0.1584884914048912,2.017795809333409,8.665192755462973,2.0240105064132616,4.071499928163468,-5.100317736553022,3.564875018909952,1208.5024663710235,356508.227579452,0.9978111212631346,1.0733078622531291,0.0039343718683823,0.3461932466594787,4.887418232381688,5.243471964788212,63.22708248664497,-2.761308105434745,0.7364060721127871,0.5341482240698913,3.277457807653656,1.8852776214203388,8.637830746302262,3.781005341278723,3.5542717098283307,0.4861566304130874,9.12398737671535,4217.320410279579,1244109.521032476,0.9927886101572642,1.5353738670615102,0.004864935352826,0.4107836597048261,6.123853356075655,3.5984941767385474,21.81071035029352,-1.566616225404021,non-void,33
0.8075192918956583,0.7242944828668272,0.0997841264207401,0.7040252948779568,4.4310108428288935,0.7110615217500834,0.495651615827994,-1.5306179068849266,2.900392935943967,149.1545038754956,44000.578643271205,3.693725172061781,3.0453409792465966,0.0293363221905952,0.186932916931469,7.317231241123474,0.8613286287796366,4.391063093003488,-6.38440596136205,0.8191647582050268,0.69614951983275,1.8304278689570164,1.4442421967033747,6.55514742620779,2.33158780795258,2.0858355227385896,-0.838195391091596,5.7169520351161935,1603.7090033269685,473094.1559814558,1.0146504505488472,1.9128120844124967,0.013236492965582,0.5032280541991118,8.556392706545367,4.326591046901304,30.37637196774949,0.0560778242673205,0.8331328583276403,0.6354858258896227,1.8619529019296297,1.3443540219372214,5.994053710128605,2.2965531444543044,1.8072877362987836,-0.8964145617356507,5.097639148392954,1555.8761218643708,458983.4559499894,0.6037601761516052,1.3639483103111008,0.00656015868585,0.6344992443335217,9.362520115398558,6.8539187011548925,65.83066869799912,2.3954283001989216,0.8659280719224691,0.6857262699922675,2.798069612930866,1.84034588607754,7.269154585563252,3.349039644317399,3.386872980402525,0.2388768526209979,7.508031438184251,3308.739629066835,976078.1905747168,0.787404677684413,1.6210008877021036,0.0097404004210481,0.551068496663472,8.887181836621064,5.365719208755104,43.870368115376166,0.8902550144066401,0.8348692038906731,0.5459777926315998,-0.2630724057611082,1.8506254121408228,9.827446979458038,1.8692301909434077,3.4248144160613903,-6.47042340009535,3.3570235793626875,1030.7363444866266,304067.2216235549,0.8081433939551859,1.485368381467611,0.0071256067554331,0.4180051690998363,7.957181199419439,5.70742647311673,47.70172273397991,-1.4373747504521173,0.7742652204434254,0.649373382336951,0.1588439511857932,0.9247400473386532,6.023465718083622,0.9382833026225124,0.8551441551518945,-2.9347572828806894,3.0887084352029324,259.7107890141617,76614.6827591777,2.517509237567352,1.9804898276312208,0.012233244201257,0.1715249217135204,6.230759511756362,2.668414156929123,13.973203227143651,-6.839522188998897,0.7611061834182051,0.6887007317019437,0.0281938694693909,0.6955143337041366,3.4776743020930443,0.696085542633638,0.4837401883879091,-1.6899789761001789,1.7876953259928654,142.93784938575203,42166.66556879685,2.318096100829135,2.195076470019844,0.0098875424739766,0.1637338975125799,6.470120802863177,1.808160971640888,8.244354213025124,-7.082058933325656,0.8123010733964889,0.662745480016381,1.857824151266976,1.186347996309364,6.402561306480398,2.2042985608528856,1.4074215683472429,0.1389142047794537,6.541475511259852,1433.3849828865402,422848.56995152927,2.4295864910236835,2.681718955095073,0.038427478286623,0.2355582666373654,7.975466064282127,2.5832085039506683,12.748322134299023,-5.112460386344678,non-void,33
0.8546622210658468,0.7600483743434916,-0.056445609030529,0.2423232054059898,1.2867765248864302,0.248810455280844,0.0587205358782335,-0.7057329822701083,0.581043542616322,18.26245958383297,5387.425577230726,5.170503298747237,3.2183644419805004,0.085938991685094,0.135840200727294,8.447048700859106,1.622501550421069,9.553654737127438,-8.035657431434435,0.9120257246075416,0.8381867245563259,0.5210218028550327,0.2874644078686477,2.007537161086074,0.5950626058168844,0.0826357857912722,-0.2367111998445812,1.7708259612414925,104.45935392826632,30815.509408838567,5.188012583886899,4.927392601717072,0.1600720908173459,0.1428117560596742,10.876853656915264,1.0865194039134671,4.348623694278382,-7.783122462319511,0.8909014127016238,0.7680059890401241,0.6223946996302838,0.2158134463159235,1.1771019921988617,0.6587492738050095,0.046575443610756,0.0283538550700105,1.205455847268872,128.01542869289506,37764.55146440405,2.356334173650636,3.604200594381749,0.0539434256734027,0.252649781977369,10.135415521992469,2.230571838649702,8.31002860351013,-4.710052372224048,0.8923578627761101,0.8229345897579808,0.8652227920450728,0.3183492945853621,2.008174841793181,0.9219309915808608,0.1013462733629976,0.1400315646794947,2.148206406472676,250.73724220499437,73967.48645047331,3.6977171219680263,4.600918424718861,0.1292612561017029,0.20735595183123,10.91797641104898,1.6376561683771724,5.840559071286755,-5.823616969899923,0.8849965368909857,0.7148701518748859,0.0068332948656156,0.4614071205721566,4.670756965694388,0.4614577172758183,0.2128965309146887,-3.742901180056784,0.9278557856376044,62.8182513258557,18531.38414112743,2.719131241773395,3.144525095758867,0.0667374496434539,0.1196194870994449,10.28592875554022,2.6140207697505167,12.062846091418011,-8.668684848321176,0.7581144301461669,0.5932332805534468,0.1650357993135354,0.3518757219080812,1.926152656147575,0.3886558100985894,0.1238165236683332,-0.7091497549771585,1.2170029011704169,44.56073492340028,13145.416802403082,1.6581870998972343,1.5839768210113276,0.0107901312698529,0.2195989399290055,6.509336176352425,3.662370941016732,30.52478818586331,-5.506876110886083,0.8158660881622448,0.6804119963007628,0.0060205548151875,0.2431314251950152,1.2314050773297875,0.2432059559255117,0.0591128899173592,-0.6754095138188743,0.5559955635109133,17.448995414304378,5147.453647219793,2.8619964301497025,2.520370195236932,0.0279535401100173,0.1974150122623524,7.594117708101646,2.322244988694316,12.830553164254466,-6.091108560276307,0.8736501257801857,0.7151995807699806,0.5147846557095042,0.3976712949164035,3.744239165706301,0.6504965031070051,0.1581424588004891,0.0686147094530151,3.8128538751593166,124.82798166356037,36824.25459075031,3.0373664918535024,3.01619146532463,0.0754176743977967,0.0974114846656166,9.747101846934564,2.673890004128653,13.526516174917948,-9.668796403541435,void,33
0.8516127474058192,0.7748352503654903,0.0361531974105961,0.1509642179724759,0.9116735476693488,0.1552328856623194,0.0227901951080412,-0.4226646567465704,0.4890088909227785,7.108688393359971,2097.063076041191,2.8659116882037807,3.2923743078965373,0.0644655656288029,0.1991230175277391,9.105222766110751,2.001589469265804,9.571411992552433,-6.04444344075656,0.8867378672685923,0.8048023556701888,-0.284414251489504,0.1881374294253836,1.3417510813697358,0.3410090303806133,0.0353956923507912,-0.8710304662327586,0.4707206151369772,34.30471184633218,10119.889994667996,3.571547041991904,3.993110386917435,0.0942528321314786,0.2573563031630275,10.638832437837138,1.7198574725088451,7.739103468830582,-4.602456881560778,0.892320241810721,0.8028052167331692,-0.2482583544177593,0.1713073972743734,1.1093793083754486,0.3016263166554501,0.02934622436092,-0.6882231523195907,0.4211561560558579,26.83863829524448,7917.398297097123,1.6934379417246264,3.1908050939534376,0.0426441245458422,0.4084384148977099,10.636091134044609,3.112887923370286,14.31021684570976,-1.6087338051076745,0.913423659552875,0.8198567213683505,0.4452779570010995,0.1819076235352371,0.9711667251071292,0.4810019152678195,0.0330903835002375,0.0414234891795269,1.012590214286656,68.25203853493663,20134.351367806303,2.159692267765056,3.731523620555429,0.064661840478409,0.3402455091357056,11.351276047021033,2.636499997417316,10.93677091009356,-2.8758995230125644,0.8833491378226426,0.6514991666762621,0.0278339947164794,0.3787811435385741,2.934898982948664,0.3798024301689852,0.1434751547003899,-2.016405862945013,0.918493120003651,42.55371635886874,12553.346325866278,1.155473599529171,2.2673518063653364,0.0231749165867199,0.3412791024466376,9.26725784744948,4.618744316379528,29.888286646944675,-2.855917451588268,0.8059958844498984,0.5550119282308524,0.140810798319474,0.2182221830186345,1.454952679571321,0.2597086869644257,0.0476209211614184,-0.5316296965817556,0.9233229829895652,19.897337615011885,5869.714596428506,1.4721205809474922,1.7280069322102287,0.0133693955764027,0.1560934952088314,6.630131437702064,4.649504598119792,35.8595643604792,-7.329095272658868,0.817168026043977,0.5906891462532958,0.064557821401178,0.2069153212278567,1.2595677951815651,0.2167525373851331,0.0428139501588271,-0.4267987931643303,0.8327690020172348,13.8595904265536,4088.579175833312,1.2059801985035037,1.7428505471204196,0.0113799397253314,0.2557547841662297,7.607728339616597,4.080912764882757,28.938364631656324,-4.6389228415897925,0.881727824691219,0.6838206408551923,0.409603906245852,0.3015042130685503,2.075647739859193,0.5086060857971978,0.0909047904980858,0.0321271951265292,2.107774934985722,76.31064440043423,22511.640098128097,2.6806333020759894,3.323276637275236,0.0694327281360387,0.2258335427460507,9.115360742572394,2.790376932062673,13.365501287615512,-5.3504590094855855,void,33
0.8128819341225137,0.4685272845476402,0.5940809406510698,2.0887550858339363,9.213773244788186,2.1715961808407185,4.362897808597134,-3.701831363239794,5.511941881548391,1391.1698419293882,410395.1033691695,0.5736415516791704,1.063960807963991,0.0022367202757578,0.4756933755587911,6.945696446916295,6.217519319060904,56.231704836988925,-0.4225824137667338,0.8278650435800713,0.7585199646877567,0.3440653872723243,0.8450449112562486,4.237833778446162,0.9124044567837968,0.7141009020400811,-1.4085377855395291,2.829295992906633,245.582158363886,72446.73671734634,2.4907680322619816,2.9928590668110275,0.0489091886918823,0.2688209552385802,8.974861057838792,2.3758308305399893,12.64149109971349,-4.345606161932197,0.8651313923870745,0.7623672704030711,0.2467417183614797,0.7931635489833528,3.242764646347005,0.8306563013761127,0.6291084154358675,-0.8635217010293598,2.3792429453176456,203.5470178496738,60046.37026565378,0.985667988907202,2.185047789101682,0.0105673489675384,0.5343967581753951,9.419265397430882,3.8576589923742266,19.658909867919967,0.5984781943898896,0.842354153364066,0.5220902647438269,2.015895181623383,1.4746078709692283,5.477907078012036,2.49765925546636,2.1744683731244003,0.0743933709645373,5.552300448976573,1840.299018142948,542888.2103521697,1.3277064535977834,2.0627000174197674,0.018734998851817,0.3322839894503593,8.830557894988424,3.967578622727786,24.925297744703617,-3.030823738614576,0.8334402913482466,0.5073096930753667,-0.0131638519148769,1.5086089719847724,7.3020783462712995,1.5086664035996125,2.275901030352952,-4.610495628831058,2.691582717440242,671.4419236183056,198075.36746740012,0.7226778223492976,1.248207594307012,0.0057812747530436,0.3972087227406148,8.424109919197662,6.564211065150063,63.01930293262107,-1.8114818211251424,0.7761375324070378,0.5991288636252086,0.1204441682198404,0.8747409175570732,4.295600996271856,0.8829940376394168,0.7651716728485903,-1.5467871167538327,2.748813879518024,230.0051487994941,67851.51889585074,1.3877792162871856,2.068272712239265,0.0072724264306985,0.3472793681813704,7.488843936642199,3.244964113204066,14.877297468308972,-2.740483577819473,0.7289077741840853,0.416559306917413,-0.0097253829821724,2.172486091060538,11.34401764911034,2.172507859347267,4.719695815851496,-7.794671876835561,3.5493457722747817,1392.3381676830654,410739.7594665042,0.7951338707825133,0.8147291835412689,0.0007744983073022,0.2771382774580945,5.144270807629213,5.856819742521794,64.29531417141916,-4.163587150004346,0.8139349581953048,0.4684304747242873,2.1935737742495243,1.7215624541988856,8.946300757755878,2.788466099270815,2.96377728370729,0.1597446471992115,9.10604540495509,2293.785240100865,676666.6458297551,1.0517213993772685,1.1333384896802738,0.0037273085051704,0.3117281551245654,6.775867272851542,5.79675238690096,54.46498244827763,-3.4398397493342507,void,33
0.8789542138514534,0.7776128283828874,-0.0002414059855558,0.1612337702467791,0.7980739966455517,0.1612339509682779,0.0259963286679911,-0.458565019892456,0.3395089767530956,7.6689341487281055,2262.3355738747914,5.065200465004646,4.568910335774082,0.1534760776969664,0.1226654512537519,10.209890002080854,1.4699504735174247,6.072428588495658,-8.544429588224423,0.8745467710565745,0.8234749702285672,-0.5115983171024509,0.2191065537432445,1.3761114083527273,0.5565433675422798,0.0480076818932412,-1.179991674715818,0.1961197336369091,91.37345338681386,26955.16874911008,4.407341936062997,4.8578061706947295,0.1811945682756171,0.1512572274494955,10.939778522666868,1.5997109345871454,5.97468505740985,-7.490599524550403,0.8762286907898384,0.7013209823838037,-0.5110825362136598,0.2000156092902727,1.0484099957817108,0.5488274799810465,0.040006243959759,-0.9767144777962076,0.0716955179855033,88.85742282079207,26212.93973213366,2.074992194193856,3.377197132299651,0.0509813232309606,0.2662364417010452,10.4629984224196,2.7222636324027234,11.129212485606338,-4.402886380104195,0.8735630559451953,0.7912874303440506,0.7566023453270859,0.2539712596496722,1.4170705007680635,0.798090539777592,0.0645014007280412,0.0876716491316233,1.5047421498996871,187.899810356334,55430.44405511854,3.3118298628902587,4.540198878498976,0.136372552647215,0.2285763626884553,10.899984295050713,1.978296354922116,7.15657276822607,-5.2826162385804505,0.9118547477066252,0.5891208260944818,-0.0293313133435904,0.4234959543203848,2.617885353540013,0.4245104819297084,0.1793488233257334,-1.3922181085177143,1.2256672450222987,53.16169903411704,15682.701215064524,1.785422900456632,2.8582548805874373,0.0419561256935031,0.1555691331468869,10.958136716435058,4.01619702471648,21.740759040032383,-7.346406677740193,0.8180998193083227,0.5504208251028689,0.1213481713094361,0.186975563563624,1.2107951440820308,0.2229018619260034,0.0349598613699348,-0.3212608089409336,0.8895343351410971,14.657145814773331,4323.858015358132,1.6287227759136855,2.239033656091974,0.0279976899967646,0.2090478542517209,8.453880877448155,3.9663156129834953,23.717556388125093,-5.779044929580785,0.8375200773753451,0.6497437580747284,-0.0356220054691528,0.1406028258724881,0.9929632563704566,0.1450451030437552,0.0197691546433292,-0.3910401269131864,0.6019231294572701,6.206234165507206,1830.8390788246256,2.466147914637417,3.0938142581810584,0.0472491805820864,0.223170717504378,9.08997736888449,2.8485935860554514,12.300208864868145,-5.416883740328663,0.9191654914957936,0.7014115161649617,0.4273631152408297,0.2613297514002172,1.3879559804510773,0.5009316033504435,0.0682932389668993,0.0429191183786128,1.43087509882969,74.02507901439758,21837.398309247284,2.466898816491104,3.4811676296077847,0.0681727205879456,0.1925428084180942,11.200885935450948,2.971021001381163,12.818257536786026,-6.225922042482238,void,33
0.9274796675609196,0.8126505268831429,-0.1555049067529595,0.1386524045704212,0.6926418391458167,0.2083417032603083,0.0192244892931597,-0.4840242218985769,0.2086176172472397,12.804848268634885,3777.430239247291,4.485692433348325,5.140920743877262,0.1609607901837781,0.2793222993741157,11.532286047312596,1.6315818972454108,5.865164184829007,-4.1163546553287365,0.9508075320000668,0.8112048566549149,-0.2595971850178102,0.1584161055712021,0.7946306191400321,0.3041157032668938,0.0250956625043462,-0.7197621922355121,0.07486842690452,27.283476487187645,8048.625563720359,2.692970005777018,4.515233156800924,0.1198947257334995,0.332753805514228,12.195502932948092,2.6220794669023983,10.64649474198387,-3.0216307320219022,0.9498004463689236,0.6502064531009826,-0.2087323220085283,0.1408536095256926,0.7260704785600243,0.251811281652527,0.0198397393164163,-0.6712510842200805,0.0548193943399438,18.705631862409035,5518.161399410664,1.3746927477657414,3.158679338266336,0.0445169649444997,0.427782234370581,11.482862499657918,3.951361310774169,20.259535349493905,-1.2633859134084835,0.9415174971088032,0.7512607084800187,0.4007815693969105,0.1966613370496636,0.9577239611553506,0.4464320193023929,0.0386756814901614,0.0167619235440513,0.974485884699402,58.79395661823156,17344.21720237831,1.810529573254704,3.7360330920335714,0.0654229697566826,0.4099629709702803,12.087441086422489,3.505476523411432,16.931948056103007,-1.581346350005829,0.91557668656013,0.5888582044933303,-0.051525201886432,0.257288542839614,1.39921024770539,0.2623971049877827,0.0661973942765319,-0.7691376430198699,0.6300726046855203,20.311411008261,5991.866247436994,1.4060969928968312,2.7680251627361825,0.0386561116242852,0.4061948710801235,11.11209343864335,4.3171994222390655,24.939173909210865,-1.6490950869532832,0.870674819383903,0.6286802838085387,0.1109990575582407,0.1332020615301996,0.631835628305669,0.1733885231920289,0.017742789195895,-0.30842330996277,0.323412318342899,8.868756092540261,2616.2830472993764,1.6934393201795015,2.365272666843244,0.0257705878711859,0.2875372454319919,8.769429432390371,3.889209776089622,22.92796959842221,-3.940680546120568,0.8819075844110631,0.6907830271963106,0.0629491309877986,0.0758876181047754,0.4571973590124839,0.0985977873673404,0.0057589305816162,-0.1863199242690308,0.270877434743453,2.867849483751905,846.0155977068121,2.9823075554904035,3.273037865579407,0.0617369542595305,0.1722249105827749,10.266988760475291,2.508693387194977,11.254632107698368,-6.818163688689118,0.9017797481618424,0.6212422864772174,0.2907327545822027,0.1552797790037782,0.7408123115244746,0.3296017966492559,0.0241118097674621,0.0321939543176831,0.7730062658421577,32.04801658455315,9454.16489244318,2.371677130308643,3.498461649098531,0.0778796607838853,0.2267061098279827,11.436551319922662,3.554083562461994,17.467136770492562,-5.328813518008602,non-void,33
0.9260751962910078,0.8507857066076081,0.1077106770335197,0.0564505201653288,0.328124733632811,0.1216069536414567,0.0031866612269361,-0.0737626906720799,0.254362042960731,4.362534096316845,1286.9475584134696,7.351280344617596,4.550425470375143,0.2124245681179442,0.089310718518836,10.983171693343104,1.4357719757204577,7.0306440148155085,-10.0846658831056,0.9459637270077847,0.8072608559724374,-0.0225053080014977,0.140241559725972,0.7208904386494548,0.1420358544967279,0.0196676950743733,-0.4221251096102741,0.2987653290391805,5.9513842689716245,1755.658359346629,5.01783060497106,5.081318247131283,0.1561093961621655,0.1120752795946654,11.790950545279136,1.3760943723855017,5.155412542823373,-8.988663104611978,0.9162910438273942,0.7086092589297348,0.0261473879168334,0.1224477459384638,0.5735651267045544,0.1252083718458313,0.0149934504854105,-0.2917550692842438,0.2818100574203105,4.6247552321837695,1364.302793494212,2.7375446609341862,4.242072109373971,0.0781841597629593,0.1940423801260172,11.50556798593285,2.2845378492395376,8.485458690024705,-6.184156068567356,0.9533491391760148,0.815086596065684,0.2067833977679089,0.0887704789015684,0.4915713651147399,0.2250323788188158,0.0078801979244138,0.037866100528927,0.529437465643667,14.938673597472238,4406.908711254308,4.525219358458335,5.365435120790496,0.2023715073909532,0.1564518496083407,13.11681796603386,1.7547309640328856,6.287669659309957,-7.317291684404554,0.9321750764912748,0.5499555334626198,-0.0640925497696544,0.2156355087394428,1.2084808904762807,0.2249589463997686,0.0464986726293183,-0.7419171528485071,0.4665637376277736,14.928925631761722,4404.033061369708,1.9401004808622275,3.138912162028552,0.0509426560543441,0.2529040337770706,11.279420851412052,3.755895025646873,19.59857115787093,-4.704206342479998,0.8684683591695983,0.6060586698236695,0.126095830191803,0.1083474748024924,0.5144884188899408,0.166250815600516,0.0117391752960767,-0.21858532583711,0.2959030930528307,8.153603437911848,2405.313014183996,1.4739565983127652,1.8091419190587603,0.0189772368105335,0.1846770870944588,9.314203440385846,5.362867793019795,45.089699774952926,-6.4491662867631305,0.922849355006924,0.6552662141379998,0.0083156305256708,0.0602727812850691,0.326965800020832,0.0608437168068918,0.0036328081638377,-0.1700963129507235,0.1568694870701084,1.0920775730887904,322.16288406119315,2.1182121031785868,2.6528646037739967,0.0442637489079034,0.241463221180702,10.744057332084932,3.8253900205996847,22.10229979943576,-4.971256461621469,0.9137131406829274,0.621351457277219,0.2539618047021063,0.1321030691560843,0.7552841564677207,0.286265295011477,0.0174512208804571,0.0085878810343522,0.763872037502073,24.174606642762363,7131.508959614896,2.382721831426716,3.022111293447622,0.0627070767428681,0.1806641858447339,11.22136295508788,3.73604600371282,21.50151180008579,-6.565898677294114,non-void,33
0.9371589928806336,0.847945450576316,0.0404908845560379,0.0656264166435915,0.4541423862712813,0.0771125041326545,0.0043068265614782,-0.1838067629789318,0.2703356232923495,1.7541697966145544,517.4800900012935,7.69862530356219,4.710938684763432,0.2211212663428707,0.0896401338800045,11.505039358986313,0.80507664618949,4.495244337972794,-10.06710571170644,0.927561662156566,0.8196313107309603,-0.1768699259159713,0.2949870817076418,1.6325252655174576,0.3439481778813665,0.0870173783743909,-0.9913183117116902,0.6412069538057675,34.89860297503409,10295.087877635056,3.1640824353814034,4.672156943758662,0.1308169788515934,0.475488036084479,11.02814785732783,2.4936837185501552,10.73960998719746,-0.4261580303357536,0.9117705172978604,0.8160413251831439,-0.1405546990349084,0.3131010844344347,1.4471830210148675,0.3432024366096673,0.098032289074019,-0.9323447590894368,0.5148382619254307,34.747434185969766,10250.49308486108,1.4209930338490837,3.0814540664451444,0.0484521402417903,0.6718583463211545,9.746043242219,3.739185175450736,20.4135520335262,3.112163557057356,0.9427558675212704,0.8563082724494073,0.3524399595182167,0.3432501635704364,1.327117098732728,0.4919701208979398,0.1178206747911313,0.0346861505637484,1.3618032492964762,71.4002069576184,21063.06105249742,2.7449317492351035,4.684901373034369,0.1138216934597718,0.6171718663534276,12.89676555757678,2.44502822372221,9.65221378503356,2.074022762417929,0.9226392356900772,0.6991507404902682,0.1119911323258239,0.2705124299095854,2.013766575055828,0.2927780532335178,0.0731769747355884,-0.6930898515813294,1.3206767234744987,25.287101594286536,7459.694970314527,2.117737397624463,3.3543918637800103,0.0693465410023837,0.1952768136750113,10.77578061027608,4.262879993878732,24.88642139796045,-6.149958323162693,0.8985154481483446,0.7056083150895405,0.1648171965850286,0.0886694186768908,0.6130078834959478,0.1871549467650954,0.0078622658084977,-0.1822589303814594,0.4307489531144883,10.332957359100488,3048.222420934644,3.2015815119741764,3.710240123101932,0.072818553353732,0.1356916278518024,9.756214012523149,2.00028428698986,7.305945446083463,-8.04115649909441,0.8636082670786528,0.7228419103665762,0.0125841809742381,0.0800808418404262,0.5526277678594175,0.0810635728343115,0.0064129412298713,-0.2671474356388409,0.2854803322205765,1.938534337995802,571.8676297087613,3.776271894088844,3.797428271790632,0.0879785538736315,0.2098944915414771,9.235241949975704,1.7416823646450916,6.497634957669479,-5.756840298866739,0.9343286240914062,0.5875859034233509,0.2793329978103688,0.2220142827135014,1.349515683208661,0.3568154500501878,0.0492903417287905,0.0323226599217653,1.3818383431304264,37.55859329138282,11079.785020957932,2.2464424549031525,3.091152425945728,0.0593675437923245,0.1940167031048316,12.858391838738124,3.704852694987616,20.20657596004015,-6.184869161895722,non-void,33
0.8240331033195057,0.4714471110526842,1.1476392783142224,2.1899719273666896,11.591013215849369,2.472458888593249,4.795977042654173,-5.424215353228485,6.166797862620882,1803.35062195621,531988.4334770819,0.7542078746856723,1.2492529232378211,0.0031213927778604,0.413227548313021,7.149568240883872,4.909310547397311,39.20451738775135,-1.5228044942698162,0.8416459229336702,0.7024022595959828,1.3183081075014769,1.3254610419025663,6.366716136645059,1.8694339356889729,1.7568469736014372,-0.6709655236154165,5.6957506130296425,1030.961055772141,304133.5114527816,2.5007765457651887,3.0375954784527783,0.0399714367460526,0.2142349369116373,8.81837710416024,2.06549303637754,9.519942877858332,-5.644024191458838,0.8501370837070216,0.6072351688303999,1.2848558717382126,1.2647334759945568,5.467479326386796,1.8028880654220985,1.5995507653012742,-0.4462391134809486,5.021240212905847,958.8695860502236,282866.52788481594,1.2460352695623509,2.27726485587858,0.015935190537272,0.5983004488619555,8.649758651316878,3.661168004698265,19.244234745635527,1.7301798225388825,0.8495208788810703,0.5887868114677208,2.92549698438094,2.0735739597392686,7.69847183920745,3.585839033215345,4.299708966508789,0.104651636402256,7.803123475609706,3793.181263778575,1118988.4728146796,1.1737258750054227,1.9472560413327704,0.011776299179186,0.4023635135894179,8.334230499045214,3.6386424922160265,21.41086585276321,-1.7181851188091002,0.8589253330842728,0.5449020082297643,0.7255158118187179,1.990060262442825,10.29110663417277,2.11818626219532,3.960339848154005,-4.576547920107302,5.7145587140654674,1323.5803471991287,390456.20242374303,0.7827623500400265,1.370426519920476,0.0048054094217413,0.3980287859722838,8.095907606202339,5.365614230214906,40.47358282868924,-1.796612420329903,0.7563941868838903,0.5218940261916881,-0.0093665301233447,1.9007905614618636,10.135457398014204,1.900813639058037,3.613004758542506,-4.586699075529976,5.548758322484229,1065.862284676572,314429.37397958874,1.151319546261783,1.476785766087504,0.0038078524413901,0.2795715851368277,6.83043457627361,4.156434776854544,25.47741793955353,-4.1109780490089625,0.7723886623108955,0.4937253517181981,-0.1476755133461177,2.494793951148396,12.320606918419564,2.49916084234862,6.223996858686625,-7.534241147497441,4.786365770922123,1842.512450198956,543541.172808692,0.9248969459320668,1.0770014719297911,0.0017103175763906,0.3522379779711113,6.273539950567582,4.583887027265515,35.660965061019574,-2.6457930256201045,0.8081883907967283,0.558392692430291,3.1719287071600077,2.0698982401086643,8.957600191642413,3.787559959619214,4.284478724404946,0.1219184485012914,9.079518640143704,4231.955082074657,1248426.7492120238,1.1749145105555967,1.6026720693169354,0.0064326570848092,0.2028802439473183,7.963223541819017,4.13477446962026,25.514846270534758,-5.942838145310084,non-void,34
0.8011253085631557,0.6997865491507802,0.0867632016840722,0.4841722272314442,2.6607387202445536,0.491884741366032,0.2344227456222572,-1.353639137528892,1.3070995827156615,71.37542664267484,21055.750859589083,1.9287693565351245,2.359459427996379,0.015972576625061,0.3232922942130852,7.15346597639668,1.888804378755781,9.636998466015616,-3.208057686259911,0.8611235011382831,0.7432521247043751,-0.1884206275472366,0.2509140399288942,1.358357424365738,0.3137836648373098,0.0629578554334387,-0.7654339417090477,0.5929234826566903,29.04575555402629,8568.497888437756,2.6022221845570552,3.102273445463597,0.0546923507337406,0.2690318969458584,9.456344829102177,2.286242878515456,12.211309018075289,-4.340946514045241,0.8488335831798176,0.5944690367401736,-0.1604415434074676,0.2525720251796697,1.3903933405099838,0.2992225204665084,0.0637926279033597,-0.7439943547605351,0.6463989857494485,26.412564442527355,7791.70651054557,1.2753466224284686,2.1571622083112967,0.0166606862450434,0.3428348118434633,9.3730974117416,3.754454278145423,21.28836787804978,-2.825896345720352,0.8497728662635077,0.7515368743654992,0.5764089684834653,0.3125661608581757,1.3682425580129407,0.6557018406728713,0.0976976049136189,0.0500963536697184,1.4183389116826592,126.83374663922848,37415.95525857241,4.055619288793151,3.063871221226601,0.0667868557498389,0.1106457336043905,9.19874207369512,2.03016939967591,9.79532570821019,-9.05140119099409,0.8604739727779888,0.5473059316958147,0.0960206711601891,0.5030467492022659,2.592394017911643,0.5121288911719594,0.2530560318829674,-1.0754742057138065,1.516919812197837,77.37142034604108,22824.569002082117,1.83054696599528,2.3524635866504866,0.0199128282940731,0.4116523289636568,9.53606523539285,3.349617208603404,16.956353646017845,-1.5510346166999702,0.7546906852397454,0.6087430057478355,-0.0748999218874849,0.8394428698750922,5.45422065492351,0.8427777465517717,0.704664331784131,-2.052938513330153,3.4012821415933576,209.53092737445027,61811.62357546284,2.109340676446813,1.7977497674187246,0.005454588143204,0.1916331673439681,5.398498438136572,1.6183273221948384,7.815901046795456,-6.251378082581364,0.8099143364497425,0.662863910922744,-0.0488330836036096,0.5063553077329241,3.896065926552297,0.5087045977023811,0.2563956976693042,-2.089965803242773,1.8061001233095244,76.3402084784447,22520.36150114119,1.549335533379323,1.9920737209504231,0.0086437071516111,0.2795425896406583,6.864751221918176,2.5202966421933524,12.744744432176438,-4.1116032851970346,0.8305630972824404,0.6658071704548941,0.9268297112136844,0.6101781587298933,3.5715066572053864,1.1096534138997836,0.3723173853910029,0.0884826398858401,3.6599892970912262,363.2425561989361,107156.55407868614,2.4349225754254697,2.428096256533825,0.0198329078826258,0.18629386557338,8.076344951000934,2.3467073090296275,10.751146564110986,-6.402690355539368,non-void,34
0.8622220443749716,0.7802073562536435,-0.1687096306130873,0.1865635764490035,1.2286695865775417,0.2515331141600396,0.0348059680574431,-0.6889712733411448,0.5396983132363968,18.664327718119026,5505.976676845111,4.912344492902166,3.9340532682141007,0.0906685745916624,0.1178098417430091,9.460876050309706,1.1293844135096252,4.932980197621229,-8.743806315051302,0.8254489824170332,0.7220150988297167,-0.3103117690508449,0.2243942359137177,1.7384050796955186,0.3829440783231491,0.0503527731113012,-1.2152451897310468,0.5231598899644718,43.260619301216025,12761.88269385872,3.933550988678173,3.2115731479697867,0.0714154753359761,0.1308256151407645,8.644832952025869,1.8412887089757048,9.584657487406092,-8.224141314989662,0.8422120943867497,0.6956333032778992,-0.2998387037742351,0.184544623163536,1.1568613476743477,0.3520794884959716,0.0340567179385715,-1.057778052673386,0.0990832950009618,36.56819003477759,10787.61606025939,2.0079772550853976,2.8605990721187213,0.0379741118328971,0.4115758695450131,9.461612412952864,2.513307744983184,12.220797697369928,-1.552405686385422,0.8489817333356849,0.7597234451325199,0.5235475801350239,0.2444851165125588,1.4670964963074824,0.577819211225621,0.0597729721961594,0.0791604441652516,1.546256940472734,98.49313705411262,29055.475430963223,3.0349630159606127,3.4573773102133964,0.0733430809337733,0.2211711952384821,9.48748866301636,2.166826951740959,10.11445176362915,-5.467134393440585,0.8880631192314943,0.6608544160892745,-0.0954545899402371,0.409551726316657,2.698570286592834,0.4205284714137828,0.1677326165289539,-1.5734670489390927,1.125103237653741,52.16903760453575,15389.866093338049,2.3585693912412404,3.028221611237472,0.0463652052840925,0.2138477190737706,9.752291417095837,2.924855036744727,13.559977625118666,-5.654020559836028,0.8317384519817638,0.7616136432776615,-0.1393686925948889,0.2914385594522213,1.8507427485944865,0.3230480868403257,0.0849364339355859,-1.1446044886549631,0.7061382599395234,30.78621959130241,9081.93477943421,3.728390135485572,2.629969150307183,0.0282164363266364,0.1166776879944124,7.407398525592256,0.988702937341661,6.045074766683908,-8.791313847340842,0.8413038548124082,0.7186638879078608,-0.0495087994725731,0.2191782491118862,1.7514048362962291,0.2247003028679924,0.048039104883752,-0.6176703828171167,1.1337344534791125,14.89461670214542,4393.911927132899,3.773815750337226,3.247309938481981,0.0477635147760327,0.1430145337586546,8.360670156252816,1.4653178310954609,5.7699163946327126,-7.775932803718213,0.8626464923679089,0.7813761240022083,0.4811834873855105,0.3164758114884818,1.7570112961188058,0.5759292385265528,0.1001569392572931,0.0289949820506961,1.786006278169502,97.8498738979836,28865.71279990516,3.928258325802749,4.241652390623671,0.1081988306285403,0.2348324212150697,9.821048534890028,1.5730893621346334,6.5004361968387565,-5.129985035056474,non-void,34
0.8003554668340338,0.6787818156926457,-0.3152358317915205,0.3537716891589195,2.48342169254635,0.4738438959147275,0.1251544080503552,-1.6596943009882643,0.8237273915580855,66.23577112021589,19539.552480463684,4.661421270444143,2.022371271869364,0.0428066425567612,0.1385877914360321,7.386333620601599,3.273995895553824,29.149657283428336,-7.934860483895023,0.8861122345169795,0.7714981566511872,-0.41699997815299,0.2163274199389633,1.296483762010661,0.469772854044423,0.0467975526174486,-0.9464658765382108,0.3500178854724502,65.10252764712763,19205.245655902643,3.8030943770589465,4.012734247730786,0.0922118552212375,0.2935085729301501,10.426186245187964,1.8554128447115723,8.520889892181941,-3.8148610474606,0.8863587438344307,0.7459746447641364,-0.4236873166000395,0.2071582845247627,1.0914417792813969,0.4716200770694401,0.0429145548472425,-0.7827522367838532,0.3086895424975436,65.61552164302047,19356.578884691044,1.3749803119846002,2.73535965116164,0.0331819803754998,0.5989438706579048,10.055770962630266,3.667131013219795,20.892663680212543,1.7418096728714323,0.875991514594419,0.8091601114119139,0.7649409188580948,0.2872376365384731,1.5760017064780374,0.8170924483726885,0.082505459844208,0.1557797664689937,1.731781472947031,196.953820410364,58101.37702105738,3.06894786266915,3.939963503913466,0.079418279258543,0.3767723404395051,10.73270802573539,1.9051316261912117,7.625324211795174,-2.1856770632922418,0.9131878591470964,0.6915112398755053,0.0278763934869629,0.3423095888792011,2.1849196286965498,0.3434427870147918,0.1171758546386477,-0.921072443691242,1.2638471850053077,34.79611964598387,10264.855295565245,2.760137244418757,3.574997060345797,0.0733312826522031,0.253544439906783,10.755439134957768,2.635449753221358,11.879969464968466,-4.68949865869259,0.752063430383736,0.6750832246377226,-0.1368974654150736,0.5941635370987771,3.3890537916689523,0.6097304526221411,0.3530303088177298,-2.146431907983923,1.2426218836850291,109.67251133216632,32353.39084298906,3.071566723743031,2.0087438255236867,0.0114098590401817,0.1462730443294887,5.963111428159543,1.330236133314724,8.422219480777864,-7.661546936235668,0.8463188650037585,0.737094475581977,-0.0277148161378225,0.2640442647208248,1.971711955379047,0.2654947923510258,0.069719373731961,-0.8883700973631969,1.08334185801585,20.79380800582673,6134.173361718884,4.3367874667915824,2.4090647761858217,0.0451875130090801,0.1101216565760153,7.7403854847266995,2.200537456838515,15.181332258878571,-9.074579005994616,0.8460132532508434,0.718037958273788,0.58862078455247,0.4623172390963132,2.4057990143038057,0.7484728836589895,0.2137372295656376,0.0349833435362526,2.4407823578400585,165.26243898397692,48752.4195002732,3.560557263614315,3.330340236215648,0.0748451242589872,0.1237773736869646,8.819733780020021,2.191975064431224,11.83270980455269,-8.49973199531558,non-void,34
0.9205266943648356,0.8046825800491748,-0.2315558302302996,0.1045115198075562,0.4649055266742385,0.2540487360451309,0.0109226577724852,-0.4642783527886724,0.0006271738855661,19.03952428440793,5616.65966390034,3.507306181798414,4.060492428985504,0.0986447928569994,0.2348526025749094,10.483682413941107,1.970872616523921,9.04969515463765,-5.129497238699341,0.9071132420483132,0.7901316938355393,-0.3890778768860039,0.1326187748670574,1.2239153868477657,0.4110587959518196,0.0175877394472392,-0.8847576415971329,0.3391577452506328,49.84595345016111,14704.556267797523,5.321935998766742,4.78103772712441,0.1640910612377634,0.1673067638996632,10.048595748129332,1.3823149318618635,6.466597021442833,-6.96971532928766,0.9044628613620654,0.785504441038447,-0.4021457220548583,0.1040892172218284,0.6259394848129141,0.4153982991164942,0.0108345651418529,-0.8059603510792959,-0.1800208662663818,50.90394533811853,15016.663874744962,2.7875557552291053,4.013745331885982,0.0892237151611508,0.2966013603391604,9.65587495223746,2.1337433017798846,8.942779094111428,-3.750283817843021,0.9059987134346152,0.800439052131973,0.6179808539330485,0.1554525815049237,0.9564172937629862,0.6372329565585608,0.0241655050965449,0.2823906841205332,1.2388079778835197,119.78942307268758,35337.879806442834,3.2814597910674204,4.262367876243289,0.0952363491497228,0.3089332930407085,10.418121483813248,1.9361772657520704,8.4733849816226,-3.496552555553032,0.8908689901149743,0.6602267899547977,-0.0252186520429211,0.2233795403725016,1.6534574169068244,0.2247985753244268,0.04989841905703,-0.5952924578255352,1.0581649590812892,14.907647843028148,4397.756113693304,2.689400354784223,3.5581033298304883,0.0722380676107903,0.2209937139039229,10.045247380562513,2.401207698048299,10.238918397359573,-5.471610404009732,0.8219301709960534,0.7452444457775704,-0.1385954154294693,0.2030496046129131,1.569750946683106,0.2458410688056972,0.0412291419334603,-0.7992688235970686,0.7704821230860376,17.829160177900626,5259.602252480683,2.807814903010553,2.8789135302038824,0.0325346897394632,0.1427289103733171,7.529820484395689,1.7069073205785037,7.782159679868831,-7.786062255255461,0.8816778291315173,0.6109329292565436,-0.0270507361980482,0.1325599131503297,0.8376234643794525,0.1352918064898217,0.0175721305744229,-0.3688962902726638,0.4687271741067886,5.399642506467412,1592.8945394078864,2.215527274954004,2.660979780508816,0.0332222190370331,0.2700517573620654,9.621790548032273,2.974062034308615,15.219710616778276,-4.31845058186243,0.8886653259846735,0.7096059559323526,0.3041546907305702,0.191744693770884,1.2242494151229963,0.3595498623038241,0.0367660275892901,0.0189420583966338,1.24319147351963,38.13645052739618,11250.25290558187,3.4541550395003435,3.5635217536178,0.067379847450561,0.2462759508744365,10.549044592334722,1.7872760217493742,8.179599077076299,-4.85790366063762,non-void,34
0.8945622006135109,0.8030159855136066,-0.3329328347861949,0.125529502340018,1.001656960302982,0.355811647415461,0.0157576559577325,-0.6891813099803039,0.3124756503226782,37.34756888876879,11017.532822186791,5.972195849167847,3.904306786485967,0.1198013003740427,0.0933505011729279,9.928448490164584,0.9311037694256776,5.468501936962165,-9.873227650328817,0.9342895743860816,0.829244914309895,-0.430905840044293,0.1618251148908606,1.5520695957164443,0.4602903548780032,0.0261873678094402,-0.8541024752836223,0.6979671204328222,62.50082718414684,18437.74401932331,6.05108538071438,4.637748915935358,0.1811768178355983,0.0973602929360407,11.155772574491854,1.0571589893368496,4.418389508051611,-9.67132557266068,0.91072605363929,0.7976016626270903,-0.4509911200909885,0.1516784321736292,1.4265675432503655,0.4758143936321963,0.0230063467866502,-0.9305769263450728,0.4959906169052928,66.78780447033454,19702.40231874868,3.996532246213918,3.8811967757368175,0.080053332867328,0.1461364788124866,9.754659809051352,1.320250402939534,5.004447563240763,-7.666298175102048,0.9256963300474376,0.8582935639189839,0.7303288177072991,0.1774494137608123,1.13150783024714,0.7515773256410794,0.0314882944440559,0.2803598478997749,1.4118676781469148,166.63620054325014,49157.67916025881,4.70579296298121,5.061004174245645,0.1566766634364788,0.2346065085486609,12.179266365024722,1.4143802267847143,5.022327615977402,-5.135447068793527,0.8990270982062735,0.7596614364267245,-0.0194811547202193,0.3733761490061836,3.3361508744602384,0.3738840248471722,0.1394097486466878,-1.312390722497099,2.02376015196314,41.23783289059667,12165.160702726018,4.14064764568017,3.58466084282851,0.065309041007076,0.1017224498181296,9.529032565925656,1.43182228272951,4.922891319675275,-9.4599373414758,0.8149697150587383,0.7128621288516677,-0.1220457247235841,0.2995483685592177,2.527002141652879,0.3234569276268384,0.0897292251064889,-1.4457391565522786,1.0812629851006004,30.864193288789167,9104.937020192803,3.3397770173717114,2.7636446915810517,0.03243185388938,0.0963964566679757,8.222866631594277,1.6012659076957094,7.141513180087616,-9.719168535131764,0.8718285803904035,0.7083446597395686,-0.0076575099411814,0.1374389835259334,1.1088985494375152,0.1376521400165689,0.0188894741926418,-0.5812498892122012,0.527648660225314,5.589692937086623,1648.959416440554,5.078827037009385,4.248420410609367,0.0925950828060857,0.1343855007460327,10.009596456954569,0.9129347077327606,3.621114067194109,-8.089721020499073,0.914146920319964,0.7420676664521998,0.3868889556092428,0.3371627140483436,2.1978386139031625,0.5131878405777517,0.1136786957444451,0.0128751031685874,2.21071371707175,77.69171911647247,22919.05713935937,2.962311449565223,4.15166102657381,0.0998618671584913,0.1900262387362174,11.7551501632468,2.517097516966452,9.5380504559985,-6.296573775043843,void,34
0.848435858842841,0.7653945480779751,-0.2444927044832373,0.0843863349498986,0.5140715143863045,0.2586459666644816,0.0071210535262764,-0.5210392840120872,-0.0069677696257826,19.734832141182213,5821.775481648753,4.68706854086318,3.396023899914552,0.0942881322851991,0.1116420643927077,9.505059321648377,1.743686858535228,9.34548658985474,-9.007601188245133,0.9050258262174312,0.8630024732384937,-0.4015049589163647,0.1266172010559496,0.7335363782432855,0.4209966123826585,0.0160319156032427,-0.7088756812340872,0.0246606970091984,52.28525355311396,15424.149798168615,3.886099753902866,4.555731952722381,0.1431437206543264,0.2213990510826025,11.525742780563862,1.6881156782503584,6.556613722854982,-5.461391714152337,0.9063708000980448,0.7650487262449259,-0.4171583782503034,0.1224687877444407,0.5190376415086984,0.4347639779420739,0.0149986039715928,-0.6665679742703279,-0.1475303327616295,55.760816372224745,16449.440829806303,1.59441532754364,3.0174441768613143,0.0383331119419931,0.3822748096594864,10.75642476423373,3.1970674537682946,14.654158519133109,-2.0841962973024137,0.9033576384279464,0.8225077176558067,0.6378384060656251,0.1622275191610761,0.7715390866551051,0.6581455767727188,0.0263177679731573,0.1784921514180467,0.9500312380731518,127.78090206652092,37695.36610962369,2.41706816387251,3.691098138414067,0.0829491753872576,0.2959194439667204,11.08068590798128,2.5069285190380017,10.695522500599877,-3.764488477597268,0.8910020941671472,0.7263637193363599,0.0182908907216242,0.2418960993320724,1.1382663259825605,0.2425866433987293,0.0585137228720718,-0.6883393589854229,0.4499269669971377,17.360242468861372,5121.271528314104,1.8272726978571845,3.052048013652054,0.0347251199548424,0.3092411777918692,10.502874251954715,2.757497358267833,11.041737802720377,-3.4902912133249044,0.8162754660675174,0.6838712926177785,-0.070329101814392,0.1649936016790914,1.0512601873400584,0.1793573838933256,0.0272228885950386,-0.6481586954958392,0.4031014918442193,9.48987599133205,2799.513417442955,3.155248326472356,2.8157971697215003,0.0297840202484753,0.12548876657846,8.30329322917956,1.905910575921716,7.937240537685523,-8.431605397552113,0.8752775052652914,0.7333652504695061,0.0025402329214379,0.0934062879529606,0.6066325873270013,0.0934408230509907,0.0087247346291514,-0.3465248687546258,0.2601077185723756,2.5757002866717373,759.8315845681625,3.232625834292201,3.480657304945622,0.0613085419357764,0.1330697277747525,9.814125517790176,1.8656726757058253,7.5396413131404625,-8.139048934679545,0.9097749626336002,0.7998870752404604,0.280559736650703,0.1450336936558358,0.8585466453022833,0.3158299196165028,0.0210347722954548,0.0484606707290832,0.9070073160313664,29.42581874686516,8680.616530325224,3.810055777544042,4.242927463914057,0.138966279849053,0.1577988039900214,11.97308512765729,2.134677410250684,8.77322043037175,-7.273121445909371,non-void,34
0.8149573886800249,0.5681984360957245,0.3445591536257315,0.5906328949056755,3.320507720636128,0.6837896071833347,0.3488472165446586,-1.486571525085258,1.83393619555087,137.93262693312204,40690.12494527099,1.411717020840501,1.7398874686862915,0.0106229862338981,0.2453288757113281,7.711411812150495,4.256595884285762,29.123982594331476,-4.880090643929556,0.8852669074527431,0.7533848649936202,-0.2831664082040666,0.5133975203288185,2.6922630875332154,0.5863106929051964,0.2635770138797795,-1.9064170253800024,0.7858460621532128,101.4092674414166,29915.733895217905,2.3050458577504784,2.81444005723384,0.0423898483744887,0.2752700863072027,8.763347119626186,2.46530361076756,14.26639879645877,-4.204171683137653,0.8685317498923608,0.6792746267507899,-0.2805407718795756,0.5109759947866016,2.484553220603747,0.5829233156556232,0.2610964672481571,-1.4432116868371736,1.0413415337665732,100.24087962080884,29571.05948813861,1.293022983036792,2.234092010809694,0.01435512226164,0.3946179506253365,8.492013626485246,3.2146083111096244,16.487117980179047,-1.8585270231324509,0.8597005230779737,0.7192972044043527,0.9992251360762112,0.3907392671274963,2.479557860540321,1.072906355392611,0.1526771748753329,0.0912464252361534,2.570804285776475,339.5827739953475,100176.91832862752,2.4839526955043887,2.7967807207644126,0.042042695908801,0.1448851010509489,9.357222161178877,2.543359715384176,12.784664875298487,-7.710007450662624,0.8592356844553216,0.6613493869705015,0.0344133637079845,0.7805744600548041,4.320285559197934,0.7813326866908532,0.609296487689849,-2.022247922170541,2.298037637027394,180.09182635100638,53127.088773546886,2.0561202694352314,2.32231883367072,0.0225253508693518,0.1691082921852422,8.019372794100663,2.811564346200613,15.548773033787423,-6.913795210710268,0.7923781707843113,0.5139556529636403,0.0326743556748492,1.3134892212537943,8.002713336212611,1.3138955620096544,1.7252539343498992,-5.050947959390643,2.9517653768219687,509.2648566212564,150233.13270327065,1.5631073046174029,1.273804543209525,0.004730688514332,0.2907586014959298,5.306144908417638,4.54837690541554,38.06993784373932,-3.872615061654136,0.808871886101037,0.4405950951703253,-0.166606397800675,1.2190942702650698,8.44776325093127,1.2304261585244518,1.4861908397931232,-3.2196730868138888,5.228090164117381,446.6148168164657,131751.37096085737,1.385040774880943,0.945077946553005,0.0047241969909165,0.2606463264311573,6.382855615271115,8.562013349370588,134.41840626354937,-4.5280062671350265,0.8595743020234217,0.5882231270748947,1.5770182240139463,1.1678032230942637,5.756959874029332,1.9623330111735504,1.3637643678693503,0.146675935559615,5.9036358095889465,1135.9714997887286,335111.5924376749,1.2128697384574674,1.7752625766451255,0.0121246409002396,0.2940738238884509,7.202403697385899,4.181566526503092,29.68293882817361,-3.8030291723841856,non-void,35
0.8169359467185481,0.7336726732508889,-0.015303096071753,0.4143249186809423,1.7882789034271895,0.4146074323855648,0.1716651382399694,-0.7520251692995884,1.036253734127601,50.71030028185847,14959.538583148247,2.246122238732119,2.620330117909932,0.0331642306832416,0.3278090179345631,8.560635925652752,2.379811849808177,13.516592393799908,-3.1187178455044844,0.8525027078015905,0.6890168346998247,-0.1965969551129384,0.4852650193049772,3.110621633558897,0.5235766435974188,0.2354821389610599,-1.849452941149172,1.2611686924097256,80.86908800761789,23856.380962247276,3.763602533498444,3.818911159612962,0.0869834338825541,0.1476718713554177,8.327972418676968,1.4293761766032125,6.245776837498237,-7.613090410649854,0.8724386691089229,0.5869748161109085,-0.1726995098144542,0.4774278788027518,2.4608030214622616,0.507703161451894,0.2279373794580951,-1.1844824702985977,1.2763205511636635,76.03993754373315,22431.781575401277,2.510710626138981,3.5699132785850067,0.0541033491225169,0.3069506029591535,8.819834717760214,1.9746249773393567,7.583254913755347,-3.5369569798218405,0.8482282781478376,0.6727585760836335,0.7417184615943788,0.3919796532836944,2.0162910178945364,0.8389245048622298,0.1536480485884052,0.1165310458663847,2.132822063760921,207.61932583320956,61247.7011207968,2.7052836546358647,3.806824251748498,0.0758987413995217,0.3880769504276902,9.28976862713074,1.998781825822374,7.721476991573008,-1.9777896287132608,0.8528379357864072,0.6662191711079652,-0.2988476755191704,0.7895447368229347,4.049733357499108,0.8442101779817679,0.6233808914447971,-3.086193704785134,0.9635396527139738,210.24379325936243,62021.91901151192,2.0116954551683537,2.939610189438564,0.0361393474536959,0.3367225644488676,8.66984929583343,2.5038086861676767,10.591509540524566,-2.944230025846959,0.781673222466355,0.4447286798361426,0.2263590449394093,1.0363924182115247,5.797226431040691,1.0608240484416884,1.0741092445263318,-1.8652038580096888,3.932022573031002,331.977560216903,97933.3802639864,1.8005850628022602,1.873408807912275,0.0135102915140637,0.2168706007342847,5.851352044667057,3.4303143311669366,23.916320071069737,-5.576328453843318,0.8030118719376061,0.4888097902343825,0.0893845984032786,0.7864660678466358,4.65086109323337,0.7915292049607926,0.6185288758741491,-2.241144118936369,2.409716974297001,184.82295228023,54522.770922667856,1.4375343252999933,1.6842518069426344,0.0142777435445319,0.2239889098094396,7.585060515514533,4.714606216354746,38.41930203430395,-5.396414118259156,0.850948826448038,0.5498643288551653,1.1250165398079786,1.0949405252453528,4.52964634782646,1.5698907505511606,1.1988947538245691,0.0820334809712961,4.611679828797755,727.0443057564954,214478.0701981662,1.5455787317280567,2.2585276171030286,0.0310497121059563,0.2180404522016821,8.167137450505894,4.137657951796484,27.388692373707933,-5.546472125902989,void,35
0.8635547460169285,0.4400869811624644,0.764262329323768,0.4876803644109869,2.095438005609111,0.9066030255053338,0.237832137832033,-0.2576849709542076,1.837753034654904,242.46906852735032,71528.37521556835,1.3123777817083917,1.8839097720482552,0.0121903358155816,0.3761669922458556,8.437375968878975,3.7117565883346617,23.987372240207915,-2.1968766532901,0.8264322387499934,0.5114968566139338,1.0819394918452048,0.4547894745903107,1.9817056165946731,1.1736381598313812,0.2068334661981309,-0.0710325676569969,1.9106730489376764,406.3408264126552,119870.54379173325,0.9236492820164568,1.5608284046576604,0.0101768082296706,0.327709480858062,8.78294583062907,5.842761890836608,53.62991888514218,-3.120679806423226,0.8528083264654152,0.3379282095284913,1.200075265168296,0.490621859666585,2.1455905811739178,1.2964915932050831,0.2407098091826983,-0.0785925462274252,2.0669980349464927,495.8626831191791,146279.4915201579,0.6506018992235467,1.133868574731602,0.0060684650599777,0.3396036392180256,9.632099617849804,9.575557649802397,129.5691030386799,-2.8883233574445306,0.8282104565777967,0.4488224978121155,1.888415884316135,0.5604743305288659,2.4200897537996244,1.969834010093051,0.3141314751817804,0.544428449489071,2.964518203288696,1144.6725780591846,337678.4105274596,0.7091644467765186,1.2764692507941886,0.006307188980764,0.4350211491194643,8.847850584478111,6.787355473584289,67.81247665596266,-1.13521819670945,0.8390063724797502,0.3511408037242894,0.0964302001585482,1.3899346500749716,7.455774746414018,1.39327567802702,1.9319183314790336,-3.8873924564102063,3.568382290003812,572.6590489195873,168934.41943127822,0.8259730942837742,1.2237550622189597,0.0050548949790489,0.3296221770897324,8.916190089643589,8.094904953302244,87.00003145616878,-3.0830321525683315,0.7891247127048425,0.4960461577352791,-0.1161204599538981,0.7982469208703395,3.6394258677899303,0.8066486892686822,0.6371981466789781,-2.170410346927966,1.4690155208619646,191.95122183017048,56625.61043990029,1.4400639459416211,1.4275471100453674,0.0060795102329959,0.2468110455452602,7.2600991512406035,4.15694619409016,31.66755007401873,-4.845393505895632,0.7215278032190784,0.3664659657210655,0.0086648719960062,1.154875160912433,6.569528624686997,1.154907666135793,1.333736637292518,-2.12448742122092,4.445041203466077,393.4744566032714,116074.96469796509,0.8800691193498884,0.9463843463206184,0.0032971085625664,0.3344277632188417,6.658986201062549,8.698862307110163,133.20632867955516,-2.988928736501537,0.8364300859679178,0.4609077461954575,1.717448934955184,0.9879676593902572,4.45684982351197,1.981340692606842,0.9760800960010636,0.3735190980707576,4.830368921582728,1158.0847273530292,341634.99456914363,1.4367539101028948,1.577766218742373,0.013884940103883,0.366290113823057,8.347524317645101,6.214608915640925,57.06980262505721,-2.3806528513591383,void,35
0.8780634679773203,0.7169429799531539,0.3625633062346555,0.3255951369027633,2.4814439730786035,0.4873031337910047,0.1060121931747292,-0.936513522259537,1.5449304508190669,70.05198153974749,20665.33455422552,3.470173108532774,2.168141465978906,0.0292419993464638,0.0776970250167281,7.237201054357971,2.11405866745165,14.695541297220622,-10.744692179880552,0.8225209639236754,0.7248856770787583,-0.2923155406055733,0.31021839951439,1.7261254124477698,0.4262438629198058,0.0962354553972697,-0.9355861152981296,0.79053929714964,53.59673004965549,15811.035364648367,2.990069950339149,2.973677025341712,0.062490331059902,0.1902522945888014,8.845983706213529,3.119977686669429,21.19384503685974,-6.2901982139010375,0.9197892580323824,0.7796548423105217,-0.3118969546762233,0.2718430314818473,1.6795351147640938,0.4137370470498656,0.0738986337652406,-0.820627319877803,0.8589077948862909,50.49761150995511,14896.795395436757,1.7857119082925796,3.498916792307817,0.0697129592525711,0.3382395381384325,10.851687001583274,3.6487272771648582,18.27817828923191,-2.9147644229105123,0.8785251148088101,0.7346782467615338,0.717360123336917,0.2751744399956472,1.4359501641132555,0.7683270911407946,0.075720972426918,0.1378888757336603,1.573839039846916,174.14632309935809,51373.16531431063,2.6848429674171257,3.5474887820182546,0.0682939538619458,0.2391555117328059,10.557368538546546,2.1672212205662773,8.973039189738644,-5.026155037821808,0.8522011805520647,0.7023909739208949,-0.0458550808144397,1.3386775989451796,8.976368088971782,1.3394627289902954,1.792057713917631,-5.248031233074296,3.728336855897487,529.2773186944682,156136.8090148681,2.033408717085523,2.6510806177028874,0.0317357176781294,0.2592639930877999,7.300796075679771,2.825820945099604,14.607557830750595,-4.5592125033775845,0.7551076892345904,0.6399045633995429,-0.1915614531622517,0.9389615450155936,4.622272473236959,0.9583029653276172,0.8816487830180707,-2.7045088603443777,1.917763612892581,270.9116491399328,79918.93649628015,1.9501777219398493,1.6860932538590598,0.007696543850307,0.1542459603743792,5.934889539721064,2.3690784317180333,13.9968448393208,-7.390302817952817,0.7570699094557322,0.622689496921684,-0.255541932659009,1.0418397617509376,6.430714039037407,1.0727216640454096,1.0854300891652506,-4.266052093425877,2.16466194561153,339.465871711144,100142.43215478749,1.6929638554862518,1.695037731930978,0.0130255774411048,0.1648497766688534,6.8727385097580935,4.75672141230456,37.21610024789655,-7.04676238266409,0.8285007842606671,0.6412718580342033,1.3832111122062118,1.3964110294936234,6.694599563871727,1.9655118275457375,1.9499637632914408,0.0882779271356473,6.782877491007374,1139.6548395455447,336198.17766593583,2.0851523901800872,2.228531567390926,0.0238228164003689,0.1838580194694803,8.918654839079666,2.980337008391699,18.860255459856933,-6.472831398270396,void,35
0.8391855688507006,0.6317598337253505,-0.5791092318161717,1.0777283518095624,4.612959821817498,1.223464712473912,1.1614984002941555,-2.943074788300603,1.6698850335168942,441.5754412873173,130264.7551797586,0.9814675953532218,1.4402432355125343,0.0036601995370982,0.4071993664730522,6.338461207671948,3.0010298521788545,16.97938783855163,-1.6310156544203709,0.810643831295313,0.692895751505961,0.883618264389612,0.7771699341434054,2.982668588909241,1.1767643535132153,0.6039931065364651,-0.5612999177406423,2.421368671168599,408.5084313913158,120509.98726043824,1.42415714081867,2.339391741732136,0.0141640746657523,0.4187525981836784,7.861933143504486,2.7006903832988844,12.347782887176256,-1.424035098640427,0.8628635498130268,0.6459495470333508,0.9872452373831452,0.7980555330043211,2.9994421733188283,1.2694667354816798,0.636892633758811,-0.4004324290892392,2.599009744229589,475.4060087858814,140244.77259183495,1.2489878598558226,2.303511559436444,0.0187319194874353,0.4414792318014766,8.546688246627486,3.327173704857346,18.197360472155214,-1.0212904843415576,0.8390082167771039,0.6640590682449252,1.7332073820640057,1.220318896691187,3.991280880673188,2.1197136690748497,1.489178209621596,0.1142428670575566,4.105523747730745,1325.4898814645144,391019.51503203175,1.0795166577896704,1.979905292690006,0.0109599538746582,0.5651612953826871,7.481495161456114,3.2346328869228853,17.772034518269795,1.1384421859465927,0.8365448504123651,0.6663391265886833,0.1988346484192126,1.2649617380409142,7.321525354012529,1.2804934268161952,1.6001281987074902,-5.067146732786153,2.254378621226376,483.7007077552473,142691.70878779795,2.120529891802849,2.373329237859484,0.0231933993085357,0.178575186187897,8.050968732641536,2.544310041635052,13.17013924298204,-6.627467063470421,0.7621939377038224,0.5405669211805886,0.2026096887208941,1.1479455965749292,8.212049054554996,1.1656885427331556,1.3177790926957702,-2.723948180569121,5.488100873985874,400.8547847045076,118252.16148782973,1.8528092465782109,1.363719867425805,0.0046286188027451,0.2321206731536179,6.122467675186591,3.759482711346834,24.91255714904952,-5.19579154127026,0.7844184562864802,0.5475277432436018,0.0883735721737235,1.5340614012894551,10.124185646806778,1.5366047869198218,2.3533443829261667,-3.15329636637007,6.970889280436707,696.5405099995488,205479.45044986685,0.9382761377297486,1.2940725767630232,0.0014690878407977,0.3448045954045413,5.530179408548685,3.018924259413734,14.78400698966823,-2.787977974278644,0.8237995156647723,0.5975983026419903,1.7536925735649953,1.5113602559901875,8.771317824207602,2.315091243550401,2.284209823386725,0.2255293881617624,8.996847212369364,1581.0960024593037,466423.3207254945,1.3613033480823886,1.8360264770077592,0.0061326946581978,0.2688455918440656,7.292889033862601,2.900289985796066,13.73949375979054,-4.345061827896325,void,35
0.9028077053944612,0.8412326523606062,-0.3941789194254438,0.2716946188469589,3.34444762693948,0.4787431319923084,0.0738179659103943,-1.3685202189943997,1.9759274079450804,67.61252099679243,19945.693694053767,6.857511610986425,4.98442818976674,0.208237661831261,0.0865289612728094,6.064840615597636,1.013506279607269,4.328070464336185,-10.235332640403584,0.8239091850118184,0.7573253158091944,-0.3040830029350462,0.1719278806191564,0.887010138160687,0.3493217267909201,0.0295591961341949,-0.8059062541289888,0.0811038840316982,35.99757229841613,10619.283828032763,2.7178674304307906,3.2821898891463785,0.0418778658931886,0.3734692093411255,8.671304117143157,1.7848507454953144,8.182857937448052,-2.246876157605035,0.9009368648316112,0.7798220871641753,-0.2884760218327528,0.1755831583159378,0.9481579733823892,0.3377097284009606,0.0308294454841996,-0.786125225929588,0.1620327474528012,33.644118893711926,9925.01507364502,2.1371747563661376,4.047170255276985,0.0763843458151588,0.5068865756649837,11.733302187018731,2.8745947855415728,12.29119195526508,0.1196396463589142,0.8921585871561191,0.8013490689808036,0.6441704657087792,0.2243054323978362,1.9296654933135933,0.6821059418408886,0.0503129270031802,0.299766967178624,2.2294324604922173,137.25421218892046,40489.99259573155,3.0225010640264367,4.142418667603919,0.0741968278096401,0.4191604935174313,9.908147264464306,1.8013055874342965,6.543685076101168,-1.4167580346521895,0.8609612667586767,0.6803896703703245,-0.0530207084496869,0.4759623594782537,3.253795244096888,0.4789064242256656,0.2265401676401064,-2.490243122124506,0.7635521219723819,67.6586521335609,19959.30237940046,2.239765130462857,2.9622434450289443,0.0389766421734262,0.2209988072278042,8.867482211232929,2.6771866919955487,13.451295238017764,-5.471481924697298,0.8616634711907889,0.7786065936986105,0.0631094006242458,0.5578420024724043,4.792824179868161,0.5614004775288077,0.3111876997224219,-0.3410719402124159,4.451752239655745,92.97529637002415,27427.712429157127,5.811122818913249,4.312259969589392,0.079650608009411,0.0916552352746116,6.323977522715294,0.6460806619612661,2.8531739230375943,-9.960934303761016,0.868458946151317,0.8006939475406366,0.026417379581678,0.3373162103117271,2.860659915186003,0.338349085535971,0.1137822257390653,-0.3839644018063258,2.4766955133796773,33.7716305864932,9962.631023015492,5.418661399172973,4.934374822041567,0.105203079551115,0.0876802257283441,8.381694588906466,0.9747153324245246,3.179986087155049,-10.172454176179295,0.912932300349646,0.6908979335789652,0.4317364576988289,0.687463158366237,5.507679667482922,0.8117893587730838,0.4726055941108817,0.016162237419328,5.52384190490225,194.4055790900783,57349.645831573085,2.8395294301116727,3.6063922152200623,0.0859672668103577,0.1991687143431549,7.1695403001053535,2.857245479427348,13.738006235198569,-6.04319910190179,void,35
0.8021797512856609,0.6817931533790654,2.0288986035744823,1.3527447530178756,7.0685958777453415,2.438513463240233,1.8299183668173933,-1.7679215464712974,5.300674331274044,1754.1726335691435,517480.9269028975,1.7582532480332946,2.476148036697201,0.018809475630418,0.5018051794381294,7.287499276359236,2.3178137051507424,11.329790740096142,0.0313593152166538,0.853299460039414,0.6709147023800754,2.112720955538696,1.4541880294534202,6.031622389750524,2.564810453226118,2.114662825005621,-0.8037561346856147,5.227866255064909,1940.5845349884996,572472.4378216073,0.9044453116848568,1.9134470240421504,0.0079416129373668,0.645438532180868,8.360606672742037,3.837749434947442,20.714063796923877,2.601633522816558,0.8295018148984029,0.6199560036819135,2.025961258346745,1.2545551990557473,4.829737093020616,2.3829451877455616,1.5739087474778055,-0.2858260936593986,4.543910999361217,1675.1361915009202,494165.1764927717,0.805406817222769,1.924043299170329,0.0076909496116813,0.687113231544531,8.919250019191013,4.357750340512775,24.620400513950848,3.4164111389429648,0.8128499069367708,0.670269377053104,3.7884458168169024,1.962321745337416,7.377792219931561,4.266500713603781,3.8507066322240817,0.3179512237144803,7.695743443646042,5369.893360058563,1584118.5412172754,0.7760814664494764,1.7655549785226614,0.0068176447207411,0.6566471931912791,9.078337091612836,4.688407056945401,29.741160902384767,2.815914902620552,0.8401514824573316,0.508716685977765,-0.0479033988846958,1.831354899157828,9.877172507834194,1.8319813051158809,3.3538607666693787,-4.936891883152111,4.940280624682083,990.0658731767552,292069.4325871427,1.5310819688339588,2.2074794705239364,0.0165230810642825,0.2324230101107135,8.776134905128666,3.6942617485481697,19.94836152691742,-5.18842825705338,0.7596395579781826,0.6221485028056055,-0.3806136744031943,2.141128132247625,12.15368296131722,2.174694564265268,4.584429678702204,-7.887875715150518,4.265807246166704,1395.142452114247,411567.0233737028,2.2397024222246618,2.045579738854486,0.0147826430650613,0.1785855193046487,6.573645362693701,2.52837373455841,14.987441602859183,-6.627161137151489,0.7326397090880019,0.5819870597554616,0.3077994113551117,2.1432625547884885,9.08656875501314,2.165251684305783,4.593574378758478,-3.800905331550581,5.28566342346256,1383.0528826347645,408000.60037725547,1.4963243384258371,1.580786895371011,0.0041465595460302,0.2758109513988447,5.713786231471694,2.331955331833433,13.050117189731957,-4.19240446632388,0.8074880686657667,0.6521136586095551,3.230245676322528,1.5294703910594798,7.628893547059839,3.574040683390163,2.339279677127638,0.6387124635041044,8.267606010563943,3768.2612079257674,1111637.056338101,1.993997527318592,2.602763456776344,0.0269649198635789,0.2076205399804701,8.148748142689698,2.6938355030142684,12.316668358474308,-5.816628930094523,void,35
0.8454724285363613,0.6827702574921838,0.1436355641989787,0.5802710309522271,3.2805430264040885,0.5977839448037386,0.3367144693623604,-0.6401035774191575,2.6404394489849308,105.4169651762102,31098.00472698201,3.07425866069286,3.038401895480733,0.0275713345910602,0.3241554008677514,6.872690294596819,1.119709044374302,4.87449076382636,-3.190935853033119,0.8562111463882557,0.7496619370760312,-0.0682984375253739,0.3032401550537789,1.997560877651201,0.3108364010302643,0.0919545916370399,-0.9438681324810806,1.0536927451701203,28.50268412060696,8408.291815579052,3.86292980368652,3.7436480520643673,0.0850004895896118,0.1598856241073956,8.462220884559706,1.8676803521046472,8.77387168886103,-7.205289981263729,0.9183563535768696,0.6478209944388181,-0.025329143279372,0.2984539020121149,1.9377038331017853,0.299526788660921,0.089074731626257,-0.8482198109162863,1.0894840221854991,26.46630765202959,7807.56075734873,1.962570260739984,3.4883864546358354,0.0611160539587819,0.3339961141159855,12.041814763364089,3.438371762954584,17.29082711050819,-2.9973534794240786,0.9080974780618084,0.7170760852726462,0.5721247652040309,0.4651391867348129,2.582540924770953,0.7373474147212361,0.2163544630363232,0.0628716913737867,2.6454126161447395,160.38595694884674,47313.8572999098,3.63336725591375,4.703334908590037,0.1554565571774557,0.3795799072982608,9.34046609425713,2.068667575782567,7.663976752319021,-2.1338263835912725,0.8266880455151165,0.6113503310624732,0.1355553138381341,0.754828124457314,4.372828290645895,0.7669033450060714,0.5697654974717462,-2.117396079024667,2.2554322116212284,173.50151847154288,51182.94794910513,1.938267526103152,2.659580217387844,0.0293553485780943,0.2146550178416086,8.591385523916633,2.699107716292529,13.553927996225497,-5.633194279462177,0.7287235767204502,0.6026236318211875,0.0773032571467539,0.8142495594278781,5.294706704387711,0.817910837802013,0.6630023450284936,-3.085185103896056,2.2095216004916542,197.3485508852273,58217.82251114206,2.264823265525433,1.8417500214619251,0.0108354474516281,0.1725697661139132,5.39231738918054,2.606707574662264,14.26081319855206,-6.80766675117642,0.8212757800511787,0.6467290781562418,-0.3010160174980717,0.5804715024459888,3.681465537924456,0.6538790468751104,0.3369471651519035,-2.3638873190230174,1.317578218901438,126.12955334297936,37208.21823617891,2.703429880702685,2.6735819900887736,0.029095738388382,0.1474514477990478,7.638320022122037,2.4127489899388155,12.113423988734686,-7.620700796159021,0.8403992614336481,0.6423066480069061,1.0806335773350393,0.7189629744666066,3.6006999904214867,1.297950957131199,0.5169077586538705,0.036685020639339,3.6373850110608257,496.9796226997496,146608.9886964261,2.247297452846797,2.839316503919362,0.035329442554097,0.2894684421087457,8.3161022550545,2.285173200675695,10.587728375678664,-3.899821477155721,void,35
0.8426268572919412,0.6771920670993268,-0.6859209495401455,0.341119702105275,2.170886802856717,0.766061485902043,0.1163626511643915,-1.931102198730845,0.2397846041258724,173.12080905382163,51070.638670877415,3.0752240754124616,2.257447162118454,0.0269354273902248,0.1948782325574883,7.214833771415456,1.588935106323701,13.261089395296642,-6.160982358377471,0.8835535437913632,0.7831037319856686,-0.2436630536941852,0.2442800871062662,1.7199061518472276,0.3450281795625111,0.059672760956645,-1.275012497344573,0.4448936545026549,35.11811118420502,10359.842799340478,3.527164583459859,3.647163042096718,0.0940122000745027,0.1787382732116693,9.826810481342251,2.167691094156116,10.844768629381994,-6.622640248058957,0.8963987162429283,0.7496060275048605,-0.2129981736981313,0.2397467810786423,1.2788571659521315,0.3206972731974966,0.0574785190375704,-1.0320853334563305,0.246771832495801,30.33978860571139,8950.237638684863,1.929376919883111,3.632110218983784,0.0734778021939203,0.3418867263291691,11.514480422967468,3.3569948184477774,15.544007452826929,-2.844184098984292,0.8763626795670665,0.7383070024675054,0.8175880287516156,0.3745546704461499,2.028427576027765,0.8993004981156058,0.1402912011530239,0.2543506382383028,2.2827782142660675,238.57870884373807,70380.71910890278,2.411832544035287,3.0188489312916085,0.0504601854745713,0.3071732909836224,9.434610854701146,2.596623216982467,13.086472971563012,-3.5324117069011867,0.8581931358819129,0.5998846637204015,0.031029220461814,0.7626674836973545,5.349231854929807,0.7632984365316899,0.5816616906892544,-3.2648679975628774,2.084363857366929,171.87422844745808,50702.89739200014,1.855848368353728,2.1574803522077945,0.0207912713947006,0.2283853850720997,7.95757086060053,2.906458581942501,18.619236007507524,-5.287321359107366,0.8068081009163529,0.6551991980946708,0.0166088926784798,0.3830705860289127,3.394689272531333,0.3834304750493105,0.1467430738805346,-1.6340290362049466,1.7606602363263866,43.37058411297928,12794.322313328885,3.1997670011669355,1.8992495127729816,0.0186303181003782,0.0889215359695049,7.261014191782995,3.281471650100732,20.702066481857408,-10.105488245725414,0.8370302111608973,0.6566755562081724,-0.0966501494899633,0.336810911181112,2.131175212980571,0.3504038260166164,0.1134415898906509,-1.4321326841227986,0.6990425288577727,36.22093817968953,10685.17676300841,1.8842526226706375,2.086878660027448,0.0242391509559106,0.170929265321128,7.6685603326748195,3.621917989231156,25.374049577199827,-6.8577515882227065,0.8770604384640737,0.7030805955447753,0.7301876304757345,0.5650241570017849,3.2844532592717552,0.923269339735348,0.3192522979955777,0.0163990364054009,3.300852295677156,251.46575074012688,74182.39646833742,1.935045156227293,2.543259829329405,0.0364166236925852,0.2666670077995038,9.130883408875706,2.817985226223981,15.809941368079665,-4.393319361355737,void,35
0.9028654120696896,0.8271619866579688,-1.0422732465001747,0.0799536770075397,0.4352468426932566,1.0453354059042677,0.0063925904670259,-1.2516533898403115,-0.8164065471470549,322.3542026969268,95094.48979559346,5.24567048878218,4.876147952284352,0.1869703903967352,0.1349233235134733,10.736644294106256,1.4671757592469543,5.354117867328974,-8.069675589837637,0.8464952532994755,0.7590979857704184,-0.639715113546969,0.2660254630525337,1.366626591063223,0.6928239123274589,0.0707695469923149,-1.3077566716368798,0.058869919426343,141.6014671803543,41772.43281820451,2.610307194800105,3.155218491170673,0.0356108131034539,0.3466870087858377,9.202500802878118,1.7193441329194452,7.649820101977172,-2.7518372600091423,0.8978779016963166,0.7580033222971102,-0.6826100275145296,0.2918107359246856,1.0855159321713743,0.7423678032244484,0.0851535056009066,-1.2442062879228837,-0.1586903557515093,162.57743680296656,47960.34385687514,1.461149234684453,2.702168913142193,0.0246761822046009,0.4765753517155051,10.054088570361708,3.134000975641173,15.61503081076305,-0.4072259255785642,0.8893661021049465,0.8044529869083801,1.4344545800580508,0.2572568703544007,1.0903992719951745,1.457340399355641,0.0661810973445409,0.979014161373466,2.0694134333686405,626.5331066802477,184827.26647067303,1.9360749219785789,3.2772085764646293,0.047064198503116,0.4257770211665431,10.357591592681857,2.7929718168771034,12.896974078107077,-1.298983481134099,0.846487925261883,0.6533873620832152,0.0669789207656187,0.7106492293205746,5.250321365311537,0.7137986431486498,0.5050223271339266,-3.412593567069798,1.8377277982417388,150.3050083734518,44339.97747016828,2.1291217633769897,2.129216690341205,0.0178564422467428,0.1384713292182848,7.807604735536223,2.8886842805618085,19.52336973458535,-7.939098736731012,0.8680700194019011,0.6775617785335737,-0.0178183507334262,0.1583834096854458,0.9927271696968282,0.1593825526412698,0.0250853044635877,-0.4275575356427786,0.5651696340540495,7.493825435501913,2210.678503473064,2.7783903863956256,2.650184425229656,0.0502685543115234,0.1868205101047883,10.404539519305269,4.015174760426458,22.75035795669389,-6.3876186129013,0.8503892604238678,0.7553811611713207,0.0057967060508255,0.1646488659327807,1.0160205858394962,0.1647508751235952,0.0271092490529508,-0.4808423448432389,0.5351782409962572,8.00714100192719,2362.1065955685217,3.41833998901777,3.690096036829458,0.0966391980089892,0.1506715983311632,9.63968668721725,2.083117731409964,8.673626464949159,-7.510442488006163,0.8557386465873689,0.6879915900012138,0.590913312203292,0.4613844485483077,3.3841635636749223,0.7497027090129069,0.212875609362226,0.0407500045966921,3.4249135682716143,165.80597481088094,48912.762569209866,2.845817375999028,2.4285198424679613,0.0500446147480255,0.0918640852373275,8.737487197570955,3.2575211366099097,22.114514500292977,-9.95005096314344,void,35
0.9011448214633628,0.7208607390604802,-0.9296968496832309,0.1792780701415977,1.1438472797188566,0.9468246187888332,0.0321406264336956,-1.518556112524729,-0.3747088328058728,264.46067332966265,78015.89863225051,4.506066859142842,4.240560269139089,0.1100564561198424,0.0990843896826661,9.521344207819345,2.05942599517809,8.496054432676555,-9.586788655682115,0.8994778284513256,0.8291480812694799,-0.9142002339260478,0.1414219262963129,0.7990331821110649,0.9250741748356184,0.0200001612373597,-1.2269345101789808,-0.4279013280679159,252.44985753960103,74472.7079741823,5.218526607414808,5.081755621581467,0.1613468418493694,0.191856283360915,10.877126640165825,1.1324486725889555,4.519434844627128,-6.2451257024685685,0.9038913379425684,0.8416080707968179,-1.0106624055913347,0.1499773872779402,0.7110445228633491,1.021729766019558,0.0224932166947172,-1.3462065260169134,-0.6351620031535643,307.95985585726226,90848.1574778924,3.866849778127627,5.564014821491056,0.117873645227234,0.2768688996627603,12.815519942784467,1.7121369235320023,5.162978248953549,-4.169428629815831,0.9041757837789376,0.7961483490444263,1.6604491907353942,0.197684818458511,0.9864072226086156,1.6721754699979303,0.0390792874489744,1.0971970332145096,2.083604255823125,824.870386726526,243336.76408432503,4.450190115806331,5.249289388910834,0.1428121487753468,0.2424543628341177,11.184861596316184,1.4768682435126,5.06728567469374,-4.947787961342053,0.8724714720753782,0.6330046597948729,0.0172046515961134,0.3679262294147801,2.341216966698435,0.3683282643619968,0.1353697102913774,-1.4123908654451625,0.9288261012532724,40.02138454673671,11806.308441287332,2.171797438596437,3.02003544040298,0.0516873444940195,0.1404817993691361,10.808313885788923,4.176001781515884,24.31670258432149,-7.86635015680816,0.8462005070963131,0.5223977670714752,-0.0745340477833118,0.3756157110050253,2.82603664387302,0.382939272774125,0.1410871623538106,-1.5287981621726026,1.2972384817004177,43.25953355666884,12761.562399217304,1.7702735982381903,1.9035393818667083,0.0215548974310289,0.1625657604103728,7.504418124873115,5.944124872297175,51.344487136633965,-7.11921632779903,0.8323906479682271,0.5975585494903813,0.0469016554425774,0.3685004320037192,3.2708963129288984,0.3714731937437504,0.1357925683869277,-1.6377755110244518,1.6331208019044463,40.70773843270368,12008.782837647588,2.4947401113844,2.172052060692805,0.0272484539654506,0.119766921275681,7.204522256600483,3.847059792271961,24.01621277560257,-8.662607983559294,0.891970326935212,0.5660267275777294,0.4713899580994435,0.4450753172597687,2.156138585068226,0.6483058927935783,0.1980920380338837,0.047871773922198,2.2040103589904247,123.98865653610922,36576.653678152215,1.441756463136208,2.20615167879989,0.0311236878016744,0.2302756380512963,9.85017482078389,5.952117337623558,50.778347149334586,-5.240872377222021,void,35
0.9063354515248372,0.6533370412408975,-0.3418021412274308,0.2949913871004255,1.1947193659025852,0.4514959824971753,0.087019918463433,-0.8486967972566626,0.3460225686459227,60.13534355227144,17739.926347920074,1.53126147333409,2.4175441348086464,0.0269181670824626,0.3096709719372971,9.442432264169405,3.70771157334788,23.814070993021318,-3.48155638024656,0.8795956199297499,0.828785629361084,-0.8299108918606494,0.2077104728175964,1.038984516114369,0.8555090466775019,0.0431436405181094,-1.2292681262827791,-0.1902836101684101,215.9092400393792,63693.225811616845,2.419083128263654,3.869392675606577,0.0708646093828001,0.3800728258494644,10.61525357692385,2.503261311985149,10.477541708609367,-2.1247385313144065,0.8915374568603865,0.676510155563218,-0.9088929582902814,0.2414678503998246,1.1454880834208645,0.9404217843108332,0.058306722776712,-1.5324869902129667,-0.3869989067921024,260.8959740598795,76964.31234766443,1.2685324250785357,2.397865036132008,0.0248127239339079,0.425505276205281,11.343644472674455,4.448623867317801,31.31531623581944,-1.3038109427725306,0.8902256009105327,0.7283734895824566,1.3000495998476178,0.3605669445478301,1.648987790217343,1.3491247101600758,0.130008521500558,0.4313890420997545,2.0803768323170977,536.9405576515301,158397.46450720137,1.4234003127834292,2.564165351246018,0.0308051948949282,0.4315758766585312,10.066187308849436,3.5115127481658006,19.634116049094217,-1.196153390245909,0.8844238086153324,0.6851802445065805,-0.0890722138420817,0.3578760607877672,2.3222149433294508,0.3687941623232385,0.1280752748849696,-1.1225698386227978,1.199645104706653,40.12269457829127,11836.194900595923,2.1577900504595124,2.542895175396674,0.0340380745717009,0.1899601204612282,9.36963910941732,3.093694470304356,18.188776913968965,-6.298439637857927,0.803994014567347,0.4679150547670981,0.0559958865020882,0.7857544777991791,4.681894194396103,0.787747192115983,0.6174100993814606,-2.8366084228069712,1.845285771589132,183.06096341255156,54002.98420670269,1.3294760006593025,1.0107279510406573,0.0029143167782893,0.1998547105465092,5.931675918518104,5.247601328292836,54.73007865879012,-6.024544638240183,0.8494430617504529,0.5433788897285401,0.1784631327047297,0.3175971559761256,1.4251199076873449,0.3643035042638342,0.1008679534841234,-0.4705562876639718,0.954563620023373,39.15152774957829,11549.700686125596,1.8539506714416136,2.06884049217506,0.0239178985831974,0.2764138426627563,9.081294737751548,4.3347528381633404,27.86811057788195,-4.179304611608121,0.8794158963748214,0.5657016343962263,0.74853818060626,0.5735524459401199,2.806347502154611,0.9430120975200816,0.3289624082438941,0.0406076034797324,2.8469551056343434,262.335185740421,77388.87979342425,1.1929497394684827,1.4770935976654205,0.0089973853430077,0.2408551210951296,8.471869909293398,4.806127425892008,46.30917985774207,-4.985687818306754,non-void,35
0.8683860371172446,0.3474509186785756,-0.4051114764463721,1.33280921912354,4.796566402031251,1.393016770512567,1.776380414580701,-2.291268388432527,2.505298013598724,586.0297083246367,176980.97191404027,0.5458157147220405,0.8781553635439726,0.0028623340239583,0.3991482892749995,8.747529777438649,10.431156700492274,156.636116501648,-1.7763302975645592,0.9017992727142182,0.7932452087582077,0.9856445614127752,1.2811329029726084,5.769637585154382,1.6164147724274254,1.641301515079023,-2.104990981064404,3.6646466040899774,789.0646083895248,238297.5117336364,3.621421461145869,3.868589011779077,0.0905045246637526,0.2263027381365072,10.554424791518052,1.7328815138388178,7.1617509291825305,-5.338812511412404,0.9270029893197056,0.7653104173437459,1.3911342693085382,1.0884024249086195,3.966036987781757,1.7663166176514231,1.1846198385469635,-0.5110957489034246,3.4549412388783325,942.2020669250523,284545.02421136585,1.514471056564996,2.7867770647001207,0.034129289531466,0.5295855969486855,11.318836046152256,3.5085643529808634,19.473644228017648,0.5145555477651184,0.9488480513904188,0.6838866766460717,2.3718835193569374,1.4308512864184657,5.142740623771895,2.770048164426465,2.047335403845377,0.1654376836634322,5.308178307435328,2317.2963836392137,699823.5078590427,2.1082911891613305,3.3920264364705197,0.0557883533656507,0.3395141684604439,12.588253132296638,2.8916112010849013,12.806167190520178,-2.890056029379204,0.9226873330905394,0.6559113050338895,0.9138123116054766,1.895951874978058,11.77915291793426,2.1046820313469103,3.594633512232813,-4.992790998300582,6.786361919633678,1337.7653088285165,404005.123266212,2.114720034745618,3.350994338082993,0.0484478238204092,0.3013604303274459,11.12779197732677,2.870241318069785,13.28009505967481,-3.651669522946246,0.8372196834763926,0.466271493894533,-0.0744622797368775,3.0040295688805583,14.300615238497054,3.004952292768111,9.024193650708714,-7.43078230559327,6.869832932903784,2726.9809611073224,823548.2502544117,1.0571863465707796,1.6188527303204705,0.0079749621377727,0.3545979824721503,8.644117158382125,5.383614264116562,39.48950153714608,-2.6009405837178017,0.8358264448187898,0.2863483210381826,0.7528933570432803,2.907109662337599,13.782104198788314,3.003020978271136,8.45128658885663,-5.822180288382154,7.95992391040616,2723.476768772832,822489.9841693954,0.6021823374928742,0.5906003949318858,0.0011944473249122,0.4387456299551975,6.566995015678906,12.59567629104324,284.3246462687204,-1.0694693174610108,0.8880034696543548,0.511144599032522,3.8659845071674863,2.744398571848555,11.464357595678464,4.741050488111619,7.531723521164388,0.1391424872618533,11.603500082940316,6788.223038708673,2050043.357690018,1.1565429952695074,1.7332196119644483,0.0148535886929779,0.2521732062816448,10.176397788218868,5.791221259347165,51.539109634128735,-4.721020809755877,non-void,36
0.8902534305667,0.7923777600583967,0.4506499898608467,0.1116090170318513,0.7711955970027062,0.4642649954976116,0.012456572682816,0.0618085312845431,0.8330041282872493,65.093679785408,19658.29129519321,5.121713961465197,4.419701692411857,0.1345621494951517,0.0960009980778856,11.221564665971815,1.908250507057544,7.345711870161718,-9.738921947151391,0.9300951599227671,0.825695120945608,-0.3239955704070053,0.3909763998281226,2.347704996459321,0.5077752208073183,0.15286254522256,-1.6654110573389742,0.6822939391203471,77.86637380950808,23515.644890471427,8.547369742554105,5.418715075154109,0.2015359953778756,0.0846736175980199,12.387204025217304,0.867315252913592,4.301909306735681,-10.33827864514476,0.9397578383528172,0.8446570121679213,-0.2433954370618603,0.2827463692250362,1.3839668376485317,0.3730775363010676,0.0799455093099405,-0.99924748153126,0.3847193561172713,42.03442812392729,12694.397293426044,3.319657173487672,5.057000613383913,0.1071664241046631,0.3916569765034751,13.8768944138619,2.0476967215039963,7.481213791362276,-1.912426647064407,0.9389242310831236,0.8708668823701221,0.731789811488139,0.2775755407181015,1.7966070087704304,0.7826650043299448,0.0770481808049464,0.2124429434723468,2.009049952242777,184.99448171884336,55868.333479090696,6.86084773114691,6.122687453916974,0.2265726246198873,0.1333226165987492,13.424178150481229,1.0701726046805735,3.8973374308345714,-8.129536342156323,0.9185283782657012,0.7426854612128488,0.0701523302253629,0.9826557767317384,6.248036070925746,0.9851567007234456,0.965612375544256,-3.7045765935020496,2.5434594774236965,293.101184944052,88516.55785310369,4.218902243810516,4.868236200902357,0.1111947131912308,0.1812352037247681,11.942914606198062,1.551644135587564,5.787040633777431,-6.549166010197581,0.855009748861968,0.6082268036177049,-0.18465127286325,0.8525362679036796,4.736288699829874,0.8723039496993885,0.7268180880911347,-2.7084318876924325,2.0278568121374416,229.79608255966824,69398.41693301979,2.5397889663395543,2.6633670558969227,0.0354740244533008,0.2069017690268967,9.917803599017752,3.408506924323951,17.56664778435464,-5.835627771773691,0.919367237311388,0.5806565572479876,-0.0194009090022637,0.3335977591238364,2.000080103808513,0.3341614282985983,0.1112874648924451,-1.1675237362799342,0.8325563675285786,33.722485769092906,10184.190702266058,2.629302590487854,3.0082907913831107,0.0427915324325942,0.1998228392708068,11.380895974772969,3.8026610310830593,19.755286966861348,-6.025410252655082,0.947717678926063,0.8275112030588989,1.189755936973205,0.6539056325197299,3.955671787370232,1.3576125241776524,0.427592576241028,0.0173975506027907,3.973069337973023,556.6197532728131,168099.16548838944,6.000557875544018,5.451774268565746,0.2122286871534937,0.078167130644452,13.18026545402015,1.5050974746658257,5.399882211058022,-10.716280189879576,non-void,36
0.9378978126649108,0.8138638693307532,0.4638589339488451,0.076266271514092,0.374707654991983,0.47008685875572,0.0058165441706612,0.278391069948237,0.65309872494022,66.7364597419957,20154.410842082714,8.25341467852773,4.941758996990853,0.2271959646759792,0.1104655019195186,12.667683018267873,1.351746550098721,5.516058577733379,-9.059361111499346,0.945062706331654,0.8367162547948178,-0.3154354142384524,0.3342822447486488,1.8725523931996688,0.4596130108145108,0.1117446191541955,-1.3108745178558725,0.5616778753437962,63.795724152413854,19266.308694028983,9.775987016874437,5.093082881233873,0.2808508059860868,0.0851753948572927,12.605675773816758,0.8343784781207129,4.262980663121409,-10.31023680366516,0.9494433129416914,0.8851011803110885,-0.2335430429873891,0.1966123193889264,0.9910758993687636,0.3052847147554274,0.0386564041354932,-0.7476164904555728,0.2434594089131908,28.14602463311742,8500.099439201462,7.514494636896264,6.706320042560385,0.3070257749152134,0.1922278620591676,13.566671957341828,0.790886389650082,2.991394091996852,-6.2347253211913625,0.95647547629471,0.8714079740420011,0.6901788515215972,0.2215348380287662,1.2704091311251604,0.7248617327105236,0.0490776844604316,0.3266707936564089,1.5970799247815692,158.67820852752698,47920.81897531316,8.885202047083396,5.4775909799766485,0.3040785939636036,0.0607083335236969,13.63330117335807,1.0018355314022158,4.398356768206908,-11.895521551269727,0.9304171905624312,0.7382286748011431,0.0086155342755786,0.7573073753426475,4.867343618506167,0.7573563812230166,0.5735144607483695,-2.724400566579463,2.1429430519267045,173.22378383012543,52313.58271669787,5.483294099433366,5.607796943348093,0.1412715021219394,0.1814234647285364,12.011938945000628,1.1977015086931946,4.446899782947891,-6.543658346056297,0.9228299798016076,0.8208093182553245,0.0888717280234503,0.418904901891577,2.3781094839983483,0.428228327963793,0.1754813168287917,-1.177092201916849,1.201017282081499,55.38060926294111,16724.943997408212,6.938202152946786,4.38789541754667,0.1220951654734331,0.1178269822745832,11.59229963649941,1.0149125957105682,4.22343761963649,-8.743090149035055,0.942475982977076,0.7663101873643341,0.046060050072485,0.1419583000496519,0.7856612402388362,0.1492437173406868,0.020152158952987,-0.2833327983614921,0.502328441877344,6.726653524031385,2031.4493642574785,4.385603522766219,5.304300775694002,0.1481166112033104,0.1619572465011186,13.73241240614052,1.8348245922529816,5.968124321045514,-7.138657883399951,0.981685441450408,0.8453794301840495,0.7506583205409034,0.4644932314019939,2.785708946727928,0.8827467792156231,0.2157539620182662,0.0641948856844824,2.8499038324124104,235.3310466170979,71069.97607836356,7.814612677492994,6.648038098563439,0.3397528918899861,0.1451308410884129,14.321112453177037,1.1461008464386775,3.8777222982524897,-7.7013993683270465,non-void,36
0.9642241635273068,0.8597905227175853,0.4449238931257555,0.0581286368678521,0.3918182619432963,0.4487050357398424,0.0033789384241146,0.2506823442441949,0.6425006061874912,60.80353514768456,18362.66761460073,8.646116341023507,6.667437092342091,0.2537878135694421,0.1549379099845652,13.148022532689488,0.3248365667247694,2.5134423550347367,-7.367309069224353,0.9348612325578916,0.7677195860678951,-0.2889661237893841,0.297501356706865,2.193555256175376,0.414739048005233,0.0885070572424253,-1.3503108504415031,0.8432444057338725,51.946560337966666,15687.86122206593,10.314330025092064,4.179155439786017,0.1773263106890731,0.1365349452761274,12.33731602903663,1.6781779587480856,7.186318589153236,-8.010009444378607,0.9514661083143224,0.8358603076420514,-0.1609157123230632,0.1621716972646939,1.07213629130128,0.228459024479556,0.0262996593937115,-0.7790555296872002,0.2930807616140798,15.762444811577415,4760.25833309638,10.57730170602454,6.627443222339925,0.3037931863675611,0.1177914731837641,14.188061194481495,0.9853037297684412,3.651867489861898,-8.744573927808617,0.9445905910676018,0.869911360985457,0.6240223844505524,0.1900901802023914,1.263995235985567,0.652332900369689,0.0361342766093776,0.3404717851250609,1.604467021110628,128.51254029722864,38810.78716976308,10.807285472521958,6.3926068027696274,0.3277620536821579,0.0853505307805825,14.281097832758428,0.6323766166943274,3.029801493912844,-10.30048456906919,0.931661009348422,0.7493411512251184,0.023805643449233,0.7412905354902822,4.521386354005982,0.741672681624112,0.5495116580074694,-2.478470386992361,2.042915967013621,166.12366673358545,50169.347353542806,8.509641072264353,4.558700866104104,0.1599464015045061,0.1422141140215356,11.913385688547953,1.7896511883549413,8.165450328316979,-7.804361958927042,0.912832392923304,0.8337393648422755,0.0750565046056577,0.3808963362623094,2.383412081463166,0.3882209394940842,0.1450820189780503,-1.0934282767420205,1.2899838047211456,45.516080354224165,13745.856266975698,5.347125143919733,5.785619897504912,0.1806470384083583,0.1369602969625036,12.393105024890152,1.0397971471849623,3.1651413372828374,-7.994360856919926,0.96249679609194,0.8693934780980777,0.0444827980967025,0.1294675871500489,0.8457706671222992,0.1368962214561363,0.0167618561224555,-0.3118021097291369,0.5339685573931623,5.659653785588192,1709.215443247634,6.703946164741009,7.416400387612463,0.3164945474113189,0.1538425095576956,14.792242952532238,0.9554447473279908,2.5593925897353427,-7.403748427028802,0.9835551941177376,0.7894355911098718,0.6781788072079123,0.5095173651919939,2.6338660108709933,0.8482537591889224,0.2596079454321917,0.0632961922967232,2.6971622031677165,217.2994008733978,65624.41906376614,8.3041152986664,8.553473642440544,0.3229461730537117,0.2161340150720311,15.646445382880598,1.042513022593071,2.809807489178188,-5.595186975715835,void,36
0.9552067570652822,0.8071609746866142,0.4787635746363387,0.0602310641961336,0.3566406107908997,0.4825373990612166,0.0036277810941987,0.3203113957424524,0.6769520065333522,70.31838713081467,21236.152913506023,6.97183195706099,6.6475243044159456,0.1396232485895285,0.2096803000571901,12.900286083250863,0.5363472319244196,2.2808565969878347,-5.762451668007302,0.941896816840379,0.6945218018344618,-0.3974706396590697,0.3296540325100197,2.1508336099177514,0.5163861835304147,0.1086717811501171,-1.353870691538018,0.7969629183797335,80.52971654341434,24319.974396111134,10.56568988783088,3.869307959032129,0.1241110199399542,0.2780407321901356,11.969949273010371,1.5411394783846954,7.356939588828893,-4.14404271990508,0.9426446214499776,0.7873808377279234,-0.3790261712012112,0.1605305003083779,0.9703871072633689,0.4116198245768879,0.0257700415292581,-0.8160353717441681,0.1543517355192008,51.16812575538182,15452.773978125317,8.966121369205332,5.505549701416918,0.1913228116257546,0.1702368986616698,13.067917602721034,0.7821045661312197,4.768749961467976,-6.879004166722029,0.957091199637916,0.7846267255557392,0.7886015360016092,0.2168767609369008,1.201884673213658,0.8178801330381971,0.0470355294344816,0.4088933840447989,1.610778057258457,202.01622942961083,61008.90128774245,10.32984687152411,5.514070607091156,0.2187995940738766,0.2107908334543893,13.779901607000353,0.9286637674049744,4.4138111275352445,-5.733403988858087,0.9049297088311676,0.7106093660452266,0.0570053827130611,0.8712275058467697,5.9470954016908735,0.8730904767561296,0.759037366943983,-3.0647233072575544,2.8823720944333187,230.21066814187824,69523.62177884721,7.008816887821583,4.716449500554808,0.0935352779193623,0.1735079419334719,11.187092360490956,0.8303696114834221,5.416682585580352,-6.7791932621085245,0.926801839504056,0.7999304035278647,-0.0127490105551432,0.3144214911486607,2.1268669929883197,0.3146798553550615,0.0988608740961473,-1.2557201370969249,0.8711468558913944,29.905070232617305,9031.331210250426,6.227392583828607,5.721568784449142,0.0927542205004899,0.1692855436836463,12.099213953902307,0.5600159155270632,2.436003344001829,-6.9083189511959,0.9462799869834456,0.8424905877472417,0.0315403882812217,0.1251452173909608,0.7253133790407297,0.1290585972679118,0.0156613254358308,-0.3008113493761594,0.4245020296645703,5.030148701685842,1519.1049079091244,7.714024480593701,7.096498622287781,0.1765805350096563,0.1892210862228496,14.045089330357571,0.478070452833778,1.9358538916704036,-6.319329099176302,0.9860618143772352,0.8274863852126062,0.72870310022163,0.5890316674209242,3.0248782578356583,0.936998673156632,0.3469583052246742,0.0503600322153602,3.0752382900510185,265.14588707618134,80074.05789700677,8.54465250077336,7.6499255465849,0.2708827319401908,0.2011362291396755,14.974490533429092,0.993470644505664,3.0434523447284128,-5.989824220549508,void,36
0.9627795529838964,0.8388960498366403,0.4846218112243679,0.0574754122950056,0.3845358694788119,0.4880181584048567,0.0033034230184808,0.3328387055835895,0.7173745750624014,71.92484032572608,21721.30177836928,8.670705897238744,5.846123480828853,0.2051024314395606,0.0808618844894536,12.807609535208686,0.54543346030654,3.396654094217549,-10.5563687411575,0.9366458576271952,0.7608487748652065,-0.4414610800946122,0.3270032583065131,2.169225845112464,0.5493805749945821,0.1069311309430761,-1.467027915299907,0.7021979298125569,91.14934288677608,27527.101551806383,10.315346286093355,4.414504873595591,0.1795507242828507,0.206150689641193,11.917237761360113,1.1004175485953258,6.539903354745305,-5.855532792639469,0.9281079744258746,0.8006431640910503,-0.4911273763910995,0.1494938345701637,0.9479375550962384,0.513375599746712,0.0223484065744914,-0.9409743139752949,0.0069632411209436,79.59346093741948,24037.225203100683,8.47711644570617,5.585812842959895,0.15585712934315,0.1238251827654877,12.161868329791115,0.464974126267982,3.709363026401249,-8.497817847002436,0.9331815254085352,0.814634438282963,0.8679307216185559,0.2241238675380976,1.2389561702599268,0.8964012748370799,0.0502315080002347,0.5032574192024193,1.742213589462346,242.66764414992167,73285.62853327635,9.742808467638737,5.812330833869051,0.2313366634835824,0.1496064950237049,12.726014916020793,0.6722472505948348,3.812764630223236,-7.546694845054054,0.9081026486424124,0.7579434883043865,-0.0002232306457488,0.7024472675698759,3.9495135364470855,0.7024473030400971,0.4934321637163848,-1.958850707464844,1.9906628289822412,149.01652849158842,45002.99160445969,6.544999216734476,4.915328636968605,0.0987629049302983,0.1172866750104481,10.908595971989484,0.7715892377708143,3.712450739817149,-8.765710078017895,0.9024547508528558,0.8017541430965593,0.1128682304729499,0.3417811719563868,1.9545129797686984,0.3599355594463767,0.1168143695038812,-0.8772895030429388,1.0772234767257596,39.1251893001008,11815.807168630445,4.571919926398144,5.038690790583024,0.0962841115713909,0.2904351723804808,11.513178612056278,1.1912330465319376,3.9956390249347686,-3.879428702048947,0.95902956720239,0.5267163878990943,0.0334392615294909,0.1869036342298869,1.1773500408364177,0.1898714109600944,0.0349329684883393,-0.4059481664728353,0.7714018743635821,10.887448115393076,3288.0093308487094,2.653499361608767,5.1523696549323885,0.0718588511238183,0.2798784060470907,13.75188912944764,2.5256388512752586,8.68037341357279,-4.104364409699564,0.9721044792066604,0.9086064904820036,0.6902742167897516,0.4272686260861593,2.009854882041051,0.8118109220762303,0.1825584788375542,0.0643187315340521,2.074173613575103,199.02916590708227,60106.80810393884,9.191221331676612,8.2884562353013,0.4440871519691907,0.1018592637393408,15.157857234071532,0.6993068685359634,2.365437805511518,-9.453438614612784,void,36
0.9525924117797782,0.8493507491715677,0.4200221645304431,0.0493957911513597,0.3251779775047513,0.422916732797731,0.0024399441834687,0.2799309647676593,0.6051089422724106,54.01528598985284,16312.616368935553,8.841558687918484,5.932918104489052,0.2475561844275686,0.0801112856678347,12.715233523702288,0.4851571503046769,3.5003411132086075,-10.6004153803257,0.930047611863171,0.8159116951470604,-0.487533281568285,0.2713370916450838,1.8815151620624349,0.5579538672140856,0.0736238173024125,-1.4000939025531995,0.4814212595092353,94.01638041762432,28392.946886122547,10.645992692664258,4.778667198069743,0.2879830690718203,0.1064132263446077,12.293374764441594,1.1011591345962963,5.819445018364399,-9.24141119881649,0.9479037467842968,0.8537760221071814,-0.582196302421623,0.1403032158969694,0.9117698703319942,0.5988635294826706,0.0196849923910316,-1.0579948506662744,-0.1462249803342802,108.30853313722132,32709.17700744082,8.07362977585711,6.665548134098137,0.3041925946153078,0.1555927803116261,13.424274449942702,0.8116805956834597,3.674133866903067,-7.345624929328643,0.9329539154471466,0.8345193652324998,0.8970506958085379,0.2100206106869521,1.2536873241790365,0.9213080960047526,0.0441086569133203,0.5321386006626877,1.785825924841724,256.3401995446985,77414.74026249889,9.54738939393193,5.468339438034096,0.3023309236750901,0.0888429889221354,12.421419079060536,0.6446553667608909,4.3576196155355,-10.109700577925828,0.9234463320907258,0.8007462813298424,-0.0102491384901338,0.5995096423638739,3.647109930234308,0.5995972449295026,0.3594118112872601,-2.1868623628858503,1.4602475673484572,108.57409055036908,32789.37534621147,7.781648142967945,5.106044788146765,0.20063362837099,0.1058993162021619,11.99327290060808,0.974874989104334,5.455275139530642,-9.264932708939286,0.9035285988251008,0.8272339041664508,0.0489988954209906,0.2733762664414833,1.6050181875367036,0.2777327398884799,0.0747345830534848,-0.6850655012310018,0.9199526863057016,23.29491339140054,7035.063844202961,6.647875163480253,4.889527401503784,0.1494835368926954,0.050820427468309,11.522432377688352,0.5777162306468452,3.099152003654128,-12.713100669292173,0.9515319802725396,0.6207220462647339,0.0211938907846399,0.1239104838922159,0.7508158839167317,0.1257099400405328,0.0153538080184031,-0.3612711818407687,0.389544702075963,4.772502685548297,1441.2958110355858,3.862562574721328,5.773302434503551,0.1169022960739498,0.2930311569578457,14.16220509566378,1.8530084458611944,5.441213820643672,-3.8248647290260793,0.9848331344807184,0.872080024680484,0.5709480564565581,0.3556313214362387,2.1731459423273805,0.6726479911201746,0.1264736367864853,0.0288069068573082,2.2019528491846887,136.64150662731794,41265.73500145001,8.606099309284346,7.969783609196773,0.3681929951745817,0.1456657660557308,15.320544953953272,0.6972058624014151,2.307486068005601,-7.682703115334237,void,36
0.9465260390715234,0.8366950999657233,0.4364805577272527,0.0504284506073479,0.3535788266501135,0.4393840073381727,0.0025430286306577,0.2815599984859804,0.635138825136094,58.30360838317451,17607.689731718696,9.595278478447783,5.178517496157498,0.2449385569254182,0.0955997859230596,12.641688132036249,0.7704819694185977,5.473019385416785,-9.759036919332246,0.9253140464482298,0.7645679606025438,-0.5078741698110009,0.2665350471189696,1.726980465338566,0.5735652567092299,0.0710409313427113,-1.3637848076971286,0.3631956576414372,99.35108531858528,30004.02776621274,10.40056222590584,4.12856919192144,0.2109418904933892,0.1793853914371381,11.944063430206452,1.2656410676989267,6.403056956348482,-6.603521706372566,0.9316686855007374,0.7963716112110155,-0.6232230411811223,0.1319656169847242,0.7668043555600133,0.6370415081650533,0.0174149240661589,-0.9741729846665578,-0.2073686291065445,122.55820870381211,37012.57902855125,9.61863437003592,4.536668621701354,0.2422658359415639,0.1181020095045766,12.667944192168088,1.2974566774499274,6.860823349080868,-8.731610608747829,0.9321012301818232,0.7743837962708209,0.9404775301710666,0.2082289796762502,1.145701937519238,0.963253493496744,0.0433593079770122,0.5771070502582197,1.7228089877774575,280.2129024055719,84624.29652648268,10.04003777712007,4.489384477697739,0.1966317232877035,0.1471736091136424,12.31401494592497,1.4545003810800858,6.840469245154601,-7.63030689563462,0.9387498949197014,0.7851648941647223,0.0285316628337725,0.5894038200252727,4.015265251970615,0.5900939915339286,0.3473968630603841,-2.2671157064744523,1.7481495454961633,105.15969749102216,31758.22864228869,7.621073243365061,5.166668670375922,0.1886099908281699,0.1065056741195334,12.355119417266874,0.7458969794648402,4.113979668595079,-9.237190530632402,0.9003781790047904,0.8675673017734729,-0.0124827297522337,0.2220722949009216,1.323361518561001,0.2224228466336792,0.0493161041625619,-0.7330511674259983,0.5903103511350027,14.940520656798022,4512.037238353002,7.98684540104893,5.246459761727997,0.174278512736733,0.0670372666915416,11.725811372009709,0.3375692157309108,2.7846957718994982,-11.435479949818742,0.9558713203195728,0.8045796119574442,0.0211853572489978,0.1006252547601823,0.5673098461849574,0.1028312270534552,0.0101254418955515,-0.2357368154679732,0.3315730307169841,3.1934268997104165,964.4149237125456,5.826259552807494,6.906941678717426,0.1883885617439663,0.1795715710178879,14.397994968441685,1.22807042601601,3.648463013693946,-6.598031138781729,0.9815672356818888,0.8645036144055515,0.514404129678279,0.379005928946138,2.234848409505424,0.6389500002397627,0.143645494176325,0.0397425983197994,2.274591007825223,123.2936450475306,37234.68080435423,8.401298664028864,6.987960004233229,0.3888280797584929,0.0972146527967098,15.192515278496792,0.9517130057410856,3.231379078992606,-9.678527715036385,void,36
0.9297651748773984,0.8457679609933186,0.4060979141351192,0.0467082973019334,0.3297721266460452,0.4087752205084604,0.0021816650368458,0.2229843235287928,0.5527564501748381,50.46334863232562,15239.931286962352,9.87835924770783,4.795327900785286,0.2523476689306032,0.1202323420564071,12.398572936026168,1.046971495550309,5.955629683400972,-8.643466389945537,0.9363374206590662,0.8331517645230353,-0.5612198099707558,0.2432439984650136,1.737672463171548,0.6116660182590323,0.0591676427892475,-1.3936245390883155,0.3440479240832324,112.98886600364338,34122.637533100315,10.21887351865212,4.828491006641515,0.2570107585030413,0.1196309140810828,12.376151983481275,1.1124999490590723,5.79857651938247,-8.668213611308232,0.9015822343068848,0.8371124621238778,-0.7415436857415834,0.1300681250262348,0.7176697096281708,0.7528643669420492,0.0169177171478402,-1.0555160828089123,-0.3378463731807417,171.17503601333783,51694.86087602802,8.798374132912478,4.523389378979588,0.1949693545628498,0.1108032277618321,12.622698542030736,1.0900901521344608,6.794927707179095,-9.044454587033544,0.9172404079218328,0.8310202920891688,1.033230862162364,0.2011746487032338,1.2604688219860107,1.052633485029643,0.0404712392808695,0.533277702111289,1.7937465240972996,334.6272506493068,101057.42969609068,9.532793281828564,4.869631855980908,0.2452455047853518,0.1263819289280588,12.532230118201,1.2178440250121054,6.363032940830366,-8.396366271428464,0.9191149965259668,0.8274135457835048,-0.0313888505531913,0.5047011847602132,2.978753573250705,0.5056763251699782,0.2547232858983629,-1.6278543841394326,1.350899189111272,77.22398084289887,23321.64221455546,8.174123705670894,4.705544769324969,0.1716360730848669,0.1030046403958154,12.5456723116911,0.9076606894738892,5.147060834746768,-9.399334056747431,0.9121543522324094,0.8550659188563261,0.068421291143293,0.2342451035636463,1.8191967526459771,0.2440332797494199,0.0548707685435434,-0.7854927742545841,1.0337039783913933,17.984776970828115,5431.402645190092,7.10331228561794,5.161600142749944,0.185234956638922,0.0818783378689957,11.623343232745713,0.4520643004613743,3.197410537806657,-10.497312141296202,0.9520504148500988,0.8369469064710333,0.0333921485917064,0.0992589657275151,0.728853513263745,0.1047252494142011,0.009852342277296,-0.2482369032703441,0.4806166099934009,3.312148115189725,1000.2687307872968,7.741322514587529,6.749648564983505,0.2524988327145691,0.118004447074636,13.94439428844208,0.714794500783134,2.8519381858012234,-8.735680089535995,0.9694709062239772,0.8974635209218302,0.4864108436631598,0.2993871348178341,1.6042647293709018,0.5711638690669594,0.0896326564944319,0.0295064844376266,1.6337712138085283,98.5209059289167,29753.31359053284,9.869478320459487,8.16707002167908,0.4711934485664946,0.1055867070161416,15.710396545855268,0.6347047892267488,2.135651778009372,-9.279289984783782,non-void,36
0.9133438351620876,0.8276552881182642,0.2503242241365837,0.1828906838192815,0.7209185301922044,0.3100180953064949,0.0334490022278844,-0.1951084287039274,0.525810101488277,29.02558826407503,8765.72765575066,3.4610605690414613,4.313477227748765,0.0819887959137134,0.3522175460296854,11.152071160670282,1.5666822350582184,5.920892942979082,-2.646181906371052,0.9263727619951004,0.8570533560385099,-0.5589694320097082,0.2544935893815533,1.560394876676914,0.6141773465030783,0.0647669870363066,-1.213627269830876,0.3467676068460382,113.9185715131838,34403.40859698149,9.931835811800848,5.379464389986861,0.3181663271243152,0.0534789642249036,12.6123803636089,0.7061772892547267,4.730641213104068,-12.47947279797486,0.9240274424773616,0.8398091845251969,-0.7532125814517387,0.2426554714217881,1.0236942467828394,0.7913348663291176,0.0588816778109302,-1.2619630353275393,-0.2382687885446998,189.11568294177297,57112.93624841544,3.3500674204839225,5.13134179636903,0.111641110465059,0.5586953104344593,12.446505791296804,1.7528793869842825,6.075852525996716,1.024364840769036,0.9243350919254972,0.8464381369619525,1.0000388127733866,0.3153700619747338,1.501361026536821,1.0485875752855132,0.0994582759899474,0.2493753479707234,1.7507363745075442,332.05984271903185,100282.07250114765,5.941493225487984,5.914495744491114,0.1979196569388803,0.3378956442745779,12.416409334076416,0.934930172175878,3.9902378600300135,-2.921438509808614,0.9150325067005212,0.8561933795686846,-0.1181463242337181,0.6116594156471744,4.364807524525242,0.6229653238180932,0.3741272407498429,-2.42918807383093,1.935619450694312,117.2019099932941,35394.97681797482,7.007156657067293,5.27522023041014,0.174075560900838,0.1375259000761673,11.86351619419738,0.6250884978807398,3.255669322373883,-7.973615658669832,0.8851212687847562,0.5818141561751509,0.0640599596780899,0.5031899044792029,3.1497196505527896,0.5072511788096188,0.2532000799697892,-2.0472045739302924,1.1025150766224971,77.70573503793183,23467.131981455408,2.1040813864816803,2.673484472417083,0.0372403763031307,0.1604752542862693,10.35356959167149,3.6748354327461055,20.72140287818125,-7.186254291726045,0.8781907006353578,0.5428226538233168,-0.0745487417901492,0.3677125191125487,1.7972105184912883,0.3751932990001165,0.1352124967120965,-1.189786153676746,0.6074243648145423,42.51254350760643,12838.788139297145,1.4618681307892654,2.4595594157632834,0.0279000138908823,0.2765318222571957,11.253903953401291,4.570379191926286,28.89732302135737,-4.176743173277134,0.9325713931649664,0.7588056422707481,0.7632186325924897,0.4512835954937543,2.492125593861581,0.8866563960735412,0.2036568835617705,0.0600013003406451,2.552126894202226,237.42018853883235,71700.89693872735,4.285413651289256,5.459041321796253,0.1504988963179376,0.1090674211118312,13.631737471072382,2.001060432684916,6.305145187864345,-9.121497953664852,non-void,36
0.9350802943393964,0.4945079071702401,-1.7054221276831028,0.9985246446940492,2.801813613710077,1.9762378651499768,0.9970514660613772,-2.634849239903532,0.1669643738065451,1179.4658620950663,356198.6903527104,0.3909638072118871,0.9023095162139256,0.0043964230254565,0.7964202667875558,12.037582141780206,15.429773346024506,315.2755218712279,5.924077622732613,0.9257841408687904,0.8131398315342336,1.3319384307174946,1.1407327100527744,4.01352698199292,1.7536621963783474,1.301271115784347,-1.0442046360469948,2.9693223459459244,928.749991899972,280482.4975537916,1.3477373403741426,3.142438368493801,0.0318414419429794,0.7363431569967961,11.983721003188666,3.5248412635568784,17.449571022688147,4.46041207617928,0.9489881020586663,0.67682568894981,1.2996205662538785,1.018021206954384,3.2947533655948678,1.6508727370814844,1.0363671778088606,-0.7339154060614657,2.560837959533401,823.0649997997515,248565.62993952504,0.6699064947839122,2.1891757450659237,0.0204949174970066,0.8391841773311899,13.69478501774733,7.296806716476355,67.98667618174983,7.1752850999720525,0.903594217612534,0.7383940659475983,2.7447382098355684,1.4739878398978137,4.452542586062149,3.1154819840111383,2.172640152166622,0.2174266615689296,4.669969247631079,2931.280853794789,885246.8178460266,0.5697739633203218,1.6727131307230898,0.0114280554554636,0.7911918805501945,12.454139536643368,7.664850302365682,73.87841763175689,5.785344396749478,0.9212795712238776,0.6406388258968062,-0.913358721274572,1.261040163591799,7.264260450776083,1.5570634052343382,1.590222294191631,-5.04940619724991,2.214854253526173,732.1828272718258,221119.2138360914,2.286103511110601,3.817653601965716,0.0637937943523094,0.3172484370203591,12.587898241243384,2.9488393630451326,14.16452849681245,-3.3286321185323606,0.8669204823224046,0.6175949122311176,-0.2018778475054817,0.8731668549137844,4.9490266647311545,0.8962003246113429,0.7624203565200299,-3.5172749206633984,1.4317517440677558,242.5588565937099,73252.77469130038,1.958219951289397,2.629291848977116,0.0211763745576859,0.1807115320402744,9.663056000183882,2.905033607787372,13.151775063920878,-6.564509740799338,0.825666392040831,0.3454145157003153,-0.8688353719729657,1.219955378524792,4.646792257702091,1.497720277349202,1.4882911255915687,-4.041946474357278,0.6048457833448129,677.436140813257,204585.7145256036,0.7084835414359716,0.7939820390302703,0.0026384352821818,0.385521664740684,8.881020214865105,14.716715159212114,385.984489078792,-2.024577868555665,0.9145022535751272,0.4376464979276922,1.6674415507303697,1.6402518629266354,6.414465053593486,2.338971461761857,2.690426173834298,0.0466598354095981,6.461124889003084,1652.1778246787926,498957.7030529955,1.072271863604,2.0342182873815,0.0183228119060352,0.3763549257027417,13.185988611735851,6.327720868192362,55.072742912763744,-2.193398921018455,non-void,36
0.8750675494961931,0.3823117367415277,-0.1423144085302564,1.492926302202579,6.4517558074887065,1.4996940803655865,2.228828943808266,-3.247213286710921,3.2045425207777853,679.2228650744419,205125.30525248143,0.8727227737269697,1.545341254996055,0.0084445557730673,0.2842202443696769,9.290477090937635,6.083047436399549,52.634481726980006,-4.011244025680551,0.8902134419120288,0.7965717043086552,0.7667038172697873,1.6773937404284325,10.686156749790168,1.84431139015204,2.8136497604284867,-4.5041465425641,6.182010207226068,1027.2483201610542,310228.99268863833,5.624579712329481,3.928478863483404,0.1314064214668255,0.1236859442201063,10.265535359440095,1.4549984739882615,7.457564424488727,-8.503394288172345,0.9351669592162808,0.72783052215247,1.0998871301428046,1.2980395550180737,6.214044373244997,1.7013695616900206,1.6849066863915183,-1.6555078310894322,4.558536542155565,874.1868324044785,264004.4233861525,2.941325288463192,4.6581957411225074,0.1079775522655397,0.2743249926474437,12.508672694241964,2.4995428289628427,10.205489963086617,-4.224767897235648,0.9325713931649662,0.8281889086612101,2.499973810802817,1.515043289570786,7.821922241939117,2.923221719947604,2.295356169273468,0.1915720858584967,8.013494327797615,2580.658017639975,779358.7213272721,4.143652125839558,5.283652173099531,0.1587835955917628,0.2848613784773433,12.516594500755543,1.7159367922660893,6.358470634256721,-3.997566614385144,0.9029237697143798,0.6832655370430093,0.7253354987838398,1.7016418855502538,8.842749023051761,1.8497828771115337,2.8955851066590226,-4.384395800610046,4.458353222441715,1033.3524011214172,312072.425138668,2.5841833052824748,3.472269264388554,0.0536241496668434,0.1816816380118142,11.033934040979997,2.586738480215971,11.653345380287028,-6.53611259510376,0.8164020095386036,0.3356738691031745,-0.1463799355552665,3.3722197304061394,16.930933104879763,3.375395235475932,11.371865910140455,-9.734783460359491,7.196149644520269,3440.774484693433,1039113.8943774172,0.9827418543835228,1.0973075372206014,0.0034400148979435,0.3666161137939559,7.8257844841884125,7.456458132141727,85.283461118793,-2.374554608838149,0.796151464103523,0.2613474651895943,0.5608915483797837,3.2423302114101684,14.814255625299705,3.290486974425971,10.512705199823108,-9.24727558749213,5.566980037807575,3269.845967717828,987493.4822507838,0.7031146707733181,0.6205227192813273,0.0013662012636945,0.3205612510843251,7.585015626118346,15.082841813679238,359.3750220600326,-3.2623928699824063,0.8483101521548535,0.4965600986397642,4.200466171987016,2.828140405812336,12.872230173808688,5.063822095709488,7.998378154988365,0.400423777732391,13.27265395154108,7743.972853532678,2338679.8017668687,1.2011792730769897,1.6043917498572164,0.0130823480970879,0.239587481731499,10.31372798840697,5.668989733788038,53.282325898833626,-5.015851350636607,non-void,37
0.9148118488597284,0.7290999821308858,0.1996904176720004,0.1756392139114475,0.9675316791734234,0.2659424681645435,0.0308491334634312,-0.2087764770584665,0.7587552021149568,21.359069704781668,6450.439050844064,7.2872702319767,4.893468889511452,0.1553280468420128,0.1293850586350455,11.044392426369178,0.5169933739829337,3.9070860100711378,-8.27941986105799,0.9245396155808812,0.7560212080061344,-0.0469205083782935,0.9499133057891116,5.279800153880037,0.9510714077405942,0.902335288515198,-2.874845647358644,2.4049545065213938,273.170120431746,82497.3763703873,9.600308593665735,4.273538901771569,0.2017072351270934,0.136772320448045,11.034126651149691,1.590044046442928,8.296512003700034,-8.001271423897979,0.9300540223773778,0.8453620400279195,0.1120721687955167,0.5095800710192184,2.8837444391971694,0.5217585838282706,0.2596718487799516,-1.3489160256959754,1.5348284135011945,82.2140699791417,24828.6491337008,7.685285560897047,5.905821294990241,0.280937122645771,0.154788492251943,12.5433169811061,1.0313165396261172,4.893843739500882,-7.372267311702359,0.9822150817834808,0.905362396650593,0.9369998035380408,0.6078861792829972,2.983170965353511,1.1169128161112698,0.3695256069632801,0.1008709171927221,3.084041882546233,376.7432601156694,113776.46455493216,8.926774193565834,7.649735594361179,0.3741827226317799,0.1142335557768,14.84055718126463,0.6600464718062975,2.274782359073114,-8.895255280307497,0.9115971649074482,0.7858161397504179,-0.1835335439829218,1.0127179365716843,6.401905318962152,1.0292143512509633,1.0255976190540104,-3.851538847828217,2.5503664711339344,319.9032186079243,96610.77201959312,7.129172794243013,4.704670773722001,0.1414307793797122,0.0993513987239244,11.131119954168442,0.6346614292380118,4.602226618917211,-9.573813930680654,0.927333936786112,0.7372987180110222,0.1924207055208252,0.4227873147505473,2.8440429060684047,0.4645157063298404,0.1787491135139784,-1.445494844946785,1.3985480611216197,65.1640021109874,19679.528637518197,5.705765770404073,4.870002410896747,0.1117800629829753,0.1155182333461308,10.365209176530264,0.7796225454852925,3.3346015235126503,-8.840383453924716,0.9684742213228792,0.6874545268114785,0.0617023340797814,0.2191202530334429,1.3434989990828203,0.2276419630040407,0.04801368528944,-0.6783265485792377,0.6651724505035828,15.649900722740576,4726.270018267654,5.342436064673326,6.039557502645474,0.1545129189759811,0.1290593661126297,13.460154371723164,1.2345310464075532,3.2471247681615503,-8.291990237571863,0.9653726828447102,0.8512881443872256,0.9194738583770556,0.6938628894310428,3.784223614134485,1.1519018558750502,0.4814457093295954,0.0856511613456192,3.869874775480104,400.7171214416522,121016.57067537904,6.799602461202843,6.082005491976677,0.2859264616281298,0.1280947017000218,14.088495176242963,1.2460266753945544,3.773406398974097,-8.329381499264999,void,37
0.940005779397138,0.8289406890107707,0.2350155477867453,0.1116790251019567,0.6583177522671944,0.2602009076641114,0.0124722046477234,-0.0647779596668308,0.5935397926003635,20.4467627294667,6174.922344298946,10.179274412819106,4.752595806344756,0.2282678920514347,0.0872422898585196,12.181667994323266,0.6355088882121472,4.186035378385015,-10.19628443280775,0.9266090751799336,0.7020955079727992,0.007864952539766,0.676409115311463,3.968875537628561,0.676454838666181,0.457529291276436,-1.8874491212590565,2.081426416369504,138.19252692397643,41734.14313104088,9.209418405245671,4.274758104007857,0.1207755780016401,0.2270625203320017,11.721172973009898,1.2200807684431052,7.558813955073532,-5.319989125160642,0.9490169475259712,0.8143002156487663,0.2325400030985293,0.4028233591123374,1.963410726516226,0.4651252645122722,0.1622666586465471,-0.6654378631868191,1.297972863329407,65.33513652965858,19731.2112319569,6.3534090505780805,6.82248744954972,0.1546274702712376,0.3228501180240262,13.902546430331212,1.1808580764156378,4.026501733438416,-3.216838573810678,0.99001905366715,0.8410629177709334,0.7412202882292528,0.4384400268099057,2.2461767733155305,0.8611835883200094,0.1922296571090708,0.1295619034193889,2.37573867673492,223.97442618310168,67640.27670729671,9.38480929270068,7.847593348993326,0.2421503850186864,0.1819147559434611,15.484499871786708,0.721428436131678,2.344189309351633,-6.529306308482185,0.912205694825505,0.7427373078366024,0.0635581526401831,1.1017252895339356,7.782475460077109,1.1035570906689274,1.2137986135986345,-4.083653529819318,3.6988219302577914,367.7871522144315,111071.71996875828,7.581126609982878,4.500177928737218,0.0825623296623904,0.1301264096292912,11.22014335790045,1.0294324344723615,6.439045831794034,-8.250906985116101,0.898646310153843,0.8064877756984041,0.0012031421759478,0.2535626145394677,1.637855417198287,0.2535654689487239,0.0642939994920907,-0.8101319061082533,0.8277235110900341,19.41722500704225,5864.00195212676,8.791901869919334,4.622598401261951,0.1365776576049409,0.1134093616293356,11.380108793299286,0.2720308497401177,3.6699967497409807,-8.930742339594568,0.959312126309982,0.8640707177385282,0.0415516431252953,0.1586556339987132,1.1527511044938294,0.1640065524482041,0.0251716101995336,-0.557310063701724,0.5954410407921054,8.123241072275551,2453.218803827217,11.862615776772628,6.040669056743201,0.2727106689073801,0.0889033150271937,13.82405857167647,-0.384046887077003,2.52294057445527,-10.106465066505525,0.9672241780666864,0.7879857700096399,0.8196836526798745,0.7982171121845096,4.051914804439374,1.1441292971752794,0.637150558184178,0.053587157322131,4.1055019617615045,395.3276182937493,119388.94072471226,7.31160232780601,6.671857469101528,0.1850983494289569,0.2070936134765438,14.572956589786562,1.3327713285160545,3.901995684691801,-5.830552098824027,void,37
0.931809930042468,0.8386906646266966,0.3358210756329041,0.1033523172913144,0.6260009177955453,0.3513651894094308,0.0106817014894845,0.079506735565306,0.7055076533608514,37.28416389127501,11259.817495165053,9.493742806744924,4.663728211468469,0.1967540869095594,0.0783391342303371,12.285144335182824,0.4025491822332864,4.196272179404305,-10.7059236815351,0.9052605546123226,0.742904603946076,-0.1034638460247491,0.625428454785972,4.065505068794587,0.6339286391150044,0.3911607520559685,-1.890252221665839,2.175252847128748,121.36338688604089,36651.742839584345,8.921058174619127,3.8709474489675952,0.141906033772103,0.1179506754175225,11.000987571356882,0.7249905287903182,6.937328327762575,-8.737924394492186,0.9299222708986594,0.806378836446949,0.0355795472629301,0.4051195016359297,1.9840929009426984,0.4066788841201116,0.1641218106057441,-0.8483217959438932,1.135771104998805,49.947089866332114,15084.021139632296,5.931386685412461,6.192184032503152,0.1386184506615841,0.3432861408498395,13.003687107090917,1.0977114114027915,4.212245472329897,-2.8171991101786387,0.9877467261214972,0.8576748006017374,0.7333383287924611,0.3910570625010961,2.3664861290532704,0.8310900857356596,0.1529256261319862,0.1423781661794126,2.508864295232683,208.594640643648,62995.58147438167,8.071831813394416,6.815516263265486,0.2926441115303554,0.128382257853954,14.852311887554247,0.9460243232748838,2.853100828765394,-8.318210521358754,0.8944039802774647,0.778740040333408,0.0611411055859817,1.011000018074517,8.46667404260375,1.0128471115321154,1.022121036546673,-4.753773188657148,3.712900853946602,309.8094999443627,93562.46898319753,7.15954948016543,4.3508729430716055,0.1321401694475171,0.0855018031869189,10.8970899329969,0.7958050773090563,5.4687176998671765,-10.292075795207412,0.8801730175146519,0.8099883686484787,-0.0307760718822286,0.2645339943614065,1.7639474272601845,0.2663182321458686,0.0699782341728006,-0.9382458671616574,0.8257015600985269,21.41947103353683,6468.680252128123,7.618992608996896,4.063658153379359,0.1383001997320356,0.0990353824763143,10.888076785238033,0.4965008479912834,4.608485327100617,-9.58917351307958,0.9542633072886196,0.8505836378135087,0.0320647232698156,0.1681326981648447,1.238040831551376,0.1711629360304404,0.0282686041921907,-0.5483533223050426,0.6896875092463335,8.847618702509315,2671.980848157813,9.848900088194984,6.2493281585636415,0.2412282322959774,0.0630067405503657,13.55168414224439,-0.1276695139094107,2.078217548642267,-11.723494483498431,0.9473308998567108,0.8353818484697592,0.7872580202168336,0.7115519885342759,4.767207995348468,1.0611698369171687,0.5063062323870823,0.018053206321766,4.785261201670234,340.0765896804088,102703.1300834834,7.594493526690944,6.464055742858362,0.2857645158747762,0.1322757612111864,14.426154630148542,1.1412495113490313,3.5656553816602723,-8.169014595231893,void,37
0.9368591113436556,0.8448216532200508,0.3760203293369562,0.0933203759179808,0.5763188015936889,0.3874273875659106,0.0087086925614732,0.1209504630589238,0.6972692646526127,45.33019415211619,13689.718633939086,10.181582427991527,4.850517376505126,0.2447437044080304,0.0883269986300835,12.483158848268356,0.5272484306774451,4.173513250418422,-10.137456046532687,0.9343491497524532,0.7799324727479852,-0.0887713105551487,0.5602283320612106,3.868923703190383,0.5672178854917788,0.313855784044086,-2.003610046991011,1.865313656199372,97.16431114577291,29343.62196602342,8.691030346083116,4.54789382167511,0.1489787958640352,0.1279778426563895,11.71775608295322,0.7062639940947616,5.688759233969923,-8.333927349434237,0.9346480194852312,0.8341453745767904,0.0560869125751981,0.4156734811035633,2.344625852024438,0.4194403231151868,0.1727844428927544,-0.9649182598560828,1.3797075921683548,53.13091576580165,16045.5365612721,4.9571088036418365,6.166375357288447,0.1349450701702147,0.4061385439645197,13.767021966800444,1.2585712871167842,4.1191806284053945,-1.6501093108965588,0.9773636991321462,0.860844542380539,0.7277517949265074,0.3437202640144015,2.15745924478518,0.8048392975699455,0.1181436198941298,0.2163479148567957,2.3738071596419754,195.6254210636908,59078.8771612346,8.643838590163966,7.290937581329781,0.3453012151638439,0.1410319528824024,14.970552274024142,0.8877179865234391,2.761334534621437,-7.846594885280556,0.9148860591886498,0.7872397148600638,-0.0275581277616565,0.9420133012948936,6.551372231876757,0.9424163147050414,0.8873890598165038,-3.750468685314367,2.8009035465623904,268.22085008711394,81002.69672630841,5.906027296177144,4.391053485002211,0.1075034697639351,0.1005745618761268,10.442825323094429,0.8337803322180329,4.674911219342575,-9.514770169018265,0.8791008839342588,0.8032283761711733,0.0490906547550148,0.2429412104896886,1.480964192297194,0.2478514154457691,0.0590204317541951,-0.5956152012682423,0.8853489910289516,18.551957889818315,5602.691282725131,7.349245556087635,4.479910342092621,0.148263366393636,0.1017471359427434,10.802531368762471,0.5652325549419838,4.300769419844351,-9.458764154504475,0.9465992314270336,0.8310894592524026,0.0347936227996381,0.1556171866878747,0.9331017009149448,0.1594594148370436,0.0242167087926488,-0.4040538365975379,0.5290478643174069,7.679046104012053,2319.0719234116395,9.267021500228948,5.938718166623233,0.1982824787547278,0.1297234473795022,13.004036340357796,-0.0011294936060493,2.2350884157619264,-8.266387975024521,0.974205736532034,0.810998565893074,0.7404752663011077,0.6532247081496374,3.7441698704207274,0.9874239916777772,0.4267025193371789,0.0343443900887698,3.778514260509496,294.45185408094426,88924.45993244517,5.966733250819047,5.883698528967839,0.2051962085130574,0.124153580341199,14.069179443928563,1.2745997455978306,3.9037175491080633,-8.484687105244372,void,37
0.9203023061351638,0.8315422448196327,0.4169426822578773,0.0901542225460537,0.5665716730247269,0.4265782274463578,0.0081277838428833,0.1650812190356727,0.7316528920603996,54.95463320764554,16596.299228708944,9.36691655980957,4.220945427792996,0.171835326654648,0.0780193541030881,11.78055376422028,0.1896978784658908,3.6975130396948046,-10.725194411717665,0.9031607785447212,0.7933438400216128,-0.2111512329861023,0.5433854699570967,3.849352403081518,0.582968791747934,0.2952677689604948,-1.8657477943871892,1.9836046086943289,102.6354888699179,30995.917638715207,8.833651857554862,4.298703128656913,0.201361349433565,0.1462737140901698,11.016627800466834,0.8415204136410122,6.84664302358872,-7.661523642743994,0.932134537379118,0.8403539992426152,-0.1244172711742251,0.3579362161904545,2.078764373472928,0.3789432572657554,0.1281183348607398,-0.9898474848490304,1.0889168886238976,43.36659365260852,13096.71128308777,3.503419947414508,5.642627265927158,0.1115350198051209,0.3837506253397323,12.735985717603729,1.835710316438643,5.8344041036080485,-2.057073952200512,0.9676956548484592,0.8892212552137307,0.7379109773616833,0.3477168071860035,2.1102666420737157,0.8157325471688028,0.1209069779996283,0.2428516558438975,2.3531182979176126,200.956715730172,60688.92815051195,9.424019902192956,6.605467463176044,0.4175674707283552,0.0942312036330776,14.714118529228502,0.6532129845339871,2.749118963253004,-9.82822615835,0.8966088821704804,0.7747607743324864,0.0019723869058735,0.8684989249645677,5.517045189089194,0.8685011646363615,0.7542903826646099,-3.1427640392159737,2.3742811498732195,227.79687043836435,68794.65487238602,4.723638457701093,4.758632307893197,0.0803943950050765,0.1888570928467283,10.382693815994523,0.836387676348261,3.212128662385474,-6.329640747543586,0.8800231389998991,0.8069556873884016,0.005076702968033,0.2133575103690887,1.4469353854216496,0.2134179002425088,0.0455214272308958,-0.7920343087252097,0.6549010766964397,13.755254443464278,4154.086841926212,7.26309576633748,4.420155674512125,0.1391567093173008,0.1114044199329354,10.678435425960132,0.4086097089659724,3.8915872419944977,-9.018017252544029,0.9514551343770504,0.8369454431574836,0.0271764510638655,0.1473631244931418,1.057696519435515,0.1498480895867809,0.0217158904603812,-0.5530972448343634,0.5045992746011517,6.781243885747989,2047.9356534958924,7.437485863226098,6.124740937788808,0.198395285769299,0.0938285545177996,12.677757583514428,0.3983066097102777,2.126940372646272,-9.848753428364654,0.9470669611072678,0.8586984158076726,0.7211696862361621,0.549736488442855,3.10953308376676,0.9068053391282198,0.3022102067254812,0.0641056442682286,3.1736387280349887,248.33336876757664,74996.6773678081,6.869879889336559,6.465366077346968,0.2491238294871205,0.0897579938114446,13.709120125073202,1.1308259001531331,3.8402685153907834,-10.060837361696912,void,37
0.933901642736956,0.8604549153959615,0.4520194712915089,0.0801253214026775,0.5343043824068823,0.4590660840843479,0.0064200671298823,0.2017660932303429,0.7360704756372252,63.64398420607437,19220.48323023446,10.355487787959506,4.522397622674776,0.2036229208847449,0.074269954169171,12.42755569737254,0.357091376081841,4.0921960874763705,-10.95671182316731,0.9278291569651004,0.8005748844802313,-0.2788367657418307,0.4869530979029899,3.058393730976063,0.5611356890153072,0.2371233195573188,-1.7301935336033678,1.3282001973726951,95.0917249689784,28717.70094063148,9.186933505971233,4.022574698190651,0.1672840460062775,0.1249260003208296,11.689330149305505,0.433965816859201,6.552376623595882,-8.453919442536012,0.942867835186728,0.8631970780591964,-0.2889348455659611,0.3877611619593544,2.0533402073098186,0.4835721907908833,0.1503587187240687,-1.2842837768511497,0.7690564304586692,70.62030323930094,21327.331578268888,4.7932205306111975,6.03924376893324,0.1219745774832026,0.4908398358773283,12.879271716010695,1.1211500066514843,3.50244725514198,-0.1591461539528287,0.9700809265368932,0.8853457605630651,0.8076364795753868,0.3273840429962819,1.600002716445068,0.8714682981896219,0.1071803116085913,0.2764077747509363,1.8764104911960044,229.35601241435373,69265.51574913482,8.995173361872967,7.808624106266957,0.3434602099509057,0.0998371181312123,14.912009972966642,0.5800356718038405,2.082807690463378,-9.55029063601816,0.8815882982681502,0.758604127372442,0.0497938473184034,0.776133840992623,4.951489050997204,0.7777294943389575,0.602383739133962,-2.7704645573963016,2.1810244936009027,182.66867624214865,55165.940225128885,6.578335899039276,4.517209292161191,0.1057467427777206,0.1268034185275448,10.405462110417782,0.2819706194702072,3.3309177708620408,-8.379810646840875,0.9015714554625364,0.7985597045791074,0.0062222150180377,0.2308438328540124,1.7512481534913693,0.2309276750986375,0.0532888751667312,-1.005243005484373,0.7460051480069962,16.104932520191493,4863.689621097832,7.337760376119907,4.250690470328876,0.1569842075456192,0.097625040774207,10.45891968172457,0.7455400169553456,4.939321310129526,-9.658258041224434,0.940750290750098,0.8352227447529864,0.0294948975244473,0.1389850486278906,0.973140667481304,0.1420802333967494,0.0193168437420971,-0.397927969725439,0.5752126977558649,6.096411402066589,1841.1162434241096,8.313098565426497,5.63145434287693,0.1556784569381721,0.0688201996710976,12.568644301820877,0.1286850644293236,2.3036973730958445,-11.3131761113803,0.9419751782842825,0.838846650685698,0.6745608688793417,0.4725941010952368,2.7708582037092104,0.8236367829409196,0.2233451843900148,0.0563364553555812,2.827194659064792,204.87002016440675,61870.74608965084,7.2032820786094405,6.838641076422717,0.2834507049541448,0.1344042295258672,14.018297621910175,1.1022564678834224,3.3556452864007484,-8.089021897899034,void,37
0.929778510075958,0.8615728652669291,0.4641448826479414,0.0878920768229701,0.5879343446293231,0.4723933628413149,0.0077250171682548,0.2063861514524167,0.7943204960817399,67.3929577554709,20352.673242152207,9.07300273656458,5.726403691716002,0.2278898952465234,0.1085600147785286,12.326898948252849,0.1405718053705024,2.8128166098496856,-9.14422203913576,0.9027422304160658,0.7560019279950378,-0.3303322193115395,0.4555498517874384,3.216722536694126,0.5627122200368889,0.2075256674635571,-1.804260504273013,1.4124620324211126,95.62680285881092,28879.2944633609,8.934986888254892,4.14091791701002,0.1625019587246212,0.1866009543928462,11.37948370335851,0.912158134238526,6.944118550375126,-6.393897975825728,0.9285685510812136,0.8151819408007334,-0.351646496822952,0.3145585046719219,1.8435077203931816,0.4718074942063658,0.0989470528614355,-1.1385144859973255,0.704993234395856,67.22589809996556,20302.22122618959,5.361583044400101,5.913874570398313,0.1648415758205031,0.299052869526402,12.604698075623793,0.9440498214283124,3.299313312489203,-3.699372878504484,0.966486629347333,0.8843446095050392,0.8139518489062362,0.3160462483352396,1.902842208955893,0.8731568263632028,0.0998852310867799,0.2777660764475638,2.1806082854034567,230.24565871424744,69534.1889317028,7.971468615445622,6.793943827559084,0.3012166645512036,0.1160511141348429,14.133330566219549,0.7323356184836575,2.825449810554211,-8.817778377540357,0.8898828087241994,0.7468082865449965,-0.0401045791573157,0.7689058323322817,4.777761637401396,0.7699510090025108,0.591216178994599,-2.620453148641899,2.1573084887594964,179.0330159917233,54067.97082950042,5.026510365810973,4.471194784002253,0.0784428867563304,0.1774624255912796,10.175639832082828,0.6419735771267805,3.464304879080063,-6.660493327746964,0.9060587552199828,0.8003301811842171,0.0335034712262759,0.207881304947863,1.378099928071182,0.2105638134415226,0.0432146369468264,-0.7251224490919005,0.6529774789792816,13.389810098372973,4043.722649708639,6.737096563239654,4.542355440454064,0.1136241719407926,0.0636965670957251,11.016213104242762,0.3167260198915103,3.0381681760898207,-11.673005856821772,0.9274997370209784,0.7575284312662823,0.0317168359261823,0.1572707038653318,0.8998898340846762,0.160437003136637,0.0247340742942969,-0.4460723464254306,0.4538174876592455,7.773489656590513,2347.5938762903347,5.289560865387578,6.083831628175742,0.1457453654699648,0.1652423158070392,12.429931585117506,1.1036388003154451,3.445417510241152,-7.03439150521294,0.9458519823746172,0.8402500475217268,0.6618444928395291,0.4741978227158708,2.5831916011609524,0.8141877595312312,0.2248635750684725,0.0568562632762299,2.6400478644371823,200.1963157466868,60459.28735549936,7.404417204309925,5.815315778823191,0.2275317038229207,0.0862867100255024,12.600557437309096,0.7331787803546271,3.026561212026643,-10.248660308274845,non-void,37
0.944592539288722,0.8028513760804095,0.4568857673588885,0.0754670388060342,0.5382417190218894,0.4630765361808693,0.0056952739461514,0.1743216634360735,0.7125633824579629,64.76084326510414,19557.77466606145,9.578938201943645,4.3295570204257325,0.1911658189723844,0.1015949554210691,12.036557841974972,0.7059852166809453,5.548895918163178,-9.46600023817715,0.90408171353708,0.8440628103923227,-0.4230428401665913,0.3825389279665035,2.647410001397598,0.5703518878955148,0.1463360314097617,-1.6137147997806875,1.0336952016169103,98.24098535984533,29668.77757867328,8.734664361511703,4.859288353888346,0.1986249509766975,0.0778232624348944,12.334475382574926,0.6092009974359028,4.747112269733523,-10.737047288042016,0.919655463976824,0.8622836384786455,-0.5587151504045212,0.3072313954520652,1.7686366904012651,0.6376156754997245,0.0943911303514232,-1.250414182008307,0.5182225083929581,122.77923239217694,37079.32818243744,4.296237975677258,6.007633672376428,0.1378389769889962,0.4496970435973289,12.91444013819888,1.4894352417831018,4.7486230621532695,-0.8768181330090643,0.9194671742481574,0.8637089574876368,0.9216334553077692,0.3112662495158799,1.7557524043682478,0.9727769035242456,0.096886678087682,0.3146936254221482,2.070446029790396,285.7810610171264,86305.88042717217,5.785522725444654,6.720290519037711,0.2498900192695642,0.2757320644979815,12.74212088197226,1.4998885760351162,5.078336673140545,-4.194119857480979,0.8996335964944328,0.8107279547965708,0.0159645288402086,0.6244704493550419,4.696142019743407,0.6246744818693796,0.3899633421176879,-2.624067281398296,2.072074738345111,117.8458989062309,35589.46146968173,5.281135792869656,4.646044237741674,0.1182698323166918,0.2586453426150189,10.507019916304143,0.8629595697081405,4.5774142538527,-4.57321357602679,0.8832171549791248,0.7796130719057726,-0.0181088577845517,0.2049101726137787,1.6260776803393586,0.2057087979909213,0.0419881788406085,-0.8020885083372294,0.8239891720021292,12.779465090402647,3859.3984573016,5.495578885348655,4.132734053471223,0.1010219230557408,0.1459232391322418,10.269180909394292,1.1098423557055526,4.883239908833002,-7.673724418523862,0.9176622464112996,0.8358804446317791,0.0170942925606079,0.1345151040931803,0.8320141611422107,0.1355969323670222,0.0180943132291991,-0.4413764371788658,0.3906377239633449,5.552731476338733,1676.9249058542969,8.44664605194325,5.400043672625927,0.1507846773405098,0.0875264415732683,12.734138758255895,0.1861050176485821,2.696033776173342,-10.180810078823786,0.9540274115009556,0.8526920045301032,0.5538207306482384,0.379741285931943,2.622736858089425,0.6715064005182634,0.1442034442412457,0.0541553805506109,2.676892238640036,136.1780954729723,41125.78483283763,6.507516837877674,5.771403831345945,0.2812360876156944,0.0756616744081967,13.117629667212857,1.1801758262205215,3.987527130008603,-10.869550114986568,non-void,37
0.9277943625075542,0.8224684718413064,0.4311354394121811,0.1229226028443331,0.8580431909121183,0.44831655491088,0.0151099662900256,0.0250971383977316,0.88314032930985,60.69829548896235,18330.885237666636,8.659833218188151,4.822499208315024,0.1829296231743611,0.0916208456129564,11.417397315920669,0.186220132986959,3.5825646805402425,-9.96272853750016,0.9076823229458028,0.836959879412267,-0.5241741745940303,0.4195615716607221,3.0972969010528213,0.6714093220426331,0.1760319124144152,-2.1152998531959564,0.9819970478568648,136.13872427317597,41113.89473049914,8.115528919279946,4.608885717457359,0.2401200484531796,0.0743137590961366,11.57072531196774,0.9260848318702308,5.419655580039812,-10.953945774245645,0.9248568400096604,0.8314334630670873,-0.7604430122218606,0.3116106994899115,1.5104379952067983,0.8218119023679622,0.0971012280365919,-1.4839933188382035,0.0264446763685945,203.96319046784205,61596.88352128832,3.4341591634333968,5.035063644167892,0.108030480989958,0.3439288320185006,12.491309672519446,1.723281980178592,5.743849722413323,-2.804823673538584,0.9201463016630068,0.8532578732698243,1.0943719054739074,0.3598654561304356,2.2525270228774,1.1520212732439266,0.1295031465159664,0.3561501622329941,2.6086771851103943,400.80021022998034,121041.66348945406,5.567890880056713,5.558324851341648,0.1898557602418549,0.196860540821926,12.557896993479968,1.250874854574619,5.048380069779631,-6.106322895261915,0.9001670872340359,0.7984510431528591,0.0077257224467842,0.761966995660324,4.562224820153379,0.7620061609087848,0.5805937024756201,-2.535816127037291,2.026408693116087,175.35732355740936,52957.91171433764,3.161391085396243,4.024958358078156,0.0608027935802912,0.3148375537506918,10.224975944988891,1.5873173899556408,6.095190227164881,-3.377070218902359,0.8996726164919849,0.7886004020780004,0.0111974389222582,0.2446971683602672,1.7703829357293372,0.2449532339895734,0.0598767042035329,-0.7680802445628744,1.002302691166463,18.120630226269107,5472.430328333272,3.8678002681022,4.273298283213379,0.0691666961294503,0.190172284248712,10.14188921401063,1.1894013331326012,4.677822447092098,-6.29245412214599,0.9265456289409189,0.6479104842455174,0.018481168566497,0.2141981305474813,1.219795224475614,0.2149939364764018,0.0458808391300358,-0.7135283840635621,0.506266840412052,13.959162601928972,4215.66710578255,2.794930945789881,4.244784834773871,0.0783046928763472,0.1604789584123477,11.86476562458308,2.2508638405489814,7.697623318693521,-7.186134876743848,0.9452791698142547,0.8334799292549046,0.707749796843682,0.4312401812148788,2.495325630792838,0.8287809534650967,0.1859680938942415,0.0718972086365803,2.567222839429419,207.43711638560748,62646.00914845345,6.92402043300985,5.409596155791232,0.2364478203019732,0.1403920343054263,12.650512340721786,1.1636203528623843,4.5884585736087296,-7.869579637144216,non-void,37
0.920879897953756,0.8282149999315284,0.3304020305908601,0.1201825779272075,0.8920352536257489,0.351581219429868,0.0144438520372293,-0.2173963704825584,0.6746388831431904,37.33002486444949,11273.667509063744,5.750839175929121,4.437609686285584,0.1478747919760101,0.0799008448949707,11.503012862032817,1.0940238494478238,4.919206908655481,-10.612832534263068,0.8737900509564605,0.8174037527199975,-0.6801071167665955,0.4429699147774298,3.05745978406719,0.811645264678169,0.1962223453979234,-1.9262419135462892,1.1312178705209006,198.9479467736975,60082.27992565666,8.695816146910563,4.484511190406004,0.2193818920214724,0.0787822541430136,11.325833630636453,1.0976579379149176,6.238729840813345,-10.67933891804812,0.9143801481760868,0.845403036731364,-1.0823514316410152,0.301615644821893,1.8053408886202515,1.1235909481553692,0.0909719972013263,-1.7436336364227991,0.0617072521974522,381.2618988705578,115141.09345890844,8.290118778341077,5.329267256148394,0.2590272018385383,0.080286725759373,12.272673249327337,0.6495723218937018,4.020540011650285,-10.590087046151863,0.8931155978755546,0.83212968566784,1.3827843324795364,0.3643370666787731,2.0717304050643564,1.4299769257952977,0.1327414981560927,0.4697611223701648,2.541491527434521,617.5398705087049,186497.04089362884,8.662634067290735,5.265013331244659,0.2931800566036105,0.0809701980337943,11.81377748341791,1.062323084324662,5.068171849557502,-10.550043918935804,0.8740321221848386,0.7835765203355368,0.066681708798845,0.6023770398388405,3.848576307613973,0.6060565554577708,0.3628580981250041,-2.0462113556701182,1.8023649519438545,110.92597362082807,33499.64403349008,5.251110967122036,4.464772582909425,0.1394248993202011,0.0966976261464874,10.482772942836087,1.0789974270073996,4.695190869685161,-9.704173386147025,0.8652198173332064,0.6572745371026005,0.0395711660351553,0.3341792015614603,1.9299584322061327,0.3365139164100601,0.1116757387562551,-0.9209138728285452,1.0090445593775874,34.19896801316636,10328.08833997624,3.4581226850343216,3.1384661523476622,0.0360045081778972,0.2129574192628524,9.33456507382509,1.7590220965450625,6.37211603021729,-5.677054538622559,0.9006663981879772,0.562799352107928,0.0091968495167432,0.2955326317398726,1.6484896054068043,0.2956756981290968,0.0873395364230951,-0.7761669818810844,0.87232262352572,26.402083776166887,7973.4293004024,2.448978200639563,3.0383290527284506,0.0315251317786417,0.2437092108541994,11.541735512161768,3.2116824193410225,13.370025562599418,-4.9181686745224376,0.928089811357874,0.8615388370407799,0.6558740455070772,0.3712135763213465,1.9943151913159816,0.7536380316936664,0.1377995192452841,0.1106936289949858,2.105008820310968,171.52702541016134,51801.16167386869,6.248729894971804,5.798261229302726,0.2396851308576731,0.0918845008215798,12.761192718296977,1.208916078451167,4.340707206691087,-9.9489882677575,non-void,37
0.9080691440147134,0.8357222177842604,-0.0088754939227886,0.7183235260141433,3.0493942427094107,0.7183783560337582,0.5159886880253917,-2.509154176572518,0.5402400661368927,155.85237365016508,47067.41684234985,8.100959378220635,4.830139640860889,0.1807680805516964,0.1200669799847557,10.577007492671068,0.2169591395004887,3.691487289423689,-8.650260097847234,0.9390704436747668,0.8328367958786039,-0.5555880687322418,0.6784010738711045,3.9331293173812414,0.8768729207513993,0.4602280170294678,-1.727954715165306,2.2051746022159358,232.20964798242116,70127.31369069117,8.957105456765966,4.705238180945129,0.2230645957281146,0.0920513557108325,11.65011003723408,0.9739833869806434,5.18884466098624,-9.940310943363825,0.92553583619395,0.8808956821391616,-0.9813267361132628,0.8599732425157552,4.114740816652117,1.3048203481145486,0.739553977843062,-1.912821289849559,2.201919526802558,514.171954537839,155279.93027042743,5.4521458306432375,6.658011448478027,0.1702305637375794,0.3764410465275195,13.227555861240402,1.1438813338078462,3.4010808878900374,-2.191805469291582,0.9135791279717498,0.8549883488363873,1.6561896066358133,0.4945358523809343,3.478281667036166,1.7284471997774844,0.2445657092901373,0.2654713268869425,3.743752993923109,902.2339761704252,272474.6608034685,7.043243115850885,6.0018469106067,0.2152346920257205,0.2133674359949815,12.518378284163775,0.766534133687994,3.4605704712414163,-5.666437819390955,0.900981629268634,0.7986436973164369,-0.5225504478540747,1.2139369818753527,6.607542310892328,1.3216285281867726,1.4736429959646402,-5.333872217520867,1.273670093371461,527.5039938881747,159306.20615422874,4.389305851227904,4.638587680040221,0.1001535619656276,0.1481136232041835,10.910279105998528,1.5464298981916975,6.340622911722508,-7.597866669477123,0.8607407435992316,0.754425963900831,0.1889421912214968,0.6454290758157586,4.07280860529728,0.6725160544789729,0.4165786919083842,-1.5932029651199633,2.4796056401773168,136.5879087466534,41249.54844148933,3.211341199905031,3.9120017047486897,0.0665434660489646,0.1912165957383907,8.182217768428158,1.951354050315552,8.221646412809347,-6.263066477218113,0.9079240595739876,0.7790092117159515,-0.4196462820106624,0.8875065579590461,3.946655228469102,0.9817183366045916,0.7876678904203137,-3.470051835774219,0.4766033926948831,291.0588095125572,87899.76047279226,4.107402490786017,5.543877976650871,0.123923813573378,0.2746912999656626,10.484605897089535,1.5344741480396384,4.958818366393778,-4.2167798009339394,0.9208960710573576,0.8561242935478157,1.1605233158023998,1.3475668205895357,5.942840244749319,1.7784124106839745,1.815936335953789,0.047527501658541,5.99036774640786,955.1507121473852,288455.5150685103,5.987219317444083,5.962225482874248,0.2207307838765723,0.2274148664577658,11.593807849508323,1.2899576426289563,4.742537775268681,-5.31127494772036,non-void,37
0.9370128801895444,0.7760583784227117,-2.4306732267024724,0.2060493812681887,1.0209073201658352,2.439391047480746,0.0424563475210034,-2.982962385089675,-1.96205506492384,1797.089862123822,542721.1383613945,1.7998346465967645,3.742904174109552,0.0552023439422043,0.4231994211854208,12.024848771093607,3.0308914810500283,12.873222604401642,-1.344806220643022,0.9283265981394548,0.878869182250463,1.698928464884294,0.4250693601114279,3.132220008423822,1.7512972019904682,0.1806839609055388,0.0492991153193526,3.1815191237431746,926.2466506892922,279726.4885081664,6.588129419076038,5.9816393894287625,0.2300993880594369,0.1512542753926224,12.094020349891975,0.864653073626626,3.3994517586464235,-7.4906993991126,0.9343002459211586,0.8830819606862871,1.857226786770696,0.2674801489982115,1.9668864840667613,1.8763893432885168,0.0715456301081054,0.8678418428629705,2.834728326929732,1063.2927642172265,321114.4147936025,4.682407027128384,6.264725244638272,0.2290862678457626,0.2711771804573957,13.455389889666495,1.4779408544990378,4.247373607441471,-4.293688207197297,0.9391289274672294,0.8592452507118408,3.5183173666247707,0.399938054631097,2.856669372310748,3.5409755068110207,0.1599504475421063,2.2988999086195387,5.155569280930287,3786.6292770303407,1143562.041663163,3.363552077544647,5.175587350664436,0.1088562856143852,0.3368989894925551,12.50175053363728,1.899370608044636,6.279153324244834,-2.9407998126043955,0.9242388766952028,0.8224512621511524,0.0003605977059882,0.5731378358865219,3.461400352818597,0.5731379493240621,0.3284869789246857,-2.240186150627791,1.2212142021908057,99.20310690452814,29959.338285167498,4.026921531739561,4.706508330587955,0.1166253486616736,0.2103669511133417,10.720880772154908,1.619841176101496,6.093628442095228,-5.7444780395017805,0.8788865382081882,0.6839737272284427,-0.0948226122713828,0.4683778191288019,3.134883911538344,0.4778798062795933,0.2193777814518527,-1.9912921122124367,1.1435917993259062,68.96747099344614,20828.176240020737,3.405488495802377,3.650300777407836,0.0585420034909008,0.2062262750850076,9.600344368104524,1.900070631138954,7.189570409532206,-5.853527212379913,0.8826593481174623,0.5413969292019029,-0.0724480107209726,0.5053099480462009,2.572815536524132,0.5104770884690911,0.2553381435944542,-1.5218945873471024,1.05092094917703,78.69723107126785,23766.5637835229,0.9448748172480712,2.1053455285295333,0.0184436098471391,0.3857153201932938,10.60599334050967,5.388297767741284,38.08419112641304,-2.021027951945408,0.9248534338288068,0.8171186820595358,0.7790544305959166,0.4588216104609343,2.4112951595546845,0.9041255864408956,0.2105172702259654,0.0475497573705217,2.4588449169252065,246.86780896924216,74554.07830871112,5.123641307371916,5.694940431848758,0.2130455126781774,0.1385921625264819,12.075185049559762,1.3963485113812857,4.581842460189842,-7.934701469260035,non-void,37
0.8831266634595939,0.7122226610711472,-1.5024169211828544,0.7627477491786335,2.1619663237477,1.6849453207548422,0.5817841288770716,-2.633349744898295,-0.4713834211505951,857.3903016479587,258931.87109768347,0.6467348410698165,1.62693085104544,0.0069787428021853,0.7990815560326049,10.43239796633472,5.674242313951108,44.98377314310857,5.995713006232613,0.9301551822303202,0.795464538325453,1.9038464393702603,0.6370664322940486,2.5026124513253367,2.0076067602642422,0.4058536391558675,0.4368718388084307,2.9394842901337674,1217.2064409653233,367596.3451715276,0.72337817625585,2.201893064874631,0.0163598831893054,0.8336283988176735,12.465435394252696,6.086037334862211,45.6500866147957,6.998933048682227,0.952723018205502,0.7829675287247747,1.9046824784651968,0.553042352106597,1.9026467935789664,1.9833484784565525,0.3058558432235972,0.8629175840234016,2.765564377602368,1187.9686984727682,358766.54693877575,0.6499210001176889,2.1280955323979382,0.017188308774536,0.8511880209603235,13.217436794548249,7.011069845004085,60.17303862844691,7.5738761078256225,0.9111789991504652,0.721007198640498,3.1009242624830358,1.0897089258752963,3.419017154025898,3.286821690446296,1.187465543132292,1.3255942297035672,4.744611383729465,3262.5654410860507,985294.7632079872,0.4865961278449441,1.437835208715451,0.0072798655788705,0.8538873300032606,12.286683531513214,8.700453838675793,96.79285128067266,7.66712692637538,0.9236477989366902,0.6959967222060899,0.805141704210088,0.659852235594825,3.957257556684347,1.0409890185193182,0.4354049728194885,-1.1995375508400372,2.75772000584431,327.2647572766996,98833.95669756326,1.4029141600649295,3.408374761392969,0.0521182770705195,0.5296569379254941,13.76045390826859,4.8047917769637,28.97511384778669,0.5157992327324611,0.8520233174171704,0.5495584449362528,-0.9585192452407784,1.3681537943758888,6.043815111604489,1.670510086339527,1.8718448050651415,-4.922641286337654,1.121173825266835,842.7623924657523,254514.2425246573,0.8444552286935453,1.2509015904535234,0.0040976794917782,0.3312807866074779,7.699131946807657,5.3348000728352885,48.87997712645492,-3.050475526549513,0.880963330889941,0.5320228009579036,0.8462079566576778,0.907899810808184,3.7811642775540126,1.2411083644776142,0.8242820664655364,-0.4910662293444692,3.2900980482095434,465.18569165764217,140486.07888060797,0.6891802806169263,1.3583655182738528,0.0080254866995283,0.4489382665748377,9.95461245988043,8.00356735686138,100.27190929564723,-0.8901362862514072,0.9159448312367124,0.5470756449262668,1.8150906189631464,1.4560419302232288,5.532192345267507,2.3269318979325986,2.1200581025681857,0.1183147109049836,5.650507056172491,1635.2128414000942,493834.2781028285,0.642320156315104,1.0773976027854757,0.005507719134714,0.4587360819483083,9.591998420335653,9.470345109973596,147.35186632664974,-0.7184617597293947,non-void,38
0.9439649337189936,0.7755381846725037,0.2351099104299962,0.3388800964232626,1.610552372802912,0.4124516816964632,0.1148397197518397,-1.0171319706918267,0.5934204021110852,51.37514969974066,15515.295209321675,1.1042653904569488,2.867968901186059,0.0398123041350531,0.790525423542029,11.533938759438232,4.816250045095239,30.808894127990897,5.767845209262678,0.9578303761203056,0.8498286017751396,-0.4544916131385896,0.3551405241044887,2.3042412962970134,0.57679061909373,0.1261247918612109,-0.9560159517593424,1.3482253445376708,100.47160031890756,30342.423296310077,3.862057268768521,5.555099449982079,0.1580079863354014,0.4984771761583145,13.562489994412989,1.8846703733708603,6.5613911803561535,-0.0264542319411953,0.9460058887476152,0.8564282290328599,-0.4438562376345318,0.3580044535618638,1.8958741193922208,0.5702416579461822,0.1281671887701286,-0.8975538975103992,0.9983202218818216,98.20301563407762,29657.310721491434,2.729615655940409,5.117868812534056,0.099051692746976,0.6741432201783714,13.026454603147386,2.466992995680793,9.191243463801488,3.1572541061925823,0.9504284191316584,0.8621224603253179,0.8839511335176347,0.2158929133132177,1.576496066737861,0.909933709929454,0.0466097500188685,0.1138124551780916,1.6903085219159526,250.0497656527258,75515.02922712323,4.1926129044940215,5.77389297428687,0.1524296043950889,0.422902460218659,14.094429786952023,1.69896603887355,5.67133019840595,-1.3500901020059806,0.961798019793279,0.6330665437616149,0.6629492781472264,1.5832793389435753,7.584105717912446,1.71647173309715,2.506773465125605,-0.7386769621531096,6.845428755759336,889.7751135775032,268712.084300406,1.2118840652957623,3.1835734496325614,0.0522439358051278,0.6823539763157412,13.271227611409904,5.350522602776517,35.73453700490374,3.32066303549499,0.8720680969127639,0.6072617042147489,-0.4965268905769009,1.8320273437635703,7.968411570592915,1.8981209501407883,3.356324188297404,-6.898040896943619,1.070370673649296,1088.0646686917376,328595.5299449048,0.8650097692883603,1.565554286431718,0.0091694255352424,0.7052537454503649,10.820339412071004,5.619665716454506,54.36678828411783,3.788971062426035,0.8999584014420923,0.5495729449704914,0.3162147772419612,0.566285285682086,2.583127270804077,0.6485914046040271,0.3206790247800417,-0.3767258813300566,2.2064013894740206,127.04258465811988,38366.860566752206,0.9963840024090432,2.272661132793908,0.0268502436310992,0.5269141632646539,10.991201694823136,5.958427607286676,48.057538890125485,0.4679992621961072,0.9342174653946697,0.7325826225156827,1.5016601158002785,2.1713650219679383,9.6500213954793,2.6400396137200537,4.714826058625825,0.0878469075255147,9.737868303004817,2104.882366927361,635674.4748120632,0.5724802736564094,1.7232239393633522,0.0133294756808007,0.88674861255385,12.161175770849452,8.329024126900308,89.48645600179749,8.937569863725653,non-void,38
0.9602044581124036,0.886204675275536,0.3573157120366243,0.0686629837990427,0.3462654273932487,0.3638531618832347,0.0047146053441876,0.1582005141273345,0.5044659415205833,39.98151527055308,12074.417611707022,3.825589189266722,6.175278159009067,0.1627771635646096,0.4199593795714302,13.956930869474917,1.8034829225679057,5.488414534333995,-1.402511186407572,0.9301367359619864,0.8702951564422106,-0.6260872219108056,0.1076754104847327,0.6606075143120698,0.6352788391431324,0.0115939940230556,-0.9972015377047088,-0.3365940233926389,121.88091944583988,36808.037672643615,4.542409760860141,6.089277469966012,0.1769800086019398,0.2814257987202176,13.39734756202958,1.5641684262922129,5.041482019184892,-4.071077107330571,0.9440192245444582,0.7920014296471558,-0.6247587133991006,0.1067724905055261,0.5683328845726029,0.6338168621114874,0.0114003647287526,-0.9338021116994768,-0.365469227126874,121.32059203844936,36638.81879561171,2.2890303221028514,4.866108967237758,0.0897343300400193,0.4170372707209012,13.94661690554625,2.874879975320791,11.24404243029785,-1.454659181033269,0.9531301136224606,0.8551286286896358,0.9590165132967507,0.1340875415408482,0.8134985233878197,0.9683450529497868,0.0179794687964687,0.6003738024125448,1.4138723258003645,283.1830267548424,85521.27407996237,3.827433788393328,5.899695770953932,0.1582760521683252,0.3245861083885372,13.648498471793625,1.8594587237411555,5.951986699829246,-3.182400580237029,0.9560848577586868,0.6720362124585031,-0.1151008861337907,0.5281658434252651,2.5508379815165294,0.5405620890794188,0.2789591581611216,-1.1632059642027237,1.3876320173138057,88.24662638927147,26650.48116955998,1.9940856633008224,4.115609508007102,0.0825014612661978,0.4130329564866918,13.695087935273405,3.5943296148937165,17.29455260057671,-1.526290114564171,0.9264165850820874,0.7648831719867755,0.2818564016098572,0.1792248357084951,1.079658360293794,0.3340128333809858,0.032121541734737,-0.2780283421945748,0.8016300180992193,33.69250100468466,10175.135303414769,5.342892418085636,5.046541001990156,0.1621207046668726,0.1057315880574113,11.762491723327775,1.2660724223756212,4.269859259518227,-9.27263131038176,0.9240586846173244,0.7241321252298257,-0.0047093429870167,0.2036473050151382,1.0611436633010225,0.2037017495047553,0.0414722248399287,-0.6623274525240568,0.3988162107769656,12.531309630892023,3784.455508529392,1.7332755427411792,3.911455291682079,0.0600832474720209,0.4119409976286173,12.930166477754584,3.578795297849487,17.224546309760015,-1.5458588587547917,0.9529401740401368,0.8051104200985719,0.623164096879236,0.2386060689192207,1.4291978212251966,0.6672828094327007,0.0569328561250839,0.086914515216833,1.5161123364420297,134.47043702484817,40610.07198150415,5.590856586165481,5.758142373114714,0.2515768531609648,0.162295586894331,13.320376749335184,1.569660407953548,5.613925981860261,-7.12784091459016,void,38
0.950031172583005,0.8984324049256843,0.5072668591838664,0.0544559573404588,0.2892189863267272,0.5101814556764391,0.0029654512898658,0.3553613046998657,0.644580291026593,78.6061055502714,23739.043876181982,8.632384758080132,6.504063721130041,0.2878723304348425,0.0642748463457288,13.75118502571393,0.5416898186890753,2.3305250600464458,-11.63107191292248,0.942504080606164,0.8698206571968253,-0.504107557067841,0.1188879180074193,0.6893885483008132,0.5179370291271377,0.0141343370481388,-0.91748095417655,-0.2280924058757369,81.01414737459572,24466.2725071279,4.688919622891325,6.061961269646824,0.1492052890190942,0.288288615670532,13.10090314684712,1.4363480026857842,4.690256100857573,-3.9247641723031226,0.9422533084982012,0.790215585355729,-0.5045028242799369,0.120178306719822,0.6132785893582754,0.5186192486906714,0.0144428254060436,-0.8193287077766979,-0.2060501184184224,81.22770938396789,24530.768233958304,2.4429404715105805,4.886797669838123,0.0770149887885345,0.4032003743075399,13.38864544380804,2.581408834818529,9.534954880959658,-1.703076135101135,0.9582163278639568,0.8645980864725762,0.88337105038966,0.131016778708382,0.7694820654970533,0.8930340469263489,0.0171653963031211,0.5576469200982661,1.3271289855953194,240.84796230883504,72736.08461726816,3.6817594322907983,5.845117074038276,0.1242712748027621,0.3300071564354584,13.640329439865116,1.850741451621511,5.811391489203134,-3.0754680396188547,0.9408390054580792,0.6649257583484611,-0.059910775195854,0.5694494942312152,3.035535317771507,0.5725923746128261,0.3242727264801868,-1.2275844102085642,1.8079509075629432,99.014332294356,29902.328352895507,1.744573499662131,4.014559245882838,0.065921526773264,0.4085638452460988,13.275964898239367,3.81582177804944,18.732850454590167,-1.6064793724670263,0.915635957611209,0.653556202545877,0.2585922993640189,0.20498298008073,1.1453516824379717,0.3299818167916944,0.0420180221227769,-0.3491898413682691,0.7961618410697027,32.88417582277052,9931.021098476696,2.8376299371751346,3.743852013790363,0.0660941578371333,0.1656624184342531,11.245946822505656,2.472242239859053,10.12594529847333,-7.02117808129913,0.9125717424517776,0.7479561133095024,0.0067057560223485,0.1670974272640558,0.888229489647118,0.1672319268623599,0.0279215501982664,-0.4104096413051304,0.4778198483419876,8.445888243353508,2550.6582494927598,3.806644064108019,5.087158959033159,0.1251582108266616,0.167544586434496,12.691552382196368,1.893222341030516,6.279235703354196,-6.962305794467535,0.9252563619531938,0.8058033062136627,0.6210746041084149,0.2810389303487612,1.6887836788483988,0.6817012133185624,0.0789828803715758,0.1194809682735625,1.8082646471219612,140.34439636048003,42384.00770086496,5.8940904773899785,6.190832221163162,0.2519962735704781,0.1249920047775171,12.83013046761448,1.3694326631551337,4.450874151137763,-8.451297860363763,void,38
0.9462123207487136,0.8872966220480298,0.5609508214162383,0.0580293378950163,0.3077366207274594,0.5639443484104495,0.0033674040565339,0.4142879252438489,0.7220245459713084,96.04603488743412,29005.902536005076,7.864940408720092,6.643844374107073,0.3052685604532426,0.1097908980322629,13.524123793888124,0.8354815216598526,3.09044966702766,-9.089256558140088,0.9395742099623235,0.7988821332991504,-0.4489890330581522,0.1313810642450249,0.6219284527541966,0.4678163484196013,0.0172609840421553,-0.8057313881075379,-0.1838029353533412,66.09334502629225,19960.19019794027,2.6263029111483185,4.958268247699916,0.104837883949112,0.3985992987842027,13.3758171070466,2.5617362731801183,9.985808534770682,-1.786273983124094,0.9424921734002836,0.6716230960585045,-0.4484986086508281,0.1324174625142214,0.541438434977833,0.4676380933376085,0.0175343843787052,-0.7645167285609819,-0.2230782935831489,66.04298667481103,19944.981975792933,1.3210817838450744,3.57953591149978,0.0484144740009726,0.4490333347104923,13.74241386970018,4.475541778961768,25.160523864963658,-0.8884673997586348,0.9501046559303264,0.7631248825555053,0.8596239687230574,0.1289084275367219,0.5996453889704335,0.8692357276902337,0.0166173826899902,0.617039207418231,1.2166845963886646,228.1823665885374,68911.07470973828,1.8798325634855608,4.289146386059172,0.0732555028470136,0.4167845543159394,14.028181561291795,3.344632798410553,14.740251942055576,-1.4591740000218794,0.9495908163637884,0.657711333150828,-0.2115502112347632,0.5235154732287347,2.821806268626652,0.5646431993598958,0.274068450709906,-1.4344925821518997,1.3873136864747528,96.28422666018048,29077.836451374504,1.2915604278354231,3.209109226140785,0.0514944547742748,0.3666918376666045,14.003545479461703,4.973491997700813,31.09225705614737,-2.3731384242487827,0.9148446041932382,0.7274794975553088,0.2811214066481179,0.1701778987064504,0.9723347479414968,0.3286179582493316,0.0289605172081429,-0.2240595640362943,0.7482751839052024,32.61290827015575,9849.09829758704,4.26271638984152,4.224327062795036,0.1108966933328892,0.1412861926165668,11.189162739742022,1.9339968230756717,7.265549015242423,-7.837487221718255,0.9242337400446856,0.7701346994242627,0.0102237548327564,0.1557737964439495,0.8504546100684094,0.1561089389543127,0.024265475658561,-0.4083016127823666,0.4421529972860428,7.359740248075286,2222.641554918736,3.773572673955488,4.647332542147075,0.1483975976900364,0.2205688240267441,12.629914991511471,2.089903835828942,8.205172778101083,-5.482336433126454,0.9610113132003928,0.7398408406189633,0.6125223581293174,0.2756774685760154,1.452082846879348,0.6717006073309595,0.0759980666804799,0.0231346206365357,1.4752174675158838,136.25687517841152,41149.57630388029,3.1956409347372112,4.726953918753311,0.139116895917903,0.1331335863000098,13.585375437765812,2.703104873541032,10.942431105961504,-8.136645450207327,void,38
0.9639992936919388,0.83916410392235,0.6195902292255902,0.0574978731104428,0.3244012517258745,0.6222524066357991,0.0033060054122245,0.4141524242475404,0.7385536759734149,116.93381338434124,35314.01164207104,8.915083594320611,6.54377395219632,0.2090229785522358,0.1818623372659714,13.447301096932003,0.379032841183221,2.706991707898592,-6.530835925680682,0.9297651748773982,0.8540514817068847,-0.4632065709045783,0.1089824463193958,0.714899813965143,0.4758544955497828,0.01187717360576,-0.9257976607789408,-0.2108978468137978,68.38412528235135,20652.00583527012,5.277248096293215,6.931745107429038,0.1632606781790797,0.4891374430366132,13.29169042548176,1.3241985503767066,4.097195940930119,-0.1887316117199067,0.9414909421327338,0.8284468869812582,-0.4716104056997594,0.1056237922606904,0.5970343209616782,0.4832936584063783,0.0111563854915294,-0.8495963179249352,-0.252561996963257,70.53897359725798,21302.770026371923,3.264358197776362,6.071683122902939,0.0846707448975516,0.6696192288884971,13.739083326684849,2.035168221423221,6.458802091621969,3.068131562169568,0.9423906752513448,0.8713365529231704,0.914696070872595,0.102661661222873,0.659773903673788,0.9204391988365136,0.0105394166850399,0.7099389962777947,1.3697128999515826,255.85691226395056,77268.78750371301,4.922295687099926,6.860215764913913,0.1623591568954464,0.4915488012908351,13.73492679673737,1.3461471623670611,3.770560660497897,-0.1468263079888202,0.963652441356348,0.7891565896414404,-0.0170934495137047,0.4577875727422396,2.520663918286994,0.4581065899695276,0.2095694617572313,-1.0510741833246124,1.4695897349623814,63.37821762759968,19140.2217235351,3.59060187853374,6.158050262454107,0.1360616472844085,0.5133656165907118,13.934196195985418,2.154542933825212,7.366096538658838,0.2322398705228148,0.9402521765086987,0.8021827398755276,0.2676632025881549,0.1586703284687953,1.069599880670494,0.3111589033856223,0.0251762731363954,-0.1349144667102594,0.9346854139602346,29.23959867315521,8830.358799292875,7.39076092172705,4.89033287655722,0.1411134228359657,0.100714957948972,11.304495336521136,0.6009626823330662,3.722873232230076,-9.508033886521414,0.941324449640675,0.802179164833658,-0.0026024588771249,0.1323898975159154,0.7954622001805958,0.1324154740069366,0.0175270849642745,-0.4210533380114516,0.3744088621691441,5.295225042457478,1599.1579628221582,7.03057637286121,5.721455009452083,0.1941282251524845,0.1138374694415552,12.655226555317308,0.9509755615235598,4.300474020503015,-8.912281419463087,0.94836710200769,0.8651311501628749,0.5089617474003284,0.2552906350991709,1.5136369652884292,0.5693991295094625,0.065173308369338,0.0851824451428,1.5988194104312292,97.91304134321236,29569.73848565014,6.10335831679677,6.519099360312372,0.2210278269782064,0.2096075636816277,13.490210686070672,1.2278418295183957,4.259643974511849,-5.764358240236236,void,38
0.9344362014209692,0.8202408712606063,0.6728367485355996,0.0638763576560155,0.4542163952488409,0.6758620267830979,0.0040801890673992,0.4525168371452798,0.9067332323941208,137.95042273270178,41661.02766527594,5.1865132388724655,5.1660364443777045,0.1790350914525904,0.1005421680990638,13.027913183935755,1.6674092195858696,5.927488007146485,-9.516325446780051,0.9322120795438432,0.8655299137216532,-0.56939013980862,0.1272797529162173,0.7549674482358859,0.5834425994163377,0.0162001355024133,-0.9874723543181462,-0.2325049060822602,102.80239057773532,31046.321954476065,2.542449419875264,4.728989694523399,0.0929713158988343,0.4348354765962997,13.205080627060598,2.496904203055381,9.223305282587928,-1.138499221269875,0.9481433906337964,0.7791753236720579,-0.5931252691407525,0.1298092587563034,0.6784086234066424,0.607163922307766,0.0168504436588609,-0.9877841971598724,-0.30937557375323,111.33170462274956,33622.174796070365,1.4398944675934504,3.5916813957506912,0.0503926933182711,0.483471549446219,13.5179773818815,3.8553926899269175,18.69928902135799,-0.2872332430909338,0.9347903129054266,0.8300957079681296,1.0718012627195797,0.1307089432514667,0.6660619388653551,1.0797419944659006,0.0170848278459151,0.8424758842511956,1.5085378231165507,352.08451793318665,106329.52441582236,2.302308475795637,4.458690186629511,0.0821372887747237,0.3915429447430282,13.570456092983507,2.6594275685595137,10.088891114346774,-1.9145052756512613,0.9534755168483788,0.6537862990058917,-0.089144492452101,0.4699634003956296,3.085222027934819,0.478343326749695,0.2208655977114228,-1.0379067850280037,2.0473152429068158,69.1013261502816,20868.600497385047,1.7022958885640769,3.534706036417329,0.0514995977690293,0.3405271098069092,13.641605878638266,3.7435733852179855,18.82145052997989,-2.87045254700828,0.9145742714463512,0.6509924422719341,0.2642454759370042,0.2416384850823443,1.8917861757150576,0.3580709832226904,0.0583891574728903,-0.6693413437383151,1.2224448319767425,38.72087836587139,11693.705266493158,2.758820801896902,2.9056996189122546,0.05781396710366,0.1715549621787987,10.966670189591648,3.5724480533595053,19.598236370171968,-6.838604160690781,0.9077766369382192,0.6212250689143699,-0.0107031605559654,0.2065399880221403,1.2545168768370991,0.2068171276709756,0.0426587666521858,-0.5271552869170322,0.7273615899200672,12.91754393801794,3901.098269281417,2.27360132745748,2.721026575355002,0.0437136334589758,0.1509295468386269,11.739534369578148,4.445861142778018,28.885150867475257,-7.5016945931460945,0.9555092003085892,0.6806258359675091,0.543670882191111,0.3228350405820928,2.0597728702079854,0.6322977870988499,0.1042224634276414,0.0947642562729838,2.154537126480969,120.73974845417096,36463.4040331596,2.3923081753856383,4.389330965408131,0.1139481811612168,0.2535599647291807,13.872199602729836,2.90199503277577,11.90595929770338,-4.68914241838951,void,38
0.9129930262202812,0.5096426174044386,-0.5705654742702327,1.339268499229764,3.6945131173359145,1.4557421040343514,1.7936401130291448,-2.8234321130583937,0.8710810042775209,639.9938921844249,193278.15543969636,0.3788432089498991,0.9034796676921342,0.0032943366772345,0.8318343803254253,10.164747037594966,12.839412956921592,216.88663853361984,6.942996541717685,0.9361499163556176,0.6922905508570762,0.4049122716931861,1.0770004647297364,2.937945128491032,1.1506015595312762,1.1599300010280682,-0.8461054449465243,2.091839683544508,399.81295253633306,120743.51166597262,0.4399201364305697,1.4528159137761674,0.0084236403974172,0.871473417442796,12.387931937300475,10.208785972284293,122.48913871408551,8.31261184324854,0.9122259394620073,0.4910467004316681,0.4134754572074614,1.0898229749812385,2.9202380993864185,1.165622610672029,1.1877141167969574,-0.8782000078945285,2.04203809149189,410.3201732939828,123916.69233478274,0.3474353630495825,1.008115612363906,0.0035309989595226,0.8767485694251799,12.374410723971817,14.922134987926134,254.00107748090477,8.520830971369953,0.9086168752971364,0.4190047910404238,1.8098052438357093,1.2354554108298732,3.9211351300076616,2.1912884549424434,1.5263500721488108,0.066624166810487,3.987759296818149,1450.1270180147403,437938.3594404517,0.4842352872238405,1.2516876723428825,0.0060643433678966,0.6275113226635387,11.63454500410414,11.298990642715776,152.71638701591726,2.2650849067051464,0.9531750961433328,0.4196589998071423,-0.92046141050664,1.4420123340120692,6.421911497707178,1.710745094885503,2.079399571442936,-5.082255486863568,1.3396560108436104,883.8479314617921,266922.0753014613,0.5852709360555022,1.6799207951974429,0.0123238727607281,0.6421696802169721,13.055115707103363,9.41291443537338,105.09509485880046,2.539726601282457,0.8489264699051142,0.5250954208247451,0.1343407406703193,1.027888276202074,6.6771549472755485,1.036629993275094,1.0565543083536713,-3.979257488966266,2.6978974583092823,324.52972637317146,98007.97736469778,1.5311376526910347,1.4757290898311286,0.0081797859740646,0.1799464619817124,7.631443105223464,4.4890766994676445,38.92355815433335,-6.586988944098387,0.8762622512874411,0.3147459839453819,-0.9745037182617292,2.183311188608676,10.1789396107901,2.390921421379165,4.766847746303831,-7.731743787842114,2.447195822947986,1726.3845834493493,521368.1442017037,0.5156360145386925,0.7012163730811546,0.0020179881252963,0.433634852693937,8.32090570694017,14.146456740922345,310.8681276472274,-1.1597233945834329,0.9148118488597284,0.2917970593363821,2.0836419053600026,2.3186617209221865,9.374853997006042,3.117331513625411,5.376192176069835,0.1637042998127527,9.538558296818795,2934.762241284313,886298.1968678627,0.4810887398848897,0.7613067561065623,0.0030811717456881,0.4834559747481496,10.497305847363444,18.354871467493883,452.7701102811525,-0.2875041072854852,non-void,38
0.91356780156175,0.5324429027377381,-1.349606003840414,1.692689809757426,4.4724001018865085,2.1648637734644467,2.8651987920566304,-3.1898843616558272,1.282515740230681,1415.3638176129343,427439.8729191062,0.5348492747933163,1.5249290805984763,0.0064719808080408,0.7625293672617461,11.35589469465549,7.535220935146482,68.09901436682247,5.066466648979144,0.9073456695533146,0.6469717036999236,1.558541362950806,1.5083028549680644,5.216440056347087,2.1688772861398524,2.274977502304813,-1.6156230046389035,3.600817051708183,1420.6166620646777,429026.2319435327,1.1599622543724089,2.737722432969293,0.0172610605682103,0.6170987474871927,11.778399175292016,3.81574914015822,20.68724317925535,2.0726787797633883,0.9234028127920678,0.4620412152983062,1.6013863243450437,1.4905056193578097,4.581217676574321,2.187703170253345,2.221607001337208,-1.2472531504682385,3.333964526106082,1445.3856386632342,436506.4628762967,0.613111977131099,1.732838918060626,0.0083091283989971,0.6478872703076212,12.698106687321223,7.635364463545209,74.1686959551023,2.648177209178239,0.8960188105160909,0.4738292992598142,3.206119235740216,1.974210841664386,5.403087437430584,3.765197073345382,3.8975084473452033,0.2585014722340117,5.661588909664596,4281.366118340846,1292972.5677389356,0.6998642119664217,1.7982108055774937,0.0095001637376516,0.605803158630132,12.282591235104269,6.303413870341984,53.85378613302086,1.8661839337049129,0.9131245107601772,0.423180101481231,0.7415126810409315,1.745822929134266,8.025617609435066,1.8967706123924049,3.047897699890948,-1.8619147230871351,6.163702886347931,1086.5171043227083,328128.165505458,0.6741982667773943,1.6024531966858655,0.0096193728841316,0.4306131580065711,12.89906517781808,8.916975909417841,100.8318516783671,-1.2132013058996065,0.8551842692920973,0.4419078153125386,-0.7552358174356611,1.7840496240588322,7.98593143258603,1.9373213984886892,3.1828330611044606,-6.101430465842538,1.8845009667434929,1133.4706887147358,342308.14799185016,0.7529143321395257,1.28171856953407,0.0051561718718067,0.3909737121149666,9.369539951912742,6.878622597314667,70.14354537919273,-1.924884810918596,0.8844876902715418,0.4114804488744843,0.8248730319688666,1.509098522579101,7.049537657534998,1.7198237903110705,2.2773783508504253,-1.0440444536346578,6.00549320390034,893.2537486554208,269762.632093937,0.7515659599138227,1.443332713986754,0.0082350695852857,0.358663091877956,10.715849644326411,7.341223429868271,75.86433218578098,-2.523995456956753,0.9048717560132268,0.3525479766850239,2.1340312095940988,2.3988867466547714,9.574886926764576,3.210723723212193,5.754657623275913,0.0649681486543793,9.639855075418955,3113.2415416928657,940198.945591245,0.5628995773743474,1.1229156259937658,0.0069567458444504,0.4321163161522596,12.413480621919373,12.750430548784404,213.08359512948496,-1.1865872590809707,non-void,39
0.907820602687266,0.7915699040595181,0.2853840871581213,0.422855508375748,2.218746055152593,0.5101478787241858,0.1788067809637122,-0.7091150935369412,1.5096309616156522,78.59575916636952,23735.919268243597,1.7550960697758524,3.852629346542901,0.0342644137337645,0.6120660804641821,11.733809789903786,2.8339293085409696,11.09559974147203,1.9804055808845795,0.9248534338288068,0.7526975806167345,-0.3483887612198666,0.3578234720608043,2.202445579884264,0.4994120203819311,0.1280376371576491,-1.6256142943554883,0.5768312855287756,75.32253456279265,22747.40543796338,10.142822590271194,4.778660468301122,0.1490132899686498,0.1964992929471653,12.607988526967166,1.0868291701192172,3.765743255190333,-6.116252708128199,0.9347854963897736,0.8217174745072093,-0.3737844190606253,0.2773659447634836,1.7086311330043744,0.4654531762132781,0.0769318673145398,-1.2732732392218022,0.4353578937825721,65.42729109260274,19759.04190996604,10.146512390719892,5.802027502254894,0.2279661623724565,0.1496134425689326,13.626058629282875,0.6892318674504613,3.237965526444304,-7.546457690937162,0.940476258267604,0.805650718853098,0.7821558955324439,0.338440598332438,1.9216968985533265,0.8522381612646655,0.1145420385996186,0.1494377209094756,2.071134619462802,219.34558482176493,66242.36661617302,9.546903085733865,5.852612106618691,0.2390231673256889,0.1652185558846544,13.149170349614534,0.7841300502573465,3.747056468783768,-7.035139644001433,0.928840097518207,0.6346086075763507,-0.1574714583269682,0.6883342454460137,4.001114945128452,0.7061170537817049,0.473804033453733,-2.1357302942273284,1.865384650901124,150.57759067968925,45474.43238526615,3.1602927799018268,4.811826064082835,0.0913527120945487,0.2334611738498395,14.352589704152027,2.817515225557301,10.50627637758939,-5.163194923446064,0.8731718563587814,0.6049960113028106,0.4077891748506634,0.9618612014484904,6.165076611608932,1.0447339287959008,0.9251769708519334,-1.8891104032405583,4.275966208368373,329.62363255715013,99546.33703225933,1.9707423115513676,2.736617748308777,0.0323090452897385,0.2299004434394783,9.66242181456134,3.4667614979236285,18.9892652259709,-5.250070642832752,0.8949460791415399,0.6295118450352787,0.1476793868579355,1.0116809734203247,5.238819533494375,1.0224028527363522,1.0234983919806957,-2.7419882717490114,2.4968312617453643,315.6828931715962,95336.23373782208,1.5054499305331914,2.909041538548039,0.0253699910145026,0.4808559655175126,10.699620076002224,3.369704734765864,16.381464741962397,-0.3327285956074802,0.9016234928082296,0.6055755683209348,1.390992999100987,0.8369685450207469,4.869956884591063,1.623384695290092,0.700516345354146,0.1587742038864335,5.028731088477496,795.8841164084357,240357.0031553477,2.3141808493996523,3.822754658895788,0.0676325458746528,0.20526932163821,11.782688267413032,2.897887474066554,12.373096756405396,-5.878959308538625,void,39
0.9204599592046936,0.7645223394441119,0.4857075697809216,0.1295923591382682,0.5755434842302343,0.502698739693577,0.0167941795470218,0.1912751861934925,0.7668186704237268,76.31721891263226,23047.80011161493,6.109340144127325,6.428834788370453,0.1145088120053288,0.24839359551603,12.87976202538557,0.8389435023643677,3.044288706091118,-4.808500759344189,0.9352988376779156,0.8537480053246483,-0.2350042387908699,0.2898754004688398,2.1554177222973125,0.3731685142755837,0.0840277477969702,-1.6602029041824151,0.4952148181148976,42.05493149408724,12700.589311214348,10.941229316970674,6.3835537709564205,0.2113669368314006,0.0802243536832331,14.026269928162677,0.2964331289547032,2.560667718943457,-10.593756777057546,0.937790319907076,0.814823257960962,-0.1836603201798523,0.2588292452440154,1.7841881015659862,0.3173699598294593,0.0669925781935867,-1.3768093621668585,0.4073787393991276,30.418554803450085,9186.403550641924,7.406275077990106,7.8629596438528,0.1444721076969819,0.2384503158454454,14.309804463263742,0.7172807232129167,2.266226499332119,-5.043003396706709,0.933097756252209,0.849455114765031,0.6616960132994277,0.2341854827310038,1.98514406970992,0.7019148483529251,0.0548428403219532,0.2333339425533599,2.21847801226328,148.79070521016956,44934.7929734712,11.181472042530732,6.1723293630349225,0.2701838311719844,0.1286992101162345,14.064782050343872,0.531042704911874,2.862107001190771,-8.305922247599796,0.929015402149939,0.6917524057267852,0.0159006244643055,0.6890960492250306,3.707704417992657,0.6892794751883308,0.4748533650575458,-1.8849363022299144,1.8227681157627424,143.482070864602,43331.58540110981,2.525953797265877,4.727033573760997,0.0601764328623028,0.3091624309984266,15.039466000313752,3.1044843694531377,12.074438753959583,-3.4918923362597227,0.9010836641490116,0.8135517855044851,0.0511957574957806,0.2205788676907159,1.3492214386810968,0.2264421393144067,0.0486550368717183,-0.6063030182877348,0.7429184203933621,15.485364822100124,4676.580176274236,8.468715017925753,5.942136502309164,0.226890300184728,0.113943440481341,12.756801382800935,0.8260852271800401,3.949178026751634,-8.907721135520665,0.9337713772263384,0.7015207715104068,0.0142650664071904,0.3253757524590996,1.7915495514889208,0.3256883056051089,0.1058693802883252,-0.8647367971767543,0.9268127543121664,32.0340074671939,9674.270255092557,2.078935729359049,4.54439694555811,0.0576897779756121,0.4428605792311114,14.565483774812831,3.231944438017872,13.226669543133234,-0.99696864460177,0.9338099441140018,0.739096141946069,0.6938927574175383,0.3885459444963982,2.1345417608286263,0.7952704632897619,0.1509679509845981,0.0697087829892273,2.204250543817853,191.001443153896,57682.43583247662,3.954759119417812,5.825996615155371,0.1940908291707652,0.1919442826915384,14.943825453310613,2.324405326465035,7.484038309802007,-6.242661265373021,void,39
0.9470617989175222,0.8274733306323163,0.6309663249531263,0.0954737669663791,0.5835798277794124,0.6381486844016876,0.0091152401787504,0.3394374466706834,0.9230172744500958,122.9845905078886,37141.34633338235,9.887127509189966,6.671657299880188,0.2323606432272058,0.1138391926213664,13.93994864646618,0.6400992313714342,3.0525801896255818,-8.912207221634317,0.9140803978254336,0.8043527314732938,-0.2323879078628206,0.3398069927421733,2.317521560519184,0.4116709025876595,0.1154687923164794,-1.6487708452289378,0.6687507152902458,51.18082547527616,15456.609293533396,10.721707725963142,5.841733062217607,0.1561434450149853,0.1500292311429929,13.278475852756468,0.7026909267797831,3.037745790783476,-7.532281058992326,0.9312937038190516,0.8010663023425924,-0.1719956703237004,0.3022921862818817,2.256636668525704,0.3477974647653127,0.0913805658870798,-1.6446435657435454,0.6119931027821587,36.53084910214803,11032.316428848702,9.153588608790615,7.057702724742676,0.1265718492879353,0.1593590147782576,13.979639208631111,0.5114926479509563,2.547064730834054,-7.22233923188797,0.9367094798697132,0.8264343761244685,0.7939149538378371,0.2595549999726199,2.0419103507893044,0.8352662760689682,0.0673687980107867,0.3788391465933231,2.420749497382628,210.6962650853128,63630.27205576444,10.373257536307229,5.720617111673916,0.2212770014006299,0.1142073935604397,14.014290805042776,1.077952984043988,4.073537972802877,-8.896378294809944,0.9145591835325362,0.6791115253097223,-0.0714212731413359,0.6551250294102476,3.910651327523418,0.6590066785829315,0.4291888041597779,-2.0821927971671075,1.8284585303563103,131.15552032990598,39608.9671396316,3.848203219338561,6.370860061576925,0.0751102097649957,0.3213522019946429,15.097378599986502,1.946328166692597,5.596673874178423,-3.2466316404047064,0.9153251721769138,0.8190632066596669,0.0067469492407592,0.2420551126147235,1.4105321073911885,0.242149125265783,0.0585906775429265,-0.6243604185524879,0.7861716888387005,17.708132057829136,5347.855881464398,6.416531376893102,5.769111513576135,0.1517934042715094,0.1645419842596817,12.449107305293982,1.0807501027548487,4.2201690328740185,-7.056478985624729,0.9392403677971792,0.817299763711979,0.0276154524840975,0.240472346228586,1.9391025346492476,0.2420528093548646,0.0578269493006809,-0.8640064501816871,1.0750960844675603,17.694047880007894,5343.602459762385,5.23640010645318,6.732828522517761,0.1175547880250443,0.2385628085329902,14.278626145607973,1.4467071763222787,4.022735551524977,-5.040313457027247,0.9690432648132414,0.8436666012210351,0.6513944616626732,0.3566522383438378,2.012606035783816,0.7426409386779547,0.1272008191156697,0.1072348077424865,2.119840843526302,166.55770026774303,50300.42548085841,7.582474512035251,8.268355672900935,0.4404415839126019,0.1140986284088417,15.378334972378935,0.921561141177722,2.4832441097753457,-8.90104949588763,void,39
0.8973948431427654,0.8520173449036063,0.5826121844684518,0.2344202081872777,1.2708807890420006,0.628004611048094,0.0549528340065666,-0.229397128262985,1.0414836607790157,119.1057170322957,35969.9265437533,7.953512280533571,7.512951074377647,0.2130030174265549,0.2473608687030129,11.501847144348956,0.8933461907868561,3.157015042190824,-4.83255793198594,0.9300738983635422,0.8097442587056197,-0.3454593951064374,0.3917851195721723,2.4202294265489845,0.5223387536699599,0.1534955799181813,-1.6473646154432375,0.7728648111057469,82.39700762281707,24883.89630209076,11.716402027476404,5.359855397363995,0.1516840665080727,0.1110098988195396,13.29801171097393,0.7040161830723153,3.158987707892404,-9.035352174344029,0.9310462306269726,0.8272046987959837,-0.3515285543985227,0.3558172719490458,2.3330241849272277,0.5001782238110496,0.1266059310172612,-1.667805036815174,0.6652191481120534,75.55383318358248,22817.257621441902,12.281072096096375,6.224139697672833,0.1539633781157823,0.0863840962637197,14.22151572157918,0.3946589966642532,2.585795380642632,-10.243298553207222,0.938770662865674,0.8520970783418295,0.8959287958077966,0.3386995918219014,2.153973984119068,0.9578130405553744,0.1147174135003226,0.2068678618413522,2.36084184596042,277.0565578386952,83671.08046728604,10.642489195058156,5.927081427167538,0.2005642781502078,0.0852152379054658,13.866161534558284,0.8000099817254359,3.4224511242334064,-10.308016594014228,0.9376391638039876,0.7618360494308636,0.1956347499625858,0.6211436472730055,3.4817920766001125,0.6512237602702587,0.3858194305476119,-1.4945331223456828,1.9872589542544292,128.0759005540417,38678.92196732059,7.015932680270195,7.92898428014901,0.1234895453326276,0.1082066060846911,15.300162643231063,1.0083398233828076,2.5939461086629785,-9.160104750598494,0.9059299581760856,0.6864275912743737,-0.4124781062098019,0.7105710976914936,3.487578031978384,0.8216139440010247,0.5049112848744942,-2.6117670023360904,0.8758110296422931,203.86494083902952,61567.21213338692,1.976281086163992,4.162195436834955,0.0436461470242175,0.5504872005106956,11.48058815996487,3.261190771169622,15.04438563852922,0.8800516325188533,0.9116454850555656,0.6517881411483744,-0.492037502985933,0.6212361850861504,2.9667352600895542,0.7924867834891797,0.3859343976603938,-2.404082736871348,0.5626525232182058,189.6666612055178,57279.331684066376,2.15732942159649,4.633411136537925,0.0524708452219055,0.4299574032060304,13.172544189768104,3.223874349729385,13.18534552216489,-1.2248187841059268,0.9458971979348592,0.858747564998614,1.0880715297150767,0.7370736103985633,3.2910585236758645,1.3142211232979328,0.5432775071459731,0.0774920652782505,3.368550588954115,521.607502598589,157525.46578477384,2.756596105658359,5.552955024876677,0.1574253576196689,0.5396061980645603,14.756361411919752,2.775900200037498,10.303934127166904,0.6894746123736751,void,39
0.8585544201352333,0.5815920126803181,0.1662382869032271,0.2005612254350651,0.9847491792914452,0.2604994686761083,0.040224805148015,-0.3373968927784729,0.6473522865129725,20.493711900521483,6189.100993957489,9.25769354867866,3.7309100384008143,0.0927524043630647,0.4126162793807921,10.773470819841105,1.886906118466105,11.57757759125874,-1.5337554632456007,0.898550762904617,0.7743364372299166,-0.5672473023063831,0.4408721293428663,2.7009502854314165,0.718427265911576,0.1943682344313131,-2.194422287797492,0.5065279976339244,155.87359639436508,47073.82611109826,11.024500930888143,5.55104486543154,0.1485712569765606,0.1431696419625255,12.787104511236056,1.0993205246397773,4.008952809790275,-7.770439059929367,0.91472448183739,0.8074912807687302,-0.7346475483215118,0.3527703861439873,2.307175450543728,0.8149564194452278,0.1244469453401779,-2.0878638724326994,0.2193115781110282,200.5744976096858,60573.49827812514,11.264770155315444,7.412904979679288,0.1336202788534738,0.1216158624244736,14.305323577528654,0.4555054972823855,2.4808870338430955,-8.586942594409809,0.8955973821539096,0.7872552144934888,1.016657262592738,0.46320587819904,2.79196693948533,1.117207086972108,0.2145596855981439,0.0463960604078881,2.838362999893218,376.94180590457233,113836.42538318087,10.784014370018276,6.377426989316979,0.1411759931003472,0.142064881353588,13.602202071655908,0.805125907936615,3.414925194063818,-7.809677121693067,0.943866661675562,0.753929649237339,-0.0416707019915257,0.6552701647863619,3.412922603120651,0.6565938137567338,0.4293789888591458,-1.4163050785512157,1.9966175245694355,130.19686175161092,39319.452248986505,4.229005339578297,6.655372280327198,0.0985074690659086,0.313861939307356,15.184118955231488,1.805391964864099,5.19958550651738,-3.396728567469901,0.8572132426738346,0.6398711536127003,0.1716477746759151,0.4276857596858768,2.153589215939715,0.4608449496189356,0.1829151090380855,-0.76899428244697,1.3845949334927454,64.13817641196235,19369.729276412625,4.483785173606086,4.883796417737323,0.0600624574234506,0.2003429139185447,10.659192300599136,1.1262332856366124,4.63332576092809,-6.011298035994505,0.8870921179124333,0.5539885170381558,0.1030534709181651,0.4618218863671561,2.754800518489634,0.4731801692759319,0.2132794547277184,-1.039912481261875,1.7148880372277588,67.61764072399187,20420.52749864554,3.182025543179969,4.949474124252542,0.0619672203460002,0.198453704316768,12.44324883110654,2.346070048293521,8.97704725625218,-6.062694011136752,0.9426192234240404,0.7586558607663274,0.842202664399086,0.3976023749023285,2.0719307603822807,0.9313393454852488,0.1580876485279718,0.0944431401238302,2.166373900506111,261.9526788875652,79109.70902404466,4.821911530510001,6.854198852265135,0.2535924489589321,0.1594864323343507,15.042633570205073,1.9223662433192588,5.966195798793529,-7.218209846934386,void,39
0.8595670331123804,0.617874034242486,-0.0897111460752532,0.2828987764272803,1.5596492385197849,0.2967824244024362,0.0800317177040523,-0.9561874428866708,0.6034617956331138,26.600101845124698,8033.230757227657,7.766208319045973,4.073916923313398,0.0868534674744744,0.2687520879036831,10.201458336560806,0.3639001213159347,6.574550515300482,-4.347127915219467,0.8704349088701975,0.6103482921788622,-0.3206302345126605,0.6638660098889705,3.7233352776879935,0.7372393277420477,0.4407180790859027,-2.378988497465962,1.3443467802220317,164.14359156360302,49571.36465220811,8.946819194826027,2.987169382723676,0.0737111536887451,0.2741920385893825,10.472478131704303,2.849659354221035,15.669984898290934,-4.227668870896627,0.8750091888106701,0.6115137107901842,-0.357571829485951,0.5072095813283105,2.8373287188010687,0.6205797069137615,0.25726155939124,-1.7372583411153593,1.1000703776857093,116.30599013521736,35124.40902083564,8.843202470529668,3.956811226768711,0.0784713068484088,0.2392154973492429,11.092499735230946,1.679013307338576,9.722978828523711,-5.024723455706318,0.9490567173249368,0.7894950821912708,0.8936553092088886,0.4670128421785317,2.761847354141619,1.008325744210126,0.2181009947596701,0.0936916677215466,2.8555390218631658,307.0496835439451,92729.00443027138,8.738597259008692,6.170777296934155,0.2817814455626022,0.1696835458791198,13.306738509274352,0.7948929920977269,3.681147009498895,-6.896039129823521,0.9219118820488658,0.7238563600610339,-0.260994391944356,0.8133701798775458,5.701511136071678,0.8542184276521054,0.6615710495140312,-3.3686586853606126,2.3328524507110653,220.36611488641148,66550.56669569627,3.773835718306693,5.719826513731389,0.1045896987731565,0.1990169501336195,14.131018900894189,2.1805280498709227,7.238062059488835,-6.047332591447427,0.827897143327403,0.6380433183062922,0.3566340191684541,0.5488823794977706,3.4824572237788507,0.6545683235166364,0.3012718665231347,-1.4617982098364166,2.020659013942434,129.39482642571676,39077.23758056646,7.262240097272103,3.423678713707235,0.0567533634830355,0.3020700821490418,9.25794967074108,-0.0671550307670389,5.592338350283383,-3.637041016231721,0.8707933651447893,0.7337851471673941,0.0070950472440671,0.5914007585682283,2.856671916864002,0.5914433167518857,0.3497548572350758,-1.513851374097232,1.34282054276677,105.64116947300236,31903.633180846715,3.430691108693447,4.331970137416438,0.0589090076158828,0.2528478980487837,10.456721837842998,1.5890350418181156,5.900456429774265,-4.7054967481507255,0.9403277025008516,0.836507749417909,1.0968473267551682,0.5521593529157395,3.556369964226184,1.2279877887105746,0.3048799510123281,0.1061109219555907,3.662480886181775,455.4021107851306,137531.43745710945,6.600145701935032,5.761197252918897,0.1768890326839927,0.1002967358504776,12.925082761172323,0.8714880872996675,3.319793576269752,-9.528124963284892,non-void,39
